tool,metric,comparison,diff_mean_rf_minus_tool,ci_low,ci_high,p_value_raw,ci_excludes_zero,p_value_fdr,fdr_significant
Binding-only (max),auc_pr,SESTRAV RF (30-feat) vs Binding-only (max),0.037102718306054855,0.0016939736992037334,0.07269455986128613,0.044,True,0.08800000000000001,False
Binding-only (max),issr_10,SESTRAV RF (30-feat) vs Binding-only (max),-0.004192857142857142,-0.11428571428571421,0.10000000000000009,1.056,False,1.0,False
PredIG-Path,auc_pr,SESTRAV RF (30-feat) vs PredIG-Path,0.10108988089774251,0.05588487500538102,0.14728201439856453,0.0,True,0.0,True
PredIG-Path,issr_10,SESTRAV RF (30-feat) vs PredIG-Path,0.07514285714285714,-0.05714285714285705,0.2142857142857143,0.322,False,0.483,False
PRIME 2.1,auc_pr,SESTRAV RF (30-feat) vs PRIME 2.1,0.05041543363519301,0.009406594940112421,0.08665277344316283,0.019,True,0.056999999999999995,False
PRIME 2.1,issr_10,SESTRAV RF (30-feat) vs PRIME 2.1,-0.014985714285714285,-0.12857142857142856,0.09999999999999998,0.878,False,1.0,False
