method,virus,n_peptides,gs_found,gs_in_top_10pct,gs_in_top_25pct,gs_recovery_top10,gs_recovery_top25,mean_rank_pct,median_rank_pct
RF (SESTRAV),EBV,21002,10,4,5,0.4,0.5,26.58127797352633,21.54080563755833
XGBoost,EBV,21002,10,2,5,0.2,0.5,36.049423864393866,27.12360727549757
Binding-only baseline,EBV,21002,10,10,10,1.0,1.0,1.7198362060756118,1.3093991048471576
RF (SESTRAV),HPV,5347,5,3,4,0.6,0.8,14.61754254722274,6.2090892089021885
XGBoost,HPV,5347,5,2,3,0.4,0.6,24.582008602954925,18.178417804376284
Binding-only baseline,HPV,5347,5,5,5,1.0,1.0,2.7267626706564427,2.225547035720965
RF (SESTRAV),Combined,26349,15,7,9,0.4666666666666667,0.6,20.599410260374533,13.874947423230259
XGBoost,Combined,26349,15,4,8,0.26666666666666666,0.5333333333333333,30.315716233674394,22.65101253993693
Binding-only baseline,Combined,26349,15,15,15,1.0,1.0,2.2232994383660274,1.7674730702840613
