train,test,auc_roc,auc_pr,issr_10,issr_25,precision_10,recall_10,ndcg_10,precision_25,recall_25,ndcg_25,n_test,n_train
All,All,0.7255054358191875,0.8277665710862102,0.8428571428571429,0.8352272727272727,0.8428571428571429,0.12040816326530612,0.8764303203025572,0.8352272727272727,0.3,0.8522364930009023,704,
EBV,HPV16,0.5452392821535395,0.7419908408022924,0.7083333333333334,0.7213114754098361,0.7083333333333334,0.096045197740113,0.718527157263032,0.7213114754098361,0.24858757062146894,0.7231738011432817,245,459.0
HPV16,EBV,0.5891067442776489,0.711002143623658,0.6666666666666666,0.6929824561403509,0.6666666666666666,0.09584664536741214,0.5992329722774423,0.6929824561403509,0.2523961661341853,0.6532813640275507,459,245.0
