p4_hydrophobicity,p5_hydrophobicity,p6_hydrophobicity,p7_hydrophobicity,p8_hydrophobicity,p4_aromaticity,p5_aromaticity,p6_aromaticity,p7_aromaticity,p8_aromaticity,p4_vdw_volume,p5_vdw_volume,p6_vdw_volume,p7_vdw_volume,p8_vdw_volume,p4_charge,p5_charge,p6_charge,p7_charge,p8_charge,bind_A0101,bind_A0201,bind_A0301,bind_A1101,bind_A2402,bind_B0702,bind_B0801,bind_B2705,bind_B3501,bind_B4402
0.04296496030678944,0.05199665002995194,0.017396615586114956,0.023642464745144722,0.060020472362890896,-0.0003024897384398845,0.0009175744841188806,0.02382897918871744,0.006243382677291571,0.00204470022276036,0.035179060913512174,0.019573953974254064,0.01848949936121695,0.041880901273640116,0.033904459647065725,0.002281210929818969,0.0014636962890459794,0.0099874519319736,0.006885962450255171,0.004799328477703526,0.0,0.0,0.0,0.0,0.0,0.0,0.0,0.0,0.0,0.0
0.044721633895064776,0.07364537892712013,0.018983803652536574,0.05038342270694181,0.057900850906364064,-0.0008535171332636232,0.0020002319629323015,0.0029494864594503505,0.005314803222749507,9.379297034273573e-05,0.018565646086643177,0.0225972858163408,0.0057989083068987965,0.06000722618577389,0.07719634585620364,0.00047932586458144296,0.008476178041799941,0.014552591132653383,0.0005051441342098752,0.00040305812502652383,0.0,0.0,0.0,0.0,0.0,0.0,0.0,0.0,0.0,0.0
0.017777149140747607,0.01733934102187019,0.026485714049574876,-0.016181828583212838,0.013318905644431236,0.0019523537316682139,0.0005097024538205197,-0.0021416341549574274,0.0018648832399839996,-0.002066341675625183,-0.0011024448282562934,0.046650230435694814,0.09714255372135945,0.019456906087571182,0.019908645755997968,0.02141790208778297,0.004961710953096163,0.006139218560401697,-5.577694101806376e-05,0.00034440641944005464,0.0,0.0,0.0,0.0,0.0,0.0,0.0,0.0,0.0,0.0
0.02145422143782767,0.0416629893560245,0.026429587992046644,0.06875933665435673,0.017660783577065853,-0.0009166484168369781,-0.00016412179760065215,0.0050421989067966555,0.0021074947734865583,-0.0009700995057784358,0.03696604964794875,0.014361433316739114,0.02739587905765052,0.07050655515300867,-0.007887421844385272,8.668635174421868e-05,0.002569389165753354,0.01173573830686171,0.00358796001632532,0.0042819236562473785,0.0,0.0,0.0,0.0,0.0,0.0,0.0,0.0,0.0,0.0
0.013594893198121759,0.052893241350821844,0.030428214006458263,0.03243780714305795,0.027599903424220276,-0.0010956056346657058,0.0008090070064751962,-0.00013694393952933808,0.0024228496932403743,0.0016412231957149256,0.011068977228608735,0.06005752158748715,0.0625952195194262,0.030434201066282786,0.037686594373511045,0.012311967464171686,0.008719016186671343,0.007634448436546571,0.002601807084710101,1.725472904084023e-05,0.0,0.0,0.0,0.0,0.0,0.0,0.0,0.0,0.0,0.0
0.029631293488011978,0.013802733176377086,0.049728729183728386,0.023339102507997356,-0.010101965216845832,0.02266371691768237,0.00023527844531285417,0.0011546264111181323,0.005666432684478026,-0.0017149760728987827,0.018926703008629413,0.041427991151774216,0.028194698926588255,0.03436692035425294,-0.01753999665412193,-0.0005351130264728557,0.004732805359494126,0.008870752162284466,0.0014021176676493473,0.002051988740509121,0.0,0.0,0.0,0.0,0.0,0.0,0.0,0.0,0.0,0.0
-0.018312814114412837,-0.005366378500884553,0.01901969228644881,0.03601644635364453,0.01126933039439728,-0.00044442819865878443,-0.00042790238772236466,0.0019562429518820246,0.012803831277623004,-0.004327455558161197,0.0031302013431079396,0.011602703183499615,0.02554199183509067,0.047938960139614246,0.0007030803456099042,0.001343031773365978,0.005075561735293579,0.006578879917846182,0.0009398040747868821,0.016263060363177782,0.0,0.0,0.0,0.0,0.0,0.0,0.0,0.0,0.0,0.0
0.029863031167951467,-0.02024116637017713,0.005457777293911249,-0.0020560715643890334,0.03185644737994629,0.004671894993145824,-0.0014674450753167016,-0.0006642252276201366,-0.006880107469732663,-0.004695525764219169,-0.0070411062452327864,0.005691753430241416,-0.012847364530795508,0.0445422412027425,0.02110310337069021,0.0031086710911607325,0.034476807316222324,-0.011941505599812871,-0.0018681522968310063,-0.002347459981513641,0.0,0.0,0.0,0.0,0.0,0.0,0.0,0.0,0.0,0.0
0.033197567865812815,0.032401492122852656,0.009459500488907594,-0.017185885715886206,0.03810786127382875,0.026890576751706762,0.00017541508946788376,-0.0002739689094361783,0.0030708545382502495,-0.0003988571532639541,-0.0010708707431971501,0.04758979220230173,0.014223986647786593,-0.007247471872423469,0.014849871836146564,-0.0012862198294250108,0.0015831501961813736,0.003931150280012792,0.0040548816503148165,-0.0021822012594868282,0.0,0.0,0.0,0.0,0.0,0.0,0.0,0.0,0.0,0.0
0.03485272346578085,-0.03671759907331965,0.011031035844963904,-0.0032262564907857777,0.06483009985683842,-0.0024186578083028104,0.0030104169061856466,-0.000816520706092789,0.006683338655215477,-0.0013201343860227627,0.014282994212539028,-0.015699671732262974,-0.009637188824100308,-0.00824925453705918,0.0028166437968551302,-0.00016373936882403174,0.0019195233112730928,-0.0044571203148460635,0.0010468387428315057,-0.0009818501921367811,0.0,0.0,0.0,0.0,0.0,0.0,0.0,0.0,0.0,0.0
0.0174468971492891,0.05186071833128221,0.01070403938317368,-0.008145008911105324,0.028439056913517786,-5.5110603424323854e-05,0.0013912425317759518,0.0005802752162789666,0.008739617674342268,-0.00476719176813224,0.040325560106697016,0.030260390159757927,-0.012356139969161222,0.05075308159311168,0.03280063839575831,0.0009487278022699082,0.0017264315237851841,0.015080551556251822,0.004665859564712162,0.004490988810271067,0.0,0.0,0.0,0.0,0.0,0.0,0.0,0.0,0.0,0.0
0.050799146554040456,-0.020030341054778304,0.03462338190560934,0.028997373558569982,0.07233029749606763,-0.002494136689851607,0.02779082128168825,-0.0003544749707803578,0.002298113457507516,0.002299207355577359,0.05744709825542362,-0.006100927862989229,0.03640851867910623,0.031469813412552415,0.05611956622735869,0.02284052070216154,0.0055680614804233895,0.009113955485523057,0.004785916466576681,-0.00019031461941347534,0.0,0.0,0.0,0.0,0.0,0.0,0.0,0.0,0.0,0.0
0.035477484449594456,0.0664598877056702,0.03754139843341702,0.05810747964970744,0.049081502127080914,-0.0004614875668844566,0.0012710104389741423,0.0025621327457572454,0.0027171408250454953,0.003579149045754792,0.022147115860572268,0.022292754021870167,0.027828462152038956,0.04156306331484519,0.04577536188808861,0.016370155333341557,0.005264642496422615,0.01211466498344655,0.002194670447890536,0.0018350087677375187,0.0,0.0,0.0,0.0,0.0,0.0,0.0,0.0,0.0,0.0
0.015316959761280375,0.018182623068541702,0.0331943042325672,-0.015397748409217177,-0.01833913005185225,0.011867550962144112,-0.0036045633182142274,-0.002122565397051632,0.0013204539376085165,-0.004040409942934873,0.0013938113819256417,-0.013498367257066423,0.03480904774639966,-0.03693021086171094,-0.024412200833424106,-0.004870723446728361,-0.0005612107102517498,0.006736949152733032,0.0014071760353310302,-0.0017301489297096206,0.0,0.0,0.0,0.0,0.0,0.0,0.0,0.0,0.0,0.0
0.006186336531180233,0.08689703835711628,0.029150274437822175,0.06048385393012252,0.05126120410748255,-0.00014797319120087845,0.0028509871051778306,0.0038988316403044407,0.00590893094995603,2.160262367733416e-05,0.015941699763065767,0.06298556143178577,0.006998624880193572,0.057113308720353924,0.0629697540357121,0.0003854324258488484,0.008541493683714282,0.013925167758176068,0.002618818196295226,0.0007306497335894945,0.0,0.0,0.0,0.0,0.0,0.0,0.0,0.0,0.0,0.0
0.02292143148443751,0.06608987258841374,0.025699198324126104,0.053492931705810806,0.04929629774201193,0.0003066674297576642,0.005286098885297967,0.003859277912584887,0.003738360350247436,0.0017728598570058813,0.03143864806247386,0.07341500314706617,0.012141048078844753,0.03818587580723425,0.055028022304913896,-0.0003238539963606149,0.004338250537948073,0.015837480629772898,0.004399991440242363,0.0019361540699633795,0.0,0.0,0.0,0.0,0.0,0.0,0.0,0.0,0.0,0.0
0.008285977785352165,0.03481350667934888,0.03271708875630663,0.0017364149384507521,0.009527827241029069,-0.0016644680186478915,-0.0032891323482432924,0.021785899138519624,0.006587907328341898,-0.0035292168513560256,-0.0005798527303517916,0.062065215745701494,0.06559214874162322,0.06637886705590823,-0.008270062079767156,-0.000629070162162122,0.003518345198851378,0.006352270694104717,0.0031726145862097967,-0.00018879346137140414,0.0,0.0,0.0,0.0,0.0,0.0,0.0,0.0,0.0,0.0
0.0224135239112801,0.027509277748909534,0.0031714047729971915,0.02218555123176413,0.04654917249742635,0.03530998199559549,-0.0024235764721272832,6.120745629582953e-05,0.004417805490699134,-0.0028389434510830303,0.04295050712981274,-0.0017130132004378493,0.006039715048319044,0.026813799518505103,0.03509593506539272,0.0017492556406687395,0.0036986076355732716,-0.017272909058134514,0.010735389730992233,0.0018511465231012293,0.0,0.0,0.0,0.0,0.0,0.0,0.0,0.0,0.0,0.0
0.02501034735182719,0.06898525745359192,0.02138831564801852,-0.016998950317048497,0.004767900645067678,-0.0004893780189659071,0.0024331929884799414,0.0015150041669764265,-0.012130110563667537,-0.004609145438660359,0.026357561850731286,0.032024157109024586,-0.0015145999350019668,0.03933847290352571,0.011809495804452381,0.004056557476904985,-0.00013958515881064515,0.010348488346336398,0.002834429297072336,0.0012269960855556907,0.0,0.0,0.0,0.0,0.0,0.0,0.0,0.0,0.0,0.0
-0.002676689412816138,-0.02225817846981628,0.029672790019793813,0.025929157701676416,0.006128241657801178,-0.0026137951927310368,0.0251716969463257,-0.0025402594102805743,0.00024243207368637653,0.01815532408463466,0.018709241333879002,-0.006546510421627897,-0.002987990343510373,-0.025834741110862668,0.04734498402894771,-0.0011127093635615658,0.0077128455765234335,0.00571372963373699,0.01780621552035714,-0.00229418773178402,0.0,0.0,0.0,0.0,0.0,0.0,0.0,0.0,0.0,0.0
0.01514431067309815,0.06175655363223587,0.02809909637565888,0.055963107066096106,0.052059119408474505,0.0007234676652255593,0.007896890009363328,0.003937501964597357,0.004144068133306294,0.0011457888041899126,0.019115104777354907,0.06008799389932844,0.004917674676314921,0.03593719081041496,0.05704482435066968,-0.000141556538678602,0.004814170664562789,0.01550372430274387,0.003291755227350848,0.0022808112180661526,0.0,0.0,0.0,0.0,0.0,0.0,0.0,0.0,0.0,0.0
0.041324116068737426,0.028848954392283986,0.02991349930215342,0.016858630879796017,0.009930319264561704,0.001361116542879734,0.0014809689091881799,0.0008035548616192075,0.0031096042802152544,0.0028540403856641946,0.03108889258211858,0.00851089570555825,0.024274359599034356,-0.011749229932031457,0.009095602769286061,0.0041496278720440085,0.0026838728205198195,0.009680006910029647,0.006435879955941973,0.0030668839507688008,0.0,0.0,0.0,0.0,0.0,0.0,0.0,0.0,0.0,0.0
0.027622364399525253,0.08829105299168773,0.03442893104036352,-0.019759511337287726,-0.020522883280330615,0.0023527742836705868,0.006262159014762633,0.000253631247060299,0.0029585300422032665,-0.0010521783267416714,0.037232409659849496,0.02009522451009098,0.01379160285823357,-0.02372737297065835,0.006339707374788689,0.0005967451090315848,-0.0020343607178301896,0.009055492452583209,0.0018208435787750007,-0.0002835648094038665,0.0,0.0,0.0,0.0,0.0,0.0,0.0,0.0,0.0,0.0
0.03110091803983444,-0.023238370129965314,-0.0026398526095429346,0.04680956874086431,0.064103495315896,-0.0025158667626421784,0.0028107991248202866,0.004221762491184345,0.00579462129318199,-0.0005889341885537947,0.01844038016666721,0.005399745115478188,0.0019496814914526156,0.04674374551775757,0.07731687885207084,0.002006408809011274,0.006232524859161935,0.014477395350043151,-0.0010268637189365373,0.0014522474061222416,0.0,0.0,0.0,0.0,0.0,0.0,0.0,0.0,0.0,0.0
0.043658826878465035,0.04734583646190537,0.032486790150920465,0.04516820745300764,0.05072809634634795,-0.00023144563743306704,0.0032397687806333267,0.0004120919043920781,0.003287125830657373,0.00017043856409531977,0.023102358846068715,0.00592732277101664,0.01468357044414935,0.029222547440977624,0.041386814946775714,-0.0036579556462949464,0.0033272413645577745,0.019491473728732504,0.00198489287002716,0.0021239562998926187,0.0,0.0,0.0,0.0,0.0,0.0,0.0,0.0,0.0,0.0
0.045071213990587,0.03660318183226939,-0.004625738363758284,0.03702708217886415,0.04519383322067235,-0.0016866701748301646,0.0035243662872053,-0.00020039887812121725,0.0031987229003701827,0.00013908486783304193,0.021617771112902123,0.0005536712078351855,0.014526679049583319,0.025883332530710675,0.03798109655276595,-0.004686079731986733,0.003824907184486677,0.022159101056926835,0.0013767337306542196,0.002037960361402934,0.0,0.0,0.0,0.0,0.0,0.0,0.0,0.0,0.0,0.0
0.01185405061788537,0.0455407184574938,0.02817924457589916,0.04548190296779646,0.04098550939056837,-0.0012934178625605957,0.001621595463591457,0.00011532512291233122,0.003325686593540684,0.002372019881049131,0.006368157812291132,0.06225650389207289,0.05164033354109999,0.03326557356193203,0.04876545156829037,0.009198626075159224,0.00936948684765373,0.011114237556627153,0.002687327175813109,0.0008732638812565165,0.0,0.0,0.0,0.0,0.0,0.0,0.0,0.0,0.0,0.0
0.012151052536265455,-0.015640253736269226,0.03124108703069369,-0.0016552363458786385,0.032144020127719095,-0.0023531381284862315,-0.00039600401348090046,0.03637564168173601,0.005264344187089349,-0.0012621938410011888,-0.01225373687714778,0.008857006033705768,0.023653850152779345,-0.015792284500071616,0.007040844469538298,-0.0047617287840764745,-0.007690062803092572,0.008668184572691279,-0.0019224722943090595,-0.002947322348033991,0.0,0.0,0.0,0.0,0.0,0.0,0.0,0.0,0.0,0.0
0.0015727414265788201,0.04766993807469805,0.03824303842817826,0.046213575546659925,0.0378555039349892,-0.0002332389765053375,0.009665917097978705,0.0022824587197707,0.002868290232875403,-0.00024953764568339757,0.010241401304605276,0.0489944922122937,0.07923400100711685,0.02202073856011594,0.05047366491394313,-0.0017356047757123528,0.005107644145292575,0.011245098724960604,0.004407313544260262,0.0010462041237336906,0.0,0.0,0.0,0.0,0.0,0.0,0.0,0.0,0.0,0.0
0.032121710264984546,-0.007343343789719777,0.027959304927527465,0.017683331212461295,0.04443949203888713,-0.0022294577145848793,0.00668159887690268,0.0015765563222065683,0.0054128196738927725,-0.00100162567317372,0.04925929493338213,0.01132446480033498,0.00867715199581911,0.0346682814419432,0.029629566557453853,0.0021040362334952957,-0.005357137988381765,0.005256489916308214,0.0019555585855168256,0.04090350450511514,0.0,0.0,0.0,0.0,0.0,0.0,0.0,0.0,0.0,0.0
0.02253799119507074,0.05631797533776162,0.019847162097202366,0.05026121324639825,0.049884268357116734,-0.0009861483080444247,0.0028437202981083506,0.003113299244993575,0.004075572192195871,0.0030975746478620284,0.020237314338459197,0.029941360918093452,-0.004497792740633065,0.05071150520171712,0.06443578347093724,-0.0004149768009178728,0.0045704541760793116,0.013690360672904809,0.0013890823869360618,0.001302747406486694,0.0,0.0,0.0,0.0,0.0,0.0,0.0,0.0,0.0,0.0
0.03926589873180513,0.039042821967026624,0.03265152795684114,0.027424862992966904,0.029174859958623303,0.0011190219196400909,0.005958075334382907,0.0004853556673819042,0.00991139251297168,-0.002093656437630217,0.041212917030558384,0.0283571288276538,0.007455461407150856,0.0757115706220343,0.013297563550678477,0.002647792651148181,0.004189044220252654,0.009675576182587624,0.021211588015938438,0.019605036103537175,0.0,0.0,0.0,0.0,0.0,0.0,0.0,0.0,0.0,0.0
0.0092851112221532,0.03379567488386007,0.00458058611103774,0.036242436360171444,0.014534654272391857,-0.0016728193683578133,0.0028537136588029834,0.0031314587255317503,0.0014331004981124953,-0.002749316344752989,0.016558099258868118,0.0702464190467515,0.011174415038781643,-0.0077593171000973245,0.0007631871122749653,-0.0014365734443996664,-0.0003694189026949817,0.00993006932070391,0.011854601280053135,0.025558568069617562,0.0,0.0,0.0,0.0,0.0,0.0,0.0,0.0,0.0,0.0
-0.016757913439623694,0.06348829146819833,0.02583217164285744,0.030513899123485587,0.03254833666879268,-0.0014060418561633843,0.028749486527807348,0.011408638905009302,0.003104861753694436,0.026093567523685194,0.018927740712589576,0.01888442253485209,0.02802916978016774,0.07741397495063089,0.039458876254593815,-0.0015884523346424077,0.01058455390289879,0.005200985233258095,0.0024393515892539904,-0.001622081725795707,0.0,0.0,0.0,0.0,0.0,0.0,0.0,0.0,0.0,0.0
0.042237813796106166,0.04452479767735215,0.030426394944153893,0.05355535751546041,0.021176942117035163,-0.001101691619322169,-0.0028908460285607166,0.006322239540908854,0.003273155222301965,0.0009726361312784626,0.018150821035697616,0.01273902630790711,0.025976218726072448,0.056211733625026794,-0.0001912644029881386,0.011359879966364195,0.0027008820882708324,0.01570263024634207,0.002812350486512373,-0.00023748025555106768,0.0,0.0,0.0,0.0,0.0,0.0,0.0,0.0,0.0,0.0
0.029397541600906643,0.05328676849160768,0.012511147332051137,0.05117502956337232,-0.012432589871841256,0.033051794903391656,-0.0020016256415708146,0.0007409822220904269,0.00256642256446287,0.001714640309088493,0.03566727179867665,0.006879641576040341,0.01383594440259359,0.0415588389792746,-0.009704696759229227,0.0002320625429302072,0.007068059938023437,0.010242281252475945,0.0017651971704955346,0.0011668847455306396,0.0,0.0,0.0,0.0,0.0,0.0,0.0,0.0,0.0,0.0
0.05339026647730318,0.06913110546117902,0.03575054642086164,0.031677470811044973,0.03364356638428445,-0.0008201453943308434,0.013201970992387105,0.0006716500979577617,0.001716057084860454,0.002279369949293337,0.02002422777842944,0.032271044385081264,0.028368263502162424,0.016337990221164934,0.027689591310189315,0.024721646598521312,0.007029549874135268,0.01664744586460439,0.003342329869571464,0.0016476494316690245,0.0,0.0,0.0,0.0,0.0,0.0,0.0,0.0,0.0,0.0
0.031898969546907296,0.04640683374093454,0.02492933056448162,0.05522400674810145,0.04338065515450532,0.020415772967102595,0.0016210806605107646,0.0006751444262893001,0.004740975671729048,0.0013169565858408721,0.037976959041774866,0.026674012003946604,0.005215011328943553,0.06395023821410435,0.042357464224362394,-0.0005685731644382668,0.005862088110254764,0.0145137523160738,0.00363993477543059,0.0012393482725233838,0.0,0.0,0.0,0.0,0.0,0.0,0.0,0.0,0.0,0.0
0.05256487987163014,-0.01834087954423327,-0.01266630119520619,0.010548062161335163,0.03448610657159934,-0.0006832225534248185,0.0006308544012965766,0.00031240455010984604,0.003308001251247545,9.994263615885896e-05,0.026679266521832844,0.04107858055188639,0.013248416979643601,0.016075462131166684,0.04865474266128758,0.02447235095913976,0.0025664158764697477,-0.046955042355676095,0.0024029267777140456,0.030238628866391275,0.0,0.0,0.0,0.0,0.0,0.0,0.0,0.0,0.0,0.0
0.00025087347075091463,0.00027455175072031685,0.008206701839946595,0.02418637826446797,0.03890448511710243,-0.003173846694484872,-0.013428880816368878,0.0024883592618932353,0.002105845920936573,-0.0014083063500199727,-0.0005058344963982687,-0.02017838671995935,0.03304356816256212,0.00856436967309659,0.07105224562747298,-0.004058407604941921,0.0041403378088634354,0.028774314713114674,0.0017048709645098566,0.0005173900982253692,0.0,0.0,0.0,0.0,0.0,0.0,0.0,0.0,0.0,0.0
-0.02797928455758756,-0.05995056725894348,-0.03117122747556278,-0.011607226286708325,0.007804284824665484,-0.006711461924164084,0.002105342584228979,-0.0011803883552735622,0.001982579972242459,-0.003138791542916387,-0.0033942443379345166,-0.008299282528129339,-0.0034861695243299843,-0.02734684174539826,0.02692447114638168,-0.004377739525919104,-0.035136888665710304,-0.07955397330958842,-0.003703524425018548,-0.0030574699439621165,0.0,0.0,0.0,0.0,0.0,0.0,0.0,0.0,0.0,0.0
0.025289273592106223,0.02731343730882251,8.200227864505926e-05,0.027662563295884082,0.027641702226573292,7.080098558348283e-05,0.003059555504886067,0.002593034918750345,0.003103001561318013,-0.004271705384715477,0.0458352545772363,0.0067309600786485185,0.010078435534807579,0.0912396907108306,0.034372872319353286,0.0034070586862562768,2.156524405436958e-06,0.007899646824320627,0.019350761865972232,0.002261093710686348,0.0,0.0,0.0,0.0,0.0,0.0,0.0,0.0,0.0,0.0
0.006824298131749876,-0.0035550339791115904,0.04625235616605994,-0.031134095956485863,0.030349716134582073,0.00066637055253242,0.0036277119675870487,-0.0014508980348031974,0.0008864833910944928,-0.0062157681918408895,0.016004737045124447,0.047423445214149096,0.001922509108339246,0.007480509654123276,0.017368026756030136,0.0009465441234058864,-0.0009358939849418275,0.00579365705746796,-0.010269615556010655,-0.002418237451239778,0.0,0.0,0.0,0.0,0.0,0.0,0.0,0.0,0.0,0.0
0.012810101480001201,-0.04609865843250614,-0.012794994189199896,0.01942423809534252,0.03246387322411627,-0.0010334532390452848,0.002696102285144657,0.000716407750802456,0.0014367086702837199,-0.002261305662916475,0.03213928661963454,0.00530202379091655,0.009247198304987443,0.028166316772578182,0.04603796622557766,-0.0007504561664676074,-0.012502762237805559,-0.04178963924495687,0.00277575650762242,0.03031912866143821,0.0,0.0,0.0,0.0,0.0,0.0,0.0,0.0,0.0,0.0
0.018805332649453648,0.042396176500126045,0.04932748083594607,0.05872142997169997,0.04345730895978191,-0.0006554433113348939,0.0054160346237340186,0.002503762374308552,0.002123293285010857,0.0025255664499774337,0.022705477370348587,0.03242920013100205,0.016245135001444533,0.03617550885202567,0.04431589801545151,-0.0009419264972907955,0.0034318828360880515,0.0125828870236285,0.0029236630534901923,0.003735256551411524,0.0,0.0,0.0,0.0,0.0,0.0,0.0,0.0,0.0,0.0
-0.015722142315218367,0.02358310110759806,0.01107625741967277,0.0193921224892348,0.017545344976865253,-0.0022539538851338793,-0.0005330466569250576,0.006572232315354489,-0.0003667925814710178,0.002980604481014364,0.02658235385238295,0.058718798064361984,0.03505131454892649,-0.0037995886382185266,0.04110657190014583,-0.0028960143068608194,0.005701334684453261,0.003454383936591928,0.0014020503796165324,-0.0012910925568429673,0.0,0.0,0.0,0.0,0.0,0.0,0.0,0.0,0.0,0.0
0.023614291263269475,-0.028873814403660873,0.04855804725289021,0.00036019951343852413,0.013379474785773443,-0.0017223796108778349,0.010264865267935349,0.0005754959160204642,0.0034709230295390464,-0.001627975016692205,0.04791099623673099,0.01267957915464065,0.0857985057611161,-0.006111022715139507,0.04533578315928967,-0.00017643629510048355,0.01038437527195857,0.013303595694349492,0.0011142146795233327,0.00048287817536740935,0.0,0.0,0.0,0.0,0.0,0.0,0.0,0.0,0.0,0.0
0.02292031464492965,0.030384490710166422,0.041334674930937496,0.028056676769752834,0.010473715342095142,0.0038335895493294865,-0.00043587580107333805,0.007219995027151291,0.003845236657399368,-0.0009642818179747659,0.053687368605648524,-0.011590164121591182,0.021989154603137086,0.04365364732635485,0.00032237720721005895,-0.0006750677100168796,0.004592080729751833,0.008018201440939024,0.0016666540056468416,0.01603507535411299,0.0,0.0,0.0,0.0,0.0,0.0,0.0,0.0,0.0,0.0
0.032318513239523,0.05693960539365019,0.014861496698799687,0.004739544480004581,0.0015546860932921561,-0.00129884817869786,0.008927036288918238,0.006812982894739939,0.00115578306040917,-0.002171621189550903,0.022025933554505446,0.0662024688167537,0.02398880604095354,-0.03138713993597066,0.006876739843902463,-0.0024946012592163037,0.0011135306419450051,0.007781473295502266,0.0017770314526890495,-0.002185842427525185,0.0,0.0,0.0,0.0,0.0,0.0,0.0,0.0,0.0,0.0
-5.0370296820022954e-05,0.024970254412387545,0.028287368844280816,0.03971296034910678,0.006906318459965421,-0.0025843465859340235,0.015197809147738923,0.013159790196300196,0.0009777600445018484,-0.004131954655961016,0.00980138268431369,0.041310406465735236,0.02992909310377641,0.02984275276623707,-0.006954272219815308,-0.0020625510028212516,0.0011073676576848351,0.01012551156292434,0.008253486925366186,-7.717073859608559e-05,0.0,0.0,0.0,0.0,0.0,0.0,0.0,0.0,0.0,0.0
0.026803573533728153,0.02029547787842076,0.025563140437031586,0.03606802058591647,0.020601906985952257,-0.0008599915717275255,-0.0027439923811419056,0.01146085260067105,0.0021821315701478885,0.017476939316776543,0.04191303291954353,-0.006196016052414394,0.017921232561817046,0.07405127649767586,0.03508576679477341,0.0007787119730374436,0.0038616845143832996,0.008431386074925324,0.002125643175422073,0.0026520901406913997,0.0,0.0,0.0,0.0,0.0,0.0,0.0,0.0,0.0,0.0
0.05053000238399799,-0.033995198289756313,0.008862226546966192,-0.0032658254854134755,0.04469934673543665,0.02821134592480319,0.0019363061159677294,-0.0026818779382431256,0.007112256577684428,0.0005083567169098149,0.0019328081518045132,0.010370689684757767,-0.012284763101478451,-0.025277045407398172,0.01755642903611146,0.002793267296730899,-0.0006596388644528789,0.003714751359230355,-0.0007585768026061022,-0.0008965315314697298,0.0,0.0,0.0,0.0,0.0,0.0,0.0,0.0,0.0,0.0
0.024197699434441042,0.051313864927417546,0.002562687154550354,0.04874987917747726,0.046015838033753025,-0.0010229717341854346,0.0012882117020516111,0.002009333883119213,0.0023830022985923596,0.0009663853978302312,0.02405415934221761,0.09198367835599269,0.04193419139368423,0.03681599218172037,0.04875215580355433,0.0143576270208148,0.009787528970584972,0.014928720179867948,0.005556659104770649,0.0020869544921179027,0.0,0.0,0.0,0.0,0.0,0.0,0.0,0.0,0.0,0.0
-0.002585164810657101,0.03466700447429457,0.03322205170804216,0.04951096058957418,0.040790102057375745,-0.001235213135098652,0.003180941098027914,0.001206974276973963,0.004965187664659668,0.0005390414961444309,0.011017489421350913,0.03756884059587309,0.02917767207293937,0.05024389265944227,0.05963468986057357,-0.00024249856688284062,0.0050172015501647104,0.009355256667790395,0.0023936810758529437,0.0002934863639291922,0.0,0.0,0.0,0.0,0.0,0.0,0.0,0.0,0.0,0.0
0.029895116661166267,0.023951468049822962,0.0027354491620889473,0.035277343974082706,0.05394887217735523,0.002096810470390458,0.005767356883136014,-0.001409150241372159,0.00471349551613602,0.04547181893612381,0.024395236894044187,0.009894800217139657,0.02828708581712336,0.06574155543225134,0.05840835455796471,0.0016662053752488201,0.006458684446193907,-0.0016232925079733432,0.013394868834772025,0.0022317585598543824,0.0,0.0,0.0,0.0,0.0,0.0,0.0,0.0,0.0,0.0
-0.0175253166200811,0.013339844868641197,0.03048670785000747,-0.01715928388058753,-0.0009071318724482267,-0.0034777781919224406,0.00017773917470444462,-0.000998845692382522,0.00017423497982062367,0.0293974243555094,1.0622558583409908e-05,0.017718176955490234,0.03602499268505872,-0.04552762795898689,0.058230438671973445,0.00774635369116191,0.012880095056696836,0.005267740751957582,-0.00040505866186627644,-0.001645310851790793,0.0,0.0,0.0,0.0,0.0,0.0,0.0,0.0,0.0,0.0
-0.007560925190740327,0.06716207933237185,0.013902123475770136,0.041033797646984116,0.0306270794948881,-0.0004283843408966365,-0.0010863047077904287,0.001515739209997261,-0.004025964345748556,-0.002421189392112264,0.0013122051522295416,0.09287682707008692,0.03816062561987834,0.043059478146328906,0.042604969923981294,0.001255510900410035,0.007726745320067752,0.005567597020909479,0.0031452165798299342,-0.0007056297960742964,0.0,0.0,0.0,0.0,0.0,0.0,0.0,0.0,0.0,0.0
0.02497567781072778,0.03290831767635523,0.02925122502838377,-0.012299136752455798,0.03372944665286119,0.0025192434285809156,0.005070470104566092,0.0007562774763531343,0.011259119254093024,-0.0037851839086041283,0.0494754480892704,0.026767591386629475,0.03695433362128286,0.06335948269693625,0.027845002053521882,0.0005526680693022305,0.0038911470834294315,0.010871503714510993,0.0015156710514197824,0.003103292583207836,0.0,0.0,0.0,0.0,0.0,0.0,0.0,0.0,0.0,0.0
0.030145044688027287,0.022206041300564566,0.00507197686831422,0.036855412859910654,0.04267632512709864,-0.0021747071085923913,0.0017855186460043171,0.00037880016371586556,0.003280524850482492,0.001490348780762617,0.016296767962138612,-0.005324417042236802,-0.007362932877120127,0.04051720352703785,0.05445350975969762,-0.0011277147084855852,0.003046563968536587,0.014783031167252667,0.0011270408513125254,0.0006176863548435782,0.0,0.0,0.0,0.0,0.0,0.0,0.0,0.0,0.0,0.0
0.012184945882803607,0.03627605964380457,0.007790604359973426,0.0118779081732293,0.025131225477086943,0.00016141428396202183,0.0005147986944504933,0.0008153641657633191,0.004527759396496292,-0.0025634431102388353,0.02060254566484016,0.07474169876807146,0.014016630603496375,0.0320327328971887,0.03481094710110094,0.002889396083457226,0.0010196662805681913,0.010754583126937,0.005700755545684245,0.00043600408169734814,0.0,0.0,0.0,0.0,0.0,0.0,0.0,0.0,0.0,0.0
0.01993358344419674,-0.025642631394770785,0.006081530873083791,0.013427321683098938,0.04199396514545121,-0.005142271098557825,0.007621009661412366,0.005406439314257487,0.004518532368505301,-0.0004677633401601406,0.019084844485370893,0.018308639696786963,0.030657255665809055,0.001703455400078128,0.03839214393510477,-0.002497241161196264,0.030181846429375957,0.012205518580839184,0.00022992590937533043,0.0004657124480292988,0.0,0.0,0.0,0.0,0.0,0.0,0.0,0.0,0.0,0.0
-0.013455239163152857,0.05063527698456196,0.023188090878599358,0.026270356742561028,0.015726188806247064,0.00023122849422796098,-9.927545693201402e-05,0.012176261486441476,0.013917760911145934,-0.00042923114207180503,0.024929499166392647,0.09613048135536285,0.04310142633076206,0.05639392277198865,0.01767652783963726,-0.0018969504039555594,0.004604824367378912,0.0050886340959529755,0.0008069697891036394,-0.001275156733880352,0.0,0.0,0.0,0.0,0.0,0.0,0.0,0.0,0.0,0.0
0.03288232610860392,0.007145385581239618,0.026367480876966713,0.0009079924432633291,0.052663854472555484,0.00021347921528198,0.0037666206142589346,-0.0021212526405640086,0.005122863663005443,-0.0033645503500150118,0.03973998784262969,-0.014290429860623463,-0.018280462728992777,0.017851941337290823,0.019310105282024335,-0.0005428887050381631,-0.0016819993542656671,0.008344199049101678,0.0021538795717534797,0.0025330647018952956,0.0,0.0,0.0,0.0,0.0,0.0,0.0,0.0,0.0,0.0
0.023821303056090294,0.01104992625814452,-5.361266967803518e-05,0.025006901809616056,0.0056805584532112026,0.03447788768227447,0.0037839838262084544,-0.00018005568142819914,0.004897147598261799,0.0012239647543086092,0.03473296128422873,0.006661494061004097,-0.01776964773055756,-0.012447610310556259,0.020769828283420545,-0.001548665208288586,0.0058278349136553385,0.005693246820835675,0.01637797756766626,-0.0005325572127883579,0.0,0.0,0.0,0.0,0.0,0.0,0.0,0.0,0.0,0.0
0.02824875817066769,0.004132156162076481,-0.019863356265197904,-0.0028172593282061857,0.034956755709051206,0.002814247724308055,0.000385376111525525,-0.002742902418232453,0.003998523549525223,-0.004687732218732436,0.029764864945663296,0.003933284459197175,0.025849918694740084,0.02450956739029371,0.046126905404427376,-4.604316427333081e-05,0.003060637043504937,0.005813823695438278,-0.0044067027401267795,-0.00030922580527854203,0.0,0.0,0.0,0.0,0.0,0.0,0.0,0.0,0.0,0.0
0.03983823241187366,-0.006521605752039245,0.03151420774637345,0.05688020232759454,0.04874269778320617,-0.0015394259733217566,0.001039393473311041,0.0033593160428468803,0.005021338640633447,0.00042272998495687815,0.03629496517623732,0.018679273616153597,0.0026322305941426176,0.05328836471469831,0.056039134242503744,0.02384149750341887,0.009569949791498153,0.013297981895942891,0.00032338352085940254,0.0009977293794814547,0.0,0.0,0.0,0.0,0.0,0.0,0.0,0.0,0.0,0.0
0.01713866334754882,0.03824395840947415,0.04684856181455643,0.08216240050649928,0.04852197250710579,0.002231840220686066,0.0009166262669295388,0.0067795493153832,0.004293174524057072,0.0015982836169056152,0.03525216780857107,0.011154817079355036,0.031826077373017445,0.05551231107323204,0.033166990937192345,-0.0001979249115945919,0.0020364637320050664,0.010930401721753101,0.003593901844662975,0.0017113599330310762,0.0,0.0,0.0,0.0,0.0,0.0,0.0,0.0,0.0,0.0
0.03042340870994711,0.009809727153025168,-0.018944264984837048,0.06513389012221422,0.025844589518450624,0.00022052042453782897,0.0014055511662627975,0.0030470055993455664,0.006601957505554664,-0.0034650519225032927,0.0605600908505165,0.006766860521292221,-0.005726729962101663,0.06526965649563264,0.009517418008391912,0.005207290212198046,0.02858442376907805,-0.025846619413647253,0.0013688748293165104,0.02425004609919842,0.0,0.0,0.0,0.0,0.0,0.0,0.0,0.0,0.0,0.0
-0.0038025640858216298,0.05823727626760954,-0.030507115408126298,0.01597430624109615,0.006209636629112043,-0.002035602699781099,0.003945435255934,-0.0003300966081807244,0.002596805299139466,8.029809904709065e-05,0.04949799933902485,-0.0044152958247323055,-0.004954501404517355,0.0007447298019595509,0.01014564529379923,-0.0041983543875853116,0.004814348242197512,-0.061515074773815855,-2.069478031485034e-05,0.0009570194392851609,0.0,0.0,0.0,0.0,0.0,0.0,0.0,0.0,0.0,0.0
-0.0009872014395320705,0.036374199098021864,0.053985607017097564,0.0338731944862946,0.027261331089001802,-0.001558793257859153,-0.009421342854235463,0.0007638621984712549,0.0024367887720210925,-0.000571090606470255,0.013927926944043847,0.02242235205279086,0.021632712270465256,0.01756778603408315,0.021283097243958077,-0.0033710293342581864,0.004844080139537406,0.019527506693037572,0.0037578508579920386,0.0025877974456620947,0.0,0.0,0.0,0.0,0.0,0.0,0.0,0.0,0.0,0.0
0.022446401509931876,0.04958861343901352,0.028691342079606046,0.01959115851971523,-0.005041932122388471,-0.0003499812767272355,0.003304131658018326,0.005082011250323019,-0.0006495715915782914,-0.002872474474148588,0.03101772906812092,0.010106223231534303,0.024702286614230906,0.016070608245627206,-0.004829632008389632,-0.0022574316679865726,-0.0009885249668888868,0.010443113071855288,0.008424658561468207,0.0005256181482689812,0.0,0.0,0.0,0.0,0.0,0.0,0.0,0.0,0.0,0.0
0.03465381394259106,-0.010675501408593406,0.04181028031836718,0.03274173434800382,0.006146449026759106,-0.0001350297100069526,0.004462864799304048,0.0007858652994319764,0.008543014772341519,-0.0033781413360180045,0.02990636019608383,0.010664021141505038,0.0006554977679130336,0.026098026174498145,0.02289342345528218,0.00029689566588742786,0.006273407012988666,0.012269169958178412,0.0038941804956139424,0.013397507295417917,0.0,0.0,0.0,0.0,0.0,0.0,0.0,0.0,0.0,0.0
-0.0037729929337996055,-0.041361268071962214,0.011599809339746147,0.031560879116800084,0.01603613914575451,-0.003233707838461643,-0.010218622050717434,-0.001188493751665695,0.0011064003670222418,-0.0031574018087951717,0.053527759227874006,-0.01652600089572673,0.022279312705361154,-0.015645805843501517,-0.012123938729691202,-0.004809015179463449,3.606328666174446e-05,0.005715918035505759,-0.0013500118754486252,0.00024657487487827226,0.0,0.0,0.0,0.0,0.0,0.0,0.0,0.0,0.0,0.0
0.01911315274698858,-0.00831293547284668,-0.022138640383039546,0.041456715012526305,0.011818510035395396,0.021792109569029546,-0.00259640225466709,-0.0008964062497299072,0.012061021413458148,-0.005213885352509736,-0.00817611143330886,-0.0006174736815420695,-0.018518872735576866,0.042493518629153876,0.018088784991678552,0.005159006724501641,0.025315810767633742,-0.04432153470921658,0.00036190345804153716,-8.264971724006011e-05,0.0,0.0,0.0,0.0,0.0,0.0,0.0,0.0,0.0,0.0
0.01613984075348948,-0.05988056545180939,0.016635240211022424,0.012751060880311532,0.03307661483512928,-0.004050538923749585,-0.0005310662179010589,-0.007685928197342691,0.0034624326791605512,0.0006977946183770194,0.015016729064845698,-0.021140543057473524,0.03950881304050006,0.0014811166668886454,0.020358578641475514,0.026365061038291837,0.003037900377088731,0.010058220296284665,-0.0012528410409193781,-0.0003263230933000916,0.0,0.0,0.0,0.0,0.0,0.0,0.0,0.0,0.0,0.0
0.04674356610281196,0.08289895984987952,-0.0016503118210013854,0.04754379414219185,0.04609807437632594,-0.000764894687409108,0.0013387351552322983,0.009011255155733143,0.0034161313848969804,0.003844055602322371,0.03139389950583987,0.019277081285217927,0.019332683011571178,0.030417991414837392,0.04240839270929382,0.025310121609711276,0.004347052252218271,0.014122086072318789,0.0019752311041276375,0.0016576928942520295,0.0,0.0,0.0,0.0,0.0,0.0,0.0,0.0,0.0,0.0
0.018367698229862908,-0.039074595966289725,0.014331826944276892,-0.016440316391281365,-0.0038266548232790236,-0.0014141445725429273,0.006479015978514916,-0.0024577287023687727,0.002817362296740016,-0.004026699459141447,0.008431909774337727,-0.01127421396351684,0.0058641804362431285,-0.025631276015354285,-0.019551728207147633,0.0025807096680934343,-6.0911552547838545e-05,0.01578897251505636,-0.0015788637185709462,-0.001079566021829946,0.0,0.0,0.0,0.0,0.0,0.0,0.0,0.0,0.0,0.0
0.026607776835314997,0.0339960854405035,0.012373431996878974,0.01277553476381719,0.04166328325289786,1.4332178789389875e-05,0.002229069785487248,-0.00010116812116456493,0.01020057665613195,0.048731050119624815,0.020770877206089677,0.017029141802568096,0.010268120461868787,0.09598041865584683,0.08043033426953583,0.0016749422145706798,0.004179501929296115,0.012177838953725113,0.0040833128688131486,0.003637135849776936,0.0,0.0,0.0,0.0,0.0,0.0,0.0,0.0,0.0,0.0
-0.004070260340697817,0.016556420818524535,0.02971766002146213,-0.008953648747369867,-0.014310479866272117,-0.0025001492367542335,0.0030659044788884583,-0.0010699188427919473,0.006176055412513171,-0.003622145504765555,0.012457873238083422,0.008496221966332736,-0.021728603679297284,-0.0006976850998293887,-0.013224182277709771,-0.004184053345989988,0.0009351597819114716,0.002314357784516136,-0.015564172823876427,-0.0010727566165062141,0.0,0.0,0.0,0.0,0.0,0.0,0.0,0.0,0.0,0.0
0.02960420667513393,-0.038592234981873356,0.03033741561362859,0.010465225774432395,0.0046877526766140164,-0.0014743252953623924,0.006764591333281567,-0.0013197245392069623,0.003590075356499791,-0.0007932402326153444,0.055072108746255996,0.020182117720483634,0.009224123253194315,-0.01796576972016029,0.006798881592129707,0.002070849019576276,0.02354149713929878,0.0057912686541384505,0.0001741236996110016,0.0005626546353116916,0.0,0.0,0.0,0.0,0.0,0.0,0.0,0.0,0.0,0.0
-0.01666792826261195,0.03383481192853718,0.021410385597329707,0.05869639881300599,0.04043738504955349,-0.0013656374168676722,0.037347673372648216,0.00596133310829973,0.004393830094077767,-0.0001564589128178732,0.0078088482634715555,0.0395298382738165,-0.0026806831724573896,0.01050998453488876,0.004124807581805499,-0.002472210044760044,0.0034741516693687184,0.0056598005418396855,0.00396661630335865,-9.13502021149061e-05,0.0,0.0,0.0,0.0,0.0,0.0,0.0,0.0,0.0,0.0
0.02553671574059549,0.05132878956962469,0.03770489652894556,0.009326270160634564,0.04567985645216516,-0.001058163066923592,0.0002648228884030663,0.0014137662622950148,0.004895806330403185,-0.0024422185954794742,0.04935608299500444,0.08430111124512375,0.008721788438000797,0.038421778247585116,0.03723637834254643,0.0029786727549962564,0.00588454779310655,0.009060273965522926,0.007215842190127448,0.002894578877695355,0.0,0.0,0.0,0.0,0.0,0.0,0.0,0.0,0.0,0.0
-0.013036690500587336,0.05162966979226722,0.02482584560258816,0.001603284992240071,0.02449786943336726,-0.002646607993813519,-0.0031070157221208873,0.005714167502980966,0.018872795877795848,0.056995091200857315,0.007631485139871896,-0.0009908570864231672,-0.0007808393676029717,0.08121094362761612,0.0346927852841696,0.0027876660104799132,0.004539706899862228,0.0043325095626120394,-0.00040108372350219885,0.002688927267874988,0.0,0.0,0.0,0.0,0.0,0.0,0.0,0.0,0.0,0.0
0.06510361531423317,0.0488535488003729,0.019264047963170786,0.008816763785161899,0.02193271800644689,-0.0013320246450205012,0.024423101700834313,0.00147982934069891,0.005812128411527525,0.0015843812154325225,0.023114691997167626,0.05038601132843252,-0.001868789280437433,0.015757504540796642,0.002072847175380393,0.03727811065981041,0.001008146267297397,0.006381250329933833,0.007324688494764341,-0.0017759783873549503,0.0,0.0,0.0,0.0,0.0,0.0,0.0,0.0,0.0,0.0
0.05279775263047334,0.017485095404863118,0.011287599118208548,0.0009820166790514015,0.02937794386850527,0.002166968144736241,-0.001136607439351557,-0.0010322272909974893,0.0036950337396516493,-0.005175585436813673,0.008412679098747064,0.04447093212303501,0.015082164336924305,0.00991383721813658,0.018686229821005075,0.0012050116433660572,0.0028209754886159297,0.016160259945510066,0.0033152921106128956,-0.0017937740839085506,0.0,0.0,0.0,0.0,0.0,0.0,0.0,0.0,0.0,0.0
0.07764775660037526,0.03223144298541942,0.05051358879128653,-0.0036570519716672915,0.05386028028602991,-0.0009171141167145594,0.00015808306560895696,-0.0008229552446181471,0.006187034985556407,-0.0005947582985755567,0.04321208381570636,0.0032085134554244122,0.03147715719399892,0.04078980332379097,0.03307252992360474,0.03691520092396317,0.0033427483921523045,0.012455111763801993,0.0022777551066888346,0.0059579752349884895,0.0,0.0,0.0,0.0,0.0,0.0,0.0,0.0,0.0,0.0
0.019132909782623653,0.009469441830859852,-0.016388640466534415,0.08974451873228782,-0.008491074673604382,-0.0007893543206458804,-0.0019443612175579293,0.0008836757473283473,0.004320747965266918,-0.005007396929406573,0.008685125969619508,0.015343136620458317,0.008175180062429307,0.07306115883478988,-0.015429567462742372,0.00895130357142574,0.0040012039540551535,-0.04644730760546581,0.0002029617494963018,0.0002166506913755623,0.0,0.0,0.0,0.0,0.0,0.0,0.0,0.0,0.0,0.0
0.013299891451537272,0.03690372285043469,0.024647443205217005,0.057394463591559135,0.02695754197400136,0.005798341115126365,-0.0006766623010538364,0.0024474524438469953,0.007836587563292918,-0.0022118656204065694,0.016902813117728115,0.003133245734483273,0.07121655758482405,0.04727599408411767,0.04279652935012366,0.0007719491566937291,0.002941788727715719,0.007281930288168756,0.0047025615253514855,-0.0006986887223905891,0.0,0.0,0.0,0.0,0.0,0.0,0.0,0.0,0.0,0.0
0.0482963763686179,0.05784759064748653,0.02225934405842377,0.009049050634977357,0.038522488446578,0.00037790698947946696,0.0034125683723253554,-0.0008426534382171905,0.006601548856990362,0.007843925526143589,0.0174116231481435,0.025316968814484427,0.004111496358810564,0.00873217494033415,0.00871676505220405,-0.001751387617809469,0.0013930948138787468,0.0062516736339323494,0.0010330274369904655,0.004138014076596011,0.0,0.0,0.0,0.0,0.0,0.0,0.0,0.0,0.0,0.0
0.01458575385158317,0.0609845703761601,0.03684607732598879,-0.0030636235980193976,0.01564352725449487,0.0025806521134006757,0.005529023369008104,0.0029958855517231817,0.001152045826864684,0.001359050990934324,0.06841362871729204,0.09031954012284824,0.03144230554877055,0.005366132928958853,-0.0040458598602130845,-0.0009988056887897468,0.0009660341381087306,0.011168059839407978,0.006646123034412808,0.0008314752774395749,0.0,0.0,0.0,0.0,0.0,0.0,0.0,0.0,0.0,0.0
0.015607707582388497,0.0541715097859121,0.02249210336674433,-0.005821302750620695,0.014211671171921422,-0.0006181315007848212,0.038824382574217865,0.005215936400952588,0.0021366332195557887,-0.0009207037194943261,0.012901009145352946,0.04538732367319589,0.02052253788846437,-0.015288535405171553,0.008598482729426012,-0.0026376465294518114,0.0008932357486609806,0.004505594369975996,0.0023266378487326474,0.013795393615570119,0.0,0.0,0.0,0.0,0.0,0.0,0.0,0.0,0.0,0.0
0.056815004727940356,-0.011897110973693888,0.046442571739423934,0.027205161736147895,0.015168504806140513,0.0037188954148102177,-0.0012321230884722615,0.004769567619762603,0.011719448542776062,0.03685793645055406,0.019130761066615504,0.014136264553955427,0.03141450804075671,0.07841789173319898,0.014976784084989899,0.013729702594766878,0.003288396185347969,0.009361886292159192,0.002052579400226387,-0.0023550338070344053,0.0,0.0,0.0,0.0,0.0,0.0,0.0,0.0,0.0,0.0
0.03340570899271184,0.07105346265242633,0.02051385510424458,-0.008993005511740029,0.05499381968348423,0.0008698733307923132,0.0008228046156995927,0.0003861545999396936,0.006544456401284714,-0.0008655195148012972,0.023657341057402432,0.05771682736602591,-0.004897439727664241,0.01279581698718793,0.036300169375595374,-0.00040787010463371186,-5.037224531071356e-05,0.010250486907594754,0.005822080313934717,-0.0011970531638032095,0.0,0.0,0.0,0.0,0.0,0.0,0.0,0.0,0.0,0.0
-0.002953762545170737,0.027142986451391946,-0.02648074523107399,-0.0083130691348959,0.0033936786841094247,-0.0032703237785732097,-0.005567644234721647,-0.003225356162436519,0.014771801690679235,-0.004834491040774854,0.007860113584772094,0.0037713144383146467,0.024423261376626135,0.05461948932945547,-0.013067273081949974,0.015644617205799436,0.005135480408463349,-0.013564991647796287,0.003821372481864858,0.0044151383262883296,0.0,0.0,0.0,0.0,0.0,0.0,0.0,0.0,0.0,0.0
0.03622094426609865,0.04602498237292609,0.010485593209103949,0.024910889617061158,0.029147560116716573,-0.002389100624757202,-0.001634148947870623,-0.0009719445631401647,0.0034549591359530024,0.0015012376970197365,0.03314571378450308,0.0680914639993426,0.01446800784198913,0.03276883405825409,0.0467097395762557,0.016553407676855928,0.00902649600535001,0.0063827463242325235,0.004014630914093839,0.0008095846603823948,0.0,0.0,0.0,0.0,0.0,0.0,0.0,0.0,0.0,0.0
0.03887103359762535,-0.023915533579041526,0.02725186972716533,0.02877676787499377,0.041995077320339455,0.043589706546931034,0.0016123385230810514,0.0017265049207394819,0.0035088994098848025,-0.00024763658859774707,0.02178568680193213,0.014430121319583511,0.013101307087054684,0.010925276547481693,0.055082119775682066,0.0009924058481492308,-0.00793153178003066,0.0250671022256741,0.002671775607772598,-0.000571694066049515,0.0,0.0,0.0,0.0,0.0,0.0,0.0,0.0,0.0,0.0
0.019340905073915973,0.025380801725986918,0.04040779006713705,0.07270957670810337,0.03231787285470674,-0.0005954361347940593,0.0008057955813988952,0.004962675576661266,0.006007524240490338,-0.0006387998723473943,0.020720653200573196,0.011405843800001108,0.04137668432924507,0.07070549760795157,0.020178460606189337,-0.0016001271099146792,0.004671920481679175,0.009082388559427132,0.0029818696833730503,0.0010819422357602985,0.0,0.0,0.0,0.0,0.0,0.0,0.0,0.0,0.0,0.0
0.024783577206947967,-0.0244312812447533,0.017754318002121683,0.04112372567336051,0.0686470751913191,-0.002220183122420522,0.006604797436971448,0.006705225891257441,0.0034401828189199925,-0.0002574693356641369,0.04320124017791434,-0.015337218320152314,0.006721770087648568,0.0231893178693767,0.08808627102459289,0.0013244499264193769,0.001794247966005994,0.01637436171098881,0.0004304936943313953,0.0007866944651843389,0.0,0.0,0.0,0.0,0.0,0.0,0.0,0.0,0.0,0.0
0.020144014495296767,0.04189214765085278,0.0029230012139511864,0.053784473539084346,4.9807585532926614e-06,-0.001880642996956599,-0.0006825834147111068,-0.00011438595217255246,0.0003568166766743767,0.01589342060658242,0.01869642650200952,0.017991836953384507,0.039513765193005396,0.03867162021740378,0.05188083901267444,0.011231139296694323,0.008492666230408738,0.008857544478719287,0.0030071126351504875,0.0030574040237658466,0.0,0.0,0.0,0.0,0.0,0.0,0.0,0.0,0.0,0.0
-0.0009456580208970062,0.02815658621380589,0.01652648222539556,0.04190783920616579,0.04797001234109956,0.0023718709970306086,0.0027067127703360263,0.007945990533806778,0.0018286602468797761,-0.002988404203080724,0.01702390928022689,0.000257178678764922,0.021778525210131475,0.0557163742538926,-0.003532597791169218,-0.0010459103772596406,0.001543764380476484,0.004562300892575611,0.011108414154143929,-0.0030014255318732935,0.0,0.0,0.0,0.0,0.0,0.0,0.0,0.0,0.0,0.0
0.012911393236037277,-0.028598169220491597,0.003853851772702098,0.013930019433904435,0.03578417293534893,-0.0016734035804214628,-0.00134835537796874,-0.0015772254651292084,0.0014788399499770864,-0.00027244180274455453,0.020157123632569284,0.014164651981370078,0.0021716155393985276,0.007862059581729468,0.06046251281875391,0.006186058474151825,-0.0007781981695316681,-0.03518264603140063,0.0027513737459826954,0.03143836366613356,0.0,0.0,0.0,0.0,0.0,0.0,0.0,0.0,0.0,0.0
0.030063035679131354,0.018931269550296025,0.026642563446951033,0.06668568849068615,0.0024885576165425355,0.03910831266778152,-0.003711467016940031,0.0237870251274548,0.002856625368953899,-0.0024944221779330073,-0.0015638270765299972,-0.006350391129831789,0.035432591244236075,0.06450959622361095,0.018429676590182898,7.91407262611111e-05,0.002309420041237876,0.009291506380556116,0.004770976648479684,-0.00015462610833987407,0.0,0.0,0.0,0.0,0.0,0.0,0.0,0.0,0.0,0.0
0.008885331498087146,-0.01694234761916268,0.011683204899606918,0.022953485211066323,0.016330827985582993,-0.001722081529459657,0.0015916279025578277,-0.001341003444259698,0.005526918400215691,-0.0030361825947510667,0.0047271094702771715,-0.013973830054945128,-0.012009378154151365,0.006797519082967038,0.01284202330262676,0.0016953011159352802,-0.0020893441682464436,0.006014512725459142,0.04996840916754006,0.0008194939234239969,0.0,0.0,0.0,0.0,0.0,0.0,0.0,0.0,0.0,0.0
0.03962432445510588,0.06538509247308928,0.02714387357379818,0.026876778190525984,0.044404582912241565,-0.00021358511986225767,0.004039970359028467,0.002064701679362011,0.0036836528579834533,0.0012250707274882137,0.020523987367387548,0.05401073232000207,0.006615339635299352,0.034968275420690635,0.06480146907806027,0.0017042812003020445,0.00644327394383334,0.008597796818653344,0.0045546571079756884,0.022267322119404933,0.0,0.0,0.0,0.0,0.0,0.0,0.0,0.0,0.0,0.0
0.022945023054306467,0.03700109080379002,0.010397751281704561,0.0317551407489295,0.0016091501070496323,-0.0011783772037138685,-0.00020939819733777637,0.0030256474803852986,0.0035856147967059278,0.00022428086185952506,0.026971935029773908,0.0070342454133701625,0.003211579502394611,0.017432546227235307,9.400866189325156e-05,0.0016302014147845329,0.0009111234557925717,0.00397734214184095,0.030681374898800726,0.0026213166408063575,0.0,0.0,0.0,0.0,0.0,0.0,0.0,0.0,0.0,0.0
0.05382657144816181,0.06541778472339782,0.03529268220440598,0.041870605265538596,0.04069390825768465,-0.0004400562663454526,0.018425790509899728,-0.000149552827878239,0.003428977620503901,0.0009663186493087752,0.047724291892407913,0.027024088028974713,0.01169247475576546,0.034557926851419646,0.035932029820210154,0.016148146894633238,0.00905930157975378,0.01779877342520145,0.004117091724316478,0.0003344425630109532,0.0,0.0,0.0,0.0,0.0,0.0,0.0,0.0,0.0,0.0
0.042825717202104735,0.03918829843078442,0.00620721462188769,-0.009994745576904393,0.05639309357162484,-0.001560072313485264,-0.001044862812847362,-0.0008383547268329974,0.0017831371938667442,0.00010913046742257659,0.01744148955491754,0.07862912924309985,0.06072888978574604,-0.013867412101065669,0.03792116019365352,0.024219379724565348,0.006652281820752239,0.010379051525760687,0.006543500916699027,0.0020055703986241375,0.0,0.0,0.0,0.0,0.0,0.0,0.0,0.0,0.0,0.0
0.01949733186880444,-0.02539438360190936,0.03685419189165145,-0.012614115498268672,0.0389117457901719,0.01669965355085636,-1.4167178802436348e-05,-0.000928152617841037,0.001959647615022109,0.03356361476092158,0.010661229978063281,-0.01908257901258893,0.005135806292703901,-0.029572870024013494,0.05833835771691586,-0.0008113610693818699,0.0014939964996305232,0.005255103699476774,-0.0008397797192991047,-0.002809431726564337,0.0,0.0,0.0,0.0,0.0,0.0,0.0,0.0,0.0,0.0
0.0015475686388012383,0.07152206835182066,0.026727298470070573,0.055097821680907814,0.04815096710568189,-0.00018982430879276957,0.007073298875435719,0.002919218809093034,0.004299433951508769,-0.0008715564615578127,0.013123770220640797,0.07135340381714113,0.004066074748544821,0.03533777608177254,0.05864199510135145,-0.00028507385021788383,0.004154087786466662,0.0159784783410802,0.003961992191314954,0.0020538739202054916,0.0,0.0,0.0,0.0,0.0,0.0,0.0,0.0,0.0,0.0
-0.025475863008552327,-0.0009718191830627615,0.02488285984555243,0.003821564850858528,0.08046654064943437,0.0012300894262776893,-0.0031381823717408002,7.622014799024958e-05,0.0034667772124022988,-0.004224403985947307,-0.007116079463867509,-0.008387926282927801,0.007658940488961365,-0.008564025809077171,-0.012960700035261641,-0.0030749476633114845,1.0175537870268962e-05,0.0029702059995648316,-0.009634310268040297,-0.002313518966752725,0.0,0.0,0.0,0.0,0.0,0.0,0.0,0.0,0.0,0.0
0.0317381567292381,0.03551222982011163,0.024682057019066277,0.001776450928054265,0.011533998818355394,-0.001194834424484838,0.00027098598268959876,-0.00033717252262177886,0.007710709164158738,0.0005795584636683715,0.014401196494732807,0.02867830443286422,-0.014783824980313234,0.026321487869638564,-0.000362187230263576,-0.002906531525388849,0.0023972975484017295,0.003685529722295249,0.0007471741406760696,-0.0017289893305087755,0.0,0.0,0.0,0.0,0.0,0.0,0.0,0.0,0.0,0.0
0.012452837090494596,0.04514795552936931,0.026294443079366358,0.05082634083946698,0.0463545287384709,-9.845772651162034e-05,0.004454408647211108,0.0036835439731302743,0.0030441231661314564,0.003323353114339172,0.03570560743031117,0.059681139011854074,0.017163092896602845,0.0437568436062237,0.045220866457224576,-0.001861040391010138,0.004096298152524657,0.015221819396376231,0.0045877058719470225,0.0024145523058558844,0.0,0.0,0.0,0.0,0.0,0.0,0.0,0.0,0.0,0.0
0.02113729110141466,0.05558328910217949,0.03469406918332037,0.000749650690197911,0.02018648892051006,0.0012572865721017872,0.009378807792261327,0.0037547363192777642,0.004269685110619197,-0.0005307930024215375,0.038744068128777696,0.07776151888769656,0.09178984018851236,-0.0015806100986343772,0.03482063910790772,0.0011017472925287037,0.005877319379284655,0.010630029514143092,0.004492204981826089,0.02077335628894736,0.0,0.0,0.0,0.0,0.0,0.0,0.0,0.0,0.0,0.0
-0.0023798283333269516,0.06437381276462227,0.014034897465076608,0.03752588360788093,0.010069741049595118,-0.00017056351964800368,-0.00024400470692833638,0.0010553852069794432,-0.004667997128240698,-0.0019047018494848177,0.02141422289288363,0.09068788458834168,0.050822949184630845,0.04060705265626724,0.01948522386711933,0.0012337687366112584,0.005137434444407159,0.009291693334584534,0.0022474489004232923,0.00010129395857558346,0.0,0.0,0.0,0.0,0.0,0.0,0.0,0.0,0.0,0.0
0.029300099982575028,-0.008227022742625021,0.035817282004805585,0.047102443731773656,0.08215562506627962,-0.002386359446478628,0.005429126059210648,0.0020239812208825603,0.0034836237344715044,0.0009957873904775628,0.04010688853119926,0.021769904597476967,0.004386871260472779,0.027265270659505556,0.028638404416026133,0.002864222447074449,0.004470965723418216,0.00688758786912791,0.003061103204379137,0.003321765240228446,0.0,0.0,0.0,0.0,0.0,0.0,0.0,0.0,0.0,0.0
0.05627572944730588,0.035473345903655494,0.020431497792266506,0.03424780301907672,0.020627631388720532,0.0004385907289177921,-0.0008210114039568856,0.000994966718552732,0.0023759318242420582,-0.0005681456011460457,0.03748594568322317,0.09027950608265486,0.02256650954818437,0.05755221237944346,0.010910961134692003,0.018443035932858662,0.003709338957853634,0.010339903302929665,0.003283099658862591,-0.0003252553779647412,0.0,0.0,0.0,0.0,0.0,0.0,0.0,0.0,0.0,0.0
0.019884977058951363,-0.020986403847081808,0.02549483092101904,0.0489671152830654,0.0007840079963043654,-0.0016052821243117007,0.01433922176235842,0.0008150793396712636,0.003027090515907706,0.03169502638189208,0.02397090148828997,-0.008821292320918522,0.0650884912559869,0.015953491332384457,0.0197907435064548,0.0027991739511555756,0.006810183364834829,0.0043656474028185895,-0.00023221215061678473,-0.0022501656577141086,0.0,0.0,0.0,0.0,0.0,0.0,0.0,0.0,0.0,0.0
0.003343952240878813,0.03515919949868711,0.022451870490876213,0.02530254894496911,0.01384037324872328,-0.003377403691850448,-0.004619165661510969,0.003208882174750117,-0.0050004431074777474,-0.005830602598741025,0.008051991315347498,0.016500959272984193,0.014212847705840616,0.027252438729160784,-0.003944695993000379,0.001944871938082281,0.0022076786050200517,0.005599727154670536,0.0008548113952083857,-0.002269216202164961,0.0,0.0,0.0,0.0,0.0,0.0,0.0,0.0,0.0,0.0
-0.02195301375043505,-0.027769981389722344,0.04746596943261272,0.016168983169541865,0.020498650651197707,-0.0031645726664998866,0.0007503423337249565,-0.0008419035030964217,0.0022151669519747423,-0.0003971378887975055,0.0014729785558125529,0.005189313090154003,0.05917081376418521,-0.014482281839469107,0.05383937453379622,0.00042544431417869985,-0.0029430932213097435,0.01579794790046543,-0.0005134436243942472,-0.0022079596935484923,0.0,0.0,0.0,0.0,0.0,0.0,0.0,0.0,0.0,0.0
0.03489452776330634,0.06373410317648265,0.010545599531177972,0.05855293848692855,0.055031920978244664,-0.0013693827414777188,0.0005570823139974532,0.004848407651055715,0.0038089838995984545,0.0003551222630264381,0.007116450117657541,0.054989084579410305,-0.0006426233956779087,0.042202414397812936,0.057004502529889395,-0.0029389818828569805,0.0060757859790425695,0.01165439671316986,0.0034795723357128787,0.0003916969549090231,0.0,0.0,0.0,0.0,0.0,0.0,0.0,0.0,0.0,0.0
9.179019287134948e-05,-0.0028805413766290556,0.03509011229271103,0.026858223022496436,0.052998023737356466,-0.002461277303191315,0.007794046309823276,0.003652947347906608,0.0028440262589743397,-0.0012471472459628901,0.003917482302164845,-0.015690834278461598,0.03657731071584561,0.014634943235173094,0.0716314493263575,-0.00033120994834676365,-0.0002578048207627223,0.015997102174067208,0.00019146355651187137,0.0013351755632756317,0.0,0.0,0.0,0.0,0.0,0.0,0.0,0.0,0.0,0.0
0.0493914830032527,-0.01048672335889875,-0.018719658025625363,0.017279281297233696,0.031206371507365917,-0.002700166553806141,0.0048305373807955125,0.002924538777981315,0.0031844112695964375,-0.00010632670170943223,0.03606878454205871,-0.00029955247853095734,0.011576113169394431,-0.007140875070671746,0.05378191903089476,-0.0010609193888295486,-0.014144694231054864,0.01846201791324226,-0.0001816400529028038,-0.00014330490941468204,0.0,0.0,0.0,0.0,0.0,0.0,0.0,0.0,0.0,0.0
-0.007457314299068028,0.06156238563471634,0.036191018324117155,-0.03590345541671107,0.0006575722074804759,0.0010072942208329053,-0.0024391422114463687,0.0025477738228857016,0.0002827789396989135,-0.0011104226122355045,0.01696689182965966,0.010570515416297764,0.02792604552253408,-0.023456196796686007,-0.0005047632690327173,-0.004197762731202525,0.0013785587510380048,0.008053692299304437,-0.0006955413291921611,-0.0026583311826200513,0.0,0.0,0.0,0.0,0.0,0.0,0.0,0.0,0.0,0.0
0.018333453498920505,0.028622317483749153,0.020956222840492658,0.06184143404655966,0.0311904664716218,0.0018239277856150077,0.00021797449710875757,0.0055374998488027845,0.003814585648140403,-0.0008432780335928633,0.05201988000458732,0.05961236852971084,0.01602573874950382,0.015093321379173592,0.0019451665793653867,0.000630922681049311,0.0009436299262266164,0.014328534551261285,0.006450880197511021,0.0013455787746441085,0.0,0.0,0.0,0.0,0.0,0.0,0.0,0.0,0.0,0.0
-0.00902373364009102,-0.03580499211254681,0.02187438272566511,0.05687580513303353,0.06343521538852298,-0.003100596047894048,0.00017970956315250635,0.0020649407074752667,0.005748300835167437,0.0015684375229611514,0.009981627323114967,0.015189176477002134,-0.001971605651259535,0.048628098526343436,0.06803386419171838,0.006005469128242923,0.00487208247260797,0.014876872515034223,-0.00016487771302792627,-0.0005465802248488848,0.0,0.0,0.0,0.0,0.0,0.0,0.0,0.0,0.0,0.0
0.017993943563934932,0.004578158708172237,-0.0025138450553193973,0.07041505006786104,0.012847433796653061,0.0009584172651556003,-0.0031663706972015412,0.004047577833780014,0.0033028782188919835,-0.0023678766026394094,0.039306644842671094,-0.004755718589846525,0.00493352615203885,0.06589697043347435,0.01652169760388309,0.0036832114658059746,0.0028273258442481847,-0.014301326470790778,0.001896073822527865,0.004200067012248584,0.0,0.0,0.0,0.0,0.0,0.0,0.0,0.0,0.0,0.0
0.043638037518213005,-0.0937805558980415,-0.0035369400343624206,-0.020499344659408062,-0.03775143758198017,-0.00386126653172305,0.02521329307999428,-0.0025863789648830297,0.00020051399682394395,-0.003600484572880366,0.01840747333495178,-0.01971983114971913,-0.013271945138128538,-0.028324216406285636,-0.016736776893398943,-0.005293726784422933,-0.002438012162651917,0.0028963088611727813,-0.0024692086899455123,-0.005868908304677295,0.0,0.0,0.0,0.0,0.0,0.0,0.0,0.0,0.0,0.0
-0.003011419233926056,0.05719460285359974,0.04088318203109663,0.05715819316333885,0.051146854626740366,-0.0011423791075130957,0.006965566048396707,0.0031909072545104377,0.003949321726153842,-0.00097518517291295,0.005388658690399918,0.02556805269262716,0.005873400044563115,0.04142036518649753,0.05997391358987083,-0.001739206186639662,0.003941555509236851,0.017325698996213622,0.002262676506289799,0.0018924863592231988,0.0,0.0,0.0,0.0,0.0,0.0,0.0,0.0,0.0,0.0
0.016875489920032228,0.008577617654457493,0.03452144955840842,0.03883638961631413,0.026434740044865023,-0.0011683294161815517,0.007178737008639575,0.00874863697757397,0.004590586000364035,0.031025337385469986,0.036771861471368086,0.02336249834008453,0.012648001077169034,0.020080531915057695,0.03524344742921253,0.0022459369441222266,0.003348992020498332,0.007178529642078018,0.002596525068460908,0.002206860557554124,0.0,0.0,0.0,0.0,0.0,0.0,0.0,0.0,0.0,0.0
0.03781926229544744,0.056383693937795486,0.03524140129749111,0.010843710257536448,0.05356023655578644,0.0017515640138270584,-7.526548774842732e-05,0.002401057512244852,0.0021762455948173744,-0.0013528834752914213,0.01780844082324032,0.08931759553751137,0.03333143143632669,0.046215862278942275,0.022191501084707806,-0.0015910895212349493,0.0031328627940651606,0.005846885026692256,0.0007795462677458951,-0.002060461109531029,0.0,0.0,0.0,0.0,0.0,0.0,0.0,0.0,0.0,0.0
0.015053031686065433,0.03872525173944893,0.03219758821556157,0.004865848407079134,0.021661335041456963,0.0019583402551660778,0.0019805531493523494,0.0020543535312667603,0.003716233568720911,-0.0019481507777096506,0.019519103717224144,0.07259172186787649,-0.0001928896282426303,0.037084586193198724,0.03809344249144265,0.0012274902420321187,0.0007195959073817823,0.006914830539891478,0.007712016852523876,-0.00021268587936464902,0.0,0.0,0.0,0.0,0.0,0.0,0.0,0.0,0.0,0.0
0.04214767852668766,-0.022433587387467133,0.034891810844472,0.0008205780784695996,0.0551705111291184,-0.0006296670421467763,0.0013641790344571904,-0.001253651678439807,0.00896429261065664,0.005844628167386203,0.02169054890402021,0.006425923982672846,-6.918831204211272e-05,0.01666837696612283,0.017354089008450608,0.031349479463088706,-0.011041166910547118,0.005546176304029322,-0.00046832078834004563,-0.002452065440197685,0.0,0.0,0.0,0.0,0.0,0.0,0.0,0.0,0.0,0.0
-0.02609924137330026,-0.05096112619353035,0.040012328639228344,0.006973107714893487,0.02494201803640545,-0.0026675466884109964,0.0004263048906989058,1.4268008329180481e-05,0.0077470067758010795,-0.001810143377333193,0.011700430374389462,0.032735187170933,0.02559695611501418,-0.004959224710750075,0.012243348233508651,-0.002274700648860863,-0.0035872033081087375,0.01399187619341757,-0.0007877530121376263,0.05806794637535967,0.0,0.0,0.0,0.0,0.0,0.0,0.0,0.0,0.0,0.0
0.0168888114262932,0.009373635664951268,0.04262534437841656,0.05906495572228191,0.050486571884094236,-0.0019012070354905589,-8.74254134153652e-05,0.0039196415680855115,0.0026739639497336113,0.0008470186436669313,0.02901048057307139,0.02497599285603461,0.028707122931052778,0.03930208160638444,0.05905099440733796,0.01705653850082546,0.010194396940048346,0.01330059944215722,0.00222311901306162,0.0010089600617776968,0.0,0.0,0.0,0.0,0.0,0.0,0.0,0.0,0.0,0.0
0.01131249563428005,0.01557983614979057,0.01007071479172105,0.012666053893810175,0.06389696122748718,-0.0003438590457317839,-0.006440309970973195,0.0009662453687520641,0.0061232738334372015,0.0034173237744577626,0.010159381347467996,-0.01897435148546574,-0.01384843837097027,-0.02587119886889764,0.01663787727216601,0.024003514817975215,0.0033453486189659403,0.007280308838038579,0.0007870447456459407,-0.002046625451586494,0.0,0.0,0.0,0.0,0.0,0.0,0.0,0.0,0.0,0.0
0.028925635169066235,-0.03832768918030023,0.04071580259858396,0.014679520942390532,0.03280138281809826,-0.0016359347892513712,0.007986138876555868,0.0014444750377504791,0.0031976308497199905,-0.00020734762461094048,0.0474230093334463,-0.006930845651629884,0.0845356366705423,-0.0001791488096353626,0.04056945420883725,0.003423524113494973,-0.004193641298414091,0.017809097723501505,0.001389188868408011,0.0002957072638171916,0.0,0.0,0.0,0.0,0.0,0.0,0.0,0.0,0.0,0.0
0.026120988961018676,0.0027315519389699678,-6.0619652057598024e-05,0.03921782570467651,0.028086186117779178,-0.0018213918435231458,-0.0012175129949922856,-0.0016309166122700199,0.01356482441153458,-0.0004360088818446942,0.011851541689336007,0.01918144792603719,-0.003309082096058704,0.028669809914270785,0.014089106983480496,0.02071309452427868,0.005711575496542583,-0.010010312713272383,0.020812796564581845,0.0014566916818835225,0.0,0.0,0.0,0.0,0.0,0.0,0.0,0.0,0.0,0.0
0.03714519608314995,-0.014891412856934287,0.027757440522958195,0.029299686116679716,0.011066791060925424,-0.0003748513623561558,0.012306230704118331,-0.00024642879961675284,0.0005379953303155437,0.01852179785293047,0.019060752410154216,-0.006728798416460906,0.027398322357143835,-0.020923060956832672,0.025942931737826056,0.028067499589431694,0.0026129111403791904,0.005260214403451089,0.018042389302697425,-0.001134009099589005,0.0,0.0,0.0,0.0,0.0,0.0,0.0,0.0,0.0,0.0
-0.022290127243838498,0.042598272674981244,0.01186819392073887,0.0018604875433966806,0.015220367342773917,-0.0009398259417982024,-0.004447867227156438,0.00033047471595121046,-0.02657225006121917,-0.004547888928880773,-0.021832032272304226,0.0052861070946225875,-0.01101709507565435,-0.016767190608301088,0.0028764713210768897,-0.0002478394153579655,0.0016876174993943384,0.002308237546656107,0.0014982825964398548,-0.0031507983611490328,0.0,0.0,0.0,0.0,0.0,0.0,0.0,0.0,0.0,0.0
0.03532942404240512,0.07790330793138128,0.026431272297683585,0.04379368020757119,0.043538575278086245,0.0005099999469676105,0.002332556173741437,0.0029638109408289346,0.00667800497862406,0.0019616308715182814,0.015078204940738457,0.05857808223883588,0.011645558621955997,0.048453789696828196,0.053410735597728895,0.0009570677685511973,0.007397319156102478,0.013540263855617974,0.00275412999051974,0.0004641825846849603,0.0,0.0,0.0,0.0,0.0,0.0,0.0,0.0,0.0,0.0
0.01736187815229075,-0.0012272443647284035,0.030753628702516935,0.027942300746641984,0.027373745680028604,-0.0012778212246498492,0.006454091818449208,0.00068659812679813,0.003699593912366979,0.058109761189264884,0.012939760830200122,-0.00383078672640994,0.001100643645923821,0.026519198352240324,0.06384791856389554,0.0051168152037781986,0.001940113160332097,0.010833718907884692,0.009082234792916722,0.004279770664328337,0.0,0.0,0.0,0.0,0.0,0.0,0.0,0.0,0.0,0.0
0.024522759421865912,0.037787569007471426,0.007784192040072987,0.05014392950225927,0.008984729144916034,0.010959527434619294,-0.0017343853285832487,0.0015843547141666807,0.006223893750547608,-0.001020115207881465,0.017166525335332625,0.06622993569735589,0.02994539845568711,0.060822879279823126,0.02740013790667101,-0.0010446001686433468,0.004840407274106991,0.0067003921034187175,0.00472721583512418,-0.0007209069827811944,0.0,0.0,0.0,0.0,0.0,0.0,0.0,0.0,0.0,0.0
0.025928068220487842,-0.03332314712815623,0.021080796508748983,0.009468223022358044,0.00898799271657341,0.03734491236397041,0.0023138897667791297,-0.0016122335087709273,0.0037997760640199056,-0.0011441862239751027,0.02651609121294063,0.02209470909157474,0.00311676861471357,-0.0030868641668929013,0.005149934735638247,0.0020472900166782007,0.018515500020049695,0.007604730699633811,-0.0003030106457205383,0.029222355739719565,0.0,0.0,0.0,0.0,0.0,0.0,0.0,0.0,0.0,0.0
0.014071503297357834,-0.0217007288958247,0.039180114846994255,0.0339442876212646,0.04247926641030814,-0.002660440998519587,-0.0008839089153126839,0.0007156336130875715,0.0019048611753475864,0.0006184968940791289,0.017187739553035764,0.01790236756437765,0.031242586610512667,-0.0037583357082034766,0.03773414198723611,0.019416702377709656,-0.01518698755310666,0.01998433882085286,0.003491366493431465,-0.0019614080742562105,0.0,0.0,0.0,0.0,0.0,0.0,0.0,0.0,0.0,0.0
0.029443026995501494,-0.007868433650636346,0.03363055384797567,0.016741054316317058,0.0007115254948789036,-0.002077700887626736,0.002970630466892818,0.0011621429172154424,0.0028679040381677672,-0.0008514086041391956,0.023176446198689554,-0.0051564663931773875,0.02648745992538392,-0.0035158409500213126,-0.008658124970873707,0.002102784062772391,0.003377075401674873,0.00957948677318269,0.058009897824601316,-0.0003463914480506805,0.0,0.0,0.0,0.0,0.0,0.0,0.0,0.0,0.0,0.0
0.03258742594993447,0.04594992311554975,0.03414820326272465,0.04643547258381131,0.03913118897629286,-0.0006687826821281727,0.005441141012831313,0.0016226868456639682,0.003281643127452638,0.0007167418343850294,0.022642249850635607,0.04370876167122701,0.07079986808771946,0.026499212499714382,0.048108736810083395,-0.0006268386004627645,0.006236903972570505,0.010864807086399328,0.0028863598791068856,0.0013455470092736813,0.0,0.0,0.0,0.0,0.0,0.0,0.0,0.0,0.0,0.0
0.038497948280372354,-0.008791725427983123,0.01636862634971791,0.016259948738473747,0.02753515993123227,-0.001609387954569578,0.004528079369060919,-0.0013314194770559656,0.006233849006255824,0.0026994708569214694,0.02409727969850901,-0.0044641757418558,-0.00812935083502845,-0.009220170137322629,0.006837547743801207,0.030355568724299856,0.02035351070659097,0.007260387481733905,0.012605857503357203,-0.0013654076961402907,0.0,0.0,0.0,0.0,0.0,0.0,0.0,0.0,0.0,0.0
0.04511214381953903,0.04189444668356164,0.02720250422044681,-0.006576994169336423,0.06772346539863662,-0.00035332856554250424,0.004184398968629287,0.0017577174244328433,0.003939699965777899,0.0007990493579887741,0.013248051279615673,0.05409428183084072,0.005844100457845013,-0.00536510700413402,0.08263897818735032,-0.0017255764847208374,0.003945209257943801,0.008292835480281553,0.004804740582681711,0.03726098042853317,0.0,0.0,0.0,0.0,0.0,0.0,0.0,0.0,0.0,0.0
-0.005427923253706855,0.05054949488830077,0.036173199350783974,0.04385270219118689,0.032005267578113054,0.0003211745179284139,-0.00015135650687866418,0.0031726251598114164,0.009935512585563671,-0.0019264870860257986,0.002800875024484109,0.02687902211146172,0.050203381698603715,0.03522855734394073,0.016517081863231482,-0.00036608676405964195,0.005335140346081999,0.007493171384725559,0.002240569175341427,5.470385156495858e-05,0.0,0.0,0.0,0.0,0.0,0.0,0.0,0.0,0.0,0.0
0.026730117893170736,0.08130077366549208,0.032473620413054134,0.03387204735741149,0.004702945373504673,0.00025065426801063967,0.0031478886846000452,0.002052352232537474,0.0034944630303026017,0.0009834172729928782,0.014748730491191828,0.046279699274319956,0.0978240764297131,0.028455700985696386,0.005219499894389216,0.009295078985137905,0.007189004204107066,0.008551060606066236,0.0021019890280309208,4.847703064117815e-05,0.0,0.0,0.0,0.0,0.0,0.0,0.0,0.0,0.0,0.0
-0.007519301057949319,-0.0070304856869906115,0.0406971566871019,0.05118652259495064,0.055567678376549606,-0.002705903626642544,0.003240186876923659,0.0029302175348885975,0.004372905792503983,-0.0006599352317580618,-0.001077743482145485,0.023034798002662518,0.0015206262253244706,0.04938022695554472,0.08478197196397197,0.0018249759174370746,0.021528378318243238,0.01353260510100061,-0.000133693699638008,0.0007246889832379635,0.0,0.0,0.0,0.0,0.0,0.0,0.0,0.0,0.0,0.0
0.0344887613461277,0.05940707161138402,0.009344104686665222,0.038883607965849026,0.02429661826827175,0.0003175032321353476,-0.00036741640296135164,0.004239458540467601,0.003551285395209181,0.03508722547033123,0.016564573703416855,0.07713209728128022,0.008493438768746728,0.006446376475841661,0.05050596218131892,0.0018051940621523833,0.003739845125763253,0.007812915525237654,0.005732839262360103,0.0012401346207741744,0.0,0.0,0.0,0.0,0.0,0.0,0.0,0.0,0.0,0.0
0.019412120752475052,-0.000697031386436876,-0.006944483297199731,0.014856410248537486,0.014368674554491024,-0.0004939931018859946,-0.002553905290249409,-0.0012442744786059783,0.0057081856440943666,-0.004043796118650408,0.020080452579783598,-0.02158930144428077,0.007198267656041734,0.008500583486219258,0.0010558182667220824,0.004004277338587067,0.002558529451483932,-0.01886042458212527,0.03388602814748385,0.010150117729411238,0.0,0.0,0.0,0.0,0.0,0.0,0.0,0.0,0.0,0.0
0.031870393672866607,-0.03685993306251774,0.013449153641942518,0.03754608508224336,0.06923570895068862,-0.0021616012764864596,0.007358244652183694,0.005969828905053382,0.004463793158503812,-0.00024216165478190577,0.027586519779412177,-0.016067686026247627,0.0031302134282745453,0.023531761503566142,0.09956971480512254,0.001280434778400854,0.0005969771764211002,0.018112272091448355,0.0003262393160604205,2.5638198216647808e-05,0.0,0.0,0.0,0.0,0.0,0.0,0.0,0.0,0.0,0.0
0.012712208581592506,0.04681543018889512,0.039310155855446845,0.007579884293484004,0.012785101128219203,-0.0006636976587661164,0.0073687535671685235,0.0021602013827863205,0.003941451013986818,-0.002890338080663962,0.015595180684020825,0.008674226965048512,0.11094502430278817,0.0059006355778224405,-0.010372077777941231,0.0006551420621005111,0.003735869241159248,0.009766696943320708,-0.010285054613920394,0.014155779601544773,0.0,0.0,0.0,0.0,0.0,0.0,0.0,0.0,0.0,0.0
0.024304902682291667,0.014409824139646041,0.03084692927391273,0.037312898518046485,0.00221100239047951,0.0015308429925523434,0.008417860518711767,0.0005741929523781424,0.005424055455194964,-0.004241285073240699,0.026729470577610295,0.009384179783033113,0.1289439695742846,0.06418510596851307,-0.017080910808081554,0.002447517993365648,0.004949408958066949,0.010611446132302218,0.01782936835045004,0.0031314803074159103,0.0,0.0,0.0,0.0,0.0,0.0,0.0,0.0,0.0,0.0
0.006421567282426506,-0.044168273996152904,0.03269828592849329,0.05306910938146979,0.05937868103821066,-0.002581539569707236,0.0023047599447403645,0.005860751721489782,0.005404346306829295,-0.0006857351416920493,0.004095276427572197,0.004688086853453349,0.005501142475707342,0.061061690867912126,0.08144686084135905,0.0001890210303878865,0.008544580634269959,0.01757919796827043,-0.0008675291054367369,-0.0012186837692312593,0.0,0.0,0.0,0.0,0.0,0.0,0.0,0.0,0.0,0.0
-0.0031921726559672845,0.016740989579739997,0.030202957245976995,0.036095050459111544,0.02024773030035479,0.00010287937249689322,0.0026484471909928677,-0.00012003577223242736,0.0041887069724906535,-0.0029074176816084574,0.008390747885089478,0.03223292007924131,0.07230908654509871,0.0679405451873314,0.01732788363780119,0.00023841419636341026,0.009189451247190138,0.012331486255861123,0.01059317131938488,-0.0008392442443474099,0.0,0.0,0.0,0.0,0.0,0.0,0.0,0.0,0.0,0.0
0.010682230021698687,0.09607359335125491,0.0521708252042215,-0.028786014413583857,-0.00046488402798335575,0.004313292628455211,0.008119062185223016,-0.00010961696043717767,0.002507858830485306,7.495049282503125e-05,0.015572713473099537,0.023048397126464993,0.01190739918149334,-0.026198103487516947,-0.010360777310312526,-0.004283199534336636,-0.001298937633105019,0.009368067128091566,0.0010293216493741225,0.0022504151132358924,0.0,0.0,0.0,0.0,0.0,0.0,0.0,0.0,0.0,0.0
0.030881045444574554,0.028318473903010392,0.04172054229188071,0.08133771672483239,-0.0021640371272862117,0.0028895886731752935,0.0014626191111457314,0.008431026924664006,0.00045405821539802203,-0.0015984435935281083,0.03558291359940487,0.012615770311715561,0.019879251442632473,0.006970908912994836,0.022609258093882784,0.0008063474631991804,-0.000732313713244048,0.011819358026898062,0.001993758054665483,0.0006080082287711056,0.0,0.0,0.0,0.0,0.0,0.0,0.0,0.0,0.0,0.0
-0.009650529200090682,0.01753158458669441,0.033148678598390414,0.049303389300771015,0.012429827201295922,0.0018618655283226017,0.00109593986348076,-0.0006131186746783632,0.006925088383087082,-0.0034002508241934883,0.004495789693857181,0.01731143750806409,0.07641171181369291,0.03844554894716909,0.03846643160440475,0.0016733582264071355,0.005147145617526639,0.005741455782396492,0.01675437465476672,0.016810896849087653,0.0,0.0,0.0,0.0,0.0,0.0,0.0,0.0,0.0,0.0
0.030583831823697206,0.06948291398913291,0.02209223246286133,-0.0034400239159904675,-0.016658313532565694,0.00040444898886113893,0.0031576769077703635,0.0019299325896911476,0.0014709254407998167,-0.0029603945808614847,0.03671915259699766,-0.012130573352462926,0.0036297652056281175,-0.02437360354714263,-0.016442205556730018,-0.0010658462165554778,-0.0011864072726064608,0.008307696984324535,0.0011773997510507541,-0.002808035507807188,0.0,0.0,0.0,0.0,0.0,0.0,0.0,0.0,0.0,0.0
0.03681585657282389,0.05797211004913928,-0.008121179622619792,0.06746766842259722,0.017740469709545573,0.0027390538677128113,-0.000955697035405729,0.00450624769256185,0.00463463166247007,0.0038923087236778483,0.02871419326082003,0.004071965060934867,0.014767246723391542,0.06757950548876564,0.02449148657664028,0.003283257019517659,0.006890080849974743,-0.009179219229373913,0.001344843594627478,6.676773256979856e-05,0.0,0.0,0.0,0.0,0.0,0.0,0.0,0.0,0.0,0.0
0.03514881905737283,0.024691040840199078,-0.013829924502528684,0.0787649168739848,0.014474612615334576,-0.0010060720774952045,0.003671139124506373,0.0015341917542726496,0.00542833635954655,-0.0028349081936947817,0.048998498205769785,0.003202146403102194,0.026992940183307175,0.06848335898651622,0.029495401200634683,0.0034895929126651046,0.0035510066204510636,0.009291137159964186,0.0035007828380115625,0.0018436090985327017,0.0,0.0,0.0,0.0,0.0,0.0,0.0,0.0,0.0,0.0
0.022387621730840208,0.028233935915433547,-0.007140182616569732,-0.0013998454376758084,-0.02271607690991311,-0.0011293239744211098,-0.003944230789218417,0.002297342037787146,0.00046996689320757024,-0.00384584302431354,0.019906468877102707,-0.0001274895108191756,0.024536623874001615,-0.011399213221883978,-0.03316697049399262,0.000781046980937032,0.0045682540590976815,-0.003304894880401293,0.0017723968965389395,0.0019420107146339775,0.0,0.0,0.0,0.0,0.0,0.0,0.0,0.0,0.0,0.0
0.03610341891050656,-0.024369154508253155,0.036839805739038105,0.027420135700329838,0.04612572806355036,-0.0007147884393134732,0.005107366105589873,0.0006853333186110037,0.002131872988470419,0.038014057563956906,0.0247719060640712,-0.00013187122177219212,0.009238044304114613,-0.03463213269680791,0.08136650254763539,0.00424340433690629,0.0030072015059043346,0.005510953148404918,-0.0003563502210792647,-0.002888565654234912,0.0,0.0,0.0,0.0,0.0,0.0,0.0,0.0,0.0,0.0
-0.014546489159077169,0.06793946818272664,0.03001847251694891,0.035815968634554655,0.028723353205854972,-0.0035882702424437163,0.008037105675543927,0.001539667265609208,0.001580076754811464,-0.0001270325123815001,-0.005536374928975705,0.02707118610354416,0.001390679874520419,0.0035977241604763866,0.05639095228921879,-0.001736717260039404,0.001725439597992931,0.017441629546891563,0.00356706521129799,0.0007713552134238928,0.0,0.0,0.0,0.0,0.0,0.0,0.0,0.0,0.0,0.0
0.014695362547457947,0.03971658349942341,0.07832172920097416,-0.022614308830014904,-0.0036220471883662234,-0.0005342288247744922,0.0022736782656370956,0.004624544335646826,0.0007761639923479457,0.006447615475628852,0.010729792751596105,0.007853300399562441,0.023018969810645572,-0.007593664634466307,0.011594685425316024,0.0008485385793375184,0.001091088090862956,0.005624349040448199,0.002529961722712748,-0.0020605165396043374,0.0,0.0,0.0,0.0,0.0,0.0,0.0,0.0,0.0,0.0
0.04438466752092016,0.024934102979623486,0.01349827585208984,0.03984302609235029,0.04309231524885867,0.0009401292197316698,-0.0029577250193266553,-0.0016582789767258753,0.008516876796367442,-0.0036748627295556187,0.02252221068274485,0.0032519141195928836,0.03998088566108419,0.03484524297172027,0.024252063614599938,0.0027637275233667563,0.006609513059847987,0.012360013087048309,0.00418049211709314,0.001037007298941382,0.0,0.0,0.0,0.0,0.0,0.0,0.0,0.0,0.0,0.0
0.009022474182145378,0.0338059248799188,0.03303348710349866,0.01963242541444632,0.039044181736896444,-0.0006543088475031066,0.004721899720710042,0.00241220043565792,0.0028844748103804573,0.0009152194089929398,0.03566098654604798,0.05137440775705668,0.03990941992640025,0.010455044398672808,0.0432818750794231,0.0006328669268622787,0.003053519566224598,0.005686034859287269,0.00246751477513259,0.001381948440119027,0.0,0.0,0.0,0.0,0.0,0.0,0.0,0.0,0.0,0.0
0.009766914137826066,0.016791257592736877,0.011273368087396839,0.07567057915744954,0.017810580955566282,0.00015562016581183012,-0.0033628969104422812,-0.004114356150311151,0.0024274080926307597,0.00036372532665072385,0.04874822047919073,0.009015566424516022,0.020112047916152655,0.06662598674261694,0.00928770998181867,0.0004116270006726476,0.001642886546696783,0.01004330860798568,0.004491977044020404,0.0015600659213859398,0.0,0.0,0.0,0.0,0.0,0.0,0.0,0.0,0.0,0.0
0.025641151629218237,-0.03834696794313104,0.026302330597708035,0.04511563693063434,0.06343236825616595,-0.0020348553952434082,0.003280810852218798,0.004828796219699512,0.007193200802467664,0.0021133692706807325,0.025531714601819886,0.024023009166592932,0.013913656049128987,0.033702563144024936,0.06737384818928169,0.005890554036253723,0.005741538358684748,0.016248770242199048,-0.0006825361834651537,-0.0005473617045684208,0.0,0.0,0.0,0.0,0.0,0.0,0.0,0.0,0.0,0.0
0.028660999834472692,-0.0193892177447919,0.0059250769764406935,0.02944058073731226,-0.0009194000101187705,0.0036958189197315097,-0.0039785039938627,-0.0012983400589100902,0.0007156586268522645,0.030598322830892838,0.010819936954024806,0.0008107227264310189,0.011284520299896959,0.05061938822579971,0.08452244416126528,0.0018468696178959136,0.0006811859507950815,-0.0027121021559336884,0.012838985934919044,0.0014126653221718276,0.0,0.0,0.0,0.0,0.0,0.0,0.0,0.0,0.0,0.0
0.03298691542073073,0.055372187441016206,0.028823967630351596,0.051252745404221096,0.04215833447639539,0.033534335300486384,0.001739657110286207,0.01333354470884061,0.002552346694631925,0.0027492006717811683,0.03531663149267772,0.02431475502890132,0.024795351266449203,0.04703472416421644,0.05124703723757957,-0.0006643256269014669,0.005326651881365502,0.012490587835873335,0.002580828726972148,0.0017761202544952317,0.0,0.0,0.0,0.0,0.0,0.0,0.0,0.0,0.0,0.0
0.009223503127420558,0.05742673220585717,0.02248231007647239,0.058680731373659256,0.05268780374476952,0.00016386714600258691,0.004884242353139848,0.006281799210837585,0.002952481873995863,0.0007206720935617862,0.03142360647956723,0.07233207874756611,0.006170749968046029,0.02991200716047545,0.05828130600614713,-0.0007228224175465383,0.0033043785103916154,0.015701541352243862,0.0019399506878904978,0.002872745897935386,0.0,0.0,0.0,0.0,0.0,0.0,0.0,0.0,0.0,0.0
0.03847751804533963,0.027611006539727957,-0.0110528107348122,0.06463174382045139,-0.0005618974067907051,0.00014287631381510073,0.03238191688850195,0.00182496945580373,0.0007699156308890493,-0.0015229147477846391,0.02717060917027378,0.04393732811387726,0.02065029661761838,0.06878720882910133,0.02471142655616872,0.00042948861248376396,0.003507251684599892,-0.0010702621324995964,0.005198227519441905,0.0026976983441641005,0.0,0.0,0.0,0.0,0.0,0.0,0.0,0.0,0.0,0.0
0.01953791065690247,-0.025771181946181037,0.029210765574475408,0.00293767911993396,0.005944776179033559,-0.0002570435576616833,0.006951072312379739,0.002662424592513288,0.0014384139730332537,-0.005175816658870141,0.025817618670811546,-0.007845373952686578,0.11251219519579334,0.023318159477464795,-0.013521430243468429,0.0030844774865567974,0.002746232760044948,0.009629290740020929,0.00022707300680005198,0.0014433820735564999,0.0,0.0,0.0,0.0,0.0,0.0,0.0,0.0,0.0,0.0
0.01673069121296998,-0.05097373045578359,0.037800323672961926,-0.021034090009369955,0.011043867115624963,-0.0034073941387010704,0.010016593393268831,0.0011895726046371586,0.0002942585403987977,-0.002678981744851979,0.01828758221711497,-0.02017080258328518,0.018460756930063525,-0.04153114736464435,-0.006768991632192695,-0.00039689370670468977,-0.0037227485633089022,0.006547670494488834,-0.0021002457883522035,-0.0015266363938016923,0.0,0.0,0.0,0.0,0.0,0.0,0.0,0.0,0.0,0.0
0.02218193196109432,-0.0472745008968491,-0.004404372181892162,0.06634084340660984,-0.0038255129346960216,-1.811770151306637e-05,0.019047554872034623,0.0005624317106304179,0.003304565127782193,-0.0048837089315506696,0.013568924380737833,-0.003014472115319821,-0.006398949920578219,0.08223082015219141,-0.005340195813831256,0.002965504496858017,0.0033195509117757305,-0.03122058998554894,0.0013203866091091275,-0.0009199876786316031,0.0,0.0,0.0,0.0,0.0,0.0,0.0,0.0,0.0,0.0
0.009231801956709917,0.04304874205737611,0.02630492479657582,0.05940943998224232,0.04685338791750736,-0.0005053489293001183,0.004616471978920238,0.0033918086965305304,0.0031344686398428008,0.0014446104251525456,0.03343371722624035,0.04929784966244861,0.005837693323259291,0.04554168175900619,0.0469548442784626,-0.002987319474567786,0.0041300549242694355,0.014996587170263859,0.004590943554756953,0.0027436012436813017,0.0,0.0,0.0,0.0,0.0,0.0,0.0,0.0,0.0,0.0
0.008962706657295559,0.05987517797144592,0.030528141010975174,0.042870290654910465,0.04324194144265138,-0.0018934533775069602,0.009400407784727394,0.003076086047812121,0.003402476653587785,0.0004080245774432221,0.027060799919564022,0.020198598948025524,0.037064908195798205,0.03200360657521636,0.04700908316740952,-0.0009608553616020755,0.004753415602190375,0.019523011655811252,0.0022928892766544374,-5.4746060028392475e-05,0.0,0.0,0.0,0.0,0.0,0.0,0.0,0.0,0.0,0.0
0.03669289846302934,0.06306403942250793,0.029310245416342067,-0.011783734607240439,0.01708813917877583,0.0006388272988576874,0.006906005988990947,-0.0007154349973708598,0.0026922994948257507,-0.00040244892102856116,0.03252482303570777,0.05330256212564803,0.12134615528302972,-0.024229748318836737,-0.006296805470834589,0.022728086514701203,0.005437160892927333,0.009774056714284064,0.002912906324536843,0.00773156328151715,0.0,0.0,0.0,0.0,0.0,0.0,0.0,0.0,0.0,0.0
0.04746444493053004,-0.0168796164587871,0.008493419891482312,0.0019211085411604937,0.04862145299693301,-0.0005752165850663688,-0.0015828172159233517,-0.0023455969918694526,0.005461537504277816,-0.0010952656572192163,0.012174522255353603,-0.019503185599236257,-0.005744468405219205,-0.013889778227027482,0.03212989448900039,0.003549305477975693,0.0021758520853505485,0.007540938758333453,-0.0012471360187387053,-0.002947798650941452,0.0,0.0,0.0,0.0,0.0,0.0,0.0,0.0,0.0,0.0
-0.011965853924749687,0.040987014348884146,0.0440075922469748,-0.01728224565574195,-0.01998179653029145,-0.002916175838852177,-0.0027249979103423174,-0.0012274660231961102,-0.004201005045846526,-0.0035461294203326336,0.004006436191874365,0.10665444546382384,0.025757076171614508,0.010665610206902968,0.018612193958106923,-0.0017015834315358296,0.0035922719064834536,0.0012843180526181134,0.001753434238396644,0.0019484581155807042,0.0,0.0,0.0,0.0,0.0,0.0,0.0,0.0,0.0,0.0
0.01537833903076038,0.027093434759993103,-0.0011474024118683752,0.013060676131481194,0.00576555438376482,0.0007584559363525456,-0.0012750234322607842,6.289562665137493e-05,0.0037853888845529745,-0.003513477947389852,0.024409117287568137,0.07400546329526697,0.03697201699895433,0.017816710113264172,0.027103215720442594,0.006104523472041528,0.004823360031840723,-0.010258553971574625,0.001924176778754666,0.011514617549253777,0.0,0.0,0.0,0.0,0.0,0.0,0.0,0.0,0.0,0.0
0.0009326563770448385,0.05164520159724532,-0.013292015488834505,0.04627321713375303,0.04491080319082228,-0.0024582881687264246,0.005186470767249439,0.000730068970787881,0.002742797910720736,0.0016079965461737965,0.018321125009525974,0.05666655464299124,0.011043062768641877,0.010353131367315617,0.05128043710419211,-0.0027384994297244432,0.002189893899630259,0.010454064444603596,0.0017159635171414404,0.0011569549598177563,0.0,0.0,0.0,0.0,0.0,0.0,0.0,0.0,0.0,0.0
0.01116409358514608,-0.042486266177731935,-0.004829951750869655,-0.002476232244755482,-0.019278793790037295,4.7454968492585605e-05,0.002224342273841958,-0.0008957432564060947,0.005850810741117692,0.0005481217413944136,0.032823301819645434,0.008320831463187607,-0.0008949857592055517,0.013428259295904209,-0.00694638607898088,0.015130005389574049,0.03590297672236139,-0.007336398599077495,-0.002746943294499872,-0.0028106056200867253,0.0,0.0,0.0,0.0,0.0,0.0,0.0,0.0,0.0,0.0
0.025875228310920956,-0.0004300388527321245,0.026053957616205697,0.0007540777628830255,0.05575716344910357,-0.0013981550909240887,0.0004273597989879306,0.00048325022826196365,0.012648039864047401,0.0009047786383206368,0.013170952492506806,-0.006173460283684038,-0.01708624153796826,0.021374627387669848,0.04425710722485502,0.01447304450652931,0.00039704966323447327,0.00742165111774367,0.02937879129799118,0.001955845057663636,0.0,0.0,0.0,0.0,0.0,0.0,0.0,0.0,0.0,0.0
0.02449766809141136,0.021356106232137278,0.04224189381265835,0.02096979363590674,0.042160756428261156,0.0008731230225051241,0.002654433419628448,0.000985499589407414,0.006057396676760905,-0.001550589934016795,0.02597597423010305,-0.000608859307791209,0.021414930031256905,-0.0036621786222884537,0.060944198641618784,0.001121333455478946,0.0018292222455585881,0.011518734247786787,0.004010771046299422,0.038513632272865014,0.0,0.0,0.0,0.0,0.0,0.0,0.0,0.0,0.0,0.0
-0.00782275985364329,0.05747026096985212,0.036062048042513596,0.03663297182040752,0.035508665357768865,-0.002917935252525324,0.022058951589469095,0.010235996438376669,0.001605030693473099,0.00047041458526482017,0.028184033458861942,0.021624550604899633,0.027902148651129048,0.05083941191601411,0.053510252735301245,-0.003538353296652873,0.008674992782496345,0.01606241825028092,0.0013368093459346397,0.0009907166212303566,0.0,0.0,0.0,0.0,0.0,0.0,0.0,0.0,0.0,0.0
0.06864428700926145,0.09327091710097005,-0.010562363904992244,0.03000589787409644,0.037171026433299816,8.148336501795284e-05,0.004712033534386679,0.0010787666081665838,0.0050531570725660885,0.0006434200642861425,0.033278242211690734,0.030057035555158478,0.006941243318120275,0.039456557064384626,0.04418784763413186,0.000698605976887351,0.011347700446269524,-0.03825232684050371,0.000464493048294384,0.0004435735488784572,0.0,0.0,0.0,0.0,0.0,0.0,0.0,0.0,0.0,0.0
0.03432105691858197,0.007328848402711976,0.025232427090787025,-0.0015460160542330721,0.022660589483434596,-0.0025550101702864693,0.004883531881559361,0.02311961373152479,0.0034609656261146053,-0.0010300398143877662,0.048284160500106345,0.01847090466636548,0.06554341072077662,-0.019800769678405033,0.03962464406528778,-0.0001205647243280911,0.03542026011954743,0.006476786845771211,-5.951007513158852e-05,0.0009013034828510201,0.0,0.0,0.0,0.0,0.0,0.0,0.0,0.0,0.0,0.0
0.01978395261364436,-0.006846016625663707,0.04151511959796428,0.005023548257600006,0.023814772179639145,-0.0005027311889914376,-0.0017750947996254336,-0.0007077981355055581,0.002940600645984896,-0.003305977610616749,0.015400125226308863,0.018430759871697743,0.0015782829367426991,0.0662228592620794,0.05905813908848012,0.006566179038860469,0.015945363127843983,0.011665797369906724,0.0035401119856258165,0.015373604278395204,0.0,0.0,0.0,0.0,0.0,0.0,0.0,0.0,0.0,0.0
0.04061521024085692,-0.058877659892701065,-0.00034041219131969057,0.00018374449004624328,0.02297714373822109,-0.005622611578453921,-0.0002008105432449805,0.021109801757075806,0.003374033782186409,0.00015042298382800153,0.0006392429136980226,0.01402136265534936,0.0212772095497517,-0.029315928599285387,0.01258325294435361,-0.003076646887990337,-0.011440919625158376,0.017581544060610414,0.00041112687997687657,-0.0023275095574292705,0.0,0.0,0.0,0.0,0.0,0.0,0.0,0.0,0.0,0.0
0.02297911455966475,0.09435673774569295,0.026715939043416938,0.0028215495800295604,0.012811942810243265,0.0016609766709241786,0.0032891879191183754,0.00368677919699173,0.004008110366346934,-0.0028166156468068405,0.027801920371324382,0.10181360597858759,0.01431807683633563,0.01648411479412313,-0.011898951858504252,0.0013840219780322258,-0.00041736263674160254,0.009394295952892446,0.003829347777154495,-0.00233216597837217,0.0,0.0,0.0,0.0,0.0,0.0,0.0,0.0,0.0,0.0
0.015995698702034572,0.02838759254074947,0.01591476183255064,0.03630252920305317,-0.0025832599772054633,-0.0029562274562151126,0.0033620260936352963,0.01925535838435388,0.0038159130166303358,0.0022773699015438335,0.02717426332677929,-0.005218671546416492,0.03180175280892969,0.028558227264456695,0.011571146441357255,0.0018337615172140094,-7.365380853251004e-05,0.009571962402691855,0.004664633015811368,0.0058973329145089685,0.0,0.0,0.0,0.0,0.0,0.0,0.0,0.0,0.0,0.0
-0.008973609043040471,-0.022225298805197167,0.016688162436800685,0.053034329675829196,0.018734384126758458,-0.001068288994478524,-0.0025299880891051633,0.0008983523345181832,0.006867835573098995,-0.0036824206603279304,0.012548530069318487,0.008638920898971305,0.026213751028722712,0.022469296934344272,0.023795682167707725,-0.0017639704836381036,-0.0001991040003806436,0.010311423867211997,0.0036089213966855114,0.01293692878174939,0.0,0.0,0.0,0.0,0.0,0.0,0.0,0.0,0.0,0.0
0.014096451693758718,0.0289182651575481,0.01825029809037576,0.05354623968103938,0.018652353720200802,-0.0014936136913536809,0.002358515739184689,0.003093135499462619,0.001637391174559289,0.02340641508318234,0.007712937874380146,0.04054371623282627,-0.0025902274486544912,0.07320238449995166,0.04003891371897565,-0.0002963618783660833,0.0021048046698282307,0.006926855859287213,0.005898714072868237,0.0002966494664939555,0.0,0.0,0.0,0.0,0.0,0.0,0.0,0.0,0.0,0.0
0.033972850286526794,0.013325269756931298,0.040892805561775394,-0.001356718899397096,0.04875703734295908,-0.00043787965811571873,0.003975246880268493,0.002333527817957226,0.003240047473303745,0.035105348602122055,0.03873482577121543,0.031035208551455144,0.01807340699916605,-0.015423666146048686,0.046481630984311344,0.0013044444030935283,0.014381872762041528,0.010686018342084916,0.001994018040930513,-0.000771455657032662,0.0,0.0,0.0,0.0,0.0,0.0,0.0,0.0,0.0,0.0
0.02120400718225828,0.04177263140994769,0.02293428046230432,0.025642746714962184,0.04815086845956064,-0.000796052962900289,0.006498157279143415,0.0029015766887640604,0.004302893224853691,-0.0026470558677638097,0.03871019713732858,0.024688762850846036,0.02434050640675305,0.0420700054568329,0.042533844288837844,0.0009902980249965703,0.01709334511274912,0.013766988166926,0.004171495546088369,0.00039210153788082707,0.0,0.0,0.0,0.0,0.0,0.0,0.0,0.0,0.0,0.0
0.07641249018869337,0.004547029286470036,0.0343093952878171,-0.0035563924564689523,0.025782811820910523,-0.0008187327121473134,0.006742058539534,0.0002335347893702852,0.005097876798007918,0.0027233346475805504,0.025330342492894474,0.027960831883598034,0.05134405200085412,-0.008371739941629888,0.020324435490394643,0.0037019343177616642,0.03686513882366096,0.008965291914321404,-0.0002815605147482191,0.025369124166949336,0.0,0.0,0.0,0.0,0.0,0.0,0.0,0.0,0.0,0.0
-0.0017082027055055728,0.050170420016881274,0.012215821064635386,-0.0131448588746797,0.022314597331580012,-0.0027633053236213317,0.01751354132113841,0.021314030985046164,0.0017044789912867575,-0.0007429676519666338,0.00773132839811328,0.028373319236487903,0.02166344217932833,-0.014776278323534469,0.037851211072331276,-0.004058156732616645,-0.0005385054149550463,0.00922285841331186,0.003291954774706113,-0.0019131316375962763,0.0,0.0,0.0,0.0,0.0,0.0,0.0,0.0,0.0,0.0
0.044768927158466414,0.020871424319038146,0.023865118461080515,0.05673169345742248,-0.03544513942121493,-0.0019917807873561203,-0.0027392544126067777,0.0021777983504422116,0.006977269130936523,-0.0032332685390207352,0.03289206467294987,-0.0015166090269103868,0.0036846910274580067,0.042122978117541406,0.002999567777298553,0.0029063185903569462,0.0038633132818240157,0.009054447030136463,0.0024717493498330107,0.0008425306778724123,0.0,0.0,0.0,0.0,0.0,0.0,0.0,0.0,0.0,0.0
0.009763246158932886,0.0046825170624175926,0.0054403112054418855,0.03203881069467919,0.0376712278620605,-0.0024361529594609604,-0.005948620524538102,0.0026466812965723592,0.001754241380213989,-0.001062947647957313,0.019714295269495283,-0.01688068123005422,0.021046085638319376,0.011383921733807787,0.057316035306337464,-0.002762340411311298,0.002856729185946216,0.023942579265812242,0.001444312833894698,0.0011113449997613763,0.0,0.0,0.0,0.0,0.0,0.0,0.0,0.0,0.0,0.0
0.017485333471074005,0.06352341921631058,-0.005575619350722923,0.020728453144072446,0.008630150486284667,-0.0014926349107899973,0.00046778068404217744,0.00400750445240178,0.0018611383403292312,0.021925556020228637,0.027846767323088037,0.0527147435813293,0.008257321828494306,0.008398828694236672,0.057245069117554094,0.003985070953055809,0.008163052825714336,-0.009475264812039922,0.005239617890026857,0.002367550260859365,0.0,0.0,0.0,0.0,0.0,0.0,0.0,0.0,0.0,0.0
0.020205869697111446,-0.02197691719187729,-0.009363583451296464,-0.0011644270562679354,0.00986128189709093,0.0006958159147007687,-0.0007571697322205493,-0.0003623652677744418,0.007852161583494752,-0.00040674193543655126,0.016388195107778503,-0.01004596550169391,0.0077746679506036365,0.011921429374578038,0.005563578463103321,0.012954106016504341,0.0013065214244245408,-0.019008024441838953,-0.0022249883350189997,0.05567718094448921,0.0,0.0,0.0,0.0,0.0,0.0,0.0,0.0,0.0,0.0
0.021469576006726256,0.030111154651207006,0.014960909652780623,0.01729433723787623,0.033974535937109356,0.002771704623069548,-0.0005846707425399426,0.015510088238062238,0.0023489350797844238,-0.0022543964882835335,0.010203763592597665,0.01722382151573661,0.0049634777656918745,0.04658845001120692,0.05066632884864935,-0.0003728186014456883,0.001730039644609409,0.002935687086527168,-0.0035830702366783946,-0.002236256702314933,0.0,0.0,0.0,0.0,0.0,0.0,0.0,0.0,0.0,0.0
0.013792316737712832,-0.02202050648783468,0.03908240690559661,0.04467737373635297,0.06438274869963743,-0.002926520022949334,0.003212593221281621,0.0029518827142512296,0.0054996980298423525,-0.000411920241127954,-0.004005137403451896,0.024378788485337755,0.03830253148144004,0.027812249234514908,0.06236200750143344,0.0008483356220950396,0.012769569253207876,0.012842093681759474,-0.0006727178822727488,0.0020128321936257777,0.0,0.0,0.0,0.0,0.0,0.0,0.0,0.0,0.0,0.0
0.01569539820244106,0.0008137840819531378,0.05523759792385336,0.04096437476456117,0.050687231404998215,-0.0034590874091946456,0.007818767251376164,0.0035223025328191956,0.0037990956535265993,-7.389076594036186e-05,0.01219809881772838,0.02877207650178707,0.019584343459396594,0.01923425828926915,0.07147000623318127,0.0004742648040357349,0.018986669458070125,0.01216019642274718,0.0014256486497374236,0.0026419161477265985,0.0,0.0,0.0,0.0,0.0,0.0,0.0,0.0,0.0,0.0
0.040921431745356125,0.03094120590728867,0.039810609577353565,0.016498347457400604,0.015754912000583703,0.000944225334838723,-0.0028641523232926726,0.001954642523317263,0.004080666256963389,0.0020495421366268415,0.024236117258569344,-0.009401995710137603,0.022701689445217502,-0.010709866506783117,0.007330817491392254,0.006813228264252734,0.0018745822822094024,0.010508785426308231,0.0021729033075110304,-0.0018960947546063046,0.0,0.0,0.0,0.0,0.0,0.0,0.0,0.0,0.0,0.0
0.03018477572636161,0.012614859217420718,0.009385986236291173,0.02328709844745341,0.04696312637763539,0.00048609812009078754,-0.0021296939063005353,-0.0009586690580260509,0.00612802960545437,-0.0007533500470784934,0.020824992184578926,-0.002367492869368233,0.04923862201127527,0.007127973676308243,0.03679167593441774,0.000787170329692003,0.004323582968531265,0.00743985661586514,4.4625236461214786e-05,0.001795140888346421,0.0,0.0,0.0,0.0,0.0,0.0,0.0,0.0,0.0,0.0
0.00024674530681462344,0.04499805535285165,0.022024848913977414,-0.008428247659229273,-0.014538458013522236,-0.0010563015034767448,0.07205248496601609,-0.0006412355873405235,-0.00012202740828936076,-0.0013004051204996009,-0.010485855027457705,0.05322391661111112,0.04799677999026796,0.004742156232884062,-0.002085162402012479,-0.0035033218138036497,0.004517262561397479,0.008687403185440942,0.004495412062253711,-0.0021024535270129487,0.0,0.0,0.0,0.0,0.0,0.0,0.0,0.0,0.0,0.0
0.026698031959647886,0.06949142907664284,-0.005574371688759488,0.021122928925727827,0.047887129069282296,-0.0009467401739621563,0.0006350043470207975,0.0006088296143521858,0.004156980469496687,0.0010353983371841164,0.019439734390098443,0.07326734612285182,0.03249694649842667,0.03958955174611548,0.02846384924489004,0.013003836733193636,0.006750622215358199,-0.002762201724527529,0.0022929682202027166,0.0010643237371291642,0.0,0.0,0.0,0.0,0.0,0.0,0.0,0.0,0.0,0.0
0.07708688958639831,-0.04042639330707723,-0.0012135024040045622,0.0019261199519443072,0.018260655245183277,-0.0001561229368084001,0.0017167959694457185,0.0011411368583903317,0.005259297348323049,-0.0011429031516639653,0.020263764666917046,-0.0017579336816370055,-0.008569073676837173,-0.013085707488301606,0.0017554628895493055,0.002594959821149053,-0.0003106059912147063,0.006041622152412331,-0.002993633759014995,-0.0026692309727790213,0.0,0.0,0.0,0.0,0.0,0.0,0.0,0.0,0.0,0.0
0.022631758513920033,0.03566661720725802,0.005727943386703258,-0.01625567736035776,0.01147684771875007,0.02776527838629114,0.025598834100352734,-0.0005005665044536656,-0.005633827374512878,-0.0046235734251942025,0.043560088249170216,0.008991632023869836,0.008130050626866937,0.019345412659667945,-0.004864130448408114,-0.0017240842714032383,0.0031585142959940043,0.006849633043357719,0.004692544075849089,-0.0012716977833495597,0.0,0.0,0.0,0.0,0.0,0.0,0.0,0.0,0.0,0.0
0.04790743378127597,0.0012387763987968135,0.019265022225698425,0.04227824082576435,0.059688189838788326,-0.0027918360069314908,-0.001423689563803633,0.01286706205502198,0.004131279629094542,-0.0002818021208983218,0.027213931917810436,0.010280443002907725,0.023144684181800292,0.061694041230559014,0.056053767732859715,0.012857116733668109,0.005346897710803865,0.01564476364862816,0.003663326420237117,-5.605252170982471e-05,0.0,0.0,0.0,0.0,0.0,0.0,0.0,0.0,0.0,0.0
0.046694281042802016,0.051011004277101944,0.012641842272793472,0.016715179351631304,0.027511455281417983,-0.0010320710147907947,-0.00042040549831839723,-0.0008517564445468564,0.008310415818469245,0.0007473284003447182,0.021662735331940373,0.04333200228204422,-0.00427978901075538,0.02033444858727008,0.034412395645262106,0.009726623902277671,0.002984930001357627,-0.008408480410753441,-0.019535650155730347,0.0021651074605540965,0.0,0.0,0.0,0.0,0.0,0.0,0.0,0.0,0.0,0.0
0.03239661908411472,0.044735829920347525,0.030376846598772978,0.04751819278393011,0.01543131673785188,0.021415500310545132,0.017933989651693825,0.003257883482893503,0.004467859777600245,0.025784637706000375,0.029543496781720604,0.024866544752007766,0.05312490671207706,0.07241946365986468,0.03422875141420839,0.001102601442036698,0.007192474728657259,0.009276155453001226,0.003054359495229478,0.0005941666278175043,0.0,0.0,0.0,0.0,0.0,0.0,0.0,0.0,0.0,0.0
0.03414489314207477,-0.026267421256415777,-0.024161396978649028,0.015965535831623575,0.031147886211520683,-0.004186477768107275,0.003992170984800183,0.002532686305108423,0.004856785243678751,-3.363005304988397e-05,0.010148171462008837,0.002180698155796843,-0.0043260381955385965,0.003215951455799497,0.05445098899518243,-0.000536662955345845,0.010808546574873231,-0.0614536997174698,-0.0026693546118283255,-0.0010880357056910926,0.0,0.0,0.0,0.0,0.0,0.0,0.0,0.0,0.0,0.0
0.019464257802478964,0.05430837542306363,0.012148040445157191,0.017962593155682827,0.04250072776168548,0.0013315493718650646,0.0021975530925319917,0.004420780631733658,0.0042518999224304115,-0.0013424802206059014,0.01430488860788958,0.08598544783521894,0.005116413764495295,0.005368968466759135,0.04157090187276023,-1.843149322635436e-05,0.004782241239136224,0.010369881716263926,0.00180961313224348,0.020432507805464017,0.0,0.0,0.0,0.0,0.0,0.0,0.0,0.0,0.0,0.0
0.04526119631603838,-0.06896735826986533,0.02208732960822525,0.015477498975641593,0.03699257907004617,-0.0031732209289428177,8.340477187728479e-05,9.680891601912486e-06,0.002395328615784168,0.00015461515725772207,0.029602466523538706,0.00331228546479259,0.014304047529565234,-0.019707598746218403,0.03883481649281501,0.01804479303591933,-0.014185794357112837,0.024867162177397047,0.0006095236231495628,-0.0022811588311398468,0.0,0.0,0.0,0.0,0.0,0.0,0.0,0.0,0.0,0.0
0.08501905536291414,-0.01780271094270073,0.04117570757646459,-0.009686547389821807,0.0236077518249223,-0.00042921506153816106,0.007190987318873708,0.0011791878230002007,0.0029627530246446867,0.0020266806838989326,0.0224462290105535,-0.001101360663667424,0.0604628288585208,-0.01224593399961371,0.008137927253545018,0.0014008868746848869,0.0021771811992987,0.007551484370057041,-0.0010005347158555038,0.0019469550958044273,0.0,0.0,0.0,0.0,0.0,0.0,0.0,0.0,0.0,0.0
0.032068517708575654,-0.030299421234247118,0.03145415157914542,0.0382476575466389,0.013948819367176866,0.0012523123370773571,0.005053324991902527,0.00366447221608559,0.010587250623567567,-0.0020239299404894127,0.055433351050492116,0.005382319019628288,0.08001901822491055,0.0722796651814276,0.016454483859026647,0.002238951843105574,-0.0004749995566064733,0.0118926274529118,0.0015580063442387972,0.0011540468458837454,0.0,0.0,0.0,0.0,0.0,0.0,0.0,0.0,0.0,0.0
0.026595353881861687,0.03615024088166146,0.01927594669895764,0.014428395151416855,0.021733747751986363,0.0009418806876132554,-0.0003062700018600427,0.00332456485919866,0.0028377215654137485,-0.0016570680200510553,0.04366047814988599,0.0827232403712889,0.013436684158805952,0.04307036602737864,0.032865224135004936,0.0019765720971211256,0.001455482474404714,0.00729004191276406,0.003746260848690223,0.00017273348883209842,0.0,0.0,0.0,0.0,0.0,0.0,0.0,0.0,0.0,0.0
0.011408038269506956,0.047486591643685364,0.03920103691248532,0.054177829881882536,0.040697719003644675,0.00023589290169800443,0.006509981894862142,0.003206058083808985,0.0024472773553189213,0.0001678466438377066,0.044268231564268255,0.03208881012162312,0.05152877313715152,0.04215647649895865,0.04448708838339587,-0.0011787714727234003,0.00425697276511249,0.015712426322198346,0.0012099995374827083,0.0037913369135942226,0.0,0.0,0.0,0.0,0.0,0.0,0.0,0.0,0.0,0.0
0.01959248846060984,0.04759796091364089,-0.016924961296331375,0.049441883923327885,0.05251838125928162,-0.002330473305274244,0.002985275080306779,0.00359863238221695,0.003813014714672417,0.0019934061537773963,0.014544113411554406,0.007346251387794534,-0.0005248722494248801,0.04794000328561186,0.07700029167842293,-0.0013883178178846496,0.006271963933196032,0.012418209579224293,0.0021520948675659594,0.0018452790981655313,0.0,0.0,0.0,0.0,0.0,0.0,0.0,0.0,0.0,0.0
0.007291350045717904,0.06173867314846005,-0.0030169830926768575,0.033630926224905405,0.04247034962477923,-0.0013416966724751945,0.007951392576530828,0.001635271284598587,0.003464901442052798,0.0019095325321083867,0.02728180477897399,0.004744925565824095,0.024434313128125183,0.04926018431179581,0.05463063186497933,-0.0011132775235966207,0.012615494822581693,0.009555427714753886,0.0013040545214638491,0.001443349161549957,0.0,0.0,0.0,0.0,0.0,0.0,0.0,0.0,0.0,0.0
0.044100139299591556,0.06190534814130533,0.0014310667389862914,-0.006820823798560591,-0.005320940575114854,0.00032174132594393315,-0.001223321112493433,0.0006135598617984368,0.0018560853941193799,-0.000620083956719591,0.02492923023237012,-0.015577427603039717,-0.011835143795498649,-0.013615987350947403,-0.0012975417957961904,-0.001473985813276689,0.0017503780240787988,-0.006178891331495326,0.002188806578825487,-0.000748720226225516,0.0,0.0,0.0,0.0,0.0,0.0,0.0,0.0,0.0,0.0
0.03757025259993169,-0.016462974043348497,0.004914847807901595,0.044269505016308365,0.01888066596301025,0.004854770536080644,0.0004894981778499655,0.0008719107375037137,-0.005149350509538859,-0.0038759303270833375,0.07695985501082746,-1.5721023249356698e-05,-0.01082868112866326,0.06813925654915147,0.028494012307967168,0.005876820334013656,0.0034609109117547604,-0.03536680427632357,0.00034668973091205084,0.0002920627453655013,0.0,0.0,0.0,0.0,0.0,0.0,0.0,0.0,0.0,0.0
0.05357863399061635,-0.04413179316385748,0.01788183192523319,0.04133496655190393,0.03294763112069017,-0.002849883663585708,0.006787504135386935,-0.0017620472595988308,0.0039372740407014285,0.0006378951628227328,0.020312919829534863,-0.023238661361729245,0.006399735565722626,-0.00029827835173886814,-0.009267425890824991,0.0011225207060245376,-0.003213426169901418,0.005611875926599843,0.0024454258392210496,0.00048489818715054565,0.0,0.0,0.0,0.0,0.0,0.0,0.0,0.0,0.0,0.0
0.04065746716346921,0.062505679689145,0.0342989297611518,0.05438175712853503,0.050949550147447925,0.0005713286708071194,0.002851387917327783,0.0008680314344007946,0.0052143143870295025,0.0025471981888971467,0.019609773575222065,0.022521816466579515,0.013478230475228762,0.048423342519610696,0.04593622302625125,-0.002909474125976831,0.005643383823825531,0.014967368305635146,0.0019942808514783936,0.0016006628867193816,0.0,0.0,0.0,0.0,0.0,0.0,0.0,0.0,0.0,0.0
0.023938962513141787,0.055987061685614965,-9.612995774210398e-05,-0.012846423283823918,0.0307093870094294,-0.000500644068625984,0.0007651169147449477,0.002454185090101922,0.0015797245766272653,-0.0024410228526839358,0.029227569099172544,0.09722785275618871,0.013535562295100683,-0.012949469725547955,0.046572892440742766,-0.0007133999389780868,0.0007644377236039703,-0.013072798626518703,0.001738422556329208,0.001840310913490582,0.0,0.0,0.0,0.0,0.0,0.0,0.0,0.0,0.0,0.0
0.004685857842659839,0.03365368289814459,0.02029293114703072,0.06183032928779861,0.05956983604877669,-0.0024778112501513488,-0.0017669686590127897,-0.0009348184557895299,0.002952545313043166,-0.0003634341796834229,0.002149327505310315,-0.007288387745782997,-0.00772838521417148,0.05640125439988059,0.05867934864067398,0.004408022907525818,0.008045286436752066,0.013019385144127978,0.0014011890086190893,-0.001117143900496747,0.0,0.0,0.0,0.0,0.0,0.0,0.0,0.0,0.0,0.0
0.009495884022206299,0.05326451406431768,0.03802065992054417,0.06842937900803338,0.049974154664393464,-0.0005863536129778302,0.005422417401178706,0.0018415964870101892,0.0012997142615942033,0.0008962709273931727,0.02426669945427001,-0.003968611112446262,0.02712382067605446,0.036797809978279514,0.05993129791178467,-0.0010470885736448999,0.002819589588586267,0.015057108769502302,0.0023414743212262913,0.004574265238503778,0.0,0.0,0.0,0.0,0.0,0.0,0.0,0.0,0.0,0.0
-0.005426159485466939,0.05974301348791863,0.025642681666646773,0.06060769557220136,0.015215283262102912,0.000687237145073825,-0.0012106153865209912,0.0068709915648152,0.00699535998420121,-0.0005409340541500891,0.024976910016722635,0.09951357723288466,0.03973311214149415,0.057543599098079726,0.015846811776826144,-0.001172929617869265,0.005941233846426953,0.0065565076584538275,0.0018318870687011478,-0.0006336658581691961,0.0,0.0,0.0,0.0,0.0,0.0,0.0,0.0,0.0,0.0
0.035006612464831735,-0.0263432160859903,0.03523464889082929,0.007100084603591644,0.06688240230132471,-0.0016941641973459603,0.004407637700358009,0.04088943716116972,0.0029695731585595003,-0.00027869272402439874,0.019421214021789677,0.0026160943880782508,0.06081808565259977,-0.023389608535168714,0.045164221869493176,-0.0005156010998202209,-0.0003447318775376102,0.006175372514685453,0.0018747658108222577,0.00026872333393758603,0.0,0.0,0.0,0.0,0.0,0.0,0.0,0.0,0.0,0.0
0.03567908335741976,-0.003005072691259953,-0.0010793034184617147,0.0026010358822846857,-0.005723729165888112,1.0379895026489761e-05,0.009754818836804707,-0.00038998549132281715,0.004555181402419,-0.002278660092230789,0.05099082202020689,0.015084923688562412,0.002192855981767837,-0.019976634738287945,-0.005741672065502818,0.0029030254446289123,0.04805294621602037,-0.010928140521977799,-6.813313908639609e-06,-0.0033115729884510073,0.0,0.0,0.0,0.0,0.0,0.0,0.0,0.0,0.0,0.0
0.023117677589004633,-0.0012571468272204029,-0.014753261261883761,0.04040854791095481,0.05524675638044385,-0.002842609501764006,0.006111268131792871,0.005580570431756901,0.004012189016383083,0.0003158899324884973,0.04126900368819092,0.029862230209918714,0.015673273431612143,0.026038608144061223,0.06919327708826754,0.0016664883303890874,0.0021075012697555134,0.017476670930633674,-0.0007652076174568427,0.0014288981831236723,0.0,0.0,0.0,0.0,0.0,0.0,0.0,0.0,0.0,0.0
0.015688786422591694,0.06000726649889123,0.011444069508081122,-0.0004622159613966565,0.03780259467129348,0.0003635668210230464,0.005736021115708514,0.005975880001198822,0.0013127700184928232,-0.0010559545277015342,0.02227516788217246,0.11374730240021141,0.02727033999285307,-0.0031771677979139136,0.01137300671432858,-0.002280286713996562,-0.000758788656294256,0.010396373001196176,0.0037312602677990582,0.011913847557009078,0.0,0.0,0.0,0.0,0.0,0.0,0.0,0.0,0.0,0.0
-0.016881879433072403,0.004899921587964657,-0.0002773732644703603,0.01763604952126198,0.0685087211632081,-0.0005778239391060437,-0.003222919136525233,-0.0026995817782766687,0.004196248735943568,-0.001151389032847597,0.019927121691588754,-0.009289746321957532,0.03257362078016558,0.010016624762626103,0.03701239311359819,0.00412120778590591,0.004932301799136101,-0.0017963628093405717,-0.0021506406337191615,0.002945102528288082,0.0,0.0,0.0,0.0,0.0,0.0,0.0,0.0,0.0,0.0
0.026850605098863042,-0.016145132650857087,-0.01335762992152093,0.00671905538795309,0.003433542234482912,-0.0046764691343055284,-0.00039287929860720684,0.0014479863560894857,0.0027513950273592163,-0.002765051102309681,0.02879380641108825,-0.015673365495818353,0.0030675634200664505,-0.009550613568628605,-0.00790481642834363,0.0004947244848593562,0.00023892176876802096,0.00678714254055178,-0.002220107781043741,0.01699194811180691,0.0,0.0,0.0,0.0,0.0,0.0,0.0,0.0,0.0,0.0
0.014664982589508348,-0.034118058748318116,0.03470105704346827,0.0506329530106893,-0.0030261758878211455,0.00023334474341768437,0.007267952270821376,-0.001053355600012334,0.010249467046166787,-0.0042678219627239845,0.018345500024030334,0.000851742449460333,0.06306605581341235,0.027287680160044795,0.0038817897655067262,0.00029778127428806107,-0.0011765435747630312,0.01012104156964359,0.023458435796668852,0.0073037693368832295,0.0,0.0,0.0,0.0,0.0,0.0,0.0,0.0,0.0,0.0
0.01690332011107292,-0.02689875036687478,0.006247497772777374,0.04293533815341234,0.06115319000083999,-0.0030153097758995437,0.002508074147855566,0.00417506962934116,0.006493855615097114,0.00012107868201105219,0.013171961157032343,0.01072405775442879,0.0010211452101557647,0.04885454043258102,0.0904326485375654,0.0026487368858467354,0.007411219381417983,0.014276867263356674,-0.0013931101628629366,0.00095016669121637,0.0,0.0,0.0,0.0,0.0,0.0,0.0,0.0,0.0,0.0
0.046121534853684344,0.05220899506066224,-0.013759872003533185,0.011585365488287439,0.014284276511306893,-0.00400708892126565,0.017528835778397263,0.00033770374622606446,0.001949532722964959,-0.0015726680240111337,0.03322145791085252,0.003288385697694412,-0.008521103857884165,-0.00720707692837696,0.02440589916395745,-0.0015956385882605008,0.013315211932445484,-0.07218260015618184,0.00043574404968005733,-0.001115297316273987,0.0,0.0,0.0,0.0,0.0,0.0,0.0,0.0,0.0,0.0
0.050155053038460636,0.042631077470177504,-0.005810112570364333,0.05005123752187978,0.010736679785882398,0.022863594505025404,-0.0005851259547637138,0.018662209488728765,0.0028117878543448423,0.0011628596844356432,0.010711366434119974,0.0076240214071637506,0.02092471417436922,0.046724238305408915,0.032713426213754414,0.00045321142375154825,0.00456742467811377,0.007139727011861486,0.002225953130472006,0.020540495612726313,0.0,0.0,0.0,0.0,0.0,0.0,0.0,0.0,0.0,0.0
0.004751151907515826,-0.024954429611638042,-0.007164800307371537,-0.0025265295000738435,-0.01448564373677772,-0.001109912599571348,0.00350796540294879,-0.000492531530001578,0.004942884708776877,-0.00038085080590291674,0.02946265085119461,0.010165708246057862,-0.00010186311028034663,-0.025550191089446124,-0.005872741365980184,0.0039498447528270525,0.0314928024667796,-0.0013737695068852588,-0.0036257747081483538,-0.004419562768612721,0.0,0.0,0.0,0.0,0.0,0.0,0.0,0.0,0.0,0.0
0.03774562901730295,0.04945774837870924,0.031145225163819228,-0.0009034591134103637,0.0332058492742411,-0.00045562101037762245,-0.0012050576991806607,0.019928652028368164,0.0013170601230187654,0.006168492872540201,0.017878667817329642,0.05848691260873337,0.038594169324574164,-0.010420286738255876,0.044383624755130614,0.012773539683199017,0.004405086361425437,0.007247020423796181,0.00449131268092846,-0.0005229688315203478,0.0,0.0,0.0,0.0,0.0,0.0,0.0,0.0,0.0,0.0
0.015995685678949767,0.02677865722481124,0.011960888631864333,0.024990985219155784,0.0012209797299003375,-0.0016399578638850785,0.0018808332501324694,0.0006194559180759673,0.004363905051398946,0.0013757239051068748,0.027101722273708093,0.07124011811618879,0.03517897910305216,0.006651534575934741,0.02401661833722553,-0.0013483269558969425,0.003114374518402252,0.0037057953718670506,0.01228012544994174,-0.0020152299803042994,0.0,0.0,0.0,0.0,0.0,0.0,0.0,0.0,0.0,0.0
0.007143572867226308,0.01617912951173443,-0.014252979817032814,0.05755386699981385,0.001064099244847045,-0.0010569879472311333,-0.006540277819599565,0.000725022912431793,-0.002066384971498515,-0.0042897840930360325,0.0033809952193359608,-0.012042889344505104,0.03735116797528636,0.040087200244038425,0.002950490587580793,0.009857928982516325,0.004091788892806698,0.0020981759893363263,0.0027044553624128317,-0.0012169936760921326,0.0,0.0,0.0,0.0,0.0,0.0,0.0,0.0,0.0,0.0
0.04753045840431251,-0.0032443325199374776,0.033762619953318675,0.013384530099872945,0.02524617786543191,-0.0007992021419654134,0.004677843877917438,1.0600876640715548e-05,0.009122510357267629,0.0011850421301149974,0.018726393986047446,-0.0027955639428747315,0.028060850628379052,0.008519505317920464,0.01366133411426959,0.0004353512075988195,0.0027009675720219718,0.009680242583354707,0.0009306653918371515,0.02714393914726122,0.0,0.0,0.0,0.0,0.0,0.0,0.0,0.0,0.0,0.0
-0.002835875116731048,0.04842368008867037,0.0341827984116914,0.08945975545128763,0.04039541771763516,0.0013422711467164265,-0.0014973514191379067,0.003594081203671419,0.00774858771747461,-0.0022206699697048023,0.006060444581883208,0.0030379651515589573,0.02291734007344826,0.06991258125268447,0.07288908653140572,0.001960658774456485,0.005778958272521123,0.004332345558667958,0.0030439132373960686,0.00019560845477571288,0.0,0.0,0.0,0.0,0.0,0.0,0.0,0.0,0.0,0.0
0.038256890562857554,-0.04139596476946727,0.028300842092077,0.018160615226271142,0.028224570260127816,0.05278135191990656,0.0016287273882915588,-7.563905242299297e-05,0.003442802067515337,5.8125612860678495e-06,0.03015694399556271,-0.005574365693942257,0.0180780792318433,-0.0003872265583337453,0.036484064156622587,0.0029367264770678654,-0.01599759393315182,0.020793611955511406,0.003381189107939348,-0.0004798398751907961,0.0,0.0,0.0,0.0,0.0,0.0,0.0,0.0,0.0,0.0
0.010714340190649365,-0.0001258007505572969,0.04101063297269392,0.0494341736882065,0.06072443788945368,-0.002382174755366383,0.008065060326778737,0.004044154588540564,0.004645385646601841,-0.0014345211649541055,0.005518366642520109,0.025326988570623057,0.008054339526570913,0.05236663948722123,0.0764818278888053,0.0019042328501696815,0.003964339105314711,0.014615928473513097,0.0015313954276247631,0.002583250841385406,0.0,0.0,0.0,0.0,0.0,0.0,0.0,0.0,0.0,0.0
0.019408278428176905,0.015522989761497127,-0.008098465709469977,-0.012656224758549299,-0.033124681782456686,-0.002167776777905252,-0.0049126104572231035,-0.001067802372473619,4.7999412578139214e-05,-0.0023563912766429856,0.01570643803625549,0.006684282580557039,0.04952449037775262,-0.014290479977676435,-0.03377165256869875,0.03464666614922367,0.00988349111452729,0.009524593658646581,0.0008495050951303543,-0.0006310518128779407,0.0,0.0,0.0,0.0,0.0,0.0,0.0,0.0,0.0,0.0
0.047522206367873396,0.032176557948194046,0.02855049737810685,0.023346527229009935,0.0217257907539553,0.005018725661278556,0.011011263196440812,0.0009576608253588836,0.0069117332819992475,-0.002089289222657444,0.060867935715745315,0.047849412526012,0.05236965701092833,0.017682038707975807,0.03606643724778265,0.000707897307962018,0.013488539150802194,0.011872444174311571,0.0042805559080874725,0.000987248046381959,0.0,0.0,0.0,0.0,0.0,0.0,0.0,0.0,0.0,0.0
0.009298611498112489,0.04051643220824857,0.029946175088218067,0.022745188908163086,0.03414028271922762,-3.387452180115277e-05,0.004793827728781165,0.002530344082653127,0.001866825501983533,-0.00027917497094875156,0.04754968155304739,0.05102567530128334,0.0382013118161837,0.02052881699861058,0.029913477216105964,-0.0008302107002894669,0.0031148676588101092,0.008033640559494737,0.0039030158159419886,0.0017566826585447065,0.0,0.0,0.0,0.0,0.0,0.0,0.0,0.0,0.0,0.0
0.03820478367261008,-0.02543257149759835,0.0342882849466086,-0.011427877393467508,0.03192108073923957,-0.0025863920839642707,0.003203266267892451,-0.00125759678576685,-0.02045523504058941,-0.0033164749993779136,0.021232000035714092,0.011438064048431848,0.09692106447768414,0.018806068502969342,0.013093843179693247,0.00353288913241791,-0.010439523257859483,0.00534861745823918,-0.00041608060182701676,-0.0002106983248407282,0.0,0.0,0.0,0.0,0.0,0.0,0.0,0.0,0.0,0.0
0.02232318395103196,-0.06479859075230032,0.02446471676744726,0.009893286268757512,-0.012446568175750882,-0.0030633132303492256,0.0020709428932876098,0.0005852239356715374,0.00629746891393144,0.002765537983658915,0.02364021557055076,0.009151618950906309,0.0020899374907351713,-0.003514058769837501,0.03361680830892745,0.018280658980802614,0.007331237245638533,0.0064099070198823695,-0.002258456054751904,-0.004118160177868163,0.0,0.0,0.0,0.0,0.0,0.0,0.0,0.0,0.0,0.0
0.03566793497735308,0.019785226965046983,-0.012471239299609641,0.011062000653670613,0.004185538518070378,-0.0008544496551615886,-0.0023222477262268572,-0.0012538503179427786,0.003397417556374459,-0.0014201654825291784,0.0197103856643891,0.010033102352617384,0.03599695629449564,0.01396676735103914,0.029627184636192034,0.006216901812318991,0.007482491528732778,0.0021391750185698866,0.006049706738120262,0.0017227595348508174,0.0,0.0,0.0,0.0,0.0,0.0,0.0,0.0,0.0,0.0
0.06895900225276466,0.06163186782178073,0.03320618950069896,-0.005805009836026997,0.029389174904780917,0.00020612332016217732,0.016398578530106636,-0.0003795986057382118,0.005441116650031324,-0.0002505389044187803,0.018917603810525947,0.06464498053293431,0.009495441620424178,-0.0104798366342822,0.011843735959376536,0.038003001643914444,0.0027056224557023005,0.007237296890274026,0.006565441481344695,0.0009914037260155475,0.0,0.0,0.0,0.0,0.0,0.0,0.0,0.0,0.0,0.0
-0.0038304455554705164,0.05469871883903398,0.03189775507215868,0.048355712551018115,0.04539550494571091,-0.0027418873620534395,0.0021812058447710884,0.007333052366298253,0.0022242906432170238,0.000969549481466341,0.01828532234809394,0.0009294556117728331,0.027013477118150088,0.06944210815543513,0.06356320941444293,-0.003251247416902133,0.0064204161710117455,0.012732555245760429,0.00017691541855456488,-5.695312382662265e-05,0.0,0.0,0.0,0.0,0.0,0.0,0.0,0.0,0.0,0.0
0.037546384013942946,0.047005135373518026,0.03027845711966887,0.009336307484399911,0.00996202898961098,0.0017316257741388913,0.0030462012658291787,0.001207829433845496,0.0035757128145811603,0.0014561879307716794,0.01470209133808997,0.020873961809762063,0.03177872737269069,0.010238841568448474,0.01043823197484562,0.0329046180394623,0.002359972886073383,0.008775128431650523,0.006007854475511603,0.0004962990235292791,0.0,0.0,0.0,0.0,0.0,0.0,0.0,0.0,0.0,0.0
-0.002322439596463992,0.07793142805631423,0.04058863905732821,-0.0017505060705313143,0.06366211831721819,0.001717174620745632,0.0018301809038517977,0.0012522372504783533,0.007595317797962087,-0.0018127032109632399,0.011064277322933188,0.03342760828887241,0.019072460466331157,-0.011201367636736839,0.019852566935558143,-0.0016657914204301109,0.0026236702159387944,0.0063780786659551215,0.0021971988575171008,-0.001718551701507287,0.0,0.0,0.0,0.0,0.0,0.0,0.0,0.0,0.0,0.0
0.026477234297933524,0.015884627227632776,-0.018876544838376027,0.013559292922480707,0.02383623050883765,0.004430734542122825,-0.0025919430983358696,0.0008889227108120325,0.0019683500794014206,-0.004006668230882383,0.030332565594840467,0.018401869372863915,0.0034635024693489623,0.031036594309393463,0.05124240312506235,0.014786612921643088,0.003139562211404104,-0.02574087348841008,0.003064722317738105,0.002424402164859746,0.0,0.0,0.0,0.0,0.0,0.0,0.0,0.0,0.0,0.0
0.02560634656453079,0.04034357690226858,0.0320216191767803,0.037355318229743875,0.03266932301121568,-0.00046580196708029075,0.004858776767567604,0.000785905968484039,0.005902049828176371,0.001147250315045367,0.009777498320706166,0.029623328352774727,0.06865978288880384,0.038395817976896736,0.047546975984173845,7.663337300175377e-05,0.007930969139364282,0.008393065651711565,0.0026537453713196594,0.00043941526488684273,0.0,0.0,0.0,0.0,0.0,0.0,0.0,0.0,0.0,0.0
-0.030002057969723547,-0.0037153119817004607,0.022893108830802072,-0.026126973833217052,-0.024049161428244006,-0.0029443035887895645,-0.0024522841969190946,-0.0016709006967316033,0.001913992582705014,-0.0025074027447025546,-0.009110315922038825,0.0029013182363010737,0.09217698784515328,0.008252626589678623,-0.00993807555036989,-0.002063131163050103,0.006880064761753602,0.005950653458463879,-0.0015103739300508282,-0.00432594272138803,0.0,0.0,0.0,0.0,0.0,0.0,0.0,0.0,0.0,0.0
-0.0017262895446465455,0.04315184704507659,0.018913558911253625,0.05980276021145797,-0.0074797831990678874,-0.002301908814835696,0.02341809905366237,0.005516661350572783,0.0031338473189129828,-0.00323962662781477,0.005744366459258835,0.033237901724915225,0.0014518259541013154,0.07114026578707945,0.0065544897311748075,-0.0006644425645160806,0.003741247924302411,0.006045476299163841,0.004654557068227044,0.0002089851272715161,0.0,0.0,0.0,0.0,0.0,0.0,0.0,0.0,0.0,0.0
0.027093600608328813,0.0032746834095824097,-0.017108534920754224,0.04104691121199729,0.05539417031895797,-0.0027474730534334086,0.0058651531161187645,0.005126935371029657,0.005028885927004808,-0.00011293205226664951,0.047136977883882006,0.013687264435694842,0.01130357253418123,0.02966893303845464,0.0728609021463011,0.0022312723085126944,0.03158886226948048,0.016304653720240748,-0.00040546611235053886,0.0033782208576857552,0.0,0.0,0.0,0.0,0.0,0.0,0.0,0.0,0.0,0.0
0.03606431133686327,0.03985668724734385,0.049608405223336,0.012860815342945583,0.058378900393967065,0.0011415209619260007,0.00012042709752849405,0.0005636500833092668,0.006695744473688505,-0.0018456403904309501,0.011285808770905258,0.07060580033477898,0.03395582749404675,0.032951061558007984,0.07428883023516766,0.004420316120176006,0.006249156321974963,0.012553818969050699,0.009540950324901551,0.019425205220884846,0.0,0.0,0.0,0.0,0.0,0.0,0.0,0.0,0.0,0.0
0.04109752090540896,-0.030663346261357843,0.03191543209893763,0.019470279908069328,0.046649145882413444,-0.0018856958290580982,0.002439102509324296,0.0021526451174326573,0.005469630025401216,0.0008359933682702508,0.03330350544709635,0.03623227188885291,0.014166792640852403,-0.005780767468938774,0.049251578454189024,0.01340034646543655,-0.007860004035559217,0.019551690274103164,0.0005643451135612304,-0.0015888693840646732,0.0,0.0,0.0,0.0,0.0,0.0,0.0,0.0,0.0,0.0
0.038033105121296616,0.04311084607954774,0.02037043477288607,0.06065246830527751,0.052874886332641854,-0.0011062476873407582,0.002843667158273492,0.001317365744513982,0.003999537636976517,0.0008323924081729557,0.021202185913600104,0.034728854491730535,-0.005318411564780752,0.04632482048330729,0.05391626236670868,2.9437266325864902e-05,0.005518206534380435,0.012317463930232123,0.004618325650340041,0.001415655879731455,0.0,0.0,0.0,0.0,0.0,0.0,0.0,0.0,0.0,0.0
-0.014984643753123682,0.0002954962657549735,0.002676765678728567,0.04748010617705338,-0.001753204500463323,-0.0042503876372713256,-0.0038399553549246885,0.021410751998093634,0.0014756770743480025,-0.005536335297564332,0.0048921977160855485,-0.020823906490558167,0.0028330951969451684,0.03462635484611223,0.0041035926079079285,0.0025781226318571885,0.0008979742311020344,0.005052700442699594,-0.0019756925710629676,-0.0030096450187288215,0.0,0.0,0.0,0.0,0.0,0.0,0.0,0.0,0.0,0.0
0.022884586282409122,0.02479799240105451,0.03665921894823297,-0.012135006430132727,-0.0044146974586689505,0.0005108561490850977,-0.0007777094837484531,-0.0016845650040588026,0.00544202552993231,-0.0005000275841586022,0.01526695495465979,0.034446964299148564,0.011504883494905598,0.013589474582777095,-0.008462092207843181,0.008149812565136161,0.0007249934746242242,0.007713969188796164,-0.004848903349324447,-0.00014713323245520372,0.0,0.0,0.0,0.0,0.0,0.0,0.0,0.0,0.0,0.0
-0.006221584630109711,0.017931254584833134,0.026255785133753148,-0.006608345736999503,-0.01605905637433691,-0.002848465196409998,0.01283667830296353,-0.0013467025710640582,0.006511399246380056,-0.0036568824235276897,0.006440867198546413,0.016377643627387452,-0.017752030541731943,0.003634357198643664,0.015544762234292386,-0.003239664764359915,0.001066903060769814,0.0016407035455801517,-0.010682682602725268,-0.0011033421715139667,0.0,0.0,0.0,0.0,0.0,0.0,0.0,0.0,0.0,0.0
0.03686542512363347,0.06518101731160589,-0.027933487492420053,0.030296049458508743,0.030237649403900366,-0.0016983614875640907,0.0007872001190951132,0.00024348059388742708,0.003667160528829587,-0.0005273393457221251,0.01816962400328801,0.014629063292608992,0.00475047845593774,0.03403870205457788,0.037696047324757835,-0.001458351002578589,0.005955638108143004,-0.07325391017092288,1.25508647813628e-05,0.0010629599760258012,0.0,0.0,0.0,0.0,0.0,0.0,0.0,0.0,0.0,0.0
0.027422393340508784,0.05577052465541462,0.03527519984388806,0.04322518466197191,-0.002214157632230368,-0.0004970462800740773,0.003131277381395775,0.0011583913921002704,0.0030172603946619346,0.0014077340486584402,0.00071707757459593,0.038806963760591014,0.10081916006124617,0.00867836208106539,-0.020784197908100696,-0.00019025958378738998,0.008055478661172311,0.006223610715069172,0.002496519786586561,0.001202120165638018,0.0,0.0,0.0,0.0,0.0,0.0,0.0,0.0,0.0,0.0
0.03277319320309789,-0.02674632995295636,0.030894157248840242,-0.037458707732908963,-0.008686509291274265,-0.00150877054216991,0.007409431162315448,0.0014107307062010007,0.0012315900879928572,-0.004949971540448262,0.06358115609120678,-0.01191280041570781,0.007822511124085269,-0.04268036651930996,-0.023930773697822053,-0.0005222357590413582,-0.002709968690270245,0.007181605308632089,-0.002161472232708975,-0.00031487143738031403,0.0,0.0,0.0,0.0,0.0,0.0,0.0,0.0,0.0,0.0
-0.001154987855872703,-0.007377775716218935,0.04491411470798646,0.04437679542038132,0.044832499825481265,-0.0019344774292689225,0.005079088155032105,0.0038776631265114714,0.005556156812387567,0.0004860536085881407,0.009276229680436732,0.023191690541966552,0.1046224821694103,0.04843485692919735,0.05978987781341206,0.0010185957035923527,0.00860353134302234,0.014051558501979878,-0.00019675759552754914,0.001274401377873322,0.0,0.0,0.0,0.0,0.0,0.0,0.0,0.0,0.0,0.0
0.045242247395773254,0.058893573717198,0.004841344050789679,-0.009937397129671979,0.0217157790760343,-0.0017468209917423424,0.0019212765278353908,0.0022795099663401324,0.0016706928702516094,0.0239552567968245,0.01518646510417268,0.09581113007013457,0.011170687897726,-0.02382122136656131,0.04977833598091175,0.0015563730294850101,0.0013970736220909597,-0.008310708987569146,0.001342453557122596,0.003357788028404231,0.0,0.0,0.0,0.0,0.0,0.0,0.0,0.0,0.0,0.0
-0.01233082690989156,0.004476251505335137,0.03228018820095705,0.022182704204125846,0.009509111391442447,-0.002974487128929108,0.0017387995543989077,0.00040859594871597567,0.0027293283747645476,0.0010409169307672083,0.012627159652730823,-0.039494394700154076,0.0025252763383126833,-0.025261711129694272,0.017641154004698182,-0.003064746232958969,0.0012868455266566094,0.003466549406609932,0.004511462884651166,0.003005661393009532,0.0,0.0,0.0,0.0,0.0,0.0,0.0,0.0,0.0,0.0
0.013039726897801458,-0.028144936299548482,0.022649440929658798,-0.00987588979632573,-0.004173023925738427,-0.0008228371309984974,0.002971718586168946,0.0005466931782880695,0.0017137041207578518,-0.00479553325059177,0.04879465323944173,-0.00848518489997604,0.011553143149753038,-0.0023308437985246743,-0.01979607345781394,-0.0005545137906059045,-0.005078245042337101,0.008316587714929529,-0.002066386956701036,-0.0012335173270218945,0.0,0.0,0.0,0.0,0.0,0.0,0.0,0.0,0.0,0.0
0.026387197366562917,0.05573082537542918,-0.006793842870993921,0.03414740368536868,0.028736478867047714,0.03971488075829634,0.000753061183102299,-9.670916415762487e-05,0.004007964460713551,-0.0015810826873915212,0.04760206968522072,0.011536535106628446,0.0027251484190757313,0.049504556799574044,0.0455386420380643,0.0010408461599435497,0.007520414482474961,-0.06386286816735003,0.003065211790513574,0.0007932279012552116,0.0,0.0,0.0,0.0,0.0,0.0,0.0,0.0,0.0,0.0
0.04316018025367094,0.04930848027608081,0.03084083319411166,0.04905010998348939,0.04919253045608494,-0.0008595733068960652,0.003283900647488062,0.0019970722972922094,0.0027103625386599725,0.0009866128194952748,0.02158568265014838,0.06894263822606973,0.009234608423795804,0.02388461804587642,0.05938222062176822,8.37300592976646e-05,0.00273117433266059,0.012724525599927558,0.004072780297838293,0.002003350812932539,0.0,0.0,0.0,0.0,0.0,0.0,0.0,0.0,0.0,0.0
0.02560540924419144,0.03447606358333336,0.025615117690007575,0.007782901735601158,0.011753018317694023,0.02456533517931827,0.0003905498277962903,0.01954321903201146,0.0008427963077132344,-0.0018370776900647869,0.012294332313767167,0.08461386152715018,0.041471215097974905,-0.012267846501303059,-0.0009688300185400789,-0.0003992715230860733,0.0003784648032010723,0.006752637225677393,0.00405033538667686,-0.000940634418749738,0.0,0.0,0.0,0.0,0.0,0.0,0.0,0.0,0.0,0.0
0.032529823170241286,-0.016789228140065903,0.030821164719313995,-0.01439226102798525,0.02773068560465689,-0.0003769274517048041,0.0031496366062573307,0.00027749796243583944,0.006768735999419161,-0.0007302359240387968,0.029641005268117214,-0.002115747540232106,-0.004704842083052811,-0.0030315949836882705,0.008065793578641636,0.0022866832517133536,-0.003267073591940873,0.009943644092362963,-0.0006512397075582351,0.05612296433323554,0.0,0.0,0.0,0.0,0.0,0.0,0.0,0.0,0.0,0.0
0.021055864292735867,-0.0014325213305637708,0.03206986186181579,0.0044975355779841774,0.024234323976006143,-0.0013003790667835506,0.0077644655137142065,0.004381793455389115,0.005431504016110624,1.981543992951743e-05,0.04246980769039176,0.03196948426552788,0.022765972014601336,-0.005617639894011776,0.009878623064633258,-0.0006511260846198936,0.052831614881195046,0.006428715785779238,0.003344199059642865,-0.00025128905902630357,0.0,0.0,0.0,0.0,0.0,0.0,0.0,0.0,0.0,0.0
0.025847805568604755,0.011918545453688131,0.0056445666842960445,0.017456704592650713,0.01857584917137788,0.005012309081468621,-0.0028996795113200215,-0.0009900575622458269,0.003346911047297843,-0.003685315666001197,0.03106246785089531,0.011282592574096374,0.009924967504749497,0.05010533124325264,-0.009706158376556263,-0.0006214745305880912,0.0009854450611592668,0.009633407743870856,-0.008689482311744573,0.03451686150142014,0.0,0.0,0.0,0.0,0.0,0.0,0.0,0.0,0.0,0.0
0.01967057068562358,0.04583691360773282,0.03660127372241422,0.05173848685309536,0.017814349802363617,0.0034360884036345957,0.003191890956705397,0.004963957619975558,0.005970948487083082,-0.0013909291981448965,0.008424331754974578,0.023418420244709547,0.07029284110263255,0.008454218242425118,0.012367182006980497,0.0023634025018671808,0.007629933081606393,0.0065506248621126075,0.001329982190643089,0.017856797567542985,0.0,0.0,0.0,0.0,0.0,0.0,0.0,0.0,0.0,0.0
0.06048886829770583,0.0531510491741878,0.03907070168288265,0.06973384915947431,0.0030895323507488144,0.00013193419798047763,-0.0017482323035381824,0.0013527140902565207,0.000944700087034622,0.0013550030861881797,0.03344129701021561,0.009471732063620184,0.036898408939362685,0.0412941653852918,0.012613933894974536,0.018567939664692557,0.00587647721547779,0.0114492494731317,0.0006708341684136197,0.0008674394822712376,0.0,0.0,0.0,0.0,0.0,0.0,0.0,0.0,0.0,0.0
0.02219996591370931,0.028151238978103784,0.025930509976758033,-0.00463544146767113,0.008904039211453026,-0.000976578024283873,0.0028114565507712614,0.03533486800363757,0.00929312267102947,-0.0036289886056103324,0.028555626033835785,0.08141132093281152,0.04042224866739997,0.047769985740772715,-0.007975117656265383,-0.001168083844454751,0.0003043599536228523,0.00841677974321497,0.004716584375331356,0.0028836999662064534,0.0,0.0,0.0,0.0,0.0,0.0,0.0,0.0,0.0,0.0
0.00933531136715592,-0.03227278278212223,0.00046264546264653244,0.04405867287857505,0.02983517054981423,-0.0003658021796048599,-0.002088052765891661,0.0002482823377524639,0.00743444660067026,-0.00555424583068255,0.008780788228508593,-0.0013311511007468618,0.0026605285429818644,0.0591358688331264,0.011654838448066755,0.00339427094363167,0.007985345796355708,-0.01347369255913728,0.0001568148981286675,-0.0013356605488571574,0.0,0.0,0.0,0.0,0.0,0.0,0.0,0.0,0.0,0.0
0.02509951193344464,0.045093976237069976,0.027425956877924377,0.05274914715724676,0.048955177962650975,-0.0006227310345799588,0.005732891723523419,0.0022337339058991932,0.0020918962718745196,-0.00035222684068432725,0.020303415268483525,0.04892510517800081,0.02052153947735881,0.03687646036918749,0.04695296764359205,-0.0015930507732063945,0.003408860204349294,0.012400778276121847,0.004902714572521707,0.0015328651186800955,0.0,0.0,0.0,0.0,0.0,0.0,0.0,0.0,0.0,0.0
0.02294700317421735,0.05922200264796266,-0.004555029977580038,0.037272113149660696,0.02968700431643778,0.03017631961925113,0.004400805025876447,-0.0002094775733732474,0.0035688492978396547,-0.0009489056509799258,0.04900577004174407,0.02102553600397855,0.003586302684924565,0.038219410534470574,0.03959559025326141,0.000573710534151405,0.009761099226891065,-0.0479997272519269,0.0023780972260754206,0.001015123837489057,0.0,0.0,0.0,0.0,0.0,0.0,0.0,0.0,0.0,0.0
0.02027351743801631,0.06335848386467155,0.03774928921629365,0.011064207383100213,0.03729850312402257,-0.0004903591281268902,-0.00124284720876848,-0.0006467314772350827,0.003838209228256775,0.003770871099093257,0.016152073463352172,0.08295505656622264,0.004350331758644084,0.00546173936427785,0.013922482289882536,0.013307445567711218,0.007213101860172182,0.006126300375147081,0.006684463143269455,-0.0024245408076305247,0.0,0.0,0.0,0.0,0.0,0.0,0.0,0.0,0.0,0.0
0.03060421664944283,-0.03555360685724253,0.033143208535313065,-0.03139719297170555,-0.009976084486617286,-0.000149072438129513,0.010610876927604864,-0.0018013033236687042,0.003365739895735686,-0.002926135422758871,0.03683958089595074,0.01049550440860623,-0.007471097443354565,-0.024952557680047612,-0.011508241620571064,0.0002728768065362826,-0.011770667264265807,0.009273996768524563,-0.001179985601721699,-0.005303462758981111,0.0,0.0,0.0,0.0,0.0,0.0,0.0,0.0,0.0,0.0
0.02251116322693989,0.04859204165777246,0.030993767102234053,0.0094613995299196,0.026853583590222326,0.0018723734449955644,0.00068671546534501,-0.00246273227190882,0.011995196351112488,0.004489826756299306,0.02188678394779606,0.020866129944046158,0.01278996371574443,0.019253155216470443,0.01095533814243114,0.0009099656783898265,0.0012672499452912828,0.00959701053472967,0.004422837874432891,0.001779827268105232,0.0,0.0,0.0,0.0,0.0,0.0,0.0,0.0,0.0,0.0
0.012301675904612905,-0.03175919568610461,0.02228640338133074,-0.017746409777242178,0.030008458313552297,-0.00126581412446079,-0.010996875122159064,-0.00027320851109672423,0.0007221415310959736,-0.002943294012433451,0.057240254030448204,-0.020525923885729446,0.025998292934877175,-0.02847035551284661,0.037150468046783826,-0.0015013696017507914,-0.002100253257420634,0.005516462915470472,0.0019722643136894594,-0.000723096420164484,0.0,0.0,0.0,0.0,0.0,0.0,0.0,0.0,0.0,0.0
0.0165369762915802,0.08607605651308783,0.04761749293624815,0.0057225686628020085,0.049096581031320356,0.0018060609983820526,0.0017543776198111428,0.0041608789736349485,0.00847121945487844,0.0034480280918353047,0.031353200776507134,0.030246509192954463,0.03324783852359378,0.012935063763869796,0.011872808425620308,-2.1633417143250858e-05,0.0006523656093820985,0.011814476214020937,0.0049164617567165215,0.0020142657012660378,0.0,0.0,0.0,0.0,0.0,0.0,0.0,0.0,0.0,0.0
-0.006902439239372616,0.03782651743810396,0.06757436284078576,0.03458978550235639,0.02982854075572067,0.00018091140312570926,0.009023351551789094,0.0007798939992262042,0.0029549779177805665,-0.0010500214421620118,0.0048515193652902515,-0.0019336138641861803,0.10955479157341888,0.021173177724581833,0.02873561293675055,-0.003132596719043086,0.00407983354589204,0.01653141000383895,0.0018020212513811782,0.0015521987678612165,0.0,0.0,0.0,0.0,0.0,0.0,0.0,0.0,0.0,0.0
0.040427568230817106,0.06370562734996521,0.030296540112024293,0.0008238361411263355,-0.010468038695586858,0.013038709789234776,0.05015183690912532,-6.882475297802554e-05,0.0007818481904337363,-0.0010934765035757789,0.026895078122534142,0.06961424333182083,0.033694204016736055,-0.023884817705423646,-0.0015645506763826225,0.00034459279888305775,0.0029353190600844917,0.010941778007529495,0.0026058182027336,-0.0004556948087337628,0.0,0.0,0.0,0.0,0.0,0.0,0.0,0.0,0.0,0.0
0.030624138891165414,-0.03682022644397061,-0.004644161521012035,0.036669530321457686,0.0486878620369281,-0.0043088391268389795,0.0009286548314678666,0.008284451656999843,0.0058865421938172156,0.001282977109680102,0.01774486048709815,-0.007701956804758517,0.02798561759344413,0.023079780099127548,0.06643877315832429,0.02030874598021197,0.007178774548582643,0.018608051744661333,-0.0011678774743868413,-0.0003441021616293083,0.0,0.0,0.0,0.0,0.0,0.0,0.0,0.0,0.0,0.0
0.040460092321582715,0.024714874735629916,0.03190906434113138,0.03821026780999676,0.034408975704079144,-0.0012441728748848306,0.0033485410498753994,0.003989747133784789,0.0033817967889539905,0.04176622989704814,0.05622086575435152,0.005844304847637492,0.0064314865806419244,0.05704422229580172,0.0307444052532373,0.005677864252165154,0.002772783875900982,0.008522443509954554,0.001744486714494976,0.005355559224166098,0.0,0.0,0.0,0.0,0.0,0.0,0.0,0.0,0.0,0.0
0.041549617423615966,0.027865977821339295,0.0394078984810609,0.05289052240985877,0.03824254590775757,0.02096729231272325,-0.002396836682246009,0.0004655968935741755,0.010314120410805056,-0.0009205506023156736,0.03375278928168155,0.00409993233124521,0.033217843815750575,0.056977739198121324,0.027903709830907824,-0.0009433480370030433,0.0043432475999890625,0.009188405058689062,0.003281734906153209,0.0010956008538400594,0.0,0.0,0.0,0.0,0.0,0.0,0.0,0.0,0.0,0.0
0.0005039844786244582,0.04157212234523277,0.02880826317058555,0.04902718194920473,0.03893623307999427,-0.0012452040508914338,0.0035487891210577624,0.0013949877261194596,0.0030712778082334397,0.0004382722739732965,0.0021904607331440402,0.09204228885279984,0.003614691093427487,0.016998711000680195,0.05771568201210224,-0.0013142499280648424,0.0025120576315845237,0.012448098797737905,0.002927617560365771,0.0018338524340529676,0.0,0.0,0.0,0.0,0.0,0.0,0.0,0.0,0.0,0.0
0.04109752090540896,-0.030663346261357843,0.03191543209893763,0.019470279908069328,0.046649145882413444,-0.0018856958290580982,0.002439102509324296,0.0021526451174326573,0.005469630025401216,0.0008359933682702508,0.03330350544709635,0.03623227188885291,0.014166792640852403,-0.005780767468938774,0.049251578454189024,0.01340034646543655,-0.007860004035559217,0.019551690274103164,0.0005643451135612304,-0.0015888693840646732,0.0,0.0,0.0,0.0,0.0,0.0,0.0,0.0,0.0,0.0
0.020607531162838234,0.007129453020965611,0.030228336650889698,0.006033618088629302,-0.00415536221581173,0.04379593379210881,-0.002600489141501007,0.025558375850678994,0.0005835935803829885,-0.003444470679016509,0.0261429904081523,-0.005937623832082707,0.03903050642335849,0.06436523335761914,-0.017731502411875336,-0.0021200976772126037,0.0032415519745756516,0.009363688076606267,0.000651880212145337,0.0009783982765612397,0.0,0.0,0.0,0.0,0.0,0.0,0.0,0.0,0.0,0.0
0.02358963694822641,0.01151058232375033,0.004349771862997097,0.047917330336185206,0.056183503512217375,0.03324808129995498,-0.0029978306918622883,0.0070062619897741036,0.0020465282442496827,-0.002264441332989528,0.02397889718800573,-0.006831224412875548,0.019404232994699275,0.06401060856169526,0.0034601117089809548,-0.00138644252943558,0.0008028228928724159,0.009010891144207937,0.0037505390616961597,0.0019317360180225159,0.0,0.0,0.0,0.0,0.0,0.0,0.0,0.0,0.0,0.0
0.062369229832886036,0.0018124930589773157,0.024800779034514484,0.03651037732064178,0.021976047790563506,5.6488126717180015e-05,-0.002095260622941218,0.01642851896859654,0.0010092049293842112,-0.002377967144370602,0.036300416502743106,0.002973569688052182,0.04905131545045092,0.06859075323101171,-0.004303589308066556,0.02551488550513387,0.004362001389167409,0.0083527824978415,0.00036912837335444104,0.023189450835795607,0.0,0.0,0.0,0.0,0.0,0.0,0.0,0.0,0.0,0.0
0.022166895451637195,0.04581572431835254,0.035156135112326105,0.07575606885893951,0.005963067497921752,-0.0006391485887203556,-0.0006073868737464209,0.003813657007892079,0.007209037077982897,-0.002865763677356643,0.0291452846261441,0.07593917580042461,0.0048865626500787475,0.07056849648991564,0.012511867863626867,-0.0012342200176134186,0.0039788812123330315,0.005651888014099589,0.006352234732529185,-0.0008468604363949853,0.0,0.0,0.0,0.0,0.0,0.0,0.0,0.0,0.0,0.0
0.029740559065846408,0.007081859463858113,0.023011021498684087,0.02053383664423463,0.016444416573751116,0.029781726700850285,0.0004280760842089136,0.00024171315687047544,0.006514139636940674,-0.002251768590951721,0.03466400460384971,-0.0013675466988530749,2.5786836820647356e-06,0.04122770399295745,0.044389261912169194,0.0051480002072899584,0.0032193899659393797,0.0077397577268210815,0.03871061874089866,0.0008519029237385654,0.0,0.0,0.0,0.0,0.0,0.0,0.0,0.0,0.0,0.0
0.014592110914258907,0.04503385703061842,-0.0083401483606755,0.02551345828804753,0.0252300757680642,-0.0009021388472215296,0.0034413264665252748,0.004566443604585055,0.0012784614922302993,0.013950181888914307,0.023164453405326853,0.11227697719194758,0.03295619878849539,-0.024573499280906883,0.019128430978752973,0.0009073658010183962,0.0024670182539924413,-0.008249361713031702,0.004293356786110862,0.004569270758496776,0.0,0.0,0.0,0.0,0.0,0.0,0.0,0.0,0.0,0.0
0.03999890271156129,0.002749757088395578,0.03540105425699087,-0.014690698186842197,0.06350412215140305,0.0014712778114161274,-0.0032031549873582626,-0.001511680469689858,0.0006985787218754581,-0.003971580261539312,0.010768522429994551,-0.0032003302088524778,0.032068665637864535,0.01694921132966276,-0.018660449291495206,0.025244692241680168,0.001970288537757507,0.005223998489685133,0.005945522522605482,0.0019648965952559745,0.0,0.0,0.0,0.0,0.0,0.0,0.0,0.0,0.0,0.0
0.03422924470387816,-0.02075797912536943,0.03974254346494469,0.05282450472055451,0.050465751818587104,-0.003378737020497576,0.00204242240622088,0.005449030291600735,0.005722369808019986,0.0016574079527696371,0.006472942367085237,0.029946142905559005,0.004190376082645038,0.0334077395454478,0.06238398867862287,0.0028439296999166743,0.005499073595774757,0.013543772527374655,-0.0007303612090714819,0.0003993295548237413,0.0,0.0,0.0,0.0,0.0,0.0,0.0,0.0,0.0,0.0
0.025413051173554666,0.06294131251563417,0.010215568764669704,0.052610183297566095,0.04210441192821362,0.027166331189246433,0.0012753392592212544,0.003355169340922593,0.0035371707092977126,-0.0006403930837489574,0.03868303662237767,0.057222927420383714,0.012661804120960605,0.05318561919265243,0.052158106779276736,0.0011817004437501561,0.006265426352208558,0.015922655562630426,0.0057756575237413715,0.0004348820768195315,0.0,0.0,0.0,0.0,0.0,0.0,0.0,0.0,0.0,0.0
0.018639776355446752,0.034577229107273684,0.0006746027155558326,0.05165049004991639,0.028539772795702075,-0.0003299636139549306,-0.0011209523763951554,0.0021792324453321268,0.007347028188872501,-0.0027328829930952305,0.0216065058981625,0.06010524471257859,-0.0028959807440826065,0.05509943328418644,0.061908937468718866,0.003951615419387774,0.007219732744023189,-0.016861637990169955,0.003961634857913462,0.00020177879499854159,0.0,0.0,0.0,0.0,0.0,0.0,0.0,0.0,0.0,0.0
0.019909728901005935,0.03367360407509034,0.011593842782498436,0.012501327468471154,0.022076349762390295,0.02512882692454605,-0.001775481669054662,0.0011524792147176999,0.004845135804156052,-0.0015523079976625597,0.03658354977211043,0.06256367156745088,0.012768898305689688,0.009169120446252095,0.029138962276907373,0.00095850054497961,0.009955431901043648,-0.007647179775954392,0.004826749136169802,0.0004326297747409,0.0,0.0,0.0,0.0,0.0,0.0,0.0,0.0,0.0,0.0
0.0271876969026133,-0.004900676093547686,0.011268232908294096,0.03780892237949752,0.014802079886638753,0.0024645829906956387,0.02803076131897056,1.3361045724536065e-05,0.0033153545081784737,-0.0021199250541349152,0.02245478554815102,0.007847251166649341,0.001964804120964756,0.030499498792565673,0.0149098677612724,0.0014908322660482775,0.0019626917291389583,-0.008587808104384692,-0.0013978054388609112,0.03555231351333739,0.0,0.0,0.0,0.0,0.0,0.0,0.0,0.0,0.0,0.0
0.026856789663423496,0.010119418717498392,0.027203020220148574,0.012289221236486434,0.015507434123904746,-0.0012037067190895708,0.006688640702290655,0.021338161189840492,0.0056735788529546785,0.0022712931710164174,0.03537249628905879,0.013124948201150049,0.033095582829856446,-0.0029468009418826624,0.015727222089498692,0.02648405844165547,0.03693551047545769,0.009304220844777972,8.958821979262243e-05,0.03718057468494734,0.0,0.0,0.0,0.0,0.0,0.0,0.0,0.0,0.0,0.0
0.019229906116818248,-0.03652401806014928,0.024390153099571005,0.04411796055004571,0.06095853965117842,-0.0019530371859286305,0.0033722404435226625,0.0034328461497371682,0.009372733307095133,0.0031934058126508345,0.027871663122333985,0.01764466947634962,0.011152254578617685,0.03338259433531644,0.07619140982012666,0.0053839052332289965,0.01383957325479308,0.014684096919454095,-0.0005882023468650622,-0.00043109715752566143,0.0,0.0,0.0,0.0,0.0,0.0,0.0,0.0,0.0,0.0
0.029249424196016425,0.056670471460070086,0.03574660631155945,0.047820897767371154,0.047413259724455876,-0.0001152048204692015,0.005007953837900906,0.0040619153625143165,0.004965808179680407,0.0006780945665268098,0.012309543731781803,0.025931283928548064,0.03711436260556259,0.05332126323846297,0.0673641903180833,0.0008549624588516293,0.005659246366945693,0.013877475148489206,0.001117916935445754,0.0008411541426545366,0.0,0.0,0.0,0.0,0.0,0.0,0.0,0.0,0.0,0.0
0.03719444814085418,0.05084150916394853,0.027690993887185354,-0.020305752910299426,-0.016347501591188363,-0.00035665172686672445,0.002575425796598034,0.0012747510699397083,-0.0006134375907233814,-0.0005037828025874223,0.03798173803700918,0.005659037591655723,-0.010113982378650008,-0.028282990673205857,0.023316330131949448,-0.0015942740964223258,-0.0047508271774554375,0.00857773017926045,0.0005874428685301563,-0.0017705521189984757,0.0,0.0,0.0,0.0,0.0,0.0,0.0,0.0,0.0,0.0
0.0375719990795609,-0.0013290913182301728,0.02342854082219784,0.04188971466787095,0.022009069309907706,-0.0010367268310398883,0.009934606127171676,0.0012892157746115175,0.005047304324689024,-0.002026066119855265,0.007414191149213573,-0.003111532225178092,0.03395076734243373,0.0015428525060892874,-0.004766298913690206,0.0012166270033351675,0.0022698640989763713,0.006408672051513095,0.029115492438207383,-0.0009285758273317031,0.0,0.0,0.0,0.0,0.0,0.0,0.0,0.0,0.0,0.0
0.023484004059787997,0.025789781646404098,0.024130066272851768,0.06505830230295677,0.05754476904812724,0.022183237393086083,-0.0012575623179540679,0.0009940037581328092,0.007988579301611403,-0.0021359318166586524,0.028595363247599155,0.0015678946464961015,0.023258137610095504,0.07095559733500616,0.04573350350957983,0.0010703459971042155,0.004371023250207142,0.00978595748010441,0.004089801366887816,0.0005147230289443596,0.0,0.0,0.0,0.0,0.0,0.0,0.0,0.0,0.0,0.0
0.043474614512835186,0.07242984756787696,0.0370123276252179,0.047484624410588275,0.01093920807894443,-0.0009637712830824414,0.004181703067134505,0.0018042757575685716,0.001822345521301897,-0.0002940339894812927,0.023779718888234897,0.009352045251700965,0.009809386859117314,0.012557640921101825,0.018630135278214843,-0.0007562096555155114,0.002821807011675028,0.007950265294836917,0.0022856375991901962,0.00315129883817097,0.0,0.0,0.0,0.0,0.0,0.0,0.0,0.0,0.0,0.0
0.037032559921332996,-0.051526848992763,0.00783031711703995,0.042436259124088146,-0.0007863277845392828,-0.003002242487730313,0.008112331252732759,-0.0007948390107938246,0.001912170476939775,-0.0015817625956426318,0.020330560198415046,-0.01411835940380293,0.02123459511300905,-0.024388540288318734,-0.02155405645295885,-0.0006756077198314045,-0.004640670473749073,0.012710087492719601,-0.00041942931410070494,0.0010730316437725814,0.0,0.0,0.0,0.0,0.0,0.0,0.0,0.0,0.0,0.0
0.024691744200257045,-0.038464831298384586,-0.032784540931093724,0.023368902257773935,0.04769068031851767,-0.003525763276494947,0.0018548422001350392,0.0012409095876649828,0.005060381853753805,-0.0014119580704349795,0.013785343312559649,-0.0026380509263343806,-0.0037302703666480443,0.023167835639218922,0.059445812691159026,-0.0012952734003720968,0.005721367571918651,-0.0717463023775139,-0.002094531618551361,0.00038529975324088484,0.0,0.0,0.0,0.0,0.0,0.0,0.0,0.0,0.0,0.0
-0.0018340568858533747,0.04292728227236213,0.038019875564470486,0.04028467340938135,0.04446771109812459,0.001274554117729962,0.0011211166070872346,0.001957700168667429,0.0037404261018418187,0.004432802471649196,0.013844090135277733,-0.0040954013475824206,0.034651990056986326,0.05628905969009611,0.04348203857536836,-8.079738056116776e-05,0.007824569007726856,0.011497992330384755,0.0015279051944875883,0.0011263527096010697,0.0,0.0,0.0,0.0,0.0,0.0,0.0,0.0,0.0,0.0
-0.0036746812381125487,0.006879391977774184,0.021631676151847915,0.02702487003266353,0.03751761597597759,-0.0023773373900965755,0.003532513354822283,0.008264933717337419,0.00014251224890927722,0.006354210457526574,0.013610507205397825,0.010655383548420144,0.02170399356955465,0.01932752322285557,0.038453338719658635,-0.0023679367752536084,0.006972790140407995,0.0060548434489284125,-0.0007856914823205515,-0.00019885976592704064,0.0,0.0,0.0,0.0,0.0,0.0,0.0,0.0,0.0,0.0
0.02347420530211007,-0.09947055864413137,-0.020606232586022788,-0.0253907190735824,-0.04140076913817529,-0.0034806946552316414,-0.0010636894476713174,-0.0029997639623701427,0.0009228484463211713,-0.004628774025409478,0.007535936305720206,-0.033383218415705504,-0.022948473302748962,-0.03353418506299893,-0.024578234263377508,-0.003373177772614423,-0.0037226921672323375,0.0038664920235952365,-0.004773376993059365,-0.006723325447043608,0.0,0.0,0.0,0.0,0.0,0.0,0.0,0.0,0.0,0.0
0.03368958338332269,0.017626116199367235,0.03378730533221505,0.02274737407173306,0.0040581413561653675,-0.0014556122008635359,0.002111431918184475,0.00037838509410465133,-0.0019865773761438077,-0.004626930279527615,0.041241754937281196,0.026966604160796576,-0.0013045894813077143,0.06569579743619657,0.02724049102238249,0.0038471314645396265,0.0073096806241195545,0.008042354248115927,0.00037645151823917784,0.002976703691450501,0.0,0.0,0.0,0.0,0.0,0.0,0.0,0.0,0.0,0.0
-0.011661003203067009,0.045070671029702365,0.010633796575423408,0.05614533732598184,0.05320491013236919,-0.0019032388235901043,0.0019526928375654781,0.002261459391287377,0.005454076610411567,0.00011177784151269322,0.016173716944823505,0.02472677345008728,-0.007886355865431217,0.049835183534487563,0.07566854239997996,-0.00042638107685231003,0.007999377898392054,0.00964780981499189,0.001928860803545505,-0.0002164105012501587,0.0,0.0,0.0,0.0,0.0,0.0,0.0,0.0,0.0,0.0
0.014977452762279676,0.03577935225725129,0.06072973831992412,0.0061462163416844086,0.030524202410787103,0.0006481875746482758,0.0020330647416321014,0.002724143723396462,0.0028266169230564534,0.00039331378966123094,0.03023749262375694,0.07189094631561442,0.03925482135234416,0.010759031092970283,0.021311281570090473,0.001817132952120901,0.00270072423147693,0.011286613302802043,-0.008833045395315061,0.00409655232536716,0.0,0.0,0.0,0.0,0.0,0.0,0.0,0.0,0.0,0.0
0.005726068710380974,0.031943615471342175,0.047582864815829184,0.0411605549306619,0.030971029345080496,-0.0004916578167418964,-0.009304180110742771,0.0013297497207791671,0.0030691320274767115,-0.0009729007821699721,0.024035175947356054,0.012802608327115751,0.04317296541965484,0.02428952378426161,0.02392827547051326,-0.0034797314767671663,0.003084945415531269,0.01890357335550286,0.0029128979955723236,0.0021124982202411313,0.0,0.0,0.0,0.0,0.0,0.0,0.0,0.0,0.0,0.0
0.04017357054729713,0.06013907662503681,0.026411079378605713,0.05901279012209892,0.04631461516218192,-0.00019306876763723266,0.0019301302428601608,0.004174064433701406,0.0023133820113505174,0.0016836352368814885,0.021899179942529042,0.05434691299703918,0.021585790066423905,0.0321163922403826,0.04618633073430456,0.0147122941559317,0.007725342724131927,0.012471074763432134,0.004909485622662653,0.0008095188811563029,0.0,0.0,0.0,0.0,0.0,0.0,0.0,0.0,0.0,0.0
0.010505577077390419,0.0029234188688376473,-0.03230646417855309,0.02122612226435529,0.031691642396038285,-0.005290851348525432,0.004651852478247047,0.001645447856104735,0.004537222641229954,-0.0018100507985111289,-0.0031741574894668958,0.029728191043891985,-0.014207348119102523,0.012441963540885479,0.047234917154701205,0.0011269565415816388,0.003728438888674137,-0.061905516260095536,-4.604509827351279e-06,0.0018334946742443777,0.0,0.0,0.0,0.0,0.0,0.0,0.0,0.0,0.0,0.0
0.0018477552405160261,-0.01612214988758381,0.029429282113554996,0.053668630161910556,0.06113708698120522,-0.004083429236639394,0.00036587740154012864,0.0022232557260707026,0.003480395267497223,0.0006050803707374577,0.013924673489656049,0.02068865245021926,0.03498038257521125,0.03713507773033823,0.06389624212727592,0.01242682735978291,0.007241652375818471,0.013183717515133121,0.0015763728322905606,0.0011162145258356493,0.0,0.0,0.0,0.0,0.0,0.0,0.0,0.0,0.0,0.0
0.02314840602664309,0.04383157214802385,0.004744565013401713,0.0371560091270429,0.016384581658184495,0.0005648433160457356,0.02324075225504054,0.003830608128057766,0.001679022477232153,-0.002827620135350851,0.01169010716251733,0.04027750481582477,0.012761118760336103,0.004808135167576234,0.013788285811303225,-0.001162725073304995,0.0019188161388174608,-0.025580252307068115,0.001784729772625197,0.012852165197503455,0.0,0.0,0.0,0.0,0.0,0.0,0.0,0.0,0.0,0.0
0.01740604047218957,-0.021158626379057553,0.023913849677446905,-0.017686193881481238,0.021886247513884634,-0.0034608911541867734,0.0017270177430318298,-0.002051719368493792,-0.009070219158894513,-0.008160016911489872,0.0044680018408433326,0.0014366548194660535,-0.018339891504010247,0.01726175136130408,0.04200771180866628,0.001389314012701438,0.0016139413755402732,0.0047843831119743245,0.00028824639520701125,0.0018341416411228365,0.0,0.0,0.0,0.0,0.0,0.0,0.0,0.0,0.0,0.0
0.014511027944767947,0.05851436455834915,0.016653574509522047,0.038466081199946316,0.051723428909051426,0.0008985072998762974,-0.002092520899464469,0.0017528085560120652,0.008732614438434103,0.00029229106153690857,0.02847511940700296,0.02155279970234082,0.027052873384514002,0.04412163632299679,0.04405681804168111,0.00015724356104932717,0.006172595112811544,0.008790446357001493,0.0050318611911971504,0.0014402685569235604,0.0,0.0,0.0,0.0,0.0,0.0,0.0,0.0,0.0,0.0
0.026092556586216047,0.06134684047192725,0.003368094083467769,0.03601288629911221,0.04065663264775821,-0.002972674268936806,0.03561477834736537,0.00039729060011166865,0.0023221524619775036,0.0007386365715655438,0.02326915384915643,0.023547429793997276,0.008281039601247105,0.02040254543247185,0.042815671351060215,0.013343098038569378,0.014574077207441086,0.02165119397142596,0.0026174138037848944,-0.000357219729347682,0.0,0.0,0.0,0.0,0.0,0.0,0.0,0.0,0.0,0.0
0.01690328903998498,0.025042783426411207,0.022280495735737368,0.07727575083110019,0.03031300622715811,0.012277835846293685,-0.001765102734071041,0.0023361653792749767,0.00911757436823319,-0.0015527526047772085,0.015599281525691925,0.020919425281730446,-0.006245001588191007,0.067542630726995,0.03616335819761808,0.0022335181722998127,0.0026279861631371294,0.007349992497929656,0.005309031579193482,-7.670951377351009e-06,0.0,0.0,0.0,0.0,0.0,0.0,0.0,0.0,0.0,0.0
0.02970707417876387,-0.0034152370074606525,0.04065434852925927,0.007325030984741186,0.027073882621743695,-0.0011208418722234287,0.007403191189723508,0.0016722600033528083,0.008347170694450427,-0.0007243116444969747,0.018652535468344732,-0.007060749127605654,0.04080042133888137,0.019900849785238733,0.0015379055500452784,0.0009177271292240489,-0.0024479806626406453,0.010078041802451287,-5.767696671579553e-05,0.03527877539321753,0.0,0.0,0.0,0.0,0.0,0.0,0.0,0.0,0.0,0.0
0.03546385048721055,0.02422010756157094,0.015286143869700139,0.015258921373450987,0.0195983603580777,-0.0017693559226070698,0.003426877179012645,0.003519891725809204,-0.0011283042292225855,0.014860341665401915,0.03693330146262035,0.10372489240729839,0.019795995748717283,-0.03919590809670501,0.033009787246908597,-0.0019363964737507562,0.002585644320330499,0.007239042589339647,0.00404473403370869,0.0013659119086757762,0.0,0.0,0.0,0.0,0.0,0.0,0.0,0.0,0.0,0.0
0.026234068473241244,0.03728237650572159,0.012794345641463858,0.02809682879914675,0.03188226784103006,0.01982252385368912,0.0009407834583752572,0.000528838645973051,0.001819465745190599,0.02425806693967577,0.027533159382744154,0.08348827455410086,0.030320490034140123,0.002822069407347448,0.029959591120731047,0.0011095605617876098,0.004096285013807324,0.002112128738074645,0.005284467188883003,0.0009182473104251556,0.0,0.0,0.0,0.0,0.0,0.0,0.0,0.0,0.0,0.0
0.019752205493355254,0.024923672609522454,0.025142334717451816,0.03831840735324824,0.05875753904537365,0.0014586882927791135,0.0028233120365047824,0.005345785015336739,0.004251159814393596,-0.0009811753049187282,0.038598680515583926,0.06542954535427908,-0.0026146149867385493,0.014714098340265398,0.044600718657819526,0.0020864320093909217,0.0027037297770399838,0.01092778398211188,0.0070733634775010995,0.022992173015247985,0.0,0.0,0.0,0.0,0.0,0.0,0.0,0.0,0.0,0.0
0.03218994080311206,0.06387060609728872,-0.002059660460759997,0.02456748556851811,0.044977301824603313,-0.0013917232165598242,0.0034456226447106236,0.0015786371655549002,0.006847671445804763,0.0025353745894179857,0.029581536382370578,0.023056343133155393,0.02952869499425299,0.05418806577895824,0.00934716357293093,-0.0006293746741573914,0.006937967471436265,0.0012123254226461136,0.0021826418787719896,0.001754976698316292,0.0,0.0,0.0,0.0,0.0,0.0,0.0,0.0,0.0,0.0
0.012406332973551674,0.030654284406529918,0.026702574660637027,0.016017008128929113,0.030723780331697162,0.0019316443421158926,-0.0027301015054737557,-0.0029007140007318295,0.004339743072980621,-0.00432040658921145,-0.0042472886522965875,0.06980087703391463,-0.007152383099353192,0.018292284237436132,0.050656326714137084,0.01160859020455893,0.004903346405475631,0.010001914166786034,0.01066013264886321,0.0063736516398252745,0.0,0.0,0.0,0.0,0.0,0.0,0.0,0.0,0.0,0.0
0.02048618796276365,0.04018703621972433,-0.00790266732397775,-0.011689158577831454,0.0019252700068729284,-0.003085368427777558,4.72923302678365e-05,0.0012363840050925842,-0.0001430767114835262,-0.0022664121727868397,0.04296534887362582,0.005864263817335079,0.02098797753465517,-0.025545775884306784,-0.02093469056998505,0.0004410313094650763,0.0009340098927395362,-0.017948764755176257,0.0018553341951494827,0.001307375396005537,0.0,0.0,0.0,0.0,0.0,0.0,0.0,0.0,0.0,0.0
0.03016359569058548,0.04836002235345144,0.032065320350357,0.0025961784434009737,0.045719335280708304,7.580798393204313e-05,0.005111847855214994,0.0019672613403857067,0.005539367014447883,0.0015013245986854162,0.004383529057697201,0.059857687175428644,0.08312742286159092,-0.001515317924224463,0.0558764966427161,0.0010036586558158556,0.0062261336887807685,0.007271375357172664,0.0026003463215774868,0.02295923271272824,0.0,0.0,0.0,0.0,0.0,0.0,0.0,0.0,0.0,0.0
0.014214997748000707,0.03466566065675542,0.05468254405398627,0.04564161419994314,0.033115262626391286,0.000649839377851734,0.0077227015962129655,0.0016957502262863438,0.003231557534711455,0.0006595598657583736,0.02364899844135034,-0.0009759115437923597,0.09822518647621677,0.03571091785568892,0.030124847642460838,-0.0020134072707618483,0.005007568589277141,0.014961242348797872,0.0017480985334149138,0.002283280066795883,0.0,0.0,0.0,0.0,0.0,0.0,0.0,0.0,0.0,0.0
0.01375293073482102,0.026087825359146367,0.02517596476195997,-0.0011894418347859648,0.052687461690262755,0.029108310489582283,-0.002360350603759058,0.0005264168191623972,-0.0005655293758799287,0.0035179682294853667,0.021486815146223304,0.011732101279664007,0.02321965754431106,-0.030495126601734972,0.002030707360930874,-0.003906114127639783,-0.00030214362046368645,0.007282291823264839,0.0032436332926135463,-0.00231178124679565,0.0,0.0,0.0,0.0,0.0,0.0,0.0,0.0,0.0,0.0
0.008204438358069664,0.038090260980778314,0.012224298831360402,0.01172228062216163,0.009266971917591793,-9.50484680458527e-05,-0.0004006666249073946,0.002873677257419938,0.0016841894416374196,-0.00010913856129600106,0.03279740951025546,0.060376666623955993,0.007320162218907794,0.005013807245143906,0.006817315919268424,0.0003208082047798873,-0.0007809616461491208,0.012645119867859914,0.010973793384109412,0.0009452403775480229,0.0,0.0,0.0,0.0,0.0,0.0,0.0,0.0,0.0,0.0
0.05199477931999205,0.005395629025538624,0.060358876416443996,0.07317702222585085,0.05112622949684993,-0.00027309554811474153,0.0006809568483420309,0.00630428975633335,0.0037850710139212336,0.0009772470840023464,0.018472115015154618,0.025304146349675788,0.03404404466086568,0.011753934567239648,0.025981513148938252,0.0036206185752998632,0.005804163008842182,0.008073146263876688,0.0017743087938830832,0.0015356294375184275,0.0,0.0,0.0,0.0,0.0,0.0,0.0,0.0,0.0,0.0
0.03467483074577954,0.003522983053599618,0.018382982406623286,0.031215305863064677,0.012188429587226747,0.023012058203578233,0.02543860580421953,0.031740837467218,0.0039214913752091225,-0.0014073910427441646,0.029994057300406846,0.0007308318874009223,0.020562721154901615,-0.008150520817652843,0.017388625521919616,-0.001098901517510321,0.00034873878963965756,0.013071558379960982,0.02660330130848106,0.025139735161544517,0.0,0.0,0.0,0.0,0.0,0.0,0.0,0.0,0.0,0.0
0.0174276855214754,0.00920537865305456,0.042955320617205875,0.0847733961313265,0.013090700848255815,0.0016347185572655309,0.00966111184011801,0.008150733837369795,0.002730170806286958,-0.0026514813868916774,0.035616048036131935,0.018497073431940916,0.06377839517625189,0.01932242260790128,0.010359844885425237,0.003568294556185612,0.003005987048703457,0.008567748072159716,0.0010370336412801118,0.005547901254679677,0.0,0.0,0.0,0.0,0.0,0.0,0.0,0.0,0.0,0.0
0.011096328054485486,0.045573303370564665,0.03308703475295442,0.026216579656773917,0.036716037455805116,0.0005072562176770087,0.022742005175267276,0.015564577930649307,0.0011347607996328726,-0.001473091970816238,0.015892655380371042,0.02506917197733622,0.04003126321051252,0.03901180743867663,0.019501294948384935,-0.002904971238936031,0.004450631680615075,0.005127953761270844,-0.0023318649179164463,-0.0012911365629380948,0.0,0.0,0.0,0.0,0.0,0.0,0.0,0.0,0.0,0.0
-0.016644443212041,-0.02250955395735191,-0.009265011384967674,0.029795459909959444,0.045075939694436414,-0.0034391707369389813,0.0025088050303859024,0.001472959095672234,0.0036945087551872135,-0.0007795767917580506,0.0008090980706571178,0.018169465208078637,0.01822691596012131,0.034964961971456966,0.0725190866799175,-0.0005257676915911341,0.029292065669803736,0.020032079099653603,-0.001572193127856156,-4.000688409573811e-05,0.0,0.0,0.0,0.0,0.0,0.0,0.0,0.0,0.0,0.0
0.021962357374138337,0.034258609206606686,0.0040346614147338715,0.018813605430782455,0.041799121373981625,0.001186637654647992,0.00028495256732898305,0.0013393787738008463,0.001807359271967715,0.051700732565660906,0.026581878971140713,0.018619604332645052,0.012586413874354213,0.07613949749450453,0.07192447538859162,0.0015098553192631912,0.0038752259846898444,-0.020923713335750806,0.003108730460806011,0.0031122129964784545,0.0,0.0,0.0,0.0,0.0,0.0,0.0,0.0,0.0,0.0
0.04398692614060116,0.065773948943556,0.00122092889201357,0.021167357175607086,0.057629563996081504,-0.0002519430069254439,0.0005353861087988643,-0.00015674330905924197,0.007024331662588568,0.0003142196407156551,0.02846006620346966,-0.0164186648183327,0.010425684904086574,0.009339256958168016,0.040597460980405065,0.02167367881903118,0.004326630675760762,-0.003936232006761886,0.003505237489213011,0.0035045016713552966,0.0,0.0,0.0,0.0,0.0,0.0,0.0,0.0,0.0,0.0
0.022182536274434676,-0.007354511278070289,0.04813523627592896,0.04235759589501003,0.049324195907355886,-0.0021824959899390084,0.002489718828798911,0.0035378252341198625,0.005386719558483328,6.802107452175151e-05,0.005993853678567905,0.017877013895965334,0.03490801305105162,0.041579883076353956,0.05657386649489333,0.005150800666580628,0.005657206847006491,0.014453006034313508,-1.492822235648588e-05,0.0025980398173504277,0.0,0.0,0.0,0.0,0.0,0.0,0.0,0.0,0.0,0.0
0.006011471074011305,0.012163003359214235,0.019898622971916247,-0.006484499460423459,0.013362108084874914,0.045273216278702455,0.0004915010782605278,-0.001351169010993655,0.003262204548665131,-0.0047378309146369375,0.030198619001862756,0.02604028115079425,0.008183552770606372,0.07450174361115071,0.0036524824233101034,-0.0008851255582914703,0.003712121192696775,0.015062705782549772,0.0025975696362238523,0.0027690190998774455,0.0,0.0,0.0,0.0,0.0,0.0,0.0,0.0,0.0,0.0
0.07579855320827611,-0.00945484692948923,0.04706499472314337,0.04141431625324925,0.0432235210588844,-0.0014934740811418455,0.0008840995785293473,0.00880420438059719,0.006547276839461847,0.0007484848076338451,0.030321358542491027,0.02640837655061619,0.03741545737663747,0.07053863721806503,0.01843552726318716,0.03039434415201821,0.0049199618037335064,0.010312658101469146,0.002231609927702936,-0.0007934636546935633,0.0,0.0,0.0,0.0,0.0,0.0,0.0,0.0,0.0,0.0
0.025893658868123157,-0.025063447878906287,6.101927425488395e-05,0.03911927491648801,0.05442328652616727,-0.003996866135555014,0.003300251585163913,0.006294662220562234,0.0049899038128362935,-0.0006946500154193392,0.013068852728366106,-0.002299546078761829,0.016522475792087283,0.03444049419888682,0.07919631850327498,0.0005568156633142664,0.009089941274228389,0.020708229675505774,-0.001078184113519324,-0.0004564905055627238,0.0,0.0,0.0,0.0,0.0,0.0,0.0,0.0,0.0,0.0
0.02503458540081355,-0.007438709848969778,-0.012846858426087258,0.07587246009704819,0.022732953796307916,0.00053405917608606,-0.0001957869373245168,0.002415959321185945,0.0047172919370424855,-0.004235915262842322,0.04544333442235594,-0.005150155620849258,-0.0023185682445597,0.06895056910254968,0.01030943328689732,0.003933916099624969,0.004676438458893156,-0.023169843736123207,0.001924251699280191,0.020654524654159956,0.0,0.0,0.0,0.0,0.0,0.0,0.0,0.0,0.0,0.0
0.022744058172149733,0.037471899506780454,0.0346731064670129,-0.021965895565031337,0.02176324284794685,0.0011879785878820394,0.006723154197043571,0.0038358693952619564,0.0021483702367717295,0.00043314345286702,0.04654014340735518,0.04800426432502004,0.12889173766886783,-0.02364064019747993,0.035415226662615984,-0.002097421963592783,0.0023904330594386913,0.004096853027523327,0.003419323892092246,0.0016867499398457106,0.0,0.0,0.0,0.0,0.0,0.0,0.0,0.0,0.0,0.0
0.0017308875266788773,0.05514135207952299,0.028958846165574918,0.08516153223362613,0.0374649082998475,0.0008163835731019114,-0.0010063178444387104,0.006601249831439319,0.007377432659496549,-0.0015985905106984462,0.012709249679759291,0.10679562649008628,0.012322425939963163,0.07331714365873625,0.022093125710384548,-0.0006441431936142488,0.007410059150118467,0.005768184386181229,0.004806774449730907,-0.0015045331651235762,0.0,0.0,0.0,0.0,0.0,0.0,0.0,0.0,0.0,0.0
0.029683477119838115,-0.03357985365304138,0.042091232137621226,0.035978075762781586,-0.005875980681071919,-0.0030225615630241126,0.001283863736481154,0.0016240501286815734,0.0015747342329989799,0.021160872970607817,0.012933338685741957,0.026403381729336064,0.02771505232017491,-0.017459510570557186,0.05304927608059395,0.0013167749932596028,0.007492794581614738,0.0077940546857009985,-0.001974492850734127,0.0005330172733687516,0.0,0.0,0.0,0.0,0.0,0.0,0.0,0.0,0.0,0.0
0.005622460936233458,0.016562763068041716,0.006245216523964323,0.02358118470957844,0.005774825880224763,-0.0008584032993455797,-0.00017408853532322656,0.0007659086872454351,0.007092826652211689,-0.003411366186484061,0.03506536581526986,-0.0060092704043759005,0.008742870697493552,0.044712351723101035,0.019415357340973646,0.005494217381797678,0.022927318426095158,-0.010571799315428319,0.05346825662399251,0.004275600395105172,0.0,0.0,0.0,0.0,0.0,0.0,0.0,0.0,0.0,0.0
0.05866697436706786,0.03181949171125047,0.029602809645723344,0.03460163768809239,0.005910976845518356,0.0002202353814564284,0.002122088240889989,-0.0014631109691512344,-0.0011252090976675245,-0.002752784966263699,0.042297204459921536,0.04298337789144199,0.040210231064760835,0.033095306377051284,0.028952578886157692,-0.00012826632377407266,0.004377719733203117,0.00828852012522751,0.005520962427871871,0.0005208536315940123,0.0,0.0,0.0,0.0,0.0,0.0,0.0,0.0,0.0,0.0
0.04037836584360308,-0.005162199783232672,-0.011118743250659296,0.04428184876878105,-0.002327126038638576,0.0025461538797954416,-0.003018613928371536,0.0019600278379029016,0.009228770141798745,-0.003595142996707356,0.018095771279101964,0.004242307833294155,0.029616064409346013,0.0813430335971874,-0.004596622253108162,0.01254100556675923,0.0011063944928103003,0.013554411021296363,-0.000122659298112154,-0.00023145000247518346,0.0,0.0,0.0,0.0,0.0,0.0,0.0,0.0,0.0,0.0
0.01096626063733995,0.025346368316469938,0.011032036662013493,0.01932755922537449,0.03839660494381366,-0.0011655874575833302,-0.001664865187937339,-0.0004794433906251905,0.004831840437545876,-0.0009875643846870986,-0.0013785158486278467,0.06182248929002097,0.015630550181970168,0.030350169124778132,0.04388653619716245,0.00022198646882537723,0.0026802183160174005,-0.001983683575373161,0.006859710656316403,0.0026111686027331595,0.0,0.0,0.0,0.0,0.0,0.0,0.0,0.0,0.0,0.0
4.0475453241735926e-05,0.0007600172157732393,0.023781321168391642,0.012992080427986885,0.04912631440920838,-0.0017760257594801017,0.005320970147064995,0.001954223287597525,0.002937093963713261,0.00043784209366937594,0.048705320075342645,0.00048138578040396435,0.04403300500408223,-0.045039206618026066,0.04850494476199837,-0.001085304126538441,0.0005755276628867711,0.007346202039123958,-0.0009446896245242367,0.0024650956567327307,0.0,0.0,0.0,0.0,0.0,0.0,0.0,0.0,0.0,0.0
0.021837757304415287,0.03102139815894319,0.040144545570633364,0.02288185952698563,0.01908555276975634,0.02747638040423653,-0.001961625480420161,0.0005311177701052897,0.0018314012911736927,-0.0022881195862420765,0.014382263247224901,0.011618132434514377,0.03228378863346473,0.04835651769063613,0.00507073860647894,0.0012281437062917136,0.00023178977664500638,0.012235439062266814,0.003996980799685087,0.028757535433576786,0.0,0.0,0.0,0.0,0.0,0.0,0.0,0.0,0.0,0.0
-0.004695916519482624,0.013276978296079506,0.009573564818506965,0.021883275569037026,0.01569808097814772,0.0054270730176726135,-0.005386861551469593,-0.0028823361026948458,0.0026794567694626964,-0.0037860924173634108,0.011587005181094144,-0.00223255937366658,0.0021788329393747138,0.06314344032049748,0.034875818756323965,0.01761876037326465,0.005325422430316161,-0.00502153967647089,0.013080227226043895,0.04637896608569897,0.0,0.0,0.0,0.0,0.0,0.0,0.0,0.0,0.0,0.0
0.023371406581949753,0.0307119067980154,-0.017125029529870894,-0.030712709301399597,-0.006157957087091869,-0.0020407579677902124,-0.001772373363243433,0.004198161474258935,0.001136885173408795,0.0036245481659279554,0.033923239786171365,-0.013097729309926216,-0.008893960084797167,-0.041428835644732924,0.003619152210462824,0.00013572373672944305,0.0006899376495009889,0.003709615094449849,-0.0002872904623435608,3.796197602935279e-05,0.0,0.0,0.0,0.0,0.0,0.0,0.0,0.0,0.0,0.0
0.011943426415232376,-0.009191970929443877,0.03144253556347534,0.038686914199645456,0.013546397485327598,-0.0006516463532260996,0.002101687880530383,0.0009592479529491002,0.0052311976226855446,-0.000722270145418968,0.004353977012804889,0.02851551017078486,0.1006873313826471,0.019413156798813395,0.01522587711997182,0.004865753473274592,0.005767641232065954,0.010568017619388071,-0.0011362214901497424,-0.002884965890985218,0.0,0.0,0.0,0.0,0.0,0.0,0.0,0.0,0.0,0.0
0.035697210852576204,-0.008269266064102549,0.030995250208808882,0.024355408293680453,0.01782278824405373,-0.0015506760182867954,-0.0019824137092592183,0.00033493411540475645,0.0019512550452833884,0.04765634246293825,0.017193551030045186,-0.012270705971438948,0.04009456944342851,0.04433065540956261,0.046522849430286825,0.004919893936054714,0.0024586246853964657,0.006791090598600992,-0.0005623919395350152,-0.0027673729331268103,0.0,0.0,0.0,0.0,0.0,0.0,0.0,0.0,0.0,0.0
0.036760652525102765,0.04944183273012238,0.03288573887585017,0.013920230926390385,0.005052024342296902,-0.0004147579205693284,0.0032631305926064864,0.002129121355706074,0.0031557293474107546,0.00065807064438017,0.050310676116072914,0.0233419368478904,0.012289972636446662,0.0497758553602868,0.0024319798855401277,0.00435693726700958,0.0007337429902781384,0.011449058778068504,0.009256430269931667,0.006333488736033774,0.0,0.0,0.0,0.0,0.0,0.0,0.0,0.0,0.0,0.0
0.04157056205048571,0.00832030799987992,0.01831603193644658,0.05588527914029633,0.006921221803367968,-0.0007743617766606582,-0.002115118766789648,0.002151393159902222,0.006300623049941534,-0.0018175602915179363,0.03010852085262615,0.06382497659148867,0.010957108700165261,0.07773672853274463,0.007332248611692986,0.02922228436864281,0.02445941425332745,0.014250135696062618,0.0011240401400588918,-0.0027141822516280408,0.0,0.0,0.0,0.0,0.0,0.0,0.0,0.0,0.0,0.0
0.04143759282641396,0.05395276459467135,0.02994290089313788,0.06374764530136594,0.048231405581009065,-0.0010713826136360461,0.0011482744336918074,0.005194175877033501,0.001995076085225422,0.001052323939809177,0.01183641459001451,0.0558217774944743,0.029075075422378933,0.037069834266495114,0.05073722391660805,-0.0026755736101710635,0.0066808894015198215,0.009994303652528897,0.003979288113988862,0.000571586953812153,0.0,0.0,0.0,0.0,0.0,0.0,0.0,0.0,0.0,0.0
0.03260190321775288,0.04452738575666752,0.02253680409853031,0.012771323893128865,0.028237290573439062,0.00015391120709547498,0.0037167303643145305,0.00023489639001183525,0.005960139207046922,-0.0014409014208650024,0.022617855268957345,0.06812328164298087,0.04031829817713337,0.029896474761804036,0.013861078446228567,0.00037094433349917284,0.003288432364432431,0.005942435292959379,0.004494197050142863,0.020360433442210432,0.0,0.0,0.0,0.0,0.0,0.0,0.0,0.0,0.0,0.0
0.032249360364269196,0.024147045901826328,0.02209759575285495,0.008774738703958554,0.06940322367873891,-0.002402846652707169,-0.004881361737798578,-0.001961765843067995,0.013692069140394477,-0.004041882451461694,0.014008907588790828,0.0013361822662251387,-0.014617435559872804,0.0532467302981415,-0.008837778451045523,0.019688959445394703,0.0026712791341998183,0.006725050537281439,0.003776375272675137,0.003647149731573177,0.0,0.0,0.0,0.0,0.0,0.0,0.0,0.0,0.0,0.0
0.027322705529886426,0.014264555872346313,0.03858573832063138,0.05273293416216824,0.00969176433207837,-0.002014009700520329,0.0017892362118193835,0.004298441811081239,0.006149518761231625,-0.002187006427553829,0.022510692861105523,0.013771161613375965,0.035194950407052346,0.07650646391903465,0.008849623131607056,-0.0011024853160523903,0.006492077931944285,0.007065865886643087,0.0012094841034895702,0.00017212580418195158,0.0,0.0,0.0,0.0,0.0,0.0,0.0,0.0,0.0,0.0
0.013684644973948081,0.02419720932677097,0.04415385552951311,0.08339319604332024,0.05927536757821549,0.0004719961686499217,0.00308775029976363,0.0047471804913351906,0.004467219336918054,0.0004742414711297002,0.027112536999425233,0.007332287017390349,0.04197922162385884,0.0751661862243712,0.055943795442201766,-0.00020619249812174246,0.0021598975366925745,0.010802429701643447,0.0042465029827926425,0.0012322708705535628,0.0,0.0,0.0,0.0,0.0,0.0,0.0,0.0,0.0,0.0
0.029523214200666996,-0.022704319652737236,0.03108621709262283,0.04001027521316575,0.015257775585869889,-0.0003744429429755883,0.0025718380251274543,0.002418337486770421,0.00923748756221648,-0.0032570833507192232,0.0028987958184164353,0.015925765113854358,0.11087535352656802,0.048853291882294564,0.007004923939383201,0.003568040984002599,-0.0014213601357881069,0.008120486612951724,0.0015033196802420538,-0.0023763195215615786,0.0,0.0,0.0,0.0,0.0,0.0,0.0,0.0,0.0,0.0
0.05382243959035611,-0.04155282605659522,0.0064989244570385785,-0.023470662688047334,-0.014216211215363171,-0.0016579606334688375,0.02797700737906684,-0.0016620803308119063,0.0008751737079929761,-0.0021866951555479736,0.017205610241460625,-0.00783984487214974,0.0021865665661657254,-0.038394776647589245,0.02260832764798272,-0.002318161630632711,-0.000943672098043463,0.0070882881027534905,-0.002195946768410322,-0.0031019024757871373,0.0,0.0,0.0,0.0,0.0,0.0,0.0,0.0,0.0,0.0
0.01712616645878998,0.04546316947899564,0.01611296218815106,0.06056012468628037,-0.004781059192152532,0.00022045438404611763,-0.002589359242230141,0.0012189274493488197,0.0008411187442605602,-0.005877169150860006,0.0308448760718205,0.0009293952206927018,0.006792279342592758,0.03867953494020335,0.01657990874544728,0.00033523504756450374,0.004744317534061412,-0.011438801411430095,0.003041872291238298,-8.2356466449833e-05,0.0,0.0,0.0,0.0,0.0,0.0,0.0,0.0,0.0,0.0
0.01818535595303831,0.016628361474848443,-0.0029261501184243465,0.014714759661431273,0.00826658589809011,0.014251061664260522,-0.0046676032404480835,-0.001006689144356388,-0.009952323786294532,-0.003968410617537355,0.020006219242552668,-0.016354135395068983,0.03609650969219752,0.01753087694475285,0.02901232514309157,-0.002297456937300523,0.004390807766366949,0.00479421598793009,0.0020246934512392787,-0.00100740651999754,0.0,0.0,0.0,0.0,0.0,0.0,0.0,0.0,0.0,0.0
0.03241976881906353,-0.061560043272815765,0.004967598222851262,-0.03408489160601642,0.04631267207098631,-0.002939516072456975,-0.014984682980039871,-0.0028853665788629796,0.0012114497116690235,0.00032124782478188925,0.002549107321136759,-0.02848305668008309,0.021221164656471656,-0.025344538031810956,0.02575157139101586,-0.0034012764319257135,-0.0022362904488527637,0.003644875201598581,0.0018784715249777768,-0.0030544254261405225,0.0,0.0,0.0,0.0,0.0,0.0,0.0,0.0,0.0,0.0
-0.015385128480358327,0.05212332145347881,0.04103158992298064,0.04263520121325743,0.022358531270831636,0.0006034512206081061,-0.0009469204850042825,0.0021844529514067975,0.005453445205001001,-0.001531774161803335,0.0025741851565127035,0.09620966692606717,0.028836730199909077,0.04476124334739544,0.021677671806144886,0.00026650188178704024,0.00802557294294787,0.007387280399768888,0.0018178723389761626,0.012389972445721417,0.0,0.0,0.0,0.0,0.0,0.0,0.0,0.0,0.0,0.0
0.027093600608328813,0.0032746834095824097,-0.017108534920754224,0.04104691121199729,0.05539417031895797,-0.0027474730534334086,0.0058651531161187645,0.005126935371029657,0.005028885927004808,-0.00011293205226664951,0.047136977883882006,0.013687264435694842,0.01130357253418123,0.02966893303845464,0.0728609021463011,0.0022312723085126944,0.03158886226948048,0.016304653720240748,-0.00040546611235053886,0.0033782208576857552,0.0,0.0,0.0,0.0,0.0,0.0,0.0,0.0,0.0,0.0
0.01786268837818549,0.02670544939328865,0.023705914549632147,0.03203444610157387,0.003813274417877618,-0.0015984108110263975,0.0013608731868942586,0.000659770045743215,0.007560081574523966,-0.00259957945739223,0.01881482345573314,0.03616700305822087,0.0022536213795785035,0.03844924057830975,0.001420465598597486,-0.0017074372567485818,0.0029061731738556627,0.0032344505801641735,0.010465436394145804,-0.002786687220784357,0.0,0.0,0.0,0.0,0.0,0.0,0.0,0.0,0.0,0.0
0.04696487460053515,0.04491751889757972,0.026749483388244615,0.08169589963369012,0.058091764879717254,0.0009822114298345813,0.0028247765340290716,0.0012647153843579047,0.007006308453594596,-0.0008670076037921091,0.04051184340094702,0.007954408584477634,0.01416994211624352,0.0659215990951195,0.049674633507766575,0.001775299095211085,0.0011472106231333382,0.012659755494938116,0.003720594343416967,0.0015557652613243365,0.0,0.0,0.0,0.0,0.0,0.0,0.0,0.0,0.0,0.0
0.021808680420429997,0.00017564886860220428,0.012573804090296115,0.004510256501702023,-0.01671651181507756,0.003110368262750848,-0.0036245551250218802,-0.00036190075674866673,-0.0007949382020838874,-0.006014541187132385,0.020723698263807565,0.010905229786248643,-0.008830849986728643,0.0014590671446008208,-0.017907617605744004,0.0010896457952493627,-0.0005019995990666797,0.0028765561104380504,-0.008532260793317438,-0.0019385834512382362,0.0,0.0,0.0,0.0,0.0,0.0,0.0,0.0,0.0,0.0
0.03414439135718461,0.018588528273738997,0.016682429990227458,-0.005902660523222788,0.04265441142122333,0.01903995230389362,-0.0012415878136107649,-0.0020440723952929794,0.003256313679608163,0.00038819195457782913,0.010457492575148346,-0.009818098932667545,0.007011295216765639,-0.01698000917027643,0.016818935706923232,-0.0009791691748698306,0.0002991178398811125,0.006503934668809922,0.0005538792210355806,-0.0007526589420705852,0.0,0.0,0.0,0.0,0.0,0.0,0.0,0.0,0.0,0.0
0.0462439587530901,0.06164435571987655,-0.006595258644802452,0.04990639391541649,0.051259794213885664,-0.0014301468633103667,0.002181765906301232,0.0012654949422800331,0.004868340661650518,3.603960598050164e-05,0.02739448757250394,0.007727937968064248,0.012001872973035045,0.06784528732556194,0.06713640968174227,-0.00032053784344877054,0.009184191084683664,0.009514569350619314,0.0020529571978800615,0.0018036835993618652,0.0,0.0,0.0,0.0,0.0,0.0,0.0,0.0,0.0,0.0
0.020834809339843614,0.035372116581261034,0.0076352546606586495,0.01075024378128165,-0.01203525329890899,0.01594266736089279,-0.0014160066360049627,-0.0007429678959073918,0.001840108233498084,-0.0001081993304444118,0.007859220884184765,-0.0020831772271283776,0.026455619642205244,-0.012562928478417367,0.008111167842771298,0.0005498071255078196,0.0016871029595085499,-0.00584119739563122,0.0024380772420566385,-0.0009648682708559792,0.0,0.0,0.0,0.0,0.0,0.0,0.0,0.0,0.0,0.0
0.009396351553883088,0.03420554528420608,0.029214527823357678,0.01203291885475296,0.03647194881373318,0.000498914513137847,0.0009609044204240197,0.0013050356364788201,0.0025408596751434302,-0.0012044633788618343,0.024070315626035864,0.05094473978350489,0.0032799427546967067,0.026486361472872935,0.034024549153361415,0.0011720604275221567,4.8541546755991266e-05,0.01059453815455762,0.008224674042978782,-0.0005466690381694266,0.0,0.0,0.0,0.0,0.0,0.0,0.0,0.0,0.0,0.0
0.001210402661213395,0.037802949563884206,0.030322135838319886,0.03953899790054237,0.04099999389466307,-0.0010526966390282094,0.00027145162108152803,0.006326002885005396,0.006987390918362339,0.02908674046716636,0.012796826899466122,0.020912212889048817,0.04367976982877269,0.06204341956216786,0.05151956630394756,0.00013690963432461443,0.006993626146192996,0.005678159171321036,0.001613986133034575,-0.00018728062483865717,0.0,0.0,0.0,0.0,0.0,0.0,0.0,0.0,0.0,0.0
0.0254739697531502,0.06880971684023598,0.03426440421199927,0.01571463367025216,0.06549209615866441,0.00015082525060466592,0.004839937591740022,0.0008722444968682895,0.006965690280348491,-0.0021846800465800164,0.015994380836492312,0.01836181389827694,0.01874201404158119,-0.002597366985486373,0.027108818788812876,0.0006972554827337651,0.00396641868770673,0.006501866996046939,0.0007646527436338234,-4.806723662897804e-05,0.0,0.0,0.0,0.0,0.0,0.0,0.0,0.0,0.0,0.0
0.04293433388770231,0.03736656134978948,0.027303777191536864,0.001962184148450701,0.05570172998994254,0.0021600709263896443,-0.0005252685696066021,-0.001167351263887135,0.0042467347376081935,-0.0022965987600800436,0.029884478828663547,0.03814257618812373,-0.003913517007402715,0.023184072187211253,0.07898670671725565,0.021418557975786522,0.005612110894453575,0.009682073026642143,0.0033060275712777777,0.019732337100514346,0.0,0.0,0.0,0.0,0.0,0.0,0.0,0.0,0.0,0.0
0.022795725977630764,0.036754702853320685,0.017269858546579468,-0.01507050559822531,0.022667686302499473,0.0005173224408613261,-7.79314137892512e-05,-0.00012911917772570183,0.0018524274939112375,-0.0012300436999988713,0.0051998941357039264,0.04411941690247417,0.01107152465000627,-0.0018362320323692387,0.022560107256039765,0.02726009224924932,0.0012112722098903453,0.005166944363175142,0.0037143308410630517,-0.00234751311092058,0.0,0.0,0.0,0.0,0.0,0.0,0.0,0.0,0.0,0.0
0.02534249187819341,0.04362873543869906,0.024451393536553467,-0.0022336046673744575,0.0406371036968268,-0.00015074183591200997,0.004377454934462604,0.0007608933017164592,0.004738064245705788,0.0002815837777327995,0.0076840167577670775,0.014003897908909687,0.00399054326643496,-0.02414564988596138,0.04337053789542935,-0.0007227701164425523,0.0028739978174791955,0.004610655525037354,0.0004427447745450798,0.03094927721064918,0.0,0.0,0.0,0.0,0.0,0.0,0.0,0.0,0.0,0.0
0.028520937663711755,-0.050589721034583666,0.031999583974783204,-0.01658040767615836,-0.013389641430507356,0.0003660221978751508,0.002191283047937545,0.0011556187415444148,0.005749639211192726,0.0006508502682971972,0.030774348178566314,-0.005921629167923806,0.023494706582244434,-0.01731297468031951,0.005554890414325515,0.0200909168961087,-0.002191811105373141,0.007772410627199906,-0.0022710996957470714,-0.0059879227016392195,0.0,0.0,0.0,0.0,0.0,0.0,0.0,0.0,0.0,0.0
0.023905883686800616,0.0435418735891816,0.026498908685249678,0.013353817590200963,0.0015635615828260773,-0.0009117064738087913,0.0016829654955743242,0.0021208772990849376,0.00713860731507059,0.004211320451014266,0.0515890296437512,0.00568895824068885,0.011114811705370762,0.026232807068119587,0.038611130929377506,0.0034376973842893976,0.0035671510743506,0.007472656769711879,0.0050980198522927195,0.002803225231222938,0.0,0.0,0.0,0.0,0.0,0.0,0.0,0.0,0.0,0.0
0.02051227552025385,-0.04209279507656906,0.02695122440436629,0.02071277792246928,0.025238613049253227,0.03557447609481908,0.0012264586727001158,-0.002062232672698586,0.003862115193596941,0.00020342680385707556,0.043321455516946286,-0.011829013379299898,0.05075766959296642,-0.020521281421562745,0.018441864569767034,0.00023074219341877121,0.005776424777788473,0.006008578125508582,-0.0022674647778319207,-0.0013237179893779338,0.0,0.0,0.0,0.0,0.0,0.0,0.0,0.0,0.0,0.0
0.018049365089972163,0.060480218185547774,0.007583436480500419,0.047850500464583036,0.01637210859803693,-0.0004903627417599907,0.0009097310108237203,0.0040284179651367295,0.0016984028820216182,0.0015951891770923867,0.056936580091936556,0.04610193802723769,-0.011756269257314975,-0.010234430798439139,-0.02059591131007788,-0.0012790030149956836,0.0026162590390937245,0.0073743426994331155,0.004895932743363731,0.0015851517881821668,0.0,0.0,0.0,0.0,0.0,0.0,0.0,0.0,0.0,0.0
-0.03418765099220942,0.054772079458163404,0.01976076401918582,-0.02077607623011001,-0.015268704912079554,-0.0039317703775274175,-0.002845695310289712,-1.4383503551618335e-05,-0.016458350072443225,-0.004307637292899275,0.0033995184615950107,0.02425401423600958,0.014626994717174636,-0.02654606954057176,0.012838259228890092,-0.003576339761158723,0.004299429981898067,0.0013401942428668096,0.0020958923095383687,-0.0007938514054745802,0.0,0.0,0.0,0.0,0.0,0.0,0.0,0.0,0.0,0.0
0.008979423531176856,0.004163362259271276,0.0011179350053420582,0.007121975491624567,0.018588132392273422,-0.0014880370754617447,0.002303938722003652,-0.001115885964368881,0.0036285988476527347,-8.03876824161818e-05,0.01575274236710494,0.016918040780579836,0.03802766682426187,0.0048715089642959435,0.032976348911970293,0.0027877590126857217,0.006832450873278211,-0.0001621235270347157,0.0007249777257684067,0.02479356714990435,0.0,0.0,0.0,0.0,0.0,0.0,0.0,0.0,0.0,0.0
0.01478752835891919,-0.017652564801195356,-0.004115696962474593,0.008883724423625776,0.003182152856710667,0.04153303863785867,-0.001429691658080377,-0.0023678795542380975,0.009533547031158714,-0.0052037208572678,-0.004133347698659975,-0.02297254631117055,-0.026239080902949668,0.023844729958649113,0.01760618358621837,0.003630966836795066,0.004457268036466337,0.009465578420983415,-0.0010559476908794674,0.007219148682833475,0.0,0.0,0.0,0.0,0.0,0.0,0.0,0.0,0.0,0.0
0.007354179709292057,0.0589387585639226,0.04816022431500557,0.052656411521827665,0.04865196260330091,-0.0012262652509259734,0.001983704174307237,0.0028221039547721627,0.0038083566835184946,0.0004350808617033112,0.021462982943073822,0.004505398819152127,0.03377504368525115,0.06795333504619906,0.05602090738623597,-0.0017375914247405298,0.0075132968072928515,0.014979657535078685,0.001315704132206246,0.0010721866046330786,0.0,0.0,0.0,0.0,0.0,0.0,0.0,0.0,0.0,0.0
0.033186366679749876,0.05315201055058438,0.0145751627085004,0.055469031304526864,0.059050591074917114,-0.0005595850567238036,0.00384149909432123,0.0024740387421748646,0.003144831803953079,-9.244461438204846e-05,0.01623811727540219,0.04593208523295554,-0.000973012342052929,0.03452624137529584,0.056814122109782136,-0.0016473253765648813,0.0037968227335004974,0.014563296343164354,0.005245523124885527,0.001291271937882109,0.0,0.0,0.0,0.0,0.0,0.0,0.0,0.0,0.0,0.0
0.0459241569168929,-0.024342326533540945,0.024956408314668565,-0.012180414494108503,0.010047362707273666,-0.0010781369181695026,0.005089056486805494,0.0018659258125800287,0.003504931726886008,-0.0003383774460149567,0.02606278621349911,0.031995528830604976,-0.015945475071257226,-0.0109764945517694,0.019600889969762954,0.00211585569004055,0.03601658845838817,0.005632467763249504,-0.0015589556590554915,-0.002670181096366084,0.0,0.0,0.0,0.0,0.0,0.0,0.0,0.0,0.0,0.0
0.025817005728954165,0.002550312008267541,0.031881659360585915,0.046775239863004484,0.0414903145136511,0.001256053549812899,0.004919259394165577,0.0015468628039750027,-0.007689851458136782,-0.0029368251232606496,0.026361999024485706,0.004472141589695785,0.004605244829938283,0.05807863419528447,0.00444484643982694,0.002113408323787637,0.008091427569318554,0.008154292543919472,0.0018784718983914745,0.037975124303061436,0.0,0.0,0.0,0.0,0.0,0.0,0.0,0.0,0.0,0.0
0.05852209477470083,0.030212231009313167,0.03016164894754818,-0.004628485091380707,0.013803449291746837,0.002883635519923168,0.016432956108589445,-0.001501145247071081,0.0017764826401645306,-0.003944373909220244,0.006594081326422729,0.05808004236055595,0.007809789044476735,0.03894263580822014,0.0006960086373533955,-0.0026353998301075114,0.0036981886176387893,0.00732927628951766,-0.005034588115324045,-0.00047693106269680607,0.0,0.0,0.0,0.0,0.0,0.0,0.0,0.0,0.0,0.0
0.03802084780396226,0.013854999420404274,0.022004879390918226,0.03851516366291676,0.024250950185987743,-0.0012602964388857341,-0.0007795175240452759,0.005305856023971126,0.0016073607683907835,0.04334131292552887,0.03946351949143384,-0.0013286377589707516,0.02195950054631788,0.048661501250609016,0.0729356254518519,0.006281996074753062,0.003296231286741846,0.007157706985956451,0.003269344940885605,0.004745494726819784,0.0,0.0,0.0,0.0,0.0,0.0,0.0,0.0,0.0,0.0
0.039395391903309755,0.03939915427754343,-0.012923069395084821,0.02672835431283953,0.07154963642858034,-0.001564427137015805,0.004711725870314614,-0.0008906697098969432,0.0035159911979145966,1.4269073047743966e-05,0.025372522426389738,0.006814197921707501,0.03053253444931679,0.032011774983202165,0.04539308693153594,-0.002698752338887794,0.0026084240013089927,-0.005909852886834808,0.0005697189130009752,0.0040915858980766304,0.0,0.0,0.0,0.0,0.0,0.0,0.0,0.0,0.0,0.0
0.01620696208220924,0.05148302212897215,0.011289577047215355,0.006612256879078214,0.03408453098375202,0.001595294452911588,0.0037284223585409885,0.002019026707326696,0.007168622490247458,0.00048023224222632475,0.01702836964380378,0.01856774608932057,0.00159270324610282,0.008753240903623217,0.024258453713091835,-0.001342430406505595,0.003781129050515272,-0.009197245316237255,0.0045957162604883545,0.001015966563687718,0.0,0.0,0.0,0.0,0.0,0.0,0.0,0.0,0.0,0.0
0.019165026278226437,-0.0024385350190719974,-0.016156339953755757,0.04928520488389974,0.05178447827386766,-0.0035125018408117287,-0.001506255595299201,0.0028301344796216243,0.0025433909484960985,0.00017045983955318698,0.028459034047906638,0.010394498041005288,0.007013305254109905,0.04007398725252023,0.06268597205294019,0.018344783689762032,0.01159873755507816,0.016141652642713472,0.0015712932452689407,0.0002732710443407508,0.0,0.0,0.0,0.0,0.0,0.0,0.0,0.0,0.0,0.0
0.04568745621019342,0.01345238909802998,0.012720555254761479,0.047103033719378656,0.0221603583597288,0.000290656319561742,0.00040894053318353795,0.0006028378618891529,0.006614703622058981,-0.00337485004829076,0.01966042885678645,0.0192906599540999,0.0008978204341744517,0.03276941258576521,0.002871111425042397,0.003532936588011842,0.017438317750539507,-0.0010834782604948346,0.035519517991140885,0.022158788864811353,0.0,0.0,0.0,0.0,0.0,0.0,0.0,0.0,0.0,0.0
-0.041439625789758606,0.03085889113448452,-0.0030355220032985916,-0.02988839387901385,0.00933211411679258,-0.001460048079831189,-0.003857688337586001,-0.0028434044735999907,-0.04214681560545094,-0.0070844429229088655,-0.02791131865329473,-0.0031986683210317095,-0.024730912817924094,-0.04602343706394493,-0.031476445734984294,-0.003816443938433665,0.00041555172212052696,0.0007087111513656448,0.0006118004839400932,-0.004292303867269526,0.0,0.0,0.0,0.0,0.0,0.0,0.0,0.0,0.0,0.0
-0.02194636041425183,0.06553159302891626,0.0361096189209002,0.04414231651709198,0.024123361509404324,-0.0014934582592099127,0.0411589647813178,0.009020736780527843,0.006025759156699272,-0.0022313166529392002,0.016201253278296614,0.020091442914463076,0.03418738405728153,0.06320880775595364,0.024910538032690947,-0.0020622574624467103,0.011191071518440319,0.005765257425488192,0.003580111290588917,-0.001210984963661617,0.0,0.0,0.0,0.0,0.0,0.0,0.0,0.0,0.0,0.0
-0.004989485797044564,0.04758912444123114,0.023588423685408158,0.007350326279637271,0.0302521105194677,-0.0012660831562779007,0.0017425392746510762,0.007930167453200802,0.0019213739397440988,-0.002707045130807595,0.021027679596231565,0.06357496729041805,0.021355666239828396,-0.013238816339797283,-0.004415313547262882,-0.002924245579311394,0.0014276779085181642,0.005151207242346904,0.004276293552584652,0.001075029247603594,0.0,0.0,0.0,0.0,0.0,0.0,0.0,0.0,0.0,0.0
0.029476805015478977,0.029445629061033596,0.024821654390519553,0.029435298091394876,0.01454186284054593,0.0007598116011365576,0.004421364169295725,-0.0012571516729350685,0.011423270500635215,-0.004275133226562673,0.053450604449897986,0.033290644033282885,-0.0006602377955507996,0.05699881514436783,0.012699387336453491,0.0016358915004353438,0.006949809230710586,0.009130068186991849,0.02218664915292964,0.010415583450389893,0.0,0.0,0.0,0.0,0.0,0.0,0.0,0.0,0.0,0.0
0.0077836846664517826,0.02589820516384159,-0.02385990139460249,0.04298219832492718,0.032697352811707894,-0.0030606368485963037,0.006930639471169744,-0.003472052923691862,0.004785138761616289,0.0030669005494726614,0.022879113237079366,-0.000941718621108035,0.009471031210385259,0.028169987446133728,0.04417233393442121,-0.0019813430001885796,0.0023241836870855964,-0.0067377775166021,0.0019376662518650431,0.0032588340041807577,0.0,0.0,0.0,0.0,0.0,0.0,0.0,0.0,0.0,0.0
0.03680815996623671,0.05283913449917441,0.03956303336770027,0.060041478118293155,0.043630925460784134,0.0005815104026627908,0.00266770744810298,0.003707749495379026,0.003772699139512691,-0.0006371658453779097,0.029581486837924435,0.08148455279068822,0.015157605390806485,0.0633097425403437,0.021460285412632223,-0.0004210119727062753,0.002733027003044685,0.010006647289824625,0.0053303455348462925,0.00273747262556816,0.0,0.0,0.0,0.0,0.0,0.0,0.0,0.0,0.0,0.0
0.010160020578569658,0.07540156641840859,0.005161776730107909,0.03740018887297706,0.03368711437131671,-0.0008971886492808405,0.0019135650617201746,0.0002763031442393859,0.004885578459446267,0.002551117442087797,0.027127053733672118,0.027611744642856127,0.010420713372555235,0.03441578724581513,0.035659454608043976,0.002274679997107374,0.00905151992795366,-0.017799785924232092,0.004755332339485191,0.0022472968426997426,0.0,0.0,0.0,0.0,0.0,0.0,0.0,0.0,0.0,0.0
0.014172528239164605,-0.03615497641247096,0.034254128478807315,0.02837174120451641,-0.0027473667926016967,8.736077427830939e-05,0.008183887822055034,-0.0006072431910281008,0.0098067635943009,-0.004760225082255649,0.01715777608992307,0.0002989498699798608,0.06255495794022971,0.024422385717121062,-0.0016342829253909545,0.0003542806450499577,-0.0007308757543632703,0.010079596414502543,0.023452275471521667,0.007159935017031664,0.0,0.0,0.0,0.0,0.0,0.0,0.0,0.0,0.0,0.0
0.010365085007180244,0.036800733866467636,0.04270357113625045,0.020125606637547953,0.029572369988591127,-0.000945478317611464,0.008404550396015977,0.0009181130476287196,0.0031529517773233374,0.0013732420796960963,0.03824190820980648,0.027757971021198355,0.10174151642367607,0.010001684585939028,0.03140447878975721,-0.0006895590571750235,0.00348907581943356,0.009072719204752892,0.0032774050335142814,0.001953651470377428,0.0,0.0,0.0,0.0,0.0,0.0,0.0,0.0,0.0,0.0
0.027775249655103813,-0.010285875646702131,0.020626288054906586,0.03825476643027124,0.04482077849990102,-0.002963121317028995,-0.0020035002034206567,0.007558706807389795,0.0020949429098719792,0.0002204703872120302,0.024495952541780892,0.01676124319755843,0.037031494370237276,0.02284654212001805,0.04573440452379719,0.015222343768095382,0.007630109565812002,0.011329264001904663,0.001530057946245512,0.0012105078474993146,0.0,0.0,0.0,0.0,0.0,0.0,0.0,0.0,0.0,0.0
-0.015578217833239014,0.0020615953357406734,0.025767675593879116,0.0740467876154311,0.03159193182577794,-0.0019554199468008876,-0.0017328318837571363,0.004358124099659812,0.00906604136988425,-0.003012911618573002,0.0017524328504490802,0.0422223176356697,0.038012225921232407,0.09470538863098497,0.02589664011438541,0.0014290640443163612,0.018392072137619057,0.017134033831439528,0.00040600183845301927,-0.000841354442178612,0.0,0.0,0.0,0.0,0.0,0.0,0.0,0.0,0.0,0.0
0.03423729128248807,-0.0024851888114871415,0.02698384588396537,0.039891759071287926,0.021229657995980773,0.001408896898345506,-0.003899286894018439,-0.0011396873065956626,0.005194049117493872,-0.004041068819450214,0.03468180282767179,0.015612042474109954,-0.011511499787200789,0.055150498658005434,0.026700708092347005,0.01483917336626405,0.005135678961632324,0.005068040755739254,0.004169728753903069,0.0014951545998913905,0.0,0.0,0.0,0.0,0.0,0.0,0.0,0.0,0.0,0.0
0.02094879008095437,-0.03441521311467499,0.03836610207220626,0.022180181182965924,0.02488733890150983,-0.001725061643622694,0.008131185701893494,0.0020022294233520907,0.007066354158161904,0.0021374728440986136,0.041437904556326434,0.021804652333052194,0.10648879069909727,-0.0003680885718878132,-0.0013705132605428482,0.004445781366946849,-0.0009328331089012858,0.005588003854543491,0.0010745274997966256,0.0009739921450950959,0.0,0.0,0.0,0.0,0.0,0.0,0.0,0.0,0.0,0.0
-0.007470320856704519,0.02221341900894219,0.014331321955951269,-0.02136885250665811,0.053813486493016385,-0.0021175526091397096,0.0027765889928794336,-0.001712220016691457,0.0050809770081805435,-0.0022400867483164735,0.014314744475437608,0.005583289226410705,0.005272132293078038,-0.015528412732005193,0.010511597559694674,-0.005135082400167467,-0.0018168920598796371,0.011522043309288611,0.0007300825206251009,-3.866579357266613e-05,0.0,0.0,0.0,0.0,0.0,0.0,0.0,0.0,0.0,0.0
0.02978355418093053,-0.010954004613345386,0.023659717517200033,-0.007331538985332819,0.01563549916172123,-0.0011202559069096612,0.009748062197484733,0.002250491124311188,0.0038308619485043854,-0.0035764253821699956,0.05417795565750726,-0.0008915675549186265,-0.004346451606494962,-0.02065680573842943,0.01704394944916999,0.0032217296334706345,0.0401916503180945,0.006066861533970832,-0.00016937116866907158,-0.0005042579655629248,0.0,0.0,0.0,0.0,0.0,0.0,0.0,0.0,0.0,0.0
0.06665945396770376,0.08271198704366803,0.008752741456291818,0.02852593853043238,0.012329113019750223,-0.0014412032397646051,0.000741398239024762,0.03952365662529168,0.0032783376120176207,0.0010335342587633654,0.03448220203010073,0.016911235072555857,0.03159042472712569,0.052444416562658955,0.030551967614602837,0.0006823265907588402,0.0032380918691952525,0.009858547781644224,0.0028860193191459476,0.0013510632118182253,0.0,0.0,0.0,0.0,0.0,0.0,0.0,0.0,0.0,0.0
0.029786467116485898,0.040424343760271056,0.018745543030654056,0.002565748627021891,0.035321034219041106,-0.0014193301411271298,0.0032990767918023786,-0.0005614906405386085,0.004943152383993396,-0.0023677161082093856,0.017917970264533633,0.06955592520784451,0.026436956033335558,0.00626669008181996,0.027058653564664303,0.0024200118184426627,0.0030011490427428256,0.007177425665332774,-0.014172311957096072,0.0012396907684426213,0.0,0.0,0.0,0.0,0.0,0.0,0.0,0.0,0.0,0.0
-0.007728510501722486,0.07039657278097652,-0.011548301808420543,0.052441427074338305,0.05082631972633563,-0.0017229192502695551,0.0025245022124123777,0.0028966429663975874,0.0031069578139100527,7.645683312383752e-05,0.02525308875139746,0.019706938102941586,0.01814990510774662,0.04740115634491712,0.07021657509439928,-0.0027903183927320825,0.009736932928397892,0.01104335357169152,0.0007207219877053519,0.003014095776823577,0.0,0.0,0.0,0.0,0.0,0.0,0.0,0.0,0.0,0.0
0.00738041101255267,0.05203562992904165,0.03276355701254296,0.04097779758863903,0.04404563598877611,-0.001924341857506193,0.005121982032197089,0.002878574925719002,0.0021639854089398557,0.001857995249465099,0.02795436486199427,0.05858827142993014,0.0439019470108138,0.030690311482181747,0.04543647827386283,-0.0018915742540278483,0.0041256110473581655,0.00880935072405771,0.002168204648096968,0.001637404605736058,0.0,0.0,0.0,0.0,0.0,0.0,0.0,0.0,0.0,0.0
0.019853693086460636,-0.04096773113798302,0.046502571355377983,-0.02477224764756688,0.00306850471397972,-0.002609018862149631,0.0064954673724990876,0.003269785075287358,-0.0010042842678146756,-0.003684874161812013,0.059219526458598216,-0.0173529542693979,0.0038061329897604106,-0.032594543042451095,-0.014683174567669583,-0.0010600255116838576,-0.0028264072776222927,0.006873791732866736,-0.002656111457883577,0.0016431839151812516,0.0,0.0,0.0,0.0,0.0,0.0,0.0,0.0,0.0,0.0
0.007962259574813597,0.044000007004161054,0.025145514021951858,0.05740689787876935,0.05316251571345445,-0.0008265634544264714,0.004494353648196999,0.006123414180526961,0.002872903433419897,0.0012960766190243415,0.04229350749728574,0.0712996592207412,0.007687283234650109,0.02993478347554147,0.061929103540352456,-0.001180213161806759,0.0030191574312245905,0.012107556778774302,0.003517174093098654,0.0025792989704015706,0.0,0.0,0.0,0.0,0.0,0.0,0.0,0.0,0.0,0.0
0.037794449184844696,0.049834302893681175,0.026166869818280376,0.0483263830575911,0.03998875306300811,-0.00047248416487169096,0.003001058498599727,0.0019894669817546178,0.004234661138258189,0.0006440484907439156,0.013681810255416742,0.04038426385148497,0.0273866177850009,0.04944675853570373,0.05203348960349045,-0.000285380085969847,0.00537196376727933,0.010247493602759077,0.003565875381252829,0.00038119546206398774,0.0,0.0,0.0,0.0,0.0,0.0,0.0,0.0,0.0,0.0
0.007132791727102388,-0.026361585956014,0.013548420908884013,-0.011799787410690894,-0.007271794617712042,-0.0019469363640037735,0.0004945664195156856,-0.00022561877022967273,0.0024430455994332166,0.00011037671326763227,0.004978297386806513,0.024883179677733316,0.02135955437902349,-0.03089844636850765,-0.009377807689848505,0.002250449931518096,0.03127985885268561,0.006023619304760802,-0.002803146420410886,-0.005097440182942266,0.0,0.0,0.0,0.0,0.0,0.0,0.0,0.0,0.0,0.0
0.030125099578963487,-0.055975019599907146,0.03854961199132212,0.009981767316973181,0.07487552566643906,-0.0014710053476891377,-0.003853949856581892,-0.0023238831502621804,0.004723703858699236,-0.004043654320235486,0.005075856739311757,-0.014267727960263083,0.0070754454410946145,-0.022770304707400175,0.045915293393099424,2.4615980013425728e-05,0.0022743432140043852,-0.0010706441465951175,0.004742348487542738,-0.0009291801718180993,0.0,0.0,0.0,0.0,0.0,0.0,0.0,0.0,0.0,0.0
-0.011127554085163142,0.038468673370025935,0.024010685699201006,0.05289459218684887,0.043673143809818016,-0.0012817328077279226,0.0021197970017571813,0.0028369857833579273,0.006265412318115332,0.0017677502714993532,0.014169958112278206,0.02949726985301016,-0.00012247100731449718,0.054854491099243674,0.06626833586358756,-0.00018154222849363276,0.007615094957512094,0.009796074403018818,0.002320080101858231,-0.00012344758206184477,0.0,0.0,0.0,0.0,0.0,0.0,0.0,0.0,0.0,0.0
0.021839353638588774,-0.013085326675268636,-0.025468989149669618,0.08549818872034452,-0.019041891983784382,-0.001596501335292527,0.002034857622860238,0.0074902685316686314,0.002194770042936758,-0.0037209966501840033,0.03074788471646879,-0.010415038576577648,0.01419369932307601,0.02112651248539654,-0.027477546321142302,0.007284521096499369,-0.003611610973236851,0.008833783959369453,-0.00025235335826464465,0.0010459217865303,0.0,0.0,0.0,0.0,0.0,0.0,0.0,0.0,0.0,0.0
0.013695068859126323,-0.03145906617949973,0.050296193191151035,-0.035820532329801105,0.0468339498700284,-0.00278806380227001,0.00036946248153708026,-0.001005868650865168,-0.02712493386753374,-0.0026187343579372334,0.03993644976700358,0.0015624681870090992,-0.02422820761333886,0.009908305597333796,0.03334230313239239,0.012493792554888618,0.016996693632796555,0.007601108481021581,-0.0012988218879988484,-0.0006774197916694752,0.0,0.0,0.0,0.0,0.0,0.0,0.0,0.0,0.0,0.0
0.059846307841553356,-0.03330483404759823,-0.02555123219467537,0.013440024588959584,0.004861098425737308,-0.0009352667095103436,-9.832447820122717e-06,-0.0013720785190088158,0.005661136987037098,-0.002173776872651147,0.023959403342027518,0.003144497181111209,0.021777703811984593,0.004113453644772885,0.02089671613234476,0.022308597150897776,0.0020216586818094743,-0.0034506010786924638,0.003509779426086259,0.029978841776005218,0.0,0.0,0.0,0.0,0.0,0.0,0.0,0.0,0.0,0.0
0.016026584875341553,0.059590188191835716,0.04126160146845508,0.015308669882853145,0.00966283358035819,-0.00022762574325941478,0.007836075390655487,0.001616570002957247,0.00324099173875986,5.638268616580359e-05,0.052258120814186515,0.034165295568421516,0.11270859359566043,-0.005030817434045207,-0.015482252413401572,-0.0005967736368345285,0.005169458863938131,0.007329939906705466,0.002565022491676014,0.0012627372899423975,0.0,0.0,0.0,0.0,0.0,0.0,0.0,0.0,0.0,0.0
0.038799471483479404,0.07252366792506915,0.03365961531266755,0.053440043861857675,0.046973971041732496,-0.0001621685427071152,0.0025400213323196513,0.00180924888687758,0.0026217015326233098,0.003944248980590986,0.0234003785935929,0.02695449222829846,0.024176105557615388,0.031315232386270674,0.041381359236082285,0.019949151043046103,0.006994470203793338,0.013439322691388596,0.0024872374187165053,0.002474025947056472,0.0,0.0,0.0,0.0,0.0,0.0,0.0,0.0,0.0,0.0
0.00041756087470540585,0.06759283336399893,0.039962884217355076,0.05945397474229454,0.051182797854667235,-0.0010966281097778787,0.002475562875562171,0.005143876264765388,0.003172118866202505,0.0003569057386994242,0.016726210056530626,0.02091901410011351,0.025940934327266626,0.05839820599607161,0.08110024417111637,-0.0013328175471550205,0.008107941748511533,0.013869243420267118,0.0010156487075171324,0.0011603104791026737,0.0,0.0,0.0,0.0,0.0,0.0,0.0,0.0,0.0,0.0
-0.009870640625547244,0.06388863600228001,0.017961841672209794,0.0559107338767381,0.05338072119232513,-0.0009375150741163829,4.378238199971333e-05,-0.0010414080313920079,0.005234825463000667,0.002489467994164579,0.02479466045234557,0.013439165484662851,0.01914547055326134,0.05877763788468476,0.00983385740180577,-0.0009664503317481445,0.002862461417204011,0.006331144212534835,0.0022932679815321267,0.0001499372124246733,0.0,0.0,0.0,0.0,0.0,0.0,0.0,0.0,0.0,0.0
0.014748378143872407,0.0283610281820307,0.006165253967901373,0.014702343059723483,-0.004680410809736748,-0.0019543450133718593,0.06098903371177929,0.00482799965053844,0.0019330917820118516,-0.002307633801521142,0.018306850785491567,0.041025625296978785,0.018212403399256373,0.008942697878384325,0.015004619334981775,-0.0020661813079431842,0.0025628804540527893,0.011160408665340226,0.002841972359946633,-5.44186193456699e-05,0.0,0.0,0.0,0.0,0.0,0.0,0.0,0.0,0.0,0.0
0.017239186647179692,0.0713753143332768,0.05528807610816024,0.04185799482279545,0.012626909236184621,0.03552097657693835,0.019061071859297236,0.002645637877947096,0.0022572808553748716,0.0018976788842103567,0.03023141555035169,0.044375729004686615,0.03667900618282556,0.023371747236007833,0.002727019755387333,-0.0026237934719671573,0.009635527487010251,0.010682083535544297,0.003682252140175843,0.00019048249898423158,0.0,0.0,0.0,0.0,0.0,0.0,0.0,0.0,0.0,0.0
-0.010155053093739192,0.05357414414108813,0.01975930083558447,0.04259910492327557,0.06066219410265498,-0.0014566071897346847,-0.001487675880318833,0.002046869786679718,0.007744955329828463,-0.0018036431760224821,0.0019588017475694122,0.0026306484976561335,0.019108500671676742,0.06227543313122722,0.0014867002680454284,-0.0003716818718057917,0.005108847513558812,-0.0017412073853233657,0.001732870247747537,4.9094520725171195e-05,0.0,0.0,0.0,0.0,0.0,0.0,0.0,0.0,0.0,0.0
0.05280517179992161,0.03190054688297143,0.029630352753383965,0.01806913585083903,0.0736543528842876,-0.0006348514150374038,-0.0024487111524241103,0.014257500386619855,0.0033336433907219876,-0.00015225331431979923,0.01531908343281945,0.001862936015326704,0.037436501883674124,0.05106636965186845,0.026179519014409354,0.022123777424513172,0.0027475020975879626,0.01514534715836344,0.00107344742726639,0.00035222494757541754,0.0,0.0,0.0,0.0,0.0,0.0,0.0,0.0,0.0,0.0
0.03267669718952581,0.013859568731194566,0.03308155549761747,0.03670310309549775,0.0007052510894479743,-0.0003798959521377405,-0.0012842445948456067,0.01848263040674731,0.007619101517534858,-0.0014252540181384802,0.024314102218417673,0.034891008695651864,0.024706163450767593,0.02731208861426273,0.0042574655549885085,0.022132394453593683,0.006778059095200073,0.013675869627384426,-0.0013770164347917326,0.02199294888245389,0.0,0.0,0.0,0.0,0.0,0.0,0.0,0.0,0.0,0.0
-0.002556189779729762,0.030194759702381304,0.008415680470917631,0.047206400164501304,0.05072790465207951,-0.001893548595752184,0.004045407970618438,0.0004424652712255594,0.004028476016482607,-0.0003176749178678684,0.006037031312344043,0.053491023398405925,-0.006856259448178471,0.022308382178131293,0.06862943602298018,-0.0009177728207659184,0.0034421254146145917,0.014139682005085034,0.003926783319340225,0.0013375894745369535,0.0,0.0,0.0,0.0,0.0,0.0,0.0,0.0,0.0,0.0
0.049751994320842555,-0.04514247591835192,0.028524532757461807,0.04302762169970137,0.052587942060495274,-0.0020266203890801924,0.0030014536205598243,0.004428129570456086,0.006000831511519232,-1.8488966570492393e-05,0.007943971504861296,0.004967436200921521,0.0022581541494458616,0.05388319259391794,0.07482471292085482,0.00037128572436955393,0.008872221008139187,0.016599164602245323,-0.00025478527263068983,-0.0008786765787861998,0.0,0.0,0.0,0.0,0.0,0.0,0.0,0.0,0.0,0.0
0.012522440201213729,0.05405958551974834,0.022892587714911122,0.0072328455641827395,0.02915631945987192,0.0008047534206725585,0.0024000078128953387,0.0017572907445628904,0.0033269149080481166,-0.0017167504260276892,0.03803555315723136,0.07008443984358437,0.004061364685956448,0.027307197658497914,0.041230645138521586,0.0005670972228153354,0.0033120669742570685,0.013682815105075527,0.010128828613908977,0.0204578358956211,0.0,0.0,0.0,0.0,0.0,0.0,0.0,0.0,0.0,0.0
0.04627676639016135,0.026005402058063423,0.027424119521572626,0.0011919941114844823,0.05037431069911377,0.0038816237424322787,0.0030372822339572764,-0.0013670440247980603,0.000537616414250814,-0.0021282991352325623,0.03756594894227085,0.0033624855670882888,0.005474731128875395,0.05358230680951355,0.008000317085151013,0.022204775847714416,0.0015869284024929607,0.012902288630235757,0.001131143691939354,0.002676899004084589,0.0,0.0,0.0,0.0,0.0,0.0,0.0,0.0,0.0,0.0
0.018601249175064016,0.038673805282761674,0.05013266311174028,0.050860997060870654,0.04118868898199964,0.00012939589649327147,0.008062763151774115,0.0015356056396741106,0.001700303373402361,0.0015112801010280573,0.01726749156973677,0.0013895326475747967,0.03587478750754319,0.03264479485178569,0.0423424434744776,-0.0015864481992666401,0.003121214504425285,0.01805570325028014,0.001595903160089048,0.0038211020312979467,0.0,0.0,0.0,0.0,0.0,0.0,0.0,0.0,0.0,0.0
0.015373413597370156,0.05514931819553532,0.014130825123494995,0.0052088698093991454,0.043543339985547345,0.0016902385402979476,0.004962389168179787,-0.000197489976563211,0.003974131238249702,-0.004614256175771558,0.013322978246958689,0.05664854614634838,0.014985107282479926,0.04161050766869833,0.04000467410865689,-0.0004347623541918924,-0.0005276820611571667,0.00989477925159392,-0.010335201283521809,-0.0006681293912343329,0.0,0.0,0.0,0.0,0.0,0.0,0.0,0.0,0.0,0.0
0.012463228259863441,0.013959500580640605,0.02766457795790701,-0.013543147861117905,0.0833275427269988,0.00894176001130522,-0.0016508319887448169,-0.0007313679235670552,-0.0006234753964441264,0.006118315463852947,0.005206675568590473,-0.009064809129230656,0.032113587119320476,-0.02328155023612756,0.046937457849650366,-0.0009933710338975309,0.0010773295253808863,0.008251714201576029,0.0034047473038709072,-0.0008562858794554589,0.0,0.0,0.0,0.0,0.0,0.0,0.0,0.0,0.0,0.0
0.0011451262297989017,0.053213692335691204,0.02977479275156732,0.07560626301261293,0.0335328030903668,0.00031960158582668353,-0.0006883505818371566,0.006989240477754929,0.007801140802707399,-0.002471403195240543,0.014236042232253788,0.10440862731235967,0.013070638851241736,0.07025628044324823,0.016290780970628086,-0.0002206220921606051,0.006879989166263933,0.007959303142711083,0.0038733493768966553,-0.0006734566971409874,0.0,0.0,0.0,0.0,0.0,0.0,0.0,0.0,0.0,0.0
0.016552214442143914,0.035761616447239936,0.03313023774097954,0.009083174071005116,0.021622192472118003,-1.747461403546032e-05,0.004676154562249899,0.001296151572608196,0.002003078024372371,0.027455605355317565,0.035548739396556873,0.050830680890161135,0.07902147015372298,0.01012185323608584,0.034315962098718684,0.0031072865693775394,0.0037570497910172362,0.008917360017515547,-0.018981614751503766,0.0016888879848015086,0.0,0.0,0.0,0.0,0.0,0.0,0.0,0.0,0.0,0.0
0.03155454456501519,0.0019384619308758762,0.03361452683388273,0.053989262081651807,0.03371012940222363,0.0015128636066903804,0.0035485999920589094,0.0025952408268577185,-0.003400908853492108,-0.0035714952168630705,0.039153359781628636,0.007814697507963245,0.0021546749837176847,0.06752974799913705,0.007233874883912767,0.00195651048483461,0.006604806649095187,0.00808526111352447,0.002053080845784989,0.021813386041951693,0.0,0.0,0.0,0.0,0.0,0.0,0.0,0.0,0.0,0.0
0.02217916562673523,-0.02379688276459788,0.01740799939130059,0.03140374836952542,0.021567123246839327,-0.0020535322591907035,0.004332952110770969,0.0008655559530399333,0.0029149025785417735,-0.004910825757559657,0.02824363579161698,-0.025354223844880897,-0.008757628378778857,0.04561683404699966,0.009694826799034207,0.003197666150512256,-0.0005343284091893491,0.011018530678537157,-0.0016384144778684934,0.005678054447278176,0.0,0.0,0.0,0.0,0.0,0.0,0.0,0.0,0.0,0.0
-0.0006801506997130332,0.029198253395322477,0.03240875684543609,-0.02319369819605582,0.028312943724040338,-0.0002466563909747565,0.005432650250582403,-0.0005278714524954764,0.0019695470590026993,-0.0006801379390182106,0.015338340991497374,0.04645982834929125,0.008411479134904594,-0.037935824379351134,0.021305719004502663,-0.005203419850035647,9.103694292954169e-05,0.004724402988426484,0.003820259658148302,-0.0002838623160662156,0.0,0.0,0.0,0.0,0.0,0.0,0.0,0.0,0.0,0.0
0.02572257172922406,0.006769042831760458,0.030924558283418557,0.004437004276125134,0.01951199799198396,3.940350086150285e-05,0.003686133938893644,0.0014333746749879757,0.011945047399875642,0.045578388324811016,0.046662873320490676,0.007778362413699126,0.02962217230700719,0.09534489638454369,0.025251076038838846,0.003422232522195605,0.0010845356504101367,0.010025610080983124,0.00021039967228542126,0.009271915777976118,0.0,0.0,0.0,0.0,0.0,0.0,0.0,0.0,0.0,0.0
0.019351667728829677,0.04388513249395556,0.041534265050887004,0.04554248047025743,0.03882722223414763,0.0009476638656584105,0.006983929358399744,0.0034763777792503224,0.0036098244168979387,0.0015811475295786405,0.04250639412590203,0.03352753953276521,0.041880764368871906,0.039908278854341485,0.04985063004981915,-0.0013673083796560282,0.003569014375838164,0.014988615805669701,0.0013502886436001368,0.0038434779554037328,0.0,0.0,0.0,0.0,0.0,0.0,0.0,0.0,0.0,0.0
0.010162257873548082,0.0281128882188199,0.02036644907602038,0.04572918060478379,0.04187354937123146,-0.0006913482502749357,0.00430561133989578,0.0015589319371960995,0.003616434588918,0.0034130487503813093,0.03223595247563227,0.04460929229418769,0.010079767089979444,0.03705172710966051,0.05472076951473348,-0.0012617286338525316,0.004097631325840973,0.015420360168213385,0.0036731845099319555,0.0023960018245292275,0.0,0.0,0.0,0.0,0.0,0.0,0.0,0.0,0.0,0.0
0.008070324741881576,-0.035564116321507494,0.007784994240445345,0.019063199719538963,0.03212100581216125,-0.00456819930981402,-0.0005181604461785667,0.018299526108219208,0.0004039511670065981,-0.0010947561453185082,0.0321361520098836,-0.022245476237920458,0.034333785123353965,-0.00440469726035487,0.03159267950907138,-0.004067956991515346,0.0007729376040108647,0.010932154779227415,0.00146343821460966,0.0003798391436511765,0.0,0.0,0.0,0.0,0.0,0.0,0.0,0.0,0.0,0.0
0.007235865282919088,0.044023060054044334,0.03643981413608262,0.019113589003815046,0.026136381443208276,0.0013912066813871332,-0.0003516503762630164,-0.0013722064091187059,0.005196133265570077,-0.0007645166295745266,-0.004085424695304312,0.06993039565743465,0.07654358345927763,0.028537278979795713,0.04038865587415824,0.008486372021310145,0.0077695072870880705,0.010232653274990242,0.010531134213553346,0.008339764595996824,0.0,0.0,0.0,0.0,0.0,0.0,0.0,0.0,0.0,0.0
0.028313384645666517,0.06987787364903736,-0.0038455311644435552,0.0755563091805794,0.007309015755614213,0.0007597109448593494,0.028882678584952592,0.0022147923366424263,0.004091845135557764,-0.00242038171805234,0.02426668225836262,0.043121362369973035,0.016455831532907507,0.07735824034454089,0.0034008080774122224,0.0014904557022297933,0.006448805842037598,-0.03970868330528816,0.004225467071428342,0.0009229298763552835,0.0,0.0,0.0,0.0,0.0,0.0,0.0,0.0,0.0,0.0
-0.03342014513947679,0.011983296688167118,0.011126239565070556,0.004645603055896193,0.029142753718784005,-0.0017535331660564835,-0.0006650993345834968,0.02794065014716537,0.006363064166698171,-0.0012370017356670715,0.015506629131305136,0.0376842003796203,0.026424601753368637,-0.024349052365101816,0.007765023484996622,-0.0021734664699831,0.00045670741022673446,0.015537296754034828,-0.0006852220553395025,0.058429051131245434,0.0,0.0,0.0,0.0,0.0,0.0,0.0,0.0,0.0,0.0
0.043221590588886194,0.04680508311428988,0.03484290727351041,0.0006094502004491714,0.03060250610983044,0.00021251093037267336,-0.0016506755793250893,-0.0006807420691268723,0.0038637342623256575,-0.00022005739680451894,0.038848688383031155,0.09106097834068473,0.037333654499866406,0.01142210082051257,0.012006999963584137,0.01641038994440005,0.004551087572595874,0.008739387431419927,-0.006094679250460394,0.011836681980329333,0.0,0.0,0.0,0.0,0.0,0.0,0.0,0.0,0.0,0.0
0.03243438160197183,0.01856935685292023,0.04256337787821835,0.028424929649378358,0.009249539782182603,0.01628286037465888,0.0004698172404797509,-0.0018322210700793978,0.006218789201770691,-0.0012522061113260947,0.008280235487357636,0.027988903071405724,0.020178836197010254,0.03158061172920772,0.03061643553451256,0.0009039502398107836,0.008454706029465284,0.013255027267854966,0.013108695730651869,0.01197684086817755,0.0,0.0,0.0,0.0,0.0,0.0,0.0,0.0,0.0,0.0
0.0032838108937974417,0.0413368583736867,-0.0019988091723435438,0.024567739514999458,0.011028734713614194,0.0015798924626479094,-0.0037507494184827023,-0.0009253667447598366,0.0032533504441573193,-0.00215487299210915,0.004248730580815401,0.10991157438003855,0.009494211272109896,0.03215616881939479,0.04256796650913588,0.016028900700106895,0.005248021381032193,-0.00030451934472019646,0.003809632714830477,0.00934032203241966,0.0,0.0,0.0,0.0,0.0,0.0,0.0,0.0,0.0,0.0
-0.02878397404549066,-0.043578174737204045,0.015119951070149115,0.005955145940849876,0.05684503364160166,-0.0020735861139959755,-0.00027355861710295784,-0.0010596650544177678,0.0054232232730181806,-0.0019610445183473975,0.015328097475633042,0.028502341259590707,0.0009036710216631113,-0.0011349887987784533,0.048406511650915175,-0.0022111045184007917,-0.005506057583831302,-0.015657445608739187,0.0006852765492339175,-0.0036258130707966215,0.0,0.0,0.0,0.0,0.0,0.0,0.0,0.0,0.0,0.0
0.024608318255135004,0.012465992260529293,-0.005923541893486855,0.02308588280906228,0.07739854475109345,0.011497474234125117,-0.002217982800398057,-0.00027563031670138426,0.007481022673939384,-0.0021680431729059067,0.025053357714977742,0.0014182628663673609,0.03462328019388237,0.020898350840613523,0.014368432057945064,0.0013232130281281905,0.0072113536883892035,-0.0037156690627623934,0.024781384374576738,0.0018075946178621003,0.0,0.0,0.0,0.0,0.0,0.0,0.0,0.0,0.0,0.0
0.04516469613114567,0.05597687292996007,0.035709025128019246,0.03794662926469573,0.030443979801401892,-0.0009408170585762524,0.017762011990349155,0.0008885647628468242,0.0022192113282671804,0.0013245528446391428,0.027695663812163967,0.030722008774438238,0.031789503208271216,0.026017553770318867,0.033076553372084,0.02045291816249252,0.007193777754881774,0.014453205186213333,0.002922066987372361,0.0014292739031885736,0.0,0.0,0.0,0.0,0.0,0.0,0.0,0.0,0.0,0.0
0.027108644509015168,0.030124043203540868,0.04022045627960872,-0.0034535037458403085,0.015110754577779616,-0.0020051057449653018,-0.0005426564102950217,0.02648389485333179,0.017904301997646314,-0.003871005512850691,0.03044408430112756,0.0199044428282346,0.04453867993013641,0.05905930733965969,-0.009646766156335026,-0.0012500509388811269,0.0013965441502188502,0.0101115792519083,0.0009483536034255704,0.006135598803905354,0.0,0.0,0.0,0.0,0.0,0.0,0.0,0.0,0.0,0.0
0.03067953376363013,0.04382452082596309,0.022922474117164034,0.005572475416050778,0.03750714094150799,0.000603589621622465,0.03119028028482925,-0.0023474251203345945,0.003093732592785539,-0.0029874618584865105,0.019656868390437433,0.06586930380953587,0.0005839881913819338,0.03155872656590893,-0.013199456686959947,0.012739314454182237,0.0028387004236903736,0.008532751528904517,0.003825133161556371,0.0012574066970020082,0.0,0.0,0.0,0.0,0.0,0.0,0.0,0.0,0.0,0.0
-0.03511946138669599,-0.019066525516730368,0.051534858385481414,0.06664585351357603,0.03547877900883218,-0.0019070751040028689,-0.001953484131893056,0.004243610406406576,0.007522024918102097,-0.0030197417047223714,0.0035227249425626712,0.006202338515864711,0.04610140040547633,0.07235663471038697,0.027747556133893972,5.427927549883233e-05,0.011067610851317933,0.006030039684591448,0.0006270935219778855,-0.0017646772143721883,0.0,0.0,0.0,0.0,0.0,0.0,0.0,0.0,0.0,0.0
-0.02330050878747942,-0.03349241192240715,-0.003395374451001321,0.025762962000189953,0.04359823785864201,-0.0033424606200114933,-0.0009102065469776514,0.0005490032069518586,0.004925507400119462,-0.0036979740024352396,0.004095006567224336,0.030122656212686144,0.0001134796051822165,-0.017604660586680837,0.010697979265909992,-0.002897550595689138,-0.0109170822612145,-0.019014548654690693,-0.0032620874028893958,-0.004308369165058955,0.0,0.0,0.0,0.0,0.0,0.0,0.0,0.0,0.0,0.0
0.017439802515313463,0.04976881446558409,0.030542124438044514,0.056475390336253095,0.05547219860291164,-0.0006868755792652251,0.005373040500067598,0.004048456557786641,0.0031770903114686833,0.0010259677648406294,0.03047922375120942,0.024778894093530845,0.014991017365336232,0.04757212171156215,0.05705277961384356,-0.0021625046602839855,0.004709295654036652,0.015666210687083928,0.0016291628710595521,0.0023526303888508336,0.0,0.0,0.0,0.0,0.0,0.0,0.0,0.0,0.0,0.0
0.040823146068997854,-0.0004891355063420639,-0.010104385405444527,0.01781927820348761,0.04328885118963949,-0.0034794546358160264,0.0062126043239885,0.003097967734517291,0.0025339455711222486,-0.0006023627780776565,0.049329132496324084,0.018978684688944966,0.014022655483311879,-0.0032820279668655935,0.05902135817799535,0.0034282061449123556,-0.00467936974002301,0.026766234877304312,0.0008893757493070598,0.0001468924430857829,0.0,0.0,0.0,0.0,0.0,0.0,0.0,0.0,0.0,0.0
0.04222081742487926,0.04760133161446094,0.003512651451198935,0.04192103512870456,0.006923388847623688,0.0018355463250932227,0.0037925772845412396,0.0011630811532552575,0.00526697319448937,-0.0014325122460969552,0.056116989964953776,0.025536767345655756,0.021675527119074736,0.024583198670111474,-0.0073481367886266006,0.002426134769280621,0.040889201970229196,0.00022749592960705185,0.001184404451537518,0.0016766175979316166,0.0,0.0,0.0,0.0,0.0,0.0,0.0,0.0,0.0,0.0
0.022041616184705654,0.08562589446272216,0.06195208954528615,0.048947246278334654,0.013757593626074859,0.0026709613475649797,0.012628856227360855,0.00202719520723037,0.002188806921240673,-0.001499509967076561,0.02230746067710222,0.006179758081427998,0.13065861443248358,-0.015075749029562522,0.0016377590668101957,-0.0012472292309128835,0.0032194827521659828,0.010426373369152189,0.0016879962527588457,0.003586380915501291,0.0,0.0,0.0,0.0,0.0,0.0,0.0,0.0,0.0,0.0
0.03481604948009542,-0.010764310442276466,0.02342166859688157,0.025803754828672608,0.026402954800334066,0.02685040268883999,0.005251865512043045,-0.0004292758860720491,0.003395257163603275,-0.002709470716834763,0.018337996453775676,0.006791939380361558,0.06546786879185663,0.0007967871725232802,0.012588583866432922,0.004580289598949676,0.005776607937504043,0.008394210931367338,0.02404999628364183,-0.00010157932132749994,0.0,0.0,0.0,0.0,0.0,0.0,0.0,0.0,0.0,0.0
0.017376703443257587,-0.0023890929687443484,0.01972985521631086,0.00682238873403947,0.04304622792772214,-0.0012337386517848514,0.006467557705565149,0.005624887473396223,0.003636336693603273,-0.0013135587560276277,0.04882358939317735,0.010783026286246432,0.00671058244157437,-0.01525822705660456,-0.006184597182503544,-0.0020886711586664878,-0.00047922967818018667,0.00393315291805146,0.0011892831000240305,0.00158914547827196,0.0,0.0,0.0,0.0,0.0,0.0,0.0,0.0,0.0,0.0
0.006417197801571122,0.023512342325625896,0.006172529572863948,0.0038570110110529954,0.050779743777347515,0.00246851650403707,0.0006348712985369639,-0.00015053093547829152,0.005561661337136466,-0.005447300818126201,0.014707006315001851,0.07421558150014897,0.014319756292245535,0.034837698207978655,0.02001449820585718,-0.0006705664578780608,0.003180174425655777,0.005056752592988403,0.006841144226352442,0.018059776270988565,0.0,0.0,0.0,0.0,0.0,0.0,0.0,0.0,0.0,0.0
0.039290155302999015,0.06274130161239595,0.03746128015747992,-0.017316353233949942,0.07534356924507375,0.0008406656025891033,0.004819300938239562,0.0008248409575132502,0.0022771091702391438,0.005141006160204076,0.03142496264152152,0.006792012405220494,0.025704313895865867,-0.015694530979384953,0.05760159166721095,2.2699759062848974e-05,-0.0013826552489100493,0.010171596240883362,0.005144557219354058,0.002514173606762881,0.0,0.0,0.0,0.0,0.0,0.0,0.0,0.0,0.0,0.0
0.0329893943299787,0.013678268265545093,0.0254115026036969,0.045609328921387304,0.013231204967306936,0.001201833164224785,0.007216444511617979,-8.279230855861501e-05,0.008054029849408513,-0.0032534514533998755,0.019256977234485047,0.024113150988106125,0.038528741347426315,0.05090420180857243,-0.0025375807114502995,0.0008252816433449108,0.012388746844343154,0.01071155012657159,0.020682743452084637,-0.0002079784643199009,0.0,0.0,0.0,0.0,0.0,0.0,0.0,0.0,0.0,0.0
-0.011072681904431907,-0.013475418352493362,0.00899101656959133,-0.008143606583647552,0.054479254633982635,-0.0039009718497104366,-0.0019520999196755149,-0.002405259024656672,-0.0036920309547206825,-0.005710877535428758,0.00755778794735512,0.005590018796470239,-0.0027244839178281193,0.07295295527115925,0.026961915620802114,0.0034738728003844174,0.007423899756790989,-0.007107039219250134,-0.0016189972694993819,0.0013292224550337562,0.0,0.0,0.0,0.0,0.0,0.0,0.0,0.0,0.0,0.0
0.01949432089136248,-0.01244602278623219,0.013000475982029466,0.01764689760579711,-0.0036657295311620084,0.02807525079373201,0.0019798629450790512,-0.0009674805440909711,0.006495232555678366,-0.00010590651803917541,0.015480893346728497,0.01530849458072715,0.008395804698350285,-0.02041657801730358,0.007412432007162956,0.003173563495845639,0.009102215224890766,0.00996605178814064,0.040338934834076697,-0.0010749191104307758,0.0,0.0,0.0,0.0,0.0,0.0,0.0,0.0,0.0,0.0
0.051027688650615806,0.03609043548840386,0.010089637437847524,0.0007623357419412481,0.020471131977126193,-0.000758866837943183,-0.0010234948492008858,0.0004386932549943301,0.002734468200109763,-0.0013610436364194824,0.021351858092567122,-0.020761105074132844,0.018926190887681688,-0.004498022029882489,0.009170449328515125,-0.0031469971774611342,0.0008355274272623389,0.006663437604331724,0.0033197202467378476,-0.0004414192726424286,0.0,0.0,0.0,0.0,0.0,0.0,0.0,0.0,0.0,0.0
0.026039176191913586,-0.0017575392674221667,-0.012176764272668986,0.03292915899859324,0.03366147963211755,0.0570159152772145,0.002876745397773289,0.0012547671589859368,0.005099911846593676,-0.001885887118902581,0.04132541727585685,0.02120479655484344,-0.0017926693442447416,0.04044276196995485,0.053911390489320934,0.0037870054218192427,0.011706608342925933,-0.04417647196362887,8.76067630341329e-05,0.0015578429387056209,0.0,0.0,0.0,0.0,0.0,0.0,0.0,0.0,0.0,0.0
0.019987514362910554,-0.00885156986172367,-0.0021141985581874666,0.024725228063263018,0.0018750609656485843,-0.0009702067799143943,0.0003581295506388755,0.001921868365737516,0.004559027495962679,-0.004940269789700456,0.017746570459544208,0.0011087874807941655,0.0162220505549303,0.02260441293509717,0.00036423070091009017,-0.0022949885398468733,-0.006151903761553642,0.015320958268116913,-0.0006745982487727503,0.010507735551694191,0.0,0.0,0.0,0.0,0.0,0.0,0.0,0.0,0.0,0.0
0.01415481520263341,0.027590389535461966,0.022813798162018183,-0.0012244217203198472,0.0077438751114467476,0.004383704212075225,0.006525169327448793,-0.000581094997407808,0.0015932984417008703,-0.00381295342340619,0.05337934532619497,0.027520121134520337,0.11300599191757765,0.02957334085987489,-0.010542059369731648,-0.00017978994009478538,0.0033247132595500485,0.010232332580757897,0.0037684927032173763,-0.0005474712031455467,0.0,0.0,0.0,0.0,0.0,0.0,0.0,0.0,0.0,0.0
0.004215787954826088,0.04442410025563005,0.003171804357191329,0.03524103612282595,0.03586322384908319,0.04588190440035066,0.013684277314561408,0.01750841067443418,0.002593326808852595,0.00015879962301545563,0.05761814342032335,0.020339066995682123,0.021330147156248463,0.023386299608271214,0.030085783767241737,-0.003930731536098813,0.007505146116368571,0.016607387077367853,0.00341662445301925,0.000790087041257781,0.0,0.0,0.0,0.0,0.0,0.0,0.0,0.0,0.0,0.0
0.04059506079468201,-0.023858127128455867,0.047428611162952085,0.016824987998203363,0.015328613221221267,0.04819207103657917,0.0019721805360528124,0.001528785152573487,0.00159238438677018,0.019674361910886645,0.010322048265767393,0.027036392388726287,0.027382088041779173,0.01930707380947983,0.01941310333962058,0.001773937664886131,0.004252303340761806,0.007928680558845016,-0.00024051935238663904,-0.0001501979133958097,0.0,0.0,0.0,0.0,0.0,0.0,0.0,0.0,0.0,0.0
0.017667640271378664,0.0456049240141436,0.029379048105208194,-0.021091215863206628,0.016913897758538125,0.001943724756918577,0.008250009631214441,0.004328436763954315,0.002198626046644847,-0.0007696368858060761,0.027904627338076204,0.07266850224165643,0.1184580656333134,-0.006114225223437626,0.039132902330903836,-0.0007752283020035409,0.0029203948631328263,0.005353117795556565,0.002466077497445366,0.0022819083467403123,0.0,0.0,0.0,0.0,0.0,0.0,0.0,0.0,0.0,0.0
0.04417126844317631,-0.006321190607841292,-0.004720095009821346,-0.01957105977395056,0.05313835119179429,-0.0010218403395711798,0.0067169126473440015,0.0022329569867313615,0.006120196267200948,-0.0022697318095888197,0.05543988563860304,-0.0014171210539951295,-0.002954610260837559,-0.02874983637345887,0.03479497221164522,0.0010167162353235694,0.0410768913017333,-0.011787351228701752,0.00017132334250933245,-0.001683149570443135,0.0,0.0,0.0,0.0,0.0,0.0,0.0,0.0,0.0,0.0
0.024197699434441042,0.051313864927417546,0.002562687154550354,0.04874987917747726,0.046015838033753025,-0.0010229717341854346,0.0012882117020516111,0.002009333883119213,0.0023830022985923596,0.0009663853978302312,0.02405415934221761,0.09198367835599269,0.04193419139368423,0.03681599218172037,0.04875215580355433,0.0143576270208148,0.009787528970584972,0.014928720179867948,0.005556659104770649,0.0020869544921179027,0.0,0.0,0.0,0.0,0.0,0.0,0.0,0.0,0.0,0.0
0.004914698732732586,0.05762087654673109,0.022786331775224232,0.048015138560558564,0.045841992837388074,-0.0028851817868722402,0.0018972201257886237,0.0040962917536143326,0.0018877718686560114,0.00048761085589711607,0.010953325836873057,0.05956553422092907,0.035338966369634094,0.033909347042236734,0.047459507057144544,-0.002667183301661568,0.0069726050162780915,0.009155187944340825,0.0026622256942006226,0.0007093299706778408,0.0,0.0,0.0,0.0,0.0,0.0,0.0,0.0,0.0,0.0
0.0012094530681516858,0.05495382655624299,0.0391044247821168,0.05002512733561893,0.044762467312804574,-0.0011039411346437933,0.001979442928298432,0.0020587455853848706,0.0036508797675466192,0.00033047220647908665,0.0198309943452625,6.822289075104175e-05,0.03826479438933081,0.060998844114612386,0.057050619804660654,-0.0014110054459581585,0.0069218127704683535,0.014267050794235705,0.001166327420127975,0.0010794966161458434,0.0,0.0,0.0,0.0,0.0,0.0,0.0,0.0,0.0,0.0
0.04687487006361472,0.00789289476466806,0.0233139722236416,0.0012545989367214946,0.06523527683181574,-0.0024049266796842515,-0.0010570972304618925,0.032258081336029164,0.002804091315195366,0.003445344873009487,0.03669907372830665,0.007167037361371975,0.04382277851765244,-0.023987534577186956,0.007384639493833245,0.018847374362170783,0.007330924607876833,0.006352929495635431,0.0019590871638934795,-0.0017441076151554504,0.0,0.0,0.0,0.0,0.0,0.0,0.0,0.0,0.0,0.0
0.01766520247771882,-0.02707707539763534,-0.0012207832217722972,-0.0067814223084489735,0.004634994914684131,-0.001456597224984357,0.002658021446611991,0.0006363403476345942,0.0014176579580121196,-0.002513415505199156,0.04512781614563391,-0.01563437029986113,0.028850455007994446,-0.026646355356420307,-0.02003669081706511,-0.003486549252001515,-0.0002259768173278747,0.008704477182361814,-0.0008646407612942778,-2.9491398273215283e-05,0.0,0.0,0.0,0.0,0.0,0.0,0.0,0.0,0.0,0.0
0.015193895037268234,-0.017936404695068586,0.034909599706206655,-0.01147772036060742,0.006108200369317747,-0.0018378992903088742,0.01714136730042053,1.5341978797009827e-05,0.0007438567591337857,-0.0017515107241033072,0.05630223408099966,-0.0090769830129465,0.07348723929078138,-0.05013609511518104,-0.012649641663290715,0.0019465638416401331,-0.003545252140493887,0.006387849309315006,-0.0010857713141481133,0.0009827277626393777,0.0,0.0,0.0,0.0,0.0,0.0,0.0,0.0,0.0,0.0
0.0195687560741088,0.038859329248493626,0.020931064042189935,0.01694867094328049,0.05842905597671409,0.021681174541915885,-0.0007351819640745958,0.008841512238414185,0.003807775010834765,0.0002667730834539261,0.03803450742665669,0.016710096706256592,0.020516713495470133,0.047007679732111576,0.025193634550267227,0.0011205685228771677,0.00219289649138632,0.008199133054847135,0.004090205017125703,0.0008472247245988854,0.0,0.0,0.0,0.0,0.0,0.0,0.0,0.0,0.0,0.0
0.02994022897072381,0.06631892013027459,0.032432690292732894,0.05245654998804707,0.049851771885094695,0.0006768523319008148,0.004891090100583744,0.004049005039930796,0.0018087995223423576,-0.0002767324223717606,0.02020197220091591,0.06626293938074175,0.02422265697516289,0.026876866585151156,0.061514369006784836,-0.0011678467462499628,0.003732126957162654,0.015759922277844732,0.003969301798450193,0.0013691411852288296,0.0,0.0,0.0,0.0,0.0,0.0,0.0,0.0,0.0,0.0
-0.02658963634392242,0.03509771315280528,0.04103188438445719,0.07239533464611003,0.07045741323058749,-0.0003204445808934081,-0.001601062676874373,0.007213805754206215,0.007319681711833603,0.0010074304582430207,0.0012654105957156125,0.0017798424713300683,0.04946515469200297,0.0555082566631338,0.06554619894212194,-0.0006402788636358915,0.006790356443074875,0.006113529498539435,0.002775365804719952,-0.0008943588631833717,0.0,0.0,0.0,0.0,0.0,0.0,0.0,0.0,0.0,0.0
0.03158539139631073,-0.05805872095856606,0.002018233041462062,0.02299572319327494,0.03821486818007869,-0.004598041094486798,-0.0014108592151823858,0.002074045813578712,0.0020336425391892362,-6.750913710027146e-07,0.03630582284744706,0.017278579552079933,0.028018733796300502,0.0076407300477079115,0.04087041762136753,0.02224718163352265,0.006328852440061054,0.010889536201627668,-0.0002450234168508437,-0.00046684140717877454,0.0,0.0,0.0,0.0,0.0,0.0,0.0,0.0,0.0,0.0
0.026685630744951436,0.06470795283601358,0.00906501476876441,0.01190253489569781,0.007036473712218282,-0.004929945871277987,0.030557720262234505,0.0010384987739278,0.00010722812162434952,0.022574690274347383,0.016302138138244496,0.023472712531491843,-0.009805891848920195,-0.06057611201382937,0.026910720129825233,-0.0031390190343185175,0.004810167380636145,0.007109831581375297,0.0006681932739658912,-0.0007769415366008476,0.0,0.0,0.0,0.0,0.0,0.0,0.0,0.0,0.0,0.0
0.047113248602994186,0.037634364470288145,0.042017243264487275,-0.0187352816995419,0.003574991037360886,0.0005074787531495555,0.004902345207251596,0.005833928505212388,-0.000828534373410993,0.0016671789573533167,0.029017540569182546,0.0019262233764150713,0.028496753172189977,-0.027441725956554315,0.007619565730386539,-0.0016170280716429164,-0.000519223586879197,0.005752996026121887,-8.987309276276876e-06,-0.0012964836564385654,0.0,0.0,0.0,0.0,0.0,0.0,0.0,0.0,0.0,0.0
0.04732683487241415,-0.019086215833565578,0.0406179587911262,0.0385003360936505,0.049831441420719956,-0.0017665513090811414,0.004748667214234336,0.0025349539852461667,0.005148070427361811,0.00017798177562831046,0.0075669186303590616,0.02929610931991679,0.0528231785441556,0.04655228571469766,0.060247723365715364,0.001867527873448893,0.0058846922000585465,0.01621585702130217,-4.485127758359727e-05,0.00027867829056654704,0.0,0.0,0.0,0.0,0.0,0.0,0.0,0.0,0.0,0.0
0.024541211346332446,0.035656236589139724,0.017410170850239437,0.01145473651415513,0.05773670792204122,0.023771049234070432,-0.0003996391751986467,-0.0009376843350331007,0.005046871558007937,-0.0016068988644924898,0.032394426607346906,0.06849842278861165,0.04618111929219438,0.03913868724364761,0.035953348725703084,0.0022495917414168958,0.005589952836695822,0.002014087505284747,0.010928113139273865,0.0004907407733486534,0.0,0.0,0.0,0.0,0.0,0.0,0.0,0.0,0.0,0.0
0.026129339614208068,0.02927528362334711,-0.00047665569749834064,0.04777266054189577,0.05057094649119768,0.02579969808313953,0.003191026796099132,0.0004941664532532516,0.0037324931787901428,0.0015163469028016741,0.04117726898961481,-0.003750666754000888,0.02546931849516427,0.05122107555144962,0.05232693318356877,-0.0020324843354596607,0.007830381086348337,-0.0008260437735877743,0.00253962707592799,0.0017608816141117863,0.0,0.0,0.0,0.0,0.0,0.0,0.0,0.0,0.0,0.0
0.014073317869517378,0.03369658013288177,0.02753312593104255,0.04166080997291318,0.012351875944905864,0.0005971395353091709,-0.003682411181111179,-0.002335705374199883,0.004020343911699409,-0.004323931909668127,-0.0025365784143622796,0.033214895812765495,0.024911946548787915,0.0778073679859799,0.020042254712476625,0.0036805683874356447,0.011974561990880237,0.013409962274888847,0.0168148764094721,0.0008105965787569164,0.0,0.0,0.0,0.0,0.0,0.0,0.0,0.0,0.0,0.0
0.04018116450768796,0.04937479711522588,0.0013972424734728615,0.047708576012641404,0.049206299883386255,-0.0014478457475824412,-0.00415326968584194,-0.0004954801021667881,0.004741793423810678,-0.002822937025432671,0.04004774256242452,-0.004420414201554025,0.005075227489270994,0.039136936402284626,0.03733025367666545,0.0122061871529045,0.008184609338309261,-0.015902913834926233,0.0035553336204257285,-0.00018170594063373602,0.0,0.0,0.0,0.0,0.0,0.0,0.0,0.0,0.0,0.0
0.028582292350866227,-0.007567016451087016,0.03508665913598185,0.05426106694793086,0.06882336358896646,-0.001526995367514447,0.00809532079796057,0.005717833510400692,0.004457452839242088,0.0004914334964219568,0.05020597427422104,0.03341230920234791,0.0075524915309262185,0.03993987580339217,0.07330340262478167,0.0032583592005448296,0.0028181979882748124,0.01439179859878192,0.0013141941721611069,0.0011035828757693625,0.0,0.0,0.0,0.0,0.0,0.0,0.0,0.0,0.0,0.0
-0.012458619451525146,0.033011510224408014,0.020395352641825647,0.09349307802299875,0.031039341857180613,0.00013657029159472376,-0.001259071589777238,0.002376640132315974,0.00967247913685164,-0.0015279829359346252,0.008644053208583287,0.05750174292397298,0.004380458231596425,0.06625264083026423,0.054283182691721034,0.0021913285971152273,0.00538433494785868,0.005360016016450126,0.006190909647607802,-0.0013463683047389488,0.0,0.0,0.0,0.0,0.0,0.0,0.0,0.0,0.0,0.0
0.06025771936778959,0.027635312456382826,0.022679708682132798,0.02404200499952175,0.033997333242811914,0.002452466597202837,-0.0001845151048214366,-5.545050897164591e-05,0.0051847761374138514,-0.0017946517515334344,0.01674518384060102,0.006496068445335142,0.007463355880569712,0.06315041413298814,0.03877301935932909,0.004447337237895533,0.003569870156768687,0.00933215737715443,0.021539382417380605,0.0010416504443108768,0.0,0.0,0.0,0.0,0.0,0.0,0.0,0.0,0.0,0.0
0.0091763983337119,0.047946343259851344,0.027746995310633585,0.010918526209144474,0.01893938187914113,0.0019550201677338585,0.007885300046658994,0.0036216770981930455,0.0031583840171906428,-0.001107375255936898,0.012529482770285826,0.04926610295757529,0.10347762293308677,0.009990301144957792,0.008990671014935201,0.0013774487678988357,0.002618162325828994,0.012611178785039945,0.005091987557025251,0.01752798779741468,0.0,0.0,0.0,0.0,0.0,0.0,0.0,0.0,0.0,0.0
0.005609247878356719,0.04402619416469527,0.015731255881596747,0.05712775524371341,0.011787493562587794,0.0002820043632603508,0.00023501780378788295,0.003101878713948589,0.001925412630978925,0.0007501156828286746,0.030687112310052615,-0.014943397054892603,-0.0003506385707165933,-0.0011415487633832347,-0.007104368243798546,-0.0017349062134809936,0.0031653619358080923,0.006517915367101646,0.0020994781841766675,0.005950212243748971,0.0,0.0,0.0,0.0,0.0,0.0,0.0,0.0,0.0,0.0
0.015700690796704,0.05344967224401442,0.04321307253774375,-0.03819736911692911,0.01303546616127666,7.360836951812354e-05,-0.001580748818073306,-0.0002539370273130487,-0.007487192661837821,-0.0018882548401422913,0.0004870978648566577,0.013671069716414555,0.040407146320705446,0.018647651210128718,0.015221497412649674,-8.934002748360397e-06,0.005875847187426595,0.007080762871717831,0.0002161497661453393,-0.002046702973610406,0.0,0.0,0.0,0.0,0.0,0.0,0.0,0.0,0.0,0.0
0.043013708391720765,0.05556456170032982,0.03384779185890851,0.008465454544571205,0.02453741930324309,0.00015166373020408534,0.002849858881211819,-0.0008165354918644107,0.0035902696357979417,0.0009213077700665736,0.030557335176798612,0.05123865361312328,0.08009394021317402,0.0003690222732759933,0.003315021383755726,0.010406444006534036,0.007917570876472131,0.006077733525751663,0.004257926924833671,-0.0026375511975368165,0.0,0.0,0.0,0.0,0.0,0.0,0.0,0.0,0.0,0.0
0.01284548228450461,0.03358939946890195,0.017712624033039734,-0.0022200845026538085,0.014134149814389619,0.00026969081633100345,-0.00016183731759026836,-0.0015145999666259327,0.007743528916151258,-0.0017892421891416068,0.01638874566718634,0.032314479446660466,-0.013945914693054591,0.017054109715935423,0.03586589463062483,-0.00129874496144765,0.0019884888972220172,-0.018110360201568018,-0.004158053949405913,0.0020138412109119226,0.0,0.0,0.0,0.0,0.0,0.0,0.0,0.0,0.0,0.0
0.01889873755597208,0.04002544256701025,0.040735083467443235,0.050473235108171526,0.04381450560367199,0.0003346795705837839,0.0025889624436903785,0.0020277120872853344,0.004677904396792382,-0.0008820230586031309,0.018481319919180658,0.0015678343767956903,0.033044026011887155,0.07146187818635653,0.049921328274028884,-0.0011863526886876357,0.005170260497451792,0.014525081617751397,0.0008479582646650179,0.0002871532317746132,0.0,0.0,0.0,0.0,0.0,0.0,0.0,0.0,0.0,0.0
0.007327655904116995,0.04392403407317004,0.03815188461756354,-0.009627434585307125,0.018018663991038963,-0.0005277589841154194,-0.001212892442710794,0.015718531361646786,0.0004616703207497811,-0.0013112836429194509,0.03374098946229112,0.05355701572220443,0.06307074308053542,-0.034489175711680024,0.0066992589478937666,0.00019981028728279656,0.0006132340758395046,0.010893870090717777,0.0008412855082770279,0.0026714950437746856,0.0,0.0,0.0,0.0,0.0,0.0,0.0,0.0,0.0,0.0
0.06083439955139202,0.0541637985244717,0.016726368968074442,-0.005787250342578688,0.05486817364199934,-0.0016210972851343976,0.01573915023883519,0.00037533620522885777,0.003483091444884013,0.00021124930945345496,0.01448064763733909,0.02515995497180318,0.008060248523731925,-0.0051614234685614145,0.031024703309832848,-0.0032727291255841796,0.003019316156602631,0.006604477399450679,0.0027593256625085424,-0.0029461442033781437,0.0,0.0,0.0,0.0,0.0,0.0,0.0,0.0,0.0,0.0
0.025236335171549093,0.052977284737016045,0.0011284992967229802,0.022834945875492497,0.034939553216653256,-0.0005328091181390895,0.0010076593123037082,0.0012339076966887774,0.00351694848338141,-0.0016961285541142504,0.032154987050834145,0.07839708775119329,-0.006011938680374848,0.01544047066852616,0.002002648620044564,0.004020931610799611,0.004891721939829259,0.004173497128622968,0.0038596275321588335,0.014146367381184364,0.0,0.0,0.0,0.0,0.0,0.0,0.0,0.0,0.0,0.0
0.011061706956025773,0.04625960412412947,0.0418517835718495,0.05954009114736761,0.04745388058992733,-0.0005941497898096072,0.005552800987385727,0.0015930098681492771,0.0035103163821388825,0.00031952499929973157,0.027218365637293067,-0.0005705041489314892,0.013326353273148843,0.04598634576335126,0.049078171514469,-0.0015065291830328067,0.004496146514111213,0.016984015734835833,0.00295780646516817,0.002661738093444869,0.0,0.0,0.0,0.0,0.0,0.0,0.0,0.0,0.0,0.0
0.023865080051623078,0.026878595226064703,0.018820563721443872,0.04668516979638121,0.04779138287373495,-0.0008714793008208751,0.004416916590551274,0.0017140361933947565,0.0036996401118818472,0.002718247962540768,0.03304276964499493,0.05333786539193829,0.003784921678500159,0.03418502821118417,0.0606742264293823,-0.000656685308814538,0.0041893318112788186,0.013482541969174323,0.004517519109228315,0.001583944198128873,0.0,0.0,0.0,0.0,0.0,0.0,0.0,0.0,0.0,0.0
-0.008590278874164773,-0.011978761185652146,0.04642607563749797,0.03680476028259753,0.051671104021177645,-0.002581655761100806,0.00270575079388492,0.0002842137507983624,0.0039002517198323005,-0.0004022795345706407,0.0024848788778493044,0.02304818911925845,0.06510669603854632,0.010482636156336309,0.03488687411852697,6.493403922420038e-05,0.022345260959635165,0.007485113312641234,-0.0005628071452512443,0.00014064079330498158,0.0,0.0,0.0,0.0,0.0,0.0,0.0,0.0,0.0,0.0
0.012954739789445436,-0.07747598150904936,0.03423983197188511,0.014598612562084983,0.024923983864731162,-0.004104222388833207,0.001336882383639029,-0.0005434785489104202,0.0029338659805672935,-0.0009414208140240371,-0.0034557891259638864,-0.00326160686206272,0.011694831888373697,0.0007499142610903608,0.047086015345632615,-0.0005093352555348976,-0.030808525739134358,0.022874605981593046,-0.0006043903662801535,-0.002966936298878012,0.0,0.0,0.0,0.0,0.0,0.0,0.0,0.0,0.0,0.0
0.029198853078249622,0.05678741580387399,0.030837339024446606,0.02402337352922862,0.017532473187724756,0.0010749426362986134,0.015209788303346234,0.003207954783027664,-0.000375896882408074,0.03840337448266746,0.020042655667411834,0.038556209528185954,0.026223291369331055,0.06754573212006212,0.03728645346083541,0.0008020855003944396,0.0038999866959375388,0.0058182199496848,0.00516565052168967,6.393645556011154e-05,0.0,0.0,0.0,0.0,0.0,0.0,0.0,0.0,0.0,0.0
0.016973393429506062,0.010023780469897514,0.00997362051749404,0.0035094242865247203,0.011346589883363685,-0.0018276418322504386,0.013134446877063872,0.001878684979902685,0.007374328480661619,-0.0012446942660509378,0.03530506141243359,0.016379345118533974,0.011077536777497208,-0.017597794436424976,-0.001151817511247039,0.0039122018727646,0.008879456282075378,0.008897578489822835,0.0010760341697590517,0.030802062119043367,0.0,0.0,0.0,0.0,0.0,0.0,0.0,0.0,0.0,0.0
0.019336339714153234,-0.04450522517049797,-0.008889176779474834,0.028156454398181763,0.043731517843232065,-0.004611968879532602,0.0009836694576811317,-0.004916691809847959,0.007785008127502777,0.0013559654603822412,0.009220530546404513,0.0053600489712593855,0.024553996763325765,0.008452960191247165,0.05031423394262759,0.013189292843001845,0.0203583808564721,0.011944174734003228,-0.0012017804913554014,-0.0007271052583153036,0.0,0.0,0.0,0.0,0.0,0.0,0.0,0.0,0.0,0.0
0.03862037510697799,0.0684389268886405,0.025979383736226786,-0.0028667589689504443,-0.014917195262784254,-0.0005542443411034059,0.004863670032742728,0.027248145453232404,0.0019022944002250776,0.005667918037200375,0.03944002422501061,0.016589733071749557,0.020633943276421946,-0.021687220540308912,0.016960335480361074,0.0008452180265654156,-0.002719687085046587,0.010390214508255615,0.0006113831513915027,0.00015514384616700834,0.0,0.0,0.0,0.0,0.0,0.0,0.0,0.0,0.0,0.0
0.04166611010890911,0.05676063846497694,-0.02831680315613766,0.023948342235724163,0.026284311500578864,-0.0014362784185280775,0.0019555455420779667,-0.0010904157382069129,0.0038992512571978163,-0.00015433306892367475,0.01371072245707474,0.02852995933895476,-0.00894963892514772,0.015154526613245357,0.027401506207946177,-0.00444712974315333,0.0033081437795058847,-0.07229125035706288,0.0017961543754167369,0.0014538653413680457,0.0,0.0,0.0,0.0,0.0,0.0,0.0,0.0,0.0,0.0
0.04191719053984308,-0.010025547990713353,0.033391243171873704,0.018459983298849788,0.005250134567258695,-0.00045130745966412346,0.0031863132470879183,0.0006088640660411227,0.0020511074563748653,0.04362056225420386,0.016882175928771146,-0.0002785570732498085,0.0132389201949686,-0.021537350877849186,0.06380297990079101,0.006562912220901843,0.003472804860473012,0.004386913690262299,-0.0017840783352599252,-0.002065003027265963,0.0,0.0,0.0,0.0,0.0,0.0,0.0,0.0,0.0,0.0
0.013267286465159045,0.014725645599608931,0.0035870753120670587,0.029365733095486977,0.0009470782459484754,-0.0026538463637228713,-0.0036647828239429144,0.010963394673661166,0.002120570580301808,-0.002904083649783268,0.02097771494971828,-0.0053399469399331495,0.00955591498600458,-0.0036039892248208305,0.02602829129907356,0.004199455346140253,0.002791261699018011,0.005349525021855893,1.907129143883412e-05,-0.0020097724429090713,0.0,0.0,0.0,0.0,0.0,0.0,0.0,0.0,0.0,0.0
0.014761194567631936,0.056504481622687,0.02539040275866302,0.06196782755929255,0.053994657547243266,6.366889353668074e-05,0.006382699173641482,0.005037924083489612,0.003505274931585331,0.0012927994525413688,0.021923379848498157,0.05287145209643826,0.006380833364102447,0.038039354751144804,0.058778401576291,1.7778747077558475e-06,0.00457597928114096,0.0154352448059907,0.00324748553087444,0.0035667574008724397,0.0,0.0,0.0,0.0,0.0,0.0,0.0,0.0,0.0,0.0
0.055020899195045825,-0.0076973386085244355,0.05622631279417529,-0.01680570263808232,0.017687581701427778,-0.002622659892881571,0.007128760945616656,0.003453673009619876,0.0020219207879969545,0.0011001691371308867,0.01755163633346904,-0.014014422257135914,-0.005322029921880938,-0.014528463420197125,0.009586176520525107,0.00040595822427988713,-0.0018075595574150289,0.004972029866700587,-0.0007449719140212067,-0.002890373185477244,0.0,0.0,0.0,0.0,0.0,0.0,0.0,0.0,0.0,0.0
0.032010928920327475,0.05963136785931778,-0.00087014264184121,0.04269143127119291,0.04717559768589752,-0.0008403428053167354,0.003759211035449107,0.003521047292082441,0.0033022213539135475,0.0014576313686123013,0.021233202647706933,0.08140025753012979,0.03464603391173538,0.028578662141872036,0.047426397220428566,0.01669683116319478,0.008166010689061087,0.007859569575638076,0.004236730580996484,0.0016389503199735111,0.0,0.0,0.0,0.0,0.0,0.0,0.0,0.0,0.0,0.0
0.024499378955968324,-0.015709687940468942,-0.025735382332047894,0.07142027215015771,0.01580297288751623,0.04622546654312847,-0.002158487724461971,-0.0006302000816176044,0.014095934675604039,-0.002967031717395242,0.006093547348412483,-0.006601809692046441,0.002316366335207468,0.07764997372431207,0.013389769816869736,-0.000875015324991018,-0.008118018748687283,-0.0029838169676150417,0.003789589262542709,-0.0007822240500165796,0.0,0.0,0.0,0.0,0.0,0.0,0.0,0.0,0.0,0.0
0.02871334890327954,0.005134141819706866,0.042132744249595185,0.038719020193922295,0.05311784480330145,-0.00018171060017294462,0.00976225495770069,0.002597211520221182,0.005485451056038541,0.0006526316219385614,0.03977531686726695,0.0333768632704195,0.04429554180887044,0.029331382360608265,0.0682920198600585,0.0029043541088723443,0.022391176052495857,0.0160762098016229,0.00041230146149525516,0.00262848890140854,0.0,0.0,0.0,0.0,0.0,0.0,0.0,0.0,0.0,0.0
0.03423549357328908,0.02621267743420638,0.01866199783327866,0.020024731289249833,0.05684664691643793,0.021614305179647346,-0.0013569115845342547,0.0025121549980909614,0.003753115804510029,0.03797728127883729,0.040147829359877915,-0.00019626322199269204,0.021722195751781984,0.07382516157815654,0.050294758276887674,0.0014362357409694801,0.0027607709190309634,0.010388187672424913,0.0029438555371051178,0.00249961487829294,0.0,0.0,0.0,0.0,0.0,0.0,0.0,0.0,0.0,0.0
-0.002948707386608012,0.06420266005898652,0.04029500177691515,0.041552887450809005,0.03905833097965407,-0.002453384693700213,0.018502891340677216,0.003630439605625283,0.004150311211426915,-0.000560047658320923,0.021466864785871273,0.025878858120784443,0.007725781041179816,0.037527212925960084,0.055074121464130044,-0.0016046171295059503,0.010643372999419226,0.02105158250834855,0.001941337564044525,-0.0007514087278472089,0.0,0.0,0.0,0.0,0.0,0.0,0.0,0.0,0.0,0.0
0.03164583085169068,-0.010809597851173025,0.0010188492772123105,0.015237606025395237,0.06977265970944635,0.04059374677077124,-0.001341592542158178,-0.00018456681272772954,0.007274641507223474,-0.0019424510352064586,0.01735643090654521,-0.00941730311706252,0.020201106192424212,0.041590498450700474,0.04396502411778233,0.003426224409015553,0.0019734222117515554,0.009028864182684816,-0.0006581049380733469,-0.00010412887106329039,0.0,0.0,0.0,0.0,0.0,0.0,0.0,0.0,0.0,0.0
0.025849305261894585,-0.048949511655819664,0.042073270233198325,0.01296294650867339,0.017286819830915186,-0.00187112906672168,0.007702607005590405,0.003848377704440014,0.006949128283702061,-0.0011703084049310758,0.039032970569710036,0.005139087526325122,0.06547092140568758,0.030771902594510982,0.02164104979204176,0.0016849714781219122,0.0011273337547235297,0.009494298037405648,0.0013595029572844063,0.03331805330361844,0.0,0.0,0.0,0.0,0.0,0.0,0.0,0.0,0.0,0.0
0.0031864525819715554,0.05242433381486857,-0.013262953647254576,0.059845845190944914,0.04880290677723136,-0.00251091563499247,0.004487318523716887,-0.008811867751001387,0.0019079615274731564,0.0004609703225354611,0.017688276893135603,0.011332975805116831,0.004934036741563932,0.024577026117014556,0.05112472868444886,-0.0035867133359957716,0.001723853602740042,0.011101383038189765,0.00046455260629147543,0.0028314252623733442,0.0,0.0,0.0,0.0,0.0,0.0,0.0,0.0,0.0,0.0
0.03559301496104484,0.0550801362422855,0.039132015044610086,0.06991386089337633,0.03013282937212286,0.002325064847620941,-0.0008208612036935169,0.0038408573888911936,0.006663400817378265,0.0001307611873817073,0.03861142756146402,0.016534804746895292,0.02442666666142164,0.06717771492758469,0.01958261298920571,0.016991071150391057,0.004095263877748254,0.01605030899433956,0.00406525381684123,0.019195392843460907,0.0,0.0,0.0,0.0,0.0,0.0,0.0,0.0,0.0,0.0
0.0430665802491364,0.05601158704846386,0.01112407188867752,0.04740671681716961,0.04297854899159136,-0.0009694016276665904,0.051694263644682936,0.0035732318133624647,0.0042264838079313334,-0.0008325865679799821,0.03373984512279922,0.02974782215573368,0.03655812757856977,0.05681030276136569,0.025441025666233057,0.008586954406441118,0.007504562404251589,0.005223358752787788,0.004968565640626766,0.0018615365661929844,0.0,0.0,0.0,0.0,0.0,0.0,0.0,0.0,0.0,0.0
0.008377531082830464,0.06893429209890804,0.05859297579989169,0.034240500259016406,0.03308413310827111,-0.002463198368811515,0.015135800156226701,0.0028834154062313965,0.002183476852740442,0.0016239344318999401,0.02060212295910322,0.025666796175915493,0.03271060316274629,0.023280072026552974,0.04712518175262026,-0.0006136811801096654,0.007831646983953746,0.017130698688007366,0.0028982563672736326,0.00039949399287782684,0.0,0.0,0.0,0.0,0.0,0.0,0.0,0.0,0.0,0.0
0.019229346739332027,-0.04312178881955963,-0.023283812765714004,-0.007490678553151549,0.007501377611246861,-0.005023037002718388,0.004284481919384224,0.0007926249603960753,0.0016249051054615482,-0.0022850359993909037,0.053095330389452036,-0.016656602269738686,-0.0028634497587832364,-0.027414616917231148,0.023164271736916486,-0.0006824685307145416,-0.014135250015254366,-0.08064932245829573,-0.0005522005121269572,-0.0018124777391389606,0.0,0.0,0.0,0.0,0.0,0.0,0.0,0.0,0.0,0.0
0.028174651200375544,-0.0508034925441755,0.004957724255091615,-0.0018230237208536704,0.07148045883312282,-0.0013570608147520245,0.003044921007257743,-0.0011354118900784372,0.010034670673934345,0.0013055895534057633,0.027440826236528278,-0.016715100181883755,-0.005762269050222708,-0.008250884415497999,0.014198438358868568,0.021222237283958414,0.020944195374552776,0.006074187263091945,-0.0007520344194831463,-0.0010388909569739914,0.0,0.0,0.0,0.0,0.0,0.0,0.0,0.0,0.0,0.0
0.021258532374984592,-0.025216523701844483,-0.01994877353901835,0.00932338324056152,0.03170542746252865,-0.002480520318957744,0.002561979547185034,0.002302279817990447,0.004871265358485483,-0.0017934738303061442,0.040824495485929264,0.03531136307027219,0.010111816165148838,-0.006611537386334471,0.046102695744255046,0.0018527568998169118,0.004295514600755011,-0.013606583891738983,-0.0012621571185802937,-0.0008803428607608558,0.0,0.0,0.0,0.0,0.0,0.0,0.0,0.0,0.0,0.0
-0.012115887936768146,0.054637190103458494,0.04239824041081233,0.04786067985693988,0.04078369777341531,-0.0012830397031735072,0.005219658827152024,0.0011593679452197643,0.0012571964266150637,0.0004745119488174927,-0.0006700804702189214,-0.003922712086020122,0.039075815245520895,0.01816930402596123,0.052977533939912134,-0.002764059273544256,0.003566589304201141,0.016274461072015564,0.002888031059885344,0.003569628916658106,0.0,0.0,0.0,0.0,0.0,0.0,0.0,0.0,0.0,0.0
0.014071522034773142,0.05433051354009553,0.03111447991988067,0.05994802246773262,0.04252691918430255,0.01900002677857026,0.0029008982007325797,0.0011672989190217484,0.005004229572485514,0.0002396961940776228,0.033093250398969466,0.02056168548626167,0.0067416225255929945,0.06305211173509595,0.04553652185367114,-0.0005204503523354572,0.006940825679792894,0.014678923331489336,0.003179107749499672,0.001323420240742564,0.0,0.0,0.0,0.0,0.0,0.0,0.0,0.0,0.0,0.0
0.028112572142660358,0.010239409969304766,0.03316627174954296,0.04385775160647713,0.01615786372240791,0.0004036855481358199,0.0076742496531463,0.0013078949450199303,0.003035930489431784,0.03709442891127958,0.03170644627940147,0.021273450397303422,0.0091508762922864,-0.016645725937230134,0.06935290595651522,0.004043073281018863,0.00100992450254915,0.008125985764631811,0.02560579566221145,0.0016310482794553048,0.0,0.0,0.0,0.0,0.0,0.0,0.0,0.0,0.0,0.0
0.025791862991204575,0.05628387792899415,0.04439640842482389,0.03568884259167335,0.036488020334950716,-0.001936061603155752,0.011992907960430926,0.0014647390911263591,0.0032160648155516247,0.000731556393239969,0.02327789892561319,0.022242887445406746,0.03658980580312836,0.0382498341960941,0.04996544470607317,-0.002299758241781252,0.007487911118062995,0.019882218375467615,0.0038409076913756795,0.0020319846501845812,0.0,0.0,0.0,0.0,0.0,0.0,0.0,0.0,0.0,0.0
0.022987539423221275,-0.0023237517949659878,0.011422902235267169,-0.03578119460256675,0.01933843165639916,-0.0003066638426548456,-0.0016911069454093532,-0.0036393641975506837,0.002331119981066156,-0.005409384729076632,0.009879527619030232,0.03338281397100213,-0.020339254934053485,0.010840809682928065,0.015917981547389725,0.03690169632344156,0.0020988390862654157,0.005132468484337975,-0.002508007897528048,0.00048619605382823337,0.0,0.0,0.0,0.0,0.0,0.0,0.0,0.0,0.0,0.0
0.013992485949847745,0.08585123235857972,0.023433057413780215,-0.021237357877671722,0.005808939053069939,0.0016138139958797515,0.005672055151645589,0.0013650126842015594,0.0013190405095941226,-0.004063028340613785,0.030169877514366897,0.08070582568416443,-0.003845454060505131,-0.0007519253444374101,-0.012562994780170303,-0.0017285110852256623,-0.0004947042104741401,0.007764839633348855,0.00662709082126144,-0.0009176979502670362,0.0,0.0,0.0,0.0,0.0,0.0,0.0,0.0,0.0,0.0
0.015571823384563917,0.05845407628774969,-0.008084766594632881,0.046153296813257076,0.039818304156669614,-0.0023740715641936156,0.012080773206465337,0.0019944187631576217,0.002295717170670456,0.00018349407809645007,0.010585101859209637,0.028657775001124115,0.025084994500737527,0.03350979321811851,0.060124090603332896,-0.0028707071704448793,0.0046226901087860475,0.007176591872722914,0.0009880204077818138,0.004750181017197889,0.0,0.0,0.0,0.0,0.0,0.0,0.0,0.0,0.0,0.0
0.021361693896150846,0.03857238851954329,0.035418933719734015,0.04101932994331446,0.029863406773881128,-0.0026554708479360114,0.007311181676849177,-4.1042083060665324e-05,0.0008557497881110556,0.00015532701773252497,0.02140905738034214,0.02320760885844023,0.009898939254380765,0.015855389304633125,0.02853958821533191,-0.0020191482104822966,0.00144336437215309,0.01671476681005066,0.0041248488032491855,0.002097648035480364,0.0,0.0,0.0,0.0,0.0,0.0,0.0,0.0,0.0,0.0
0.010538353238408132,-0.010692104388220528,0.015320260534029908,-0.04562616160422733,0.03980409060970023,-0.002128873640571682,0.001236159010735714,0.0002997058253517399,-7.709685779171132e-07,-0.0020409721553635877,0.008165225796480421,-0.014590612482076073,0.008498026616328466,-0.03643319046396422,0.01909781970798125,-0.0020437134179820816,-0.007680163133825425,0.014610421538044429,-0.0021772111800384634,-0.0004346923218429168,0.0,0.0,0.0,0.0,0.0,0.0,0.0,0.0,0.0,0.0
0.01543703274498958,0.015101361473876546,0.0012104185811505853,-0.02928204176187271,0.029529311819941773,0.0018865686382610115,0.0019601469246423014,-0.0015529742592576576,0.0027141633702757488,-0.0034601656367688007,0.03945442733596327,0.05621951736556056,0.037816159883806454,0.018906163338360465,0.03484881164535192,-9.490203791252688e-05,0.003395901544582993,0.0032280143787489983,-0.004550512172574496,0.0009541939432449253,0.0,0.0,0.0,0.0,0.0,0.0,0.0,0.0,0.0,0.0
0.037104385822841396,0.04823343036327319,0.01959389423406761,0.02763632826715592,0.03488649970364457,0.02428088321609726,-0.00185765677442408,-0.0011824999700328646,-0.0010628970715325968,-0.0035540909917174237,0.028604279699338146,0.0668222915230883,-0.010507918424328742,0.044276387478938056,0.03759089277685514,0.000548315579480017,0.0028699558996961405,0.0075343335138950765,0.00728510739539701,-0.0003803251213600351,0.0,0.0,0.0,0.0,0.0,0.0,0.0,0.0,0.0,0.0
0.02819382420784954,0.006141906457190489,0.0032286267431458865,0.03585960604241277,0.03094023787457402,-0.0009603211564022019,0.0018230511212472924,0.001436998484415628,0.004608141210782192,0.03892846913781579,0.0008880280602347423,0.00963912683075713,0.004035944160326645,0.044980605836518424,0.029048633809600995,0.0030531265645437574,-0.006263188405844346,0.0032029965111733394,0.0010002784099183899,-0.0010644947798879075,0.0,0.0,0.0,0.0,0.0,0.0,0.0,0.0,0.0,0.0
0.009559028335746962,0.05648842772832981,0.04071199203497074,0.03794717336798194,0.017162675232529116,-9.994870359180503e-05,0.009695297338945474,0.003361256190117318,0.0013074461724088206,-0.0003143254537294984,0.013602449748153316,0.05341188432561876,0.08816718060660333,-0.009597109138261912,0.0020999202276511877,-0.0007776914715294589,0.005666518620737743,0.006542059639140564,0.002850900227097787,0.0033261172638645383,0.0,0.0,0.0,0.0,0.0,0.0,0.0,0.0,0.0,0.0
0.06268577667181914,0.003940363482154056,0.0367941121326573,0.011619780272410944,0.02762833386134038,-0.00037744614061118766,0.005681069770319086,0.0320685227757218,0.005673513085582679,0.0006415756369212068,0.03555179133973542,0.027764235420739993,0.04961055429975097,0.009223605950284843,0.02740810819482674,-0.00046184316791328926,0.012780826118129689,0.010030355349372097,0.0026381227079603827,0.0004024814543467654,0.0,0.0,0.0,0.0,0.0,0.0,0.0,0.0,0.0,0.0
0.00163462558993251,0.05546739418754163,0.046150452798402616,0.04073310919335661,0.038190158431757,0.00012934761720696328,0.011055689743423684,0.0025914658516139216,0.0030003442582917125,-0.0004178175759778774,0.008854978546962633,0.023367531701428117,0.0927835069510475,0.025353928810005585,0.04853039501453989,-0.0012109632252690038,0.0055424050959948,0.014590930383080705,0.0019241968872699211,0.0018526239061032535,0.0,0.0,0.0,0.0,0.0,0.0,0.0,0.0,0.0,0.0
0.023874486759498957,0.056151647062322375,0.042918709971701115,0.05083054367872336,0.048832906731641305,-0.0003073166661079209,0.0030940133331127666,0.003759342047638067,0.004211823203736799,0.003916367694375508,0.02020713407580419,0.028023914965531742,0.028766691942231103,0.05281081813703429,0.061361855954836585,6.981161399711986e-05,0.00691228043632113,0.012998339077534277,0.0019520188267662152,0.0017965785053160653,0.0,0.0,0.0,0.0,0.0,0.0,0.0,0.0,0.0,0.0
0.03781274573397699,-0.0009886784159262522,0.05888614511315526,0.06267867388509563,0.009690953781497638,0.006975474526367572,-0.00285951100841091,0.004587758953991057,0.009537043234185109,0.0010001593011644703,0.005287036926745442,-0.0033815659227856933,0.030303906260212888,0.06417199737751073,0.0136261126518117,0.00039051997323261714,0.002844568644805412,0.014646344605782987,0.0028442786985586085,0.02458502520848821,0.0,0.0,0.0,0.0,0.0,0.0,0.0,0.0,0.0,0.0
0.04055636028593035,0.05696393194529102,0.03367895344226266,0.051715998507125785,0.04993151863295566,-0.00012615285672945093,-0.0002727504112712072,0.002190506677428948,0.005383839132293141,0.0006151510663595984,0.017132452525501312,0.0061201336563074665,0.0022366691270849877,0.06143609274582922,0.04796465815982797,0.028736551748622545,0.005461557485226553,0.015390200837409296,0.0003534072880456707,0.0006677466833499707,0.0,0.0,0.0,0.0,0.0,0.0,0.0,0.0,0.0,0.0
0.03688325853328165,0.055478763092772755,-0.013716543704354772,0.04767447548334964,0.05558270538576616,-0.0006117061005392605,0.0034629200734954783,0.0008238536516168569,0.00446869888427229,0.0024914217664674687,0.02641560691336154,0.024567130265084593,0.024733249270235895,0.03738103835053669,0.059638411753262566,0.03331520677929806,0.0067578436827902665,0.004472305153748404,0.00032126200164169205,0.00358169588428388,0.0,0.0,0.0,0.0,0.0,0.0,0.0,0.0,0.0,0.0
0.028798712970807896,-0.017156739325190386,0.022184776893660142,0.04850251760250111,0.03758361195505472,0.00012136494634627738,0.00577611489554592,0.004620746855333754,0.002622037100183109,0.0006089726415839701,0.0640066520503148,-0.008780895435316674,0.019444545104413933,-0.04468793472848117,0.06076758249565182,0.0018293591541323193,-0.004368218836619862,0.006678956721471821,-0.0011394842569572548,0.0013089183159359719,0.0,0.0,0.0,0.0,0.0,0.0,0.0,0.0,0.0,0.0
0.03995650189371747,0.055221267148601746,-0.007748578861206819,0.061279193773255934,0.05160272387760869,-0.0020142969354930377,0.00042509241999251555,0.004429686475164346,0.004329888182888975,0.0009363536852955564,0.014517188636368304,0.050143520142395884,0.02087342991902602,0.03895929134482768,0.05689764625485549,0.009961690110083351,0.005886442412486833,0.014159592313630787,0.003185317828631073,0.0007196464982396012,0.0,0.0,0.0,0.0,0.0,0.0,0.0,0.0,0.0,0.0
0.03533439172776006,0.07489878191200572,0.0029276156021434065,0.014099662522177528,-0.012014650634498589,-0.0021472535751669557,0.0008041651087698794,0.003776893173074202,0.0023117800911645592,-0.0015479294239684317,0.018238197215249566,0.08665449596257961,0.01000934256961089,0.01239516179939368,-0.019472450484580052,0.0015922449779267574,0.0048922567734534135,0.0035510431365035635,0.003518685856289649,6.819115056348958e-05,0.0,0.0,0.0,0.0,0.0,0.0,0.0,0.0,0.0,0.0
0.03154477275013499,0.05336018463781989,0.04353335191836473,0.04489945292609452,0.04121955099806728,0.0009894708607849393,0.0028385313810723027,0.0015317587070293396,0.004308095925064817,0.004237473015795656,0.016189740975891067,0.008019941677653979,0.06968226503203609,0.042942913252609606,0.034267152589027926,0.024183217019035478,0.006674000955009634,0.011325489084170744,0.0008683781577840904,0.0011058552569241816,0.0,0.0,0.0,0.0,0.0,0.0,0.0,0.0,0.0,0.0
0.01524849943344544,0.010232150618841154,0.036437894224860275,0.05691232119845154,0.05251678710281946,-0.0027962308989479137,-0.0002815598104858248,0.003795987011304295,0.00253642569338961,0.0008904264229565495,0.02446258039219497,0.022552617781684128,0.028064851060928583,0.04175753154437511,0.05881022010025469,0.015105019982089483,0.010502269808276664,0.0133230200537866,0.0021507315520524137,0.0015000538480927953,0.0,0.0,0.0,0.0,0.0,0.0,0.0,0.0,0.0,0.0
0.05438906157684969,-0.014040730840473846,0.052203339263342634,0.02869607867900137,0.07196502913245359,-0.00268286629466679,0.003564822560487805,0.0030251740172515472,0.0036030365499867423,0.002814992079813913,0.030912784658555636,0.010833003120449918,0.029757647468289693,0.044488888796030135,0.04712687975665513,-0.0012782012763842701,0.002943641756110031,0.007763250253623148,0.0010093891368846153,0.0016263767261080755,0.0,0.0,0.0,0.0,0.0,0.0,0.0,0.0,0.0,0.0
0.03966280391563952,0.04293323742398211,0.007936277754448502,0.048807013747381986,0.05774648002783237,-0.0010189783625503203,0.0034606107494480585,0.0012251461052222145,0.0037769912289249362,0.00013799213236995923,0.01754857331163348,0.03519083248941106,-0.005125548684868851,0.028895733813873385,0.06473171808972948,-0.00011846588738087406,0.0036209498086781744,0.014995616495077023,0.005237503768587192,0.0015531851145141368,0.0,0.0,0.0,0.0,0.0,0.0,0.0,0.0,0.0,0.0
0.02442354944470109,0.008906322191232833,0.033050021639341766,0.050377424968569354,0.06116924544676019,-0.001213989326887655,0.006128812766753015,0.005824263558505003,0.004124816148777265,0.0018529929226184752,0.03623298913691878,0.025340984536027678,0.020024724110399638,0.04704512397660887,0.06980985917092827,0.0016428606712434097,0.005135404598780727,0.015787978913771112,0.00040534152149978306,0.0038218990639021623,0.0,0.0,0.0,0.0,0.0,0.0,0.0,0.0,0.0,0.0
0.014999570892417723,0.04855854380437617,-0.008486945588612507,-0.0039075464554207745,0.014205558517139024,-0.0020789954446012206,0.021693711355206317,0.003890159696981354,-8.391794426905316e-05,0.02696022370647411,0.025124330160663413,0.029710196397974405,0.02520877126315775,-0.02294037615696784,0.022850460614667965,-8.196660409646105e-06,0.003771136144557186,-0.00066044803352373,0.0016542379896936402,0.0008433649560440715,0.0,0.0,0.0,0.0,0.0,0.0,0.0,0.0,0.0,0.0
0.027170220636189978,0.07093518274307319,0.0415222942767671,0.051026592004372595,0.0488031839267612,0.0001710394831216335,0.004239492186589674,0.0036824134968061408,0.006675622110403934,0.0022100357014734674,0.017528201933521868,0.024050398221369104,0.009876423875739164,0.054259001581080435,0.05743222765698893,-0.0012662178199319325,0.007440342702566887,0.015067896008086454,0.0016468441865065465,0.0011017191559836213,0.0,0.0,0.0,0.0,0.0,0.0,0.0,0.0,0.0,0.0
0.059791593343890344,0.04445528325245726,0.003392323795528885,0.04854555302524868,0.047144894832537115,-0.0007047569852915574,0.00031735531707248433,-7.875271719991879e-05,0.0027965610969729626,0.0012691064184284372,0.050584504625288025,0.0022117632044570453,0.015510713136167257,0.048319478300704426,0.053826821064407636,0.024606886035918922,0.007678237249953522,0.01910956819591307,0.002063992086382251,0.0006288359105402116,0.0,0.0,0.0,0.0,0.0,0.0,0.0,0.0,0.0,0.0
0.030546710065864176,-0.003540712997034259,0.014213291795564157,-0.02022494287955524,0.0330372958826272,-0.000899094900133839,0.007857419520761121,0.0012518171588925026,0.002973767007274163,-0.0019365190109133918,0.02284009570032091,-0.006787195207892662,0.006829800736785934,-0.009238038305869906,0.013967763787365587,-0.00022250088103819256,-0.006680532159107056,0.008878171168051913,-0.000759237152962143,-0.0033857622086284705,0.0,0.0,0.0,0.0,0.0,0.0,0.0,0.0,0.0,0.0
0.009885573572466307,-0.01972791035321151,0.052155419026902884,0.03787061022466337,0.009633793854810703,-0.001613698440361922,0.008298225224672344,0.00010302623120488245,0.004915044723733534,0.00015177353838630257,0.009167401128345876,0.036045010599595306,0.033846228929806196,0.004949719070919599,-0.005441581910478009,-0.0028117073535895236,0.002188534099776773,0.005825246877067468,0.002696951945337614,0.0005839361303232591,0.0,0.0,0.0,0.0,0.0,0.0,0.0,0.0,0.0,0.0
0.01791159724330328,0.030684880358292126,-0.006216618102098085,0.020607077709660842,0.0036775081854269775,0.007976212866844764,-0.0029646786397699164,-0.00034000220680194986,0.0026503242092993044,0.06581320622217927,0.0034607734829358587,0.0008231991109849979,0.003927709480425376,0.054586842328278526,0.0943247361412988,0.0034350406089907488,0.0018899268919691727,-0.01504727429317624,0.004627243731115873,-0.0005238661136118299,0.0,0.0,0.0,0.0,0.0,0.0,0.0,0.0,0.0,0.0
0.026111506796966884,-0.008369238778509902,0.030506060942312823,0.046041378408367105,0.004548841822333311,6.543134689291442e-05,0.002221507902579836,-0.0009524651739867912,-0.002869463150335506,-0.006199211031353004,0.02213364409872431,0.002932011512654618,-0.006206145296523199,0.05238465185836308,0.0015881057676271485,0.00023097189413595322,0.0008343246836209632,0.004639252671659388,0.0019382279769512016,-9.077702547837305e-06,0.0,0.0,0.0,0.0,0.0,0.0,0.0,0.0,0.0,0.0
0.03512333859681946,-0.026878867402997858,0.034319854541758295,0.043606027610118656,0.054764521414149524,-0.0012962333175659878,0.00256690711807136,0.0038951002117710402,0.0057324996812489525,-0.0011031593186554816,0.02537081472865667,-0.008567446337759544,0.06950973375941694,0.06245028004336861,0.006841805055796743,0.01578797309394623,0.007116588578374363,0.011355320662743272,0.0005152421505159316,-0.0004937078511287994,0.0,0.0,0.0,0.0,0.0,0.0,0.0,0.0,0.0,0.0
-0.0018249730074544632,0.0922537218877792,-0.01025245351817863,0.04396158991121355,0.003208744038464381,-0.0020539045917666184,0.03559134432970989,0.0025943649614872683,0.0023247405554645013,0.00017116127866094946,0.019320644114471347,0.014221386941134905,0.01300103666143432,0.013986808578348473,-0.014464630690757154,-0.0022058734968900336,0.018229529927871163,-0.00246276512598697,0.002854500373459031,0.00026662399190838373,0.0,0.0,0.0,0.0,0.0,0.0,0.0,0.0,0.0,0.0
0.028345458278940163,-0.018832043337796173,0.023499454868851587,0.06508406381350645,0.012906877512941388,-0.00059273340270608,0.0018996691471448827,0.0032820310728900247,0.0039909313739494535,-0.002590336224146308,0.049460620133292485,-0.009871328273995974,0.015026790443391289,0.07323336577938866,0.014243007372912416,0.0029100625806030567,0.0017704092529511298,0.0072171363289721124,-3.278998724663841e-05,-0.00012298032918650343,0.0,0.0,0.0,0.0,0.0,0.0,0.0,0.0,0.0,0.0
0.050221531706647546,-0.01556831232560989,0.06247889825868499,0.0593900210108155,0.01481171726117309,-0.0008900278331108015,-0.001637710039316225,0.005226672195925727,0.005753534903132606,-0.0018341949420414064,0.015907536190491487,-0.015681256791495783,0.052427545885960845,0.0705980832535572,0.012772238710732778,0.0022193941565767333,0.004280255049265948,0.00938613989908304,0.0007408946175021019,-0.0018813640476039813,0.0,0.0,0.0,0.0,0.0,0.0,0.0,0.0,0.0,0.0
0.036910337040489426,0.04295800106021526,0.02920141583734264,-0.005747492584135847,0.05095719692118354,-0.0007943311947597373,0.0005939368363871829,0.00367019479267142,0.004456960726578387,0.0022221745529626955,0.017466385904146838,0.06447350593310917,0.029632080421879998,-0.004644358512641762,0.05707266941938939,0.014934236452462873,0.0032719702638469264,0.010501533011952233,0.002080796639995994,0.03283714367210693,0.0,0.0,0.0,0.0,0.0,0.0,0.0,0.0,0.0,0.0
0.019599753276908355,0.01733166264712554,0.0038944752235249625,0.05673113817033335,0.042881697810969975,0.0008035498032067094,0.0033620152014195693,0.0014348114356835073,0.004059859600467668,-0.004631025535998699,0.017268609977283546,0.022321120792722346,0.007038879081920441,0.07077726022034267,0.03151311390030822,0.00017999261151264062,0.005053609162591001,-0.03426113574817714,0.021973385837220787,0.0013888236510050487,0.0,0.0,0.0,0.0,0.0,0.0,0.0,0.0,0.0,0.0
0.027801513005598667,0.04834088981067562,0.03594167094523358,0.051283440004764584,0.04440877479396574,0.024379911308663123,0.0011174295363258295,0.003004417532600765,0.0024590546113451655,0.0018026859693523198,0.026188841486472967,0.02493970154389727,0.02287159366419784,0.051257665406780804,0.05841428088538834,0.0010440961187871255,0.005445315550919434,0.01319899629634823,0.003248346571152878,0.0015729720779013,0.0,0.0,0.0,0.0,0.0,0.0,0.0,0.0,0.0,0.0
-0.037447075606780005,-0.013276753881870287,0.0036568971365129317,0.009513238515138873,0.013609851341160793,-0.004115905827381971,-0.0009405968616494759,0.005143511899223633,0.001889402020625201,0.03827036074322527,0.0017518068632448956,-0.006071345359809814,0.006279414547044005,0.025236058740044594,0.05505394647312902,-0.0015976659649523462,-0.0201342866817613,0.011068739685232568,-0.0003297146468746497,-0.0012560439179538968,0.0,0.0,0.0,0.0,0.0,0.0,0.0,0.0,0.0,0.0
0.04011428936690701,0.04750813677326802,0.025188870191368465,-0.0025944875788878603,0.04678261077295626,-0.001675066637077749,-0.0029927154919180852,0.0232823369995777,-0.010643472594762548,-0.0018278912197081452,0.029730994134366466,0.012254059569646163,0.05264851137899676,0.024697647577607805,0.02353744962829201,0.013176055721004809,0.007259125434002089,0.008886220945009984,0.002657297762654399,0.0007316243870688483,0.0,0.0,0.0,0.0,0.0,0.0,0.0,0.0,0.0,0.0
0.016558474258265114,0.0286549576027196,0.010638411949288357,0.04944177008317575,0.026574331204972546,0.0006950109024092684,0.004032626554825933,-0.0008501533164440221,0.007780654676289453,-0.004464140830473428,0.01742012211852757,0.0319559155736794,0.012163632375164088,0.08873573677869012,0.03157134756508155,-0.0005207249055139458,0.007981760117567011,-0.022786145290371602,0.01824089116534444,-0.00010288146282625977,0.0,0.0,0.0,0.0,0.0,0.0,0.0,0.0,0.0,0.0
0.017424579183003365,0.04181944549323054,0.03682196675632421,0.044559062619000354,0.041313315967664965,0.00011197509595838383,0.008624486248306959,0.004469334111443343,0.0030733203154677566,0.002016211838147211,0.02937408150607584,0.04393582676537464,0.07952689429709738,0.025329445439697687,0.05558944070791912,-0.0009620030280117954,0.004657418208943428,0.009932920994631753,0.004072208625757965,0.0020316659743380046,0.0,0.0,0.0,0.0,0.0,0.0,0.0,0.0,0.0,0.0
0.03875718011770458,0.04381333346827327,0.0028301053279907963,0.006784999610095616,-0.01108818066630987,0.001968398164010296,-0.002739509476143362,-0.0006620110810868782,0.0027944441574956564,-0.0033147056152938175,0.045310329596774654,0.06345491592767173,0.023523549416428403,0.002994614024062683,-0.020090769204224587,0.024425439245555382,0.005072896196871101,-0.021267477166438262,0.005735992201477204,0.0004180528754563522,0.0,0.0,0.0,0.0,0.0,0.0,0.0,0.0,0.0,0.0
0.02752318330609489,0.043705854427783124,0.031862619502297365,-0.012686829719993744,0.04891635196220694,0.00045708064017463944,-0.00025269722448783237,-0.0005204434639082387,0.004182954485651191,0.00032830529054383685,0.012567279245244698,0.024290375804142974,0.02497528638589195,0.028089130825549802,0.010220103729555735,0.006498978011472494,0.00017707126322886397,0.008897085496127822,-0.0001844374100933702,2.8747754050087976e-05,0.0,0.0,0.0,0.0,0.0,0.0,0.0,0.0,0.0,0.0
0.05754741224636649,0.06533139244410231,0.032592078502478306,0.044899412912407545,0.019436950711481053,-0.00024283264445372778,0.0020371614457708113,0.0024696885644771966,0.004831527332805052,0.0020909271318746998,0.015757566980792427,0.02941621584475424,0.06364728116090557,0.042077881127192455,0.019180380270030953,0.0016823816314756055,0.006921926608321029,0.008446073360953139,0.0006397769061491915,0.001127422922569514,0.0,0.0,0.0,0.0,0.0,0.0,0.0,0.0,0.0,0.0
0.01165345030400692,0.013283111384596893,0.010646937701804124,0.050440965201289434,0.006646268963904484,-0.002002793182064055,-0.00027502309813507575,0.001440579495579758,0.0060372871113170455,-0.005521344822923163,0.02426615126148482,0.010581845791844652,0.001851350020767611,0.03617546719626152,0.009896858612659674,0.003829467339601228,0.00593152717485798,-0.026368268675106186,0.0025764921079242387,0.0008754004433535233,0.0,0.0,0.0,0.0,0.0,0.0,0.0,0.0,0.0,0.0
-0.004685411649930558,-0.054557903806554675,0.030776049091820294,-0.00032306396476981813,0.047374532315606614,-0.0013362285226969672,-0.03670814888688891,-0.0013560568966191158,0.0013355656042265093,-0.0038973663796031443,-0.005220739676613769,-0.023846772498306554,0.0017778807971883454,-0.0412920747293741,0.027536865469421974,-0.0035721060233023377,-0.003375742737354551,0.0035759005509646323,0.0017991153864285797,0.0334685741119872,0.0,0.0,0.0,0.0,0.0,0.0,0.0,0.0,0.0,0.0
0.025256399420726477,-0.013643926307533513,0.04233635155390105,0.03651612421089958,0.05222657360517676,-0.000606679882680159,0.008017396114131024,0.004993276482395372,0.0032322648088609946,-0.00043009588515515145,0.047921045889961766,-0.009449284146723773,0.051219620215757065,0.02021880061764932,0.07350562562513616,0.0013312850687340343,0.0013822843906995312,0.014453795313539613,-2.919192504395135e-05,0.002659587122353531,0.0,0.0,0.0,0.0,0.0,0.0,0.0,0.0,0.0,0.0
0.03591147668126837,0.04210933577235688,0.01858928352053538,0.022943753928265236,0.010761862631706906,0.019186490107810452,-0.0011169220125946623,0.005416920366116613,0.0020092351923383846,-0.0009411824035127705,0.01831742162591294,0.09970063767203213,0.0345967723162237,0.0022662415817424667,0.01661116625038334,0.0010868000077076548,0.0023601366809316957,0.009213594354499697,0.0018639584272713678,0.015416856514552116,0.0,0.0,0.0,0.0,0.0,0.0,0.0,0.0,0.0,0.0
0.03413823185788698,0.03692127224408813,0.023977756855802487,0.01858115206150875,0.045095841927261744,-0.0004339163398745844,0.003623449975193474,-0.00020559812138735815,0.005750939334931302,0.0015468156645581969,0.023924197588237574,0.03812612908156598,0.005842530110030736,0.028343172510373632,0.041905484227059274,0.00050703806505431,0.0010847578020399568,0.008307196923609707,-0.024891622083657437,0.004159009531263948,0.0,0.0,0.0,0.0,0.0,0.0,0.0,0.0,0.0,0.0
0.03353522053660825,-0.014163988667671828,0.03648102686825683,0.015821055747784276,0.058664022517414344,-0.000751975248949657,0.008521847786031458,0.0033007375386818628,0.005074487261606739,0.0004503851024762823,0.06725448676508632,0.02878561268563131,0.011015375184806178,-0.005412383039212026,0.05039508615771362,0.0011261018297281243,0.003705589841919271,0.006743654067915454,0.0017011327254624284,-0.0009436364457404812,0.0,0.0,0.0,0.0,0.0,0.0,0.0,0.0,0.0,0.0
0.027049589378313393,0.03743151061928748,0.03169232069500768,0.05876604123470198,0.0437580725446847,0.02462029025116605,0.0006832194790459583,0.00014469521583442292,0.003495372192321972,0.001050220698922197,0.036950996665676666,-0.004268003664955563,0.0297670394486101,0.04272629330021972,0.04256489459779242,-0.00019530762538560588,0.004675420517519671,0.014163052978788677,0.0031940510960405456,0.0018638657410068563,0.0,0.0,0.0,0.0,0.0,0.0,0.0,0.0,0.0,0.0
0.06520025207635213,-0.029093628217004848,-0.009755981090031562,-0.002944823062748833,0.045394054192423997,-0.00034817236992195933,0.003989638300849784,-0.0009747810574611429,0.00329076009876125,3.661432197698324e-05,0.031937318454957855,0.030213954560533562,-0.00544146728069786,-0.026580161468854425,0.024341356182975935,0.002600858426882716,0.013231379189782448,-0.0353508699493456,0.0005910568424837355,-0.0016157610315428255,0.0,0.0,0.0,0.0,0.0,0.0,0.0,0.0,0.0,0.0
0.04355242748196059,0.07203932068537182,0.02541238611951503,0.03212073864272827,0.043789926413217085,0.029219710864892456,0.023715715512331557,-0.00012900163434721113,0.0037684807562783106,-0.0001293804566999247,0.02216736020013244,0.036439597934697504,0.003898030568259673,0.03826360814046037,0.031744674207184256,-0.0016788562083067068,0.006598125337746436,0.009484045919491955,0.0037577408855905075,-0.0003130542501327005,0.0,0.0,0.0,0.0,0.0,0.0,0.0,0.0,0.0,0.0
0.029311404673668783,0.045180571842655705,-0.008301229195878782,0.0456737466548161,0.006807095155809034,-0.0005629472811126564,-0.0011119899773368168,0.0019118123145081454,1.690695870702836e-05,0.04484763986231558,0.014476283258055821,-0.0017075257595081323,0.004476627110323896,0.06491645376041127,0.0722136015175592,0.0053413738177077695,0.004458210527373778,-0.03182976387083129,0.002662620176801169,0.0011097339144066232,0.0,0.0,0.0,0.0,0.0,0.0,0.0,0.0,0.0,0.0
0.014843377822432237,-0.010842390708461531,0.005373230181527315,-0.029687116617555173,0.025262627347836904,-0.0012236506560907626,-0.0031453102004698284,-0.0014768788059485423,0.003940952891476326,-0.0017752029261459664,0.02989193463979234,-0.008773413999187013,-0.0002223216562847799,-0.02771196850988683,0.04028836724361888,0.024715493471126455,0.004245194582731846,0.004983053464555589,-0.0016413544289505043,-0.003323026015744999,0.0,0.0,0.0,0.0,0.0,0.0,0.0,0.0,0.0,0.0
0.01392522411063447,0.024967347283921488,0.008368606101961912,-0.023722777234005298,0.0019033296069625207,-0.0006576358657757922,0.004320019260859489,-0.0001108474435416916,-0.007244855517774336,-0.005596441270821434,0.02741100175117261,0.009905851238411251,0.003591854726260339,0.028232064267003924,-0.0015730614501956847,-0.00238915938750168,0.002366776386247123,0.0030487512652351352,0.00421014585325588,0.00015505861047466246,0.0,0.0,0.0,0.0,0.0,0.0,0.0,0.0,0.0,0.0
0.022640205329565708,0.021735134071129647,-0.007802727900632783,-0.02760771175957769,-0.024250276047907457,-0.0010093326006852081,-0.007723947869735144,-0.0016883429275382986,-0.0006441746545225525,-0.0035767854093203535,0.004015774975853831,-0.01235509110553516,-0.00015146630615670774,-0.03896417789402052,-0.0233628702079039,0.002391538357964524,-7.596338352094207e-05,0.008155879150852575,-0.0006852112799898849,-0.00031885541795042416,0.0,0.0,0.0,0.0,0.0,0.0,0.0,0.0,0.0,0.0
0.024706837794931817,0.056846476594418466,0.03582322584047424,-0.0008385140662420448,0.014700313065180624,0.000987329197597567,0.006631514615602766,0.005691494483390855,0.00360371862352781,0.0003186647915636468,0.05552360358886458,0.07073845570247336,0.12943344298286424,0.002783228059092463,0.02126109622687347,0.002020867044128334,0.0025367836167655717,0.006907435881035583,0.0038695182511843495,0.00017610482664496058,0.0,0.0,0.0,0.0,0.0,0.0,0.0,0.0,0.0,0.0
0.049751994320842555,-0.04514247591835192,0.028524532757461807,0.04302762169970137,0.052587942060495274,-0.0020266203890801924,0.0030014536205598243,0.004428129570456086,0.006000831511519232,-1.8488966570492393e-05,0.007943971504861296,0.004967436200921521,0.0022581541494458616,0.05388319259391794,0.07482471292085482,0.00037128572436955393,0.008872221008139187,0.016599164602245323,-0.00025478527263068983,-0.0008786765787861998,0.0,0.0,0.0,0.0,0.0,0.0,0.0,0.0,0.0,0.0
0.01627574811763702,-0.0009407376407632884,0.014403804346152465,0.0037844323855318815,0.020345228227565366,0.036441642527507416,-0.0028474476882624344,-0.00145774816789704,-0.0042433536597668116,-0.004578695577324321,0.05416161091170454,-0.0035592524830404594,0.029475975519993838,0.031628492389783734,0.003074467670010774,-0.0019387942902372329,0.002869170123986836,0.002660106919316712,0.00523077983920802,0.0029361676492664543,0.0,0.0,0.0,0.0,0.0,0.0,0.0,0.0,0.0,0.0
0.011327852804463925,0.04819334296149063,0.0461731788837328,0.048798166195171896,0.04317451670932066,-0.0006794255733157867,0.002517282963705582,0.0016908402352514606,0.0030493124309558394,0.0005809760273850311,0.01981662378163206,0.0011147285706638824,0.03972637719767278,0.044429787415927784,0.04559008538910848,-0.0015277240781206047,0.004899922475681839,0.014612101705958244,0.002180412300364118,0.001524759937273013,0.0,0.0,0.0,0.0,0.0,0.0,0.0,0.0,0.0,0.0
0.04023361004187455,0.02331933037123482,0.0384205672458986,0.0007558360010464473,0.06417535256142262,-0.0005217460039883367,-0.0004272846466404071,-0.0007121043302928226,0.0038173973848590398,0.003522573471505898,0.012649117849512666,-0.00596169407173095,0.037369153004975834,-0.0132259204792383,0.032829010627157144,0.04145310602512695,0.0027500014585219988,0.00909968489768698,0.00016976609220153513,0.0009008355175122072,0.0,0.0,0.0,0.0,0.0,0.0,0.0,0.0,0.0,0.0
0.051361096263880905,0.07268237988539145,0.02267948805467071,-0.025137076110875248,-0.011566489513788929,0.0004065353768773165,0.0010176871210226736,-0.0013109415603289238,0.001576126060711989,0.0059939024907850955,0.015532637707563975,0.00420229489001192,-0.00450749508948234,-0.03619148230390345,0.0037441311740366193,-0.0003389579793179409,6.208095439952048e-05,0.007307083657786959,0.0006223840435113189,-0.00218189235406653,0.0,0.0,0.0,0.0,0.0,0.0,0.0,0.0,0.0,0.0
0.015083323958888931,0.039038976241587,0.03523688920090968,0.055648520945736336,0.03028978559317182,0.0010603978299800624,0.00226344219845857,0.008376170736605619,0.006064147178468678,-0.0009140553823577421,0.03274211700680478,0.0460493391632979,0.08707137502598315,0.06244563470050766,0.00401910142296364,0.0002983255369682446,0.005791827149321351,0.008174752605039531,0.0039047472854528234,0.0010767787225834024,0.0,0.0,0.0,0.0,0.0,0.0,0.0,0.0,0.0,0.0
0.03521642754158823,-0.007521623331777669,0.005099679607290985,0.058605760421201865,0.038390042140100084,-0.00038767661878154363,0.0037625779191779616,0.002057755200223509,0.006313888392934555,-0.0005821636170389246,0.01706733540831031,0.023746866370633706,0.004239789880616422,0.0005886623649832733,0.04942835959742298,-0.00014925428248745463,0.02272020386049913,-0.0029138673417890833,0.045381504895687055,-0.0007120122528993886,0.0,0.0,0.0,0.0,0.0,0.0,0.0,0.0,0.0,0.0
0.030394249487067967,-0.03481152442671019,0.03968735719356933,0.036649289337525225,0.04812454587433911,-0.0015170438786150046,0.007177996038094817,0.005746496936835453,0.005102891706360481,0.00014771448934882393,0.00725677561325651,-0.0014783784655897408,0.09717156279782103,0.03185361461318793,0.063670535064129,0.00039966426256041746,0.006525177147752783,0.016303904563596722,-5.471303252739263e-05,0.0003714817983680645,0.0,0.0,0.0,0.0,0.0,0.0,0.0,0.0,0.0,0.0
0.02118146305523681,0.06445966222420307,0.019823577018001012,0.04073860904923999,0.04499778675691363,-0.0018078747768674429,0.0064782735179504305,0.01704797796692152,0.0022138656216477122,0.0019188379928968382,0.022949084245976754,0.020942394646226197,0.026957690505329597,0.03917446379485364,0.0406239092171666,-0.00325471035197925,0.002927306578079848,0.013583091528868009,0.0020880509875983453,0.003529423409965732,0.0,0.0,0.0,0.0,0.0,0.0,0.0,0.0,0.0,0.0
0.03776510031303204,0.04120961810747824,0.03450870870718136,-0.0028027238016387723,0.040774855892683315,-0.0015524599415839275,0.005894900967386104,0.0003845587269511204,0.005207590064250063,0.05155092442525787,0.017719429221819863,0.01947510535961181,0.08286516541050717,0.026128445992808173,0.046631072368328856,-0.0006106675402214276,0.004870183122639675,0.0075153208370547855,0.0024842144506844487,0.003702254436140408,0.0,0.0,0.0,0.0,0.0,0.0,0.0,0.0,0.0,0.0
-0.02311528916541799,0.05204811890876456,0.026398589388087118,-0.009565553635996761,0.07386037321369723,-0.0013887408788450654,-0.001481508422485806,0.022906545425188628,0.0024518799844807436,-0.0014983687928705226,0.01240450987622985,0.020179996421586605,0.010240834289980842,-0.021904639930774253,0.04724145053813176,-0.0024928785680077025,0.0026855619456907917,0.006963479207796291,0.0013353651378345494,-0.0009658857275208082,0.0,0.0,0.0,0.0,0.0,0.0,0.0,0.0,0.0,0.0
0.043810757957543064,0.04732185527999937,0.024984639668575517,-0.008191964115804062,0.010909515256535334,0.028139605850557272,-0.0014966172478692796,-0.000375393318212941,0.0033516535070275298,0.003677895409452103,0.019224605704320323,0.07987460325845197,0.030104958131182028,-0.011854958241467175,0.03337451096967269,-0.0023396869804866503,0.004413846000236275,0.005117357598664531,0.0024029066650362464,-0.0011462521378644568,0.0,0.0,0.0,0.0,0.0,0.0,0.0,0.0,0.0,0.0
0.005940182504987909,0.03562028964869041,0.022812589102776646,0.020895823563443664,0.02926989835803577,-0.001704748723953124,0.0048084510851425545,0.004214264321393701,0.002227478133999797,0.0011207973551123488,0.03884906514222648,0.032067924739389,0.028042999564186894,0.009880949851730094,0.027313983155530623,-0.002919721677036297,0.0018770276047366254,0.004225761686473605,0.00342478569759817,0.0007537960059058129,0.0,0.0,0.0,0.0,0.0,0.0,0.0,0.0,0.0,0.0
0.0046246937644323334,0.045236719501516295,0.02987295006701861,0.001407301432974824,0.02453143994127307,0.0010397217970693484,0.0003681843747900165,4.338804603194086e-05,-0.015235279504658434,-0.0029636292165646683,0.0029375485377759166,0.05708628474067887,0.07804530164119071,0.022803511198403438,0.0206661836752272,0.0008461098592074616,0.006815221054634256,0.005931424508814533,0.0020387552525527176,0.012210866754009328,0.0,0.0,0.0,0.0,0.0,0.0,0.0,0.0,0.0,0.0
0.0006973446141399228,0.0006081441601789328,0.008885785751271143,0.049579934438628355,0.008679444476294587,-0.00239784599910789,-0.003980437218319538,1.8261350519993036e-06,0.0034378837151642734,-0.0025562750307553997,0.022523749361307664,-0.018096828070119912,0.002167493173393852,0.018447682229637708,0.024729976598503144,-0.0030852395786202243,0.001959922614684799,0.0072887806076626675,-0.000747863850913579,0.0474731148905665,0.0,0.0,0.0,0.0,0.0,0.0,0.0,0.0,0.0,0.0
0.044320385892258285,0.004468790546841199,0.014222358634047525,0.05659259860945901,0.04947029389460767,-0.0020079979629183406,-0.0012605261424786303,0.0022745233268510155,0.004878523934367774,-0.002186524261287458,0.02218300231176297,0.014795973906744283,0.0402879317959592,0.058895183270609316,0.040285223521826265,0.0014818911534707191,0.0025412976122617574,0.010624446417362154,0.0012820859628330415,0.0005721346957949367,0.0,0.0,0.0,0.0,0.0,0.0,0.0,0.0,0.0,0.0
0.05125602436541923,0.059202905541793256,0.02694806007483619,0.05031750373704844,0.038380710129066006,0.0006190645875325107,0.0010656384010116712,0.0046668669820433,0.004102839842653296,-0.000504195676833241,0.03973677978337174,0.024784466576347537,0.007272098243669211,0.05157987486412814,0.01585567278159889,-0.0011295466024568927,0.0036699902882568036,0.012889945257029965,0.002989157578518569,0.002599982460514531,0.0,0.0,0.0,0.0,0.0,0.0,0.0,0.0,0.0,0.0
0.07266533997186224,0.03527659779472916,0.008812913896768712,0.025856601142352942,0.04362783941661958,-0.0020414857726289565,-0.0012612635147552513,0.008076947241173384,0.0024662700730686375,0.0002253001516225717,0.007908581198857267,-0.038361787935844244,0.013306720198428223,-0.03341872960980268,-0.0002469110038462342,-0.002923165709174752,0.0021294313216373567,0.005887711245689938,0.0006655697603317386,0.001900036710840591,0.0,0.0,0.0,0.0,0.0,0.0,0.0,0.0,0.0,0.0
0.011121822895978276,-0.019907802117992316,-0.02164791877426347,0.04859681777428977,0.048232752724443995,-0.004103688940549442,0.0038103303601133773,-0.00127994769120208,0.0026822314885595845,-0.001031063768504918,0.023172568533207726,-0.0008818688084069513,-0.0052598292128420415,0.021258340285674415,0.05632720869489245,-0.00034799740538989,0.0003268782390332062,0.011829028443095621,-0.0008345968983838832,0.0028273596386990648,0.0,0.0,0.0,0.0,0.0,0.0,0.0,0.0,0.0,0.0
0.02200496319800667,0.006529118901417349,0.03216534087515333,0.01574077077651667,0.009850484644480201,-0.0008047396657655912,0.011405470842564621,0.0012804007831471115,0.005436310285553768,-0.0023838098555905973,0.04876886304231966,0.00043408467980233633,0.07169005586324963,0.009848023802150545,0.001013810980285695,0.0018850497085984852,0.013532595613948562,0.009693582838743975,0.006775233622802822,0.017850637375276836,0.0,0.0,0.0,0.0,0.0,0.0,0.0,0.0,0.0,0.0
0.012843925315714228,0.03772189046980354,-0.011031363365121847,0.07491237490060346,-0.02593749230599539,-0.0008618116969907766,-0.0029084155704728904,-0.002090136773519864,0.0010114453686958932,-0.0014330800740724528,0.0153554711002428,-0.013502631679521954,0.03656014518190126,0.06855576029461327,-0.02059779585377307,0.024120326090581568,0.007591777390083586,0.0047291068588425815,0.0017521885841423914,0.0019299128846146296,0.0,0.0,0.0,0.0,0.0,0.0,0.0,0.0,0.0,0.0
0.016529709593596564,0.01124321577089211,0.003061528754865789,-0.021733227952020366,-0.018267635184421902,-0.0021857573458439338,-0.004203437112053221,-0.0024964552954501056,0.0002849468387069487,-0.0025216760903448315,0.012753413323057902,0.010611904167532356,0.052687368392463206,-0.024564087894573802,-0.01821531530904214,0.018448025303939238,0.00847862258699446,0.002154386569672824,0.0034716925476190254,-0.0018156245452171699,0.0,0.0,0.0,0.0,0.0,0.0,0.0,0.0,0.0,0.0
0.003785356819384965,0.05974135355191848,0.009088956793246141,0.04394491977137634,0.031232738329067113,-0.0027486622941593195,0.0011530912738930673,0.0033883692265920117,0.0012861025564797244,0.0005921439509745859,0.02688294704837174,0.03627160612720448,0.011878925475408121,-0.005199350823073302,0.040366485649406335,-0.0018277307928051007,0.003889143157382764,0.012124431929405162,0.0014645007358419183,0.0014062686344558958,0.0,0.0,0.0,0.0,0.0,0.0,0.0,0.0,0.0,0.0
0.034188627019648914,-0.0021017661939327784,0.023452010000738256,-0.017968875748590917,0.036960724405828704,-0.0022783449341920604,0.017919222980404947,-5.7823832231271126e-05,0.005672499872146157,0.0013581241971972646,0.032227082921338294,0.017405528622653894,0.0016812821478961563,-0.017070676647024465,0.01456675376815313,0.004903507668280898,0.042421926591402315,0.006481551717113726,0.0020212646535761594,-0.003061022090036369,0.0,0.0,0.0,0.0,0.0,0.0,0.0,0.0,0.0,0.0
0.007612107138733832,-0.019375851363324266,0.04640817550744137,0.008134833876196056,0.014387053147585097,6.795571412482944e-05,0.0030305115890521045,8.169095419493261e-05,0.004937404772062236,-0.0015056614816323687,0.006333530008577226,0.004655145555926054,0.03052594363480532,-0.004445876930254,-0.004430202203667619,-0.0015418799159295283,0.010542969605020663,0.0028694354798218303,0.001369709564874159,-0.0009353975332358152,0.0,0.0,0.0,0.0,0.0,0.0,0.0,0.0,0.0,0.0
-0.0010124676559335828,0.04530556525765195,-0.025118075163347457,0.03269684700982598,0.018154835928179895,-0.0016506452479023844,0.004412520276426842,0.0011075770862887353,0.003746915750222803,-0.0005095420907045095,0.02259511741820385,0.029666729473952273,0.011135766084714388,0.021757184428442197,0.03853211777916831,-0.0011665594133827056,0.006509537746893522,-0.04294287628673827,-0.00013160021922709302,0.003381013026643397,0.0,0.0,0.0,0.0,0.0,0.0,0.0,0.0,0.0,0.0
-0.023134526066899738,-0.006974711468894442,-0.02669172856281451,0.06815885249161333,-0.0033522127888788583,-0.0026891931828590737,-0.00392095134081675,0.003515607792335207,0.007346530984157337,-0.0050464681309566805,0.008068961316173802,-0.018795343936154826,-0.012582934815983656,0.04870344795077109,0.0028599159805797326,-0.003399972750591354,0.006430483008809656,-4.0470271771081304e-05,0.002867749899146603,-1.9196891417238683e-05,0.0,0.0,0.0,0.0,0.0,0.0,0.0,0.0,0.0,0.0
0.008709612400447595,0.035537196041246506,0.007487510930116092,0.03851929821741258,0.02552025289646144,0.0001719900831989635,0.003916238908185421,0.001844266198276919,0.0012931261239840304,-0.0036526988226941648,0.017189789304282613,-0.018345690001625992,0.020376866867581115,-0.03064716918538384,-0.004746767375791118,-0.0022109539879865193,0.0012282448735030764,0.006052559508072256,0.0021190812778201767,0.004989501898790358,0.0,0.0,0.0,0.0,0.0,0.0,0.0,0.0,0.0,0.0
-0.038573025564399996,-0.04736588964758414,-0.012954815290249168,0.03570140234119798,0.021956602075113595,-0.004778080783860895,-0.001356638141431626,-0.00055322730575412,0.004673048197952926,-0.003217101064339654,-0.006436418870032075,0.00872584056993223,0.01587213529768753,0.09713812515567202,0.05177145829724217,-0.0014151432995876236,-0.015663625898842657,-0.020329194779157487,-0.0020774172955671283,-0.0023964368736220302,0.0,0.0,0.0,0.0,0.0,0.0,0.0,0.0,0.0,0.0
0.014535240024635238,-0.05783699377869847,0.005890593883480739,-0.013303089250893877,-0.025274042201086293,-0.002760813555476595,0.0051434722242216365,-0.00043437714482025687,0.0010612557974883578,-0.0039019201615907583,0.020750072747533838,-0.023995195549099752,0.001440660170910574,-0.03440839090929304,-0.02877039684464047,0.0008641036602845202,-0.003935616468314496,0.005974919485400882,-0.004925724861438367,-0.004172548069624655,0.0,0.0,0.0,0.0,0.0,0.0,0.0,0.0,0.0,0.0
0.025707135991878245,-0.009156757363052456,0.025997737066363717,0.05327579236601946,0.044202500202653004,0.04768137134386066,0.00246429585248873,0.004437237589706181,0.003105030277770067,0.001237867875480942,0.04091171040190368,-0.009616871358482416,0.02708646528515002,0.029545196931363777,0.0627335369198191,0.0033591795825945333,0.0026507988850341794,0.01605903140878026,0.0018901374383235522,0.00015020042271575253,0.0,0.0,0.0,0.0,0.0,0.0,0.0,0.0,0.0,0.0
0.0031753967301988836,0.015164138531187876,-0.012359432457638474,0.03269422192521105,0.027286972797250862,-0.017779564533706996,-0.0027364000258057884,-0.001306591232299903,0.006977116222321897,-0.005926827186557002,-0.0019304867065305016,0.004218151697117946,-0.004286324300374941,0.02874419887587838,0.06951857757698485,0.0012277594184493458,0.0011921955981900668,-0.031119840503082512,0.008831395587117737,0.019719181201636033,0.0,0.0,0.0,0.0,0.0,0.0,0.0,0.0,0.0,0.0
0.03559913280508495,-0.04257334769235847,0.020068992394092506,0.036738205679013654,0.04962282245737775,-0.0028549057773450694,0.0163640889677689,0.004692974817665229,0.0053489339562401116,0.0022053322618689067,0.01849352870006389,-0.012396385515626749,0.010456700740952082,0.03503142035902547,0.06346896214569518,0.022836456237068776,0.007558589637963824,0.014343972420268672,0.0013692214677965971,-0.001083094411207577,0.0,0.0,0.0,0.0,0.0,0.0,0.0,0.0,0.0,0.0
-0.009591461911668455,0.01349070070963999,-0.0032598777478068074,0.04388136849238145,0.03028662926459425,-0.00273702184924094,-0.0015139591991421043,0.0016030507247718308,0.005584996496012844,-0.002293068490580633,0.002587300865796869,0.025067511006265836,-0.016655413671316045,0.0258168278961171,0.06119897943168835,0.0006878195336763275,0.001629657011147385,0.0056828225449962995,0.0037014592328739474,-0.0014467232198387447,0.0,0.0,0.0,0.0,0.0,0.0,0.0,0.0,0.0,0.0
0.0340940046779603,0.012600623094214298,0.033284618921961405,0.07786838413539893,0.023467561509897455,-1.3578964478609438e-05,0.0033068335773514166,0.0023260474043188483,0.009048608847163119,-0.002418252566045377,0.03455125341565528,0.03776439285932811,0.01586640159415094,0.0911584264438802,0.009241102058107825,0.001747907855945171,0.012886501442854427,0.017862414981892283,0.0031853856100231503,0.0027879561190685942,0.0,0.0,0.0,0.0,0.0,0.0,0.0,0.0,0.0,0.0
0.03511426985886758,-0.02120750619402402,0.027757456248497174,0.049269603770160535,0.002256019175728539,-0.001169317385570768,0.0011851758441535941,0.0023602483754888944,0.005214882210500351,-0.004936388054254067,0.07105169986067174,-0.01865184583356363,-0.005785720150256858,0.06708056449120382,-0.017844714295351526,0.0026573977703135444,0.0006031006823649493,0.006867088349852891,0.00027823139235112895,-0.0010760404717987206,0.0,0.0,0.0,0.0,0.0,0.0,0.0,0.0,0.0,0.0
-0.02107370897928758,-0.04412139108099989,0.002995004641271008,0.005812640535375451,0.04079464472702638,-0.001874620316754683,0.0008051247950482398,0.0010113855119611864,0.00763368155005985,-0.0016259250858203743,0.012916313487817311,0.026351852568743214,0.022531814531062178,0.008056429671901386,0.061461794050415394,-0.0021716581587476014,-0.0046291218147201125,-0.006900167977098251,0.0011649167019406124,0.027164829856355908,0.0,0.0,0.0,0.0,0.0,0.0,0.0,0.0,0.0,0.0
0.012563077191620557,0.059299297491203606,0.0075864856828067795,0.0259865336081537,-0.004739286566965126,-0.0017378660092165362,8.398802882713101e-05,0.0012819497587265678,0.0017457572410983623,-0.002098005868368862,0.014691526748174802,-0.003875666727308681,-0.004450758522116934,0.013802282885162062,-0.016841661338472928,-0.0019682337284364056,0.0019324959523229495,0.006226378425805265,-8.663359613572474e-05,0.010950595499014457,0.0,0.0,0.0,0.0,0.0,0.0,0.0,0.0,0.0,0.0
0.01889873755597208,0.04002544256701025,0.040735083467443235,0.050473235108171526,0.04381450560367199,0.0003346795705837839,0.0025889624436903785,0.0020277120872853344,0.004677904396792382,-0.0008820230586031309,0.018481319919180658,0.0015678343767956903,0.033044026011887155,0.07146187818635653,0.049921328274028884,-0.0011863526886876357,0.005170260497451792,0.014525081617751397,0.0008479582646650179,0.0002871532317746132,0.0,0.0,0.0,0.0,0.0,0.0,0.0,0.0,0.0,0.0
0.01729227159199794,0.03744430945966993,0.0300803977567151,0.021145611415112096,0.0427958819806495,-0.0023555539344787334,0.002616974386834586,0.0017019651218394332,0.002864412011487344,-0.0001837434680916924,0.04113142088348682,0.026525735119088956,-0.00748866762162663,0.019645507743492642,-0.013686193228348204,-0.004080362893019914,0.003475767386927959,0.004701352279908259,0.004765472001447164,0.000329039127278969,0.0,0.0,0.0,0.0,0.0,0.0,0.0,0.0,0.0,0.0
0.0330731934753099,0.0596168532333924,-0.0033785514161211484,0.02293013497032464,0.01995539879527576,0.04741030385636188,0.01942690978197274,-0.0015191534626097446,0.0024719326573508864,-0.0013130886121991505,0.060879230739141144,0.017515188322965367,0.017075914420998716,0.024880539648080253,0.030830528132957186,-0.0012050915372978342,0.010455030493264244,-0.05732975881661028,0.004055508694052325,0.0006389378127682024,0.0,0.0,0.0,0.0,0.0,0.0,0.0,0.0,0.0,0.0
0.027855583192997108,-0.035120633238283516,0.043727066460909514,0.01764327928768003,0.029716965009331686,-0.001335056881967196,0.008654599294106924,0.001471222997523679,0.003266580771804797,-0.0002481880787876564,0.05531190340377116,-0.004303809873119672,0.09313155138465659,0.002577237969105633,0.03732387592842411,0.0021418674513078288,-0.004866844655292988,0.019676963797784545,0.0011828186097619857,0.0009146142886569329,0.0,0.0,0.0,0.0,0.0,0.0,0.0,0.0,0.0,0.0
0.04750715623974108,0.042612834516142784,0.0290960632882935,0.04078668324046665,0.022446338020029346,0.0025922116692962023,0.0030861600919636213,-0.00043246738251033847,-0.012821388780462335,-0.0033597655465184358,0.04190954677509406,0.002517177298607326,0.08697416105558899,0.038114714449146644,0.02135493825959027,0.0014216779869868172,0.007174526609568439,0.010123238160965572,0.0020973486680014573,0.0005204425003790779,0.0,0.0,0.0,0.0,0.0,0.0,0.0,0.0,0.0,0.0
-0.013460505655754466,0.04982675823017863,0.03887812710437092,-0.003433014713042211,0.02194378026640039,-0.002345151924575289,0.008428924273224362,0.006560375501821527,0.0012223275593096614,0.006667126159879478,0.00819296232965096,0.022694275565609053,0.02539275756207709,-0.06243472594940597,0.015108954302941865,-0.003549578025868728,0.0019937941542927727,0.006211396355105715,0.001521140194973286,0.002345746619804621,0.0,0.0,0.0,0.0,0.0,0.0,0.0,0.0,0.0,0.0
0.04277788360905801,-0.012085177443987289,-0.01751961711979041,0.030106460315655982,-0.009535115185778148,-0.003294675576451127,-0.0022015977740769657,-0.0003060759599444824,0.003204909742862114,-0.000262953958526507,0.05687449184143241,0.010704171936855914,-0.004332460625366109,0.03845846838866033,0.003594206144994838,0.03891599746715634,0.010826274135372075,-0.0283975609208675,-0.0027845405479988133,-0.0010214913488894271,0.0,0.0,0.0,0.0,0.0,0.0,0.0,0.0,0.0,0.0
0.059504671007166894,-0.0008137683025494099,-0.03554504761898698,0.08513830196167187,-0.018407194081193096,-0.002502663261059306,-0.003455504279551285,0.00011346034206447717,0.007576328069682508,-0.0036668135997584696,0.013210376525959626,0.005717963445492195,0.011795751913236306,0.05802907224433956,-0.009724711767314058,0.014184555545285008,0.0035230781890718166,0.0017646016112378242,0.003859740221247674,-0.0015806010456720317,0.0,0.0,0.0,0.0,0.0,0.0,0.0,0.0,0.0,0.0
0.0290810160004758,0.0012118236847879823,0.030975702173905405,0.01771248234496405,0.03798236731457501,-0.0023608160240834175,0.0026909039275080696,-0.000865100322319279,0.010486109390336113,0.0004848538712968399,0.010268812371597423,-0.0025924386306745424,0.06448935747322725,0.01758706650975195,0.015288837207273238,0.02134159854147694,-0.007795537049159665,0.005940004144777925,0.0068677586970445625,-7.320450639035575e-05,0.0,0.0,0.0,0.0,0.0,0.0,0.0,0.0,0.0,0.0
0.02901181965195896,0.06243392664358202,-0.011851998422481679,0.05112906300662244,0.05235147064548314,-0.001125234302195307,0.0018073282475153075,0.003957903725452005,0.0035439923472938223,0.0006629827514845381,0.025049708453500574,0.01887178890487247,0.03106450616619875,0.042915193573078075,0.06371880120949368,0.01765575310831205,0.0069587351091507195,0.011779310474110453,0.0013975185495745917,0.0023890272773638616,0.0,0.0,0.0,0.0,0.0,0.0,0.0,0.0,0.0,0.0
0.06662041766221197,0.055803360547949835,0.02271738630528182,-0.014125154571338377,-0.016044138091964397,-0.0009224857696405329,-0.0009094873505417976,0.002358436186983848,0.0016544353781459747,0.005146629914708576,0.007659743810983039,0.015262226125528706,-0.01285704799156445,-0.0024747795981081406,0.023679566180233654,0.0011035096196970737,0.0010801648103272827,0.00559796336412625,0.0008050676401143717,-0.0022651887126822106,0.0,0.0,0.0,0.0,0.0,0.0,0.0,0.0,0.0,0.0
0.02890077968596953,0.042749001330138356,0.02900627535559253,0.05516499831961811,0.04599440048184446,-0.0013760050359506153,0.0020585323036356185,0.0019187388270609507,0.003520888685378994,0.001037168115706693,0.008231483000524877,0.0376312873429495,0.014143351495237398,0.03744069164566948,0.04862217298660734,0.01459314756246289,0.004001370341618133,0.011641307465090824,0.0024345089311699143,0.0010074982800457079,0.0,0.0,0.0,0.0,0.0,0.0,0.0,0.0,0.0,0.0
0.029393246872490553,0.020467539684861747,-0.0052381073926993866,0.013271496393159238,0.05338408032745486,-0.0010708385682576043,-0.0005614768956795315,-0.0024925250120181805,0.004179075820672702,-0.0016972621678251088,0.017249989212627288,-0.014522795690636366,0.03157357633001447,-0.0011947456821683057,0.03315022938947758,0.0010493205515149844,0.007776549420746404,0.003342842986582128,0.003227212553768264,0.0024341889862857942,0.0,0.0,0.0,0.0,0.0,0.0,0.0,0.0,0.0,0.0
0.04207527038341327,0.0527228537891636,-0.022499582953625117,0.029623179521464944,0.026669348695182563,-0.0018948533952803876,-0.0010471404439214161,-0.001055227237841857,0.0036011948146910046,-0.0006634762772828236,0.01988015924280833,0.0009703702088992024,-0.008199052642239345,0.02954236589987396,0.0377627810103783,0.02991893944668749,0.004960856147718035,-0.07324505285413595,-0.0003673699744707841,-3.396626111201634e-05,0.0,0.0,0.0,0.0,0.0,0.0,0.0,0.0,0.0,0.0
0.02718448224511222,0.03501668580397532,0.030108753092575404,0.030826537053877796,0.04788158325932534,0.0005897890476546641,0.005513883042186212,0.0016799331600152606,0.004541870590099201,-0.0022924132716344056,0.050700941907900934,0.03435063651709549,0.01190830095472712,0.05601169308073653,0.030684479529596628,-7.199586919355152e-05,0.01683023508693279,0.011575760229255404,0.0043353850360872866,0.001345056624044816,0.0,0.0,0.0,0.0,0.0,0.0,0.0,0.0,0.0,0.0
0.04599132315980562,0.07099756500836298,-0.02468287754993793,0.02923782113397917,0.027137891844708373,-0.0014649739407204426,0.003987465921952167,0.001168898479302876,0.004052789628447819,0.001782999391495466,0.005467025337896947,0.02733534476460999,-0.011156627387540408,0.015339925289660977,0.04010031807838075,-0.0017957876603776927,0.007674776927714456,-0.057140035993024266,-0.00013275349546136683,0.0004823992985938083,0.0,0.0,0.0,0.0,0.0,0.0,0.0,0.0,0.0,0.0
0.0431510680794376,-0.02849893187163181,0.03199767491939283,-0.02541216072339867,0.054959448376333896,0.04088813762121698,-0.0006637928676319658,-0.0002619464902492977,0.004582500790774294,0.005008845862531516,0.01394237563643902,-0.018741717150523734,-0.011799474925008895,-0.038767559289619724,0.038971207678636176,0.00025278148883845864,-0.003798315178468544,0.007508878868454677,0.0005161484303156886,-0.0027239169630527225,0.0,0.0,0.0,0.0,0.0,0.0,0.0,0.0,0.0,0.0
0.02931914091431774,0.03079768243656809,0.012340204615211146,0.07255093705456875,0.01955057600854988,2.1951677178819462e-05,0.0009088940347786081,0.0029288518984668674,0.005291287646676221,-0.002444397260867555,0.03155101571717029,0.05142039806198753,0.005078113068267781,0.0670574829428001,0.02017012303654364,0.0007691856817524472,0.0007254570178820807,0.013542470525633529,0.0077158650138585486,0.0005953853691063788,0.0,0.0,0.0,0.0,0.0,0.0,0.0,0.0,0.0,0.0
0.02208198158855864,-0.0231992849756947,-0.03469937235486692,0.02533737147224304,0.03386573306116805,-0.004338644052550133,0.0029447056842454382,0.0018125040808858422,0.0052972948338051865,0.00012768162074940109,0.008248154333152432,0.021251694032902446,-0.012564533975250163,0.016775286924054555,0.05938969219182861,0.0019383164065757516,0.009536261637230039,-0.05395536590577213,-0.002144262982478609,0.0010163834995845166,0.0,0.0,0.0,0.0,0.0,0.0,0.0,0.0,0.0,0.0
0.023164305000405085,-0.009586722541797887,-0.017032155989620323,0.04347580663475403,0.008126050622469736,-0.001721456988572576,-0.0003443576190989627,0.004204149465611651,0.004796015253338201,-0.004172548911920009,0.03580775533404238,-0.02382819284756254,0.0184736198006017,0.08669012332898313,0.00810828133058204,0.0007532139799847452,-0.00022241853199193577,0.008995979958797497,0.0015612893362645308,0.008420721207710495,0.0,0.0,0.0,0.0,0.0,0.0,0.0,0.0,0.0,0.0
0.02874228316662299,0.029893439589792906,0.027057606920464782,0.058520875720384266,0.023419083945746086,-0.0010389703968217779,0.0009183879934802623,0.002118048903135984,0.007938885397579665,0.0005276000252055423,0.04112349644829917,0.04963301844423587,-0.004420333591823103,0.053615495289092964,0.044286005258297546,0.000988986591497333,0.002175702139675165,0.0075609336715040725,0.01212730486007843,0.001115988839100779,0.0,0.0,0.0,0.0,0.0,0.0,0.0,0.0,0.0,0.0
-0.02268536177433063,-0.07566689514865323,0.01953980171146076,0.010315273097361992,0.03210336159936982,-0.0050618612949275225,0.00041929079469011385,0.0008517483840631797,0.003063274921471906,-0.0011529779018410586,-0.0011627441153291645,-0.0012410650726736147,0.02880215930043246,0.0034614988269696333,0.05511722223704367,-0.000790078602357274,-0.024484814939245023,0.02724229485097279,-0.0021213699358197924,-0.002827159818287363,0.0,0.0,0.0,0.0,0.0,0.0,0.0,0.0,0.0,0.0
0.01466027333910676,0.06662686194864054,0.008089331484053087,-0.004074617066054621,0.022098261187676646,0.0002138832615723196,0.005735621750909469,0.0037326918909621545,0.0024900030845880186,-0.002513233571650506,0.01870348826336784,0.08520207685795951,0.011304958443792094,-0.002476650552322446,0.0343055607626013,-0.00030818729738020734,0.0021261948856757707,0.011562006337761927,0.004127746036351672,0.0158665965080188,0.0,0.0,0.0,0.0,0.0,0.0,0.0,0.0,0.0,0.0
0.030060592401659498,0.029333395378698765,0.022145954703444794,0.0314248389606269,0.049375355204648405,0.020918560352036167,-0.001643148191818999,0.0306265603465125,0.00439633890763628,-0.0025208034798210512,0.021643179312225123,0.0357073237328282,0.026179610720122638,0.06266372424666768,0.039160298183751725,-0.00016563677350650297,0.009986584045545947,0.011937509229434396,0.014402336065166938,0.0006712658696896095,0.0,0.0,0.0,0.0,0.0,0.0,0.0,0.0,0.0,0.0
0.01352094244708184,0.00901928817903178,-0.007872576666468912,0.03232115051888064,0.03233039663559644,0.0013734704617232173,0.0013720745576180431,-0.0017295816562302867,0.007957403336340688,-0.00288003652598421,0.032483764285655185,0.017462776880376462,0.011551828929482758,0.052142940346489725,0.04853747000983167,-0.0005987745481287703,-0.0037433371539504386,0.005493043780128189,0.0037962155215863925,0.0011831377813097163,0.0,0.0,0.0,0.0,0.0,0.0,0.0,0.0,0.0,0.0
0.027080448467953794,-0.046698866871857196,0.03045391870414034,0.04813620994755899,0.058837123405940314,-0.0023816056395097413,-0.02277615519607536,0.0034306977522147258,0.0026941850252824033,-0.0007938214488064617,0.01687070727211823,-0.022592151610670592,0.00914935927566632,0.041090067584014914,0.08488410558331476,-0.0004738276098946126,0.0009553875820218938,0.013688938647619012,0.003438994387294212,-0.00010308979787192847,0.0,0.0,0.0,0.0,0.0,0.0,0.0,0.0,0.0,0.0
0.023891397473083283,-0.003418162609764477,0.033664172308091656,0.05382038052946333,0.0187817530497778,-0.00044271216969108947,0.00631506066978351,0.005881969326591518,0.006377383104290801,4.052162626117712e-05,0.045234858178153765,-0.001638807973189614,0.051097993152510096,0.027267351558375535,0.016604606173897897,0.0021309801559942967,-0.002130755543726606,0.013120079051152086,0.001336057143194513,0.0007874719161220459,0.0,0.0,0.0,0.0,0.0,0.0,0.0,0.0,0.0,0.0
0.021100971678857557,0.07221562140022518,0.02116220160953018,0.0033248288672502214,0.023797475319001067,0.000902232761846376,0.003615069238837467,0.004205095683502799,0.003609302014523684,-0.0010721403204800321,0.03331288020047136,0.1024343461959579,0.016360596546677104,0.01364072998339957,0.009316364593042484,-0.0005045941677717179,0.0003180177394223083,0.010961717276056937,0.0047053534385330074,0.022897769156666168,0.0,0.0,0.0,0.0,0.0,0.0,0.0,0.0,0.0,0.0
0.02890292095921033,0.03915950427629143,0.039240260178597136,0.033557384231518515,0.0490560891810228,0.02246585779584901,-0.0009871102825209153,0.003157786894317931,0.0057931578789397736,0.027221549633509357,0.03290589011894308,0.008353275697524087,0.012207978991028356,0.07679053442867864,0.05789342073511911,0.0014849569865290906,0.004646166722811746,0.008156036655617092,0.0031843399283376485,0.0005315961090466669,0.0,0.0,0.0,0.0,0.0,0.0,0.0,0.0,0.0,0.0
0.026897282409725925,0.03880770791982376,0.03102021244872131,0.002566601317341696,0.037639628017274496,0.0003834749344777611,-0.0020227985478148266,0.031994983116907634,0.002795660586443331,-0.0023702232214151283,0.012610705398166616,0.03348843347524272,0.04428982163881886,0.030057890338381996,0.05699499573559924,0.0172771779848945,0.004407703793110437,0.008374032367701985,0.006611361320210146,0.001896946086758796,0.0,0.0,0.0,0.0,0.0,0.0,0.0,0.0,0.0,0.0
0.03659382738059263,-0.03126667974081182,0.00039466510136023833,0.0023429455028866728,0.06165576560912356,-0.00046787948699661695,0.0017855417404761898,0.0015255752756277174,0.007300768596408193,-0.0015756571330243637,0.023057637573486837,0.005943433310559153,0.005047604782325252,-0.010104965912432517,0.008633963078370324,0.0041500862581036815,0.008716407495457438,0.015118612650938702,-0.0004566186115153614,0.00032656364943620537,0.0,0.0,0.0,0.0,0.0,0.0,0.0,0.0,0.0,0.0
0.03544838112417238,-0.004463392729127764,0.03400333774360792,-0.02762778749668806,0.07422333063833517,-0.0019239198724244797,0.005559217416332998,0.004050328482759682,0.0019236806194220869,-0.0028311587325994324,0.06484291866471391,0.0011516261101632485,0.00380397117802893,-0.023985890045793413,0.04550972665450972,0.00021875250204565243,-0.0013972013832701266,0.0060757873176105065,0.0008258798906804279,-0.0005169626220269613,0.0,0.0,0.0,0.0,0.0,0.0,0.0,0.0,0.0,0.0
0.02670370026072332,0.05379384361933264,-0.013031753965604624,0.052172843297260234,0.05064509530923868,0.027288163887841572,0.0005513171369222441,0.0030523245102871306,0.0031801150570423867,2.6819401920639902e-05,0.021851184162957733,0.013623546783649814,0.0243892828063146,0.04435444739752523,0.056312067015566784,-0.0010460967162448506,0.006545468632069336,0.00411774042190763,0.0015849127906869028,0.0026065753109743317,0.0,0.0,0.0,0.0,0.0,0.0,0.0,0.0,0.0,0.0
0.01749016239523644,0.0533705808983428,0.0074692924040099615,-0.035691214488201006,-0.0017554020297592802,0.00011479878060203956,0.0013415307818546644,0.0003286910832467173,0.0009133921758456664,-0.004089565848693384,0.04847027260932332,0.06299477675613135,-0.016150351208900893,-0.049973687930088224,-0.006748379764831183,-0.0011964068041842362,-0.0008176056823542479,0.00815614899833058,0.0025369072966112687,0.0019576566978494517,0.0,0.0,0.0,0.0,0.0,0.0,0.0,0.0,0.0,0.0
0.005789146401660137,-0.0014710966452755772,0.033873210274210815,0.08021271975155413,0.018785764377000407,0.0002532173039113512,-0.0013940641582957422,0.002392855406387121,0.005377242097590399,-0.001664849906761303,0.004573343992461634,0.040362776899960116,0.029636768604621968,0.03257095798036899,0.01657959391856422,0.0013686057010594485,0.004329298482969004,0.016075950230932286,-0.000666641039531724,-0.003263202553016239,0.0,0.0,0.0,0.0,0.0,0.0,0.0,0.0,0.0,0.0
0.006844745710756446,-0.023669496464750105,-0.008149144427007477,0.04612738109341958,0.06605878946175098,-0.0026325945099065855,-0.0004697267535831621,-0.0013103933342691787,0.006536889970797903,-0.003495889398550627,0.010364867963915298,-0.007068431037197988,-0.001694728721498713,0.04119134477305917,0.027531952180799988,0.005494789166718608,0.007966953636608258,0.00029814381835933473,-0.0005043016568666747,0.0004694739878969274,0.0,0.0,0.0,0.0,0.0,0.0,0.0,0.0,0.0,0.0
0.0498668877992665,0.03396272368691327,0.027002974055403542,0.010136116257965656,0.028170483412927688,-0.0004294369729962014,0.04280192661602258,-0.0002499617188082931,0.00398938766284758,0.005288308973815461,0.01854420800188526,0.04667083040248646,0.03659312358493223,-0.0021964061356536174,0.0215279625483097,0.031175601686533504,0.003649368716780725,0.006002448452826327,0.005154594039461514,0.00295545194772937,0.0,0.0,0.0,0.0,0.0,0.0,0.0,0.0,0.0,0.0
0.0007758189237147458,-0.005955444285231312,0.005786619029157838,0.019245598125703738,0.010759603664757806,0.037157837289811,-0.003088561659860334,-0.0015616331212756508,0.008524058172273414,-0.00581737123734035,0.029362248201108804,-0.03473667277694756,-0.009499588802326146,0.04134841104190611,0.003909425102180877,-0.003693380847468174,0.0017175200770574634,0.003618143959178299,0.0050095424007080246,0.0008594238632626473,0.0,0.0,0.0,0.0,0.0,0.0,0.0,0.0,0.0,0.0
0.02917320882740178,0.06445290294634926,0.038843771153432106,0.02357670269792028,0.01467144177583265,-0.0005752997374889066,0.00520180211464471,0.0001607383553817557,0.0019306371841922101,0.0007995082733117103,0.013530237870151276,0.05360341580001753,0.0817477599701062,-0.012650977210788538,0.0003821349767031031,-0.001105417162107951,0.0046852245129301,0.01075587941361147,0.004249721499426709,-0.00042714506996397014,0.0,0.0,0.0,0.0,0.0,0.0,0.0,0.0,0.0,0.0
-0.01243767057443788,0.027422593378586272,0.03815142837283597,0.05744788884803912,0.0398056053387168,0.0007433025136402789,0.001366828364819643,0.005987452422427875,0.006511134566120257,-0.0027372796488544762,0.016583526012185077,0.006884062570545471,0.09825682158936679,0.04485388143796711,0.0062109237397126385,-0.0011076472370668848,0.005230961857657171,0.006684956150048983,0.0023523390791284934,0.0005104883389326105,0.0,0.0,0.0,0.0,0.0,0.0,0.0,0.0,0.0,0.0
0.024837570422873625,0.04913326152955619,0.015052392381028526,0.01844126979757949,0.055887392617458474,0.00022774486283477985,0.0002633354673168612,0.0002889799532708173,0.007708117854744015,-0.0028721681471330397,0.0073466300056991415,0.0481038031096009,-0.003935275687235726,0.0328404291403257,0.06710592862189155,0.0025648771250724334,0.00472139822838322,0.009462023069631585,0.006867277591572192,0.02467660917590109,0.0,0.0,0.0,0.0,0.0,0.0,0.0,0.0,0.0,0.0
0.021361693896150846,0.03857238851954329,0.035418933719734015,0.04101932994331446,0.029863406773881128,-0.0026554708479360114,0.007311181676849177,-4.1042083060665324e-05,0.0008557497881110556,0.00015532701773252497,0.02140905738034214,0.02320760885844023,0.009898939254380765,0.015855389304633125,0.02853958821533191,-0.0020191482104822966,0.00144336437215309,0.01671476681005066,0.0041248488032491855,0.002097648035480364,0.0,0.0,0.0,0.0,0.0,0.0,0.0,0.0,0.0,0.0
-0.0420234705338983,0.01670173824498025,-0.01805643368355199,0.04427275824258956,0.009448137461586709,-0.0023929461082372464,-0.002970630280528971,-0.0006277809710145576,0.007723906975638997,-0.0018028254207004477,0.021178519272751262,-0.0062470098322745604,-0.01826567595689449,0.03346709322808962,-0.008640233213521092,-0.0021922487838333463,0.003945434400085155,0.0032506557142048444,0.0005806687390226144,-0.0006076628845820743,0.0,0.0,0.0,0.0,0.0,0.0,0.0,0.0,0.0,0.0
0.014101075828010661,0.029822474117665494,0.026770074997448153,0.029933990194824064,0.00810014118853086,-0.0021989469507859346,0.008151635484272468,0.0004359002910792064,0.005545395282698872,-0.0016984686172044727,0.02029037881278063,0.030549045760823287,0.03207182868051425,0.04737637715969233,0.017936941608938804,0.0008322369885758488,0.011935465163025365,0.01054053278376417,-0.0038401417170658976,-0.00035209784203997225,0.0,0.0,0.0,0.0,0.0,0.0,0.0,0.0,0.0,0.0
0.008153099336394843,0.035069052613657344,0.021177173669039387,-0.027519990611000467,0.01953406518272442,-0.00215864424690793,-0.0010395809510318525,0.0015197356265238455,-0.008612522891840798,-0.0034631516859842866,0.02749114516535861,0.05919411654888443,-0.004943586596531596,0.038809481353933174,-0.005632718061270899,-0.0018364047541499268,0.001090415527452744,0.006626414259773661,0.002638977694130758,0.0037935482812956837,0.0,0.0,0.0,0.0,0.0,0.0,0.0,0.0,0.0,0.0
0.044846418866843034,0.0519234710589301,0.03030527723734527,0.05971860900700673,0.04791339697611483,-0.0004885369950506861,0.002333168957604104,0.004563318599124035,0.0018359132259282154,0.0014562308424502211,0.024259377367879566,0.05458538810383724,0.027690037945174995,0.03390970256000474,0.052413206843461034,-0.0012634655174369913,0.005928175374319083,0.011211643541221835,0.00475765427057691,0.0008226088550373008,0.0,0.0,0.0,0.0,0.0,0.0,0.0,0.0,0.0,0.0
-0.03048108010539424,0.025822454553402024,0.02801018419201983,0.06160625686278345,0.04233448917707303,-0.0008879741959975252,-0.003837586276601911,0.005979056898037054,0.010989774148641815,-0.0014931144798922117,0.004421314346256469,-0.004658679832521103,0.04744531312983558,0.04397982637044919,0.022687388287706455,-0.0016484519551926053,0.009872860906235079,0.005463479831142597,0.0017070591556985208,-0.001008731798134804,0.0,0.0,0.0,0.0,0.0,0.0,0.0,0.0,0.0,0.0
0.006170633762477955,0.02938765051028418,0.04280255427865078,-0.0035113793388813538,0.08570133234351068,-0.0013524677056818103,-0.0034905272333642153,-0.001816151899263079,0.003811950034321624,-0.0015529567911144004,0.01805419151663504,-0.011148471493644297,0.05079764205758407,0.027175136569145927,0.06010387182855448,1.0723263044689363e-05,0.00534886438275197,0.0071744966300958,0.003552748936047812,0.001501755469216687,0.0,0.0,0.0,0.0,0.0,0.0,0.0,0.0,0.0,0.0
0.04093137700473972,0.010206973661158624,0.04055482617306486,0.05678240156289058,0.0450432582680305,0.036281470825329315,0.0010179197451213456,0.004330161449736568,0.005212533815503268,0.0003984205273508621,0.008925056618082627,0.022533729336262767,0.0019380595556917576,0.05683045722977575,0.06527008573346327,0.003219140417052599,0.007186735242718067,0.012003238926602825,0.00077577536326706,0.0016696308369429879,0.0,0.0,0.0,0.0,0.0,0.0,0.0,0.0,0.0,0.0
0.010759376840742118,-0.003034824908095092,0.012151359052914751,0.023357428248957837,0.021136829607802624,-0.0007407254959958337,0.005601635171807786,0.0038751197197440302,0.0035089965341655776,-0.0026857943094581974,0.02213469284511551,-0.016652779782120215,0.006129690316034689,0.011568999673650313,0.009884939814367527,0.0009058123919665643,0.000259447347470522,0.01147088811032463,0.03616030892732659,0.013592088131126112,0.0,0.0,0.0,0.0,0.0,0.0,0.0,0.0,0.0,0.0
0.01156776665534476,0.04692879075310587,0.03622861633134565,0.06191573705517634,0.05350077873843146,-0.0009524708809648442,0.006205618194978923,0.005824322748539958,0.001427304140316082,0.0003278696453264106,0.020490708322451652,0.01833484754605407,0.015601170182382959,0.04272854916416072,0.07890094402983472,-0.0011305410755386004,0.0033640073345273984,0.013817865114306833,0.0009527742507360109,0.0044805025822073855,0.0,0.0,0.0,0.0,0.0,0.0,0.0,0.0,0.0,0.0
0.011883323431255512,0.024876389759146102,0.018095587097862704,0.029156102032336626,0.02316853653166999,-0.0012364712916377316,-0.001008946362911243,-0.0001821166266094472,0.004541203176786576,-0.0007670472751292053,0.011445651988505992,-0.0059753568583946854,0.0055374439856925315,0.013223450192021926,-0.0019510885529162867,-0.0031971104421126117,0.0026569248429707754,0.004223689615910526,-0.00022287033232217373,-0.0005456977917556165,0.0,0.0,0.0,0.0,0.0,0.0,0.0,0.0,0.0,0.0
0.018930120597423657,0.041354133914322494,0.026955324899834432,0.0501303515952998,0.05127446647657138,-0.0025262986246193625,0.0030206740962339723,-0.011343977770828953,0.00223176159436677,0.0018282435295415883,0.016026542327601426,0.011180572735354102,0.01590978003366763,0.053106059305240566,0.08584416947514871,-0.00220708630831205,0.004981487627445084,0.011694176496196624,0.00020104197835666516,0.00013005314152759654,0.0,0.0,0.0,0.0,0.0,0.0,0.0,0.0,0.0,0.0
0.02187218255318586,0.03223643132574452,-0.0057764963435855705,0.01161115709443689,0.01787342416811551,-0.0008085909840005139,0.002200655318580186,0.00044108067562262333,0.004618731993592955,-0.00437503203481438,0.020292804720347273,-0.0020995235982344206,0.0019963684484345014,0.02246364858787619,-0.004655543684333393,0.0011887288984713863,0.030416076625758733,-0.015649644260281096,0.017773953729292788,0.00827021222624295,0.0,0.0,0.0,0.0,0.0,0.0,0.0,0.0,0.0,0.0
0.07045282412365965,0.07573966559867425,0.0004892348963128484,0.02003196256442269,0.0036989968031329173,-0.0033941320025823304,0.01310050871083746,0.0001316752335084079,0.0015890307067038078,-0.0015968794716165568,0.011966402345298445,0.050293794371623304,0.011190172108925705,0.010145692468974538,-0.0028596897877973346,-0.0029846230110270847,0.008522750753345975,0.010060706054340687,0.0024468595390528063,-0.0003033548854186133,0.0,0.0,0.0,0.0,0.0,0.0,0.0,0.0,0.0,0.0
0.021266230634774008,0.04691690717497913,0.030482959396694882,0.06876281474586671,0.013270063465899349,0.004152760205676813,0.003956762034362821,0.0031912918079491153,0.003875607651114505,-0.0022577718379389352,0.027691308198667237,0.05062032216184996,0.08260523695067855,0.05610689667199446,-0.004700347664957244,0.0010795856927097787,0.004217201020205352,0.009959164870961547,0.00582948190846643,0.0006125144395053334,0.0,0.0,0.0,0.0,0.0,0.0,0.0,0.0,0.0,0.0
0.022065715599791976,0.015917428794726306,0.020227080246336397,0.03555781078638516,0.012397684261962505,0.0004315584960051235,0.0008307692527994215,0.02012198979791052,0.015831558451873205,-0.0030388358461566653,0.04447637796098221,-0.005322501885241638,0.04126824419621469,0.08542135543430755,-5.808670712240558e-05,0.0009096574676268343,0.00021061064866158643,0.010092062939340918,0.0008644353617997743,0.00790633703458248,0.0,0.0,0.0,0.0,0.0,0.0,0.0,0.0,0.0,0.0
-0.009669449588857059,0.02041250445862283,0.017184417809241903,0.0457403097171601,-0.023221725005599797,-0.002269389106873162,0.0013486360631845635,0.0003684526423405242,0.002607099528146247,0.0015521232831384377,0.006591793989095131,0.050339571611863,0.037800884275142436,-0.005420453211705817,0.023759782408318504,-0.0028001924668976767,0.002895522032177334,0.00543389427789311,0.004080847539413324,-0.0004307910402550009,0.0,0.0,0.0,0.0,0.0,0.0,0.0,0.0,0.0,0.0
0.01221807383214841,0.08712145172993727,0.011528641435303152,0.04906650385888629,0.023746647943364542,7.433373557311129e-05,0.006378167279968418,0.0029133363924549924,0.0014783793547299474,-0.001656548470320727,0.01924401028796951,0.0809510784062769,-0.009852522406538146,-0.004586138148752348,0.0005679337241479401,-0.0010180847592637825,0.0027346645945331653,0.007038250606310652,0.003646315615060168,0.004978387976440992,0.0,0.0,0.0,0.0,0.0,0.0,0.0,0.0,0.0,0.0
0.03698825216960193,0.028919533846773388,0.017427768909649897,0.015996965051877074,0.05566570575064152,-0.0007084304955717192,0.0030519729941076083,0.0011483883337994856,0.006373748039203252,-0.0009178238636471228,0.025416206781142522,0.02996485309714449,0.014200831671295457,0.03963174728343473,0.03750449821035167,0.0022020135684216926,0.02212283470422758,0.011210288266648582,0.0020099431689120945,0.0005122996323573038,0.0,0.0,0.0,0.0,0.0,0.0,0.0,0.0,0.0,0.0
-0.007400789604118637,0.052485593028670736,0.026932930760342557,0.020933770237760104,0.032672148045208065,-0.0010151691720633581,0.002766590241922932,0.0047388437661171675,0.0056845826405861975,0.0012201911906940073,0.010951480461294438,0.056858764764357236,-0.0035481899328332254,0.03729671882453988,0.05761520244805197,-0.001363052074117035,0.0056811047685028085,0.00578629349743803,0.002705690076397459,0.028301083044437198,0.0,0.0,0.0,0.0,0.0,0.0,0.0,0.0,0.0,0.0
0.009440642726362022,-0.025846611892355827,0.018642337587797875,0.020654674309779804,0.03166588810845839,-0.0018655154263348002,0.00589436839395096,0.002268334455548971,0.004990155501321052,-0.0004558959701383667,0.03349936440051387,0.009372276352900636,-0.012063966719384124,0.010848322996260654,0.04511121926621046,0.0015591892193806086,0.0034241476037891075,0.00924955280799986,0.0012197780944506215,0.04369557739903696,0.0,0.0,0.0,0.0,0.0,0.0,0.0,0.0,0.0,0.0
0.03162268593974849,-0.01474679874691726,0.04091380479258351,0.05286471423089444,0.052387809619656195,-0.0026689821862515093,0.004197160988615441,0.0036202070928733642,0.00827073373380683,0.0025220522336835793,0.029311295586916416,0.018385599859371663,0.009375764724732968,0.03196325909771364,0.06767490597134217,0.004787108367423373,0.01696635690082491,0.013427811864743773,0.0001288683881547747,0.0004562715315736559,0.0,0.0,0.0,0.0,0.0,0.0,0.0,0.0,0.0,0.0
0.02094276215324143,0.05632998265749736,0.017557374654703424,0.0063714605333709965,0.03892621980685824,0.000454360147436775,0.004746811666672557,0.003828641879144404,0.0052500482642449395,-0.0027786824830182705,0.025289020992578348,0.05404020374224129,-0.0028018624559578674,0.01457209149574264,0.0009902853713998042,-0.0002760008150495883,-0.001207060746792738,0.00983951507353661,-0.000666721830642092,0.002313147013162903,0.0,0.0,0.0,0.0,0.0,0.0,0.0,0.0,0.0,0.0
0.026099387616253696,0.05216861129016732,0.031872028126656536,0.032770250203385,0.014408219182345692,0.023509156244029956,0.033395200669295654,0.003602216017689399,0.003402537245718894,-0.0008374228438097331,0.04809854445495215,0.040703211544576734,0.041793418635014755,0.05219468300163199,0.01176616124167863,0.0010024742246019487,0.004756601042050053,0.009526273617988195,0.004612560036105171,0.023849382837630464,0.0,0.0,0.0,0.0,0.0,0.0,0.0,0.0,0.0,0.0
-0.015582187024597549,0.0350747285809074,0.030125306799132345,0.05158032799767557,0.05578379656433652,-0.0019003031445636953,0.0020036957872749477,0.0011859997941573884,0.005168364819179946,0.00044212880122083704,0.01723350668163712,0.038242965434033334,-0.012805265349787235,0.05943036417907174,0.08318407108030312,-0.00033503351777102537,0.006058381230876941,0.009150843518084258,0.0021416940340546224,0.0002865749241516246,0.0,0.0,0.0,0.0,0.0,0.0,0.0,0.0,0.0,0.0
-0.01664257031347369,0.035146110639193144,0.049758714124786545,0.040522186707877016,0.032905368992440634,-0.0012749452617157604,0.003753309694270579,-0.00011809787809445996,0.0009321020578486001,0.00017227066889560668,-0.0002794658177247019,-0.00794971740536764,0.044187516840992265,0.011627723767098447,0.0344239906906441,-0.004431603895604978,0.002442455088137796,0.017182465360238368,0.0024504171894661263,0.0029106462002589837,0.0,0.0,0.0,0.0,0.0,0.0,0.0,0.0,0.0,0.0
0.03734391630145706,-0.006644029555441432,0.02418733066331865,0.03831392569102393,0.018989161155074458,-0.00129932317954719,-0.015632006235229895,0.0005276613171186093,0.0021344153985334746,0.05096568823124179,0.03718348449757536,0.002417661479490707,0.05017786511383564,0.03695862462092742,0.04117638104307834,0.003531737030355962,0.005570636246064572,0.007268950965559189,0.0011709306971257728,0.001273581537085732,0.0,0.0,0.0,0.0,0.0,0.0,0.0,0.0,0.0,0.0
0.012944030514677487,0.011287047576695568,0.051648318768284934,0.05286563098774979,0.04535119218329884,-0.001944313081129193,-0.000190184694464239,0.003828441798164041,0.0027511051556364037,0.001039787337151787,0.018794182151908385,0.024533050029023118,0.027589676680997485,0.03707951401924343,0.05927673503999089,0.015113082787007216,0.011137895589158073,0.011990348201991572,0.00248903275905966,0.0011370233159254573,0.0,0.0,0.0,0.0,0.0,0.0,0.0,0.0,0.0,0.0
0.01613424665293973,0.046887883849230115,-0.0043505017217957175,0.05625173137206787,0.051387977031646014,-0.001569282401323836,-0.00034220665364931004,0.0017814545459440437,0.0023592532472832147,0.0002767291631969606,0.02769365334096458,0.011269071844345876,0.036053693672750145,0.047526702510082876,0.06578707706177558,0.011560810982816408,0.012028862128547186,0.01798376155469803,0.0030811593949276704,0.0019195195439246386,0.0,0.0,0.0,0.0,0.0,0.0,0.0,0.0,0.0,0.0
0.025502121653314978,0.063566479776235,0.027885141695604337,0.053209254417851404,0.055397593568033615,0.00011077481250954139,0.0049433449113239405,0.003770272100033432,0.002619871311013045,0.0005003381210458983,0.03336698012559874,0.07853773557668177,0.0033085289608054415,0.035490387122177613,0.06455919955567616,-0.0006365182871240812,0.00310789339928024,0.014941654387984234,0.004104593030950319,0.0021843149503827817,0.0,0.0,0.0,0.0,0.0,0.0,0.0,0.0,0.0,0.0
0.007858850532506102,0.03961749787588208,0.041059876223538204,0.03313553450585729,-0.037285759108053644,0.0010793020222946202,-0.001703639028411884,0.004010350073393658,-0.004483458837005532,-0.003130623289499571,0.025094596671182717,0.09501848727062485,0.03666838834964749,0.051202366111268285,0.012239856209399467,7.302979587144899e-06,0.005374946499841527,0.005403936563680355,0.002860866853531474,-0.00030708135889356006,0.0,0.0,0.0,0.0,0.0,0.0,0.0,0.0,0.0,0.0
0.03108172739619585,0.06211385762638052,0.03370237468281608,0.01739829649463896,0.029546074861614202,0.0005347739843896104,0.0002261183305802063,0.001992454844348988,0.00415618939779742,-0.0013703205486468922,0.031353662299922674,0.004456323551292554,0.012736714542046342,0.03486239625356943,0.008331756028427428,0.003135628541952972,0.00447696600739444,0.010928573302907136,0.002556958719647473,0.02650107080309665,0.0,0.0,0.0,0.0,0.0,0.0,0.0,0.0,0.0,0.0
0.062409869558306276,0.05948159617470344,0.01651884546007864,0.003025179337381861,0.046989808352460916,0.0015691529200396411,0.0061607852125153085,0.0016529808506124308,0.006087413945501277,0.00022114349581424595,0.019056851182570562,0.017646203821438725,0.006410378323863916,0.0029363017996393054,0.013383853563297198,-0.002335269249700408,0.002300285720180619,0.005725372400245565,0.0026441541922072598,-0.0019942816007038414,0.0,0.0,0.0,0.0,0.0,0.0,0.0,0.0,0.0,0.0
0.044742997527349386,0.047205553230785,-0.012190838551232748,0.04972795109525344,0.05146672367799806,-0.002501839413256452,0.0019918226540100933,0.0018147127113660054,0.0037663465024267684,0.0011361197256945573,0.019397344966011712,0.059245241491461126,0.008161713562848753,0.035173641569770986,0.04970778851164224,-0.0007582777199818257,0.00589257125601799,0.014942867375071259,0.0036600808980588873,0.0011390760490765713,0.0,0.0,0.0,0.0,0.0,0.0,0.0,0.0,0.0,0.0
0.012038429560277713,0.05302962940858195,0.027393589607465872,0.07001107779141891,0.05122226382607972,-0.001141767951316581,0.003020119948147071,0.004084342137853331,0.004394700671392816,0.00011594694375226326,0.015143488132686555,0.04954771960993859,0.008262336016581558,0.05449626410956223,0.06111620703932706,-0.002005045798987521,0.007399497129526757,0.010957741445172076,0.0042772712137051075,0.00035778627920680456,0.0,0.0,0.0,0.0,0.0,0.0,0.0,0.0,0.0,0.0
0.029211018957274838,0.014531777971361771,-0.004540566662090055,0.09289663475102075,0.03670558306387291,0.015724955044676407,-0.0026549790600619476,-0.0001822367479784087,0.005616383425520817,-0.0029065195915714583,0.00622780263718714,-0.005262912804188418,0.019826840365528973,0.0727893445300073,0.06009619426684397,0.0012461195338453353,0.002287057789992182,0.012282892136260734,0.0030693234238659477,0.0017568840890026275,0.0,0.0,0.0,0.0,0.0,0.0,0.0,0.0,0.0,0.0
0.029569615127495747,0.06351834671202157,-0.01672991492078565,0.06243254423272964,0.04753196398985858,0.0018297093020902791,0.001017001193433121,0.001190856588549666,0.007100365056703427,-0.0021506226600891748,0.04377975937164589,0.015931718738191616,0.0035104648206590733,0.044194383164588895,0.016868921276912276,0.002729485034969237,0.0015517154874671376,-0.049013497805207085,0.002692577988792624,0.0011662044203445345,0.0,0.0,0.0,0.0,0.0,0.0,0.0,0.0,0.0,0.0
-0.005227215371617467,0.03445412810741753,-0.0009545266540735465,-0.009703545043436176,-0.0033204695998717807,-0.0015007219395532948,-0.00284275002502781,-0.0012369827570528147,-0.00023891103525763895,-0.002782065632195998,0.007534595780142333,-0.008793581057097075,0.03873536366661696,-0.006547256134397955,0.025963456474042183,0.005660624469106076,0.007265427586536868,-0.0026970893794753203,0.004936677722994084,0.00047806863801566244,0.0,0.0,0.0,0.0,0.0,0.0,0.0,0.0,0.0,0.0
0.03005838633382428,0.03162562800852372,0.00441305712152749,0.04561649718297662,0.018054498365203585,0.00258240550324743,0.002499553563919141,-0.0006196557858366679,0.0022518669360326355,0.06614279930706236,0.036616424275280196,0.019989198491586906,0.008239171184155774,0.0659746708389431,0.04754837351507926,0.004306029070876979,0.00473386278347812,-0.020152566141669936,0.01872827569096199,0.002695362970376838,0.0,0.0,0.0,0.0,0.0,0.0,0.0,0.0,0.0,0.0
0.04027018966067028,-0.03356129191392648,0.005546041233636997,0.024586804446418902,0.02824024861461767,-0.0016796927791837438,-0.0027820398023539468,-0.0017622120145739445,-0.0036054280607562246,-0.006718056462811508,0.0045343381410674595,0.012652361587009888,-0.029419160903726187,0.058327654348986735,0.005004394285746586,0.004595320172366119,-0.0131918497148066,0.005297503334718324,-2.0723162762250974e-05,-0.0005611686634873518,0.0,0.0,0.0,0.0,0.0,0.0,0.0,0.0,0.0,0.0
0.045512315248373854,-0.0268011328230784,0.05505041173648949,0.03402202247701859,0.004278568164718918,-0.0008207559932864276,0.004512523990792414,0.0019166888506911533,0.003539443773203882,-0.000556201765333899,0.02766565583240321,-0.01573047105341434,0.04289569607901505,-0.016819187722215544,0.007918540032135128,-0.002047454728473148,-0.0012286659892477977,0.011720018278759061,-0.000715669053410231,0.01940925178523011,0.0,0.0,0.0,0.0,0.0,0.0,0.0,0.0,0.0,0.0
0.024016610718474368,-0.03587029441225894,0.04035474454889988,0.006041718963656681,0.026094420740957143,-0.0032781631529298196,0.014843562946726617,0.0001267682043452192,0.00378515178889474,-0.0016121991649695145,0.012812932299938212,0.01971764822510624,0.08316311578090983,-0.008070019536160617,0.05642952725736769,0.0007302663841774629,0.006319984809154712,0.006424372702318846,-0.00014203848015178507,-0.0012715176058084006,0.0,0.0,0.0,0.0,0.0,0.0,0.0,0.0,0.0,0.0
0.043419396380231144,0.06777273235215739,-0.020283417209776437,0.013121330546580339,0.02000218817212506,-0.0009071463057634574,0.004667139132268108,0.0008287667103118524,0.003556123931084479,0.0018600372901213117,0.009400220135930885,0.0021042149980449146,0.008347265824168608,0.013160651702373152,0.02675180953752795,-0.0014540400420477758,0.009616972104842596,-0.052043018429976155,-0.00048574692199060936,-5.1991670363865e-05,0.0,0.0,0.0,0.0,0.0,0.0,0.0,0.0,0.0,0.0
0.0372193737042285,0.0019174923251774295,0.034456208204541365,0.048439513273109275,0.0006916160828835418,-0.001487972089391331,0.020242941002520682,0.023517758254623714,0.003814895312715237,-0.0015364857736676655,0.01963786822885378,0.0043739296879075065,0.04787344633490704,0.028739893774256755,0.008281816452299588,0.018655662351256045,0.0020145070572226806,0.008172717078283083,0.019716938951843982,0.0008103963643586236,0.0,0.0,0.0,0.0,0.0,0.0,0.0,0.0,0.0,0.0
0.006627982149625147,0.05933072355564084,-0.009510775314476859,0.031235416271076056,0.02667843836317784,-0.0038805825370259095,0.0044826144505945515,0.0016258255360216245,0.0015573849947907925,-0.0010753597840966339,0.024513901381033903,0.02980389495801052,0.007561614693982443,0.004118405947740249,0.0383678929150973,-0.0027400678022328597,0.004278582085912893,0.022993432178106274,0.001554790901382125,0.0011974821760114237,0.0,0.0,0.0,0.0,0.0,0.0,0.0,0.0,0.0,0.0
0.03698728447087824,0.057186149144285776,0.0365030541672741,0.057351195615528525,0.0485097703774989,-0.0004636329756596522,0.0010290041642008363,0.004977055371334606,0.0021840853014292727,0.002615523462058532,0.022876383346674394,0.018844829970289346,0.028879071938315234,0.04216484467388652,0.055578262837141304,0.017419273778526357,0.006448481366011825,0.013002822142327418,0.0011711185324607078,0.0013022444633518987,0.0,0.0,0.0,0.0,0.0,0.0,0.0,0.0,0.0,0.0
0.02027826158449113,0.0236601917194058,0.048459056545290737,-0.0014881639027853673,0.03726877003369339,0.001665894383507084,0.0034477242679860844,0.0012382438323701628,0.0014990247893994836,-0.0024247733435813117,0.03732770024291697,0.060072686057410896,0.03865793430257882,0.038670333653358216,0.01538179313205819,-0.00014193605379187737,0.0023370223699609822,0.005961203274217221,-0.007027793939363471,-0.0004596847112731239,0.0,0.0,0.0,0.0,0.0,0.0,0.0,0.0,0.0,0.0
0.01977697316839281,-0.007267659893860351,0.03660251798982244,0.004084005305364135,0.04575436388157009,-0.0002261498963591301,0.0036456730887540994,0.0024772157613242867,0.009516178805165832,-0.0024166330665511327,0.04160199561273445,0.035129448921398576,0.03100509572388883,0.08192014295848102,0.036469652143776524,-0.001454850722142821,0.008606996772537293,0.01629520487210801,0.002510321675541783,0.004691104018425362,0.0,0.0,0.0,0.0,0.0,0.0,0.0,0.0,0.0,0.0
-0.008441486286728323,-0.024484639918897922,0.006544460161380581,0.0489742774350295,0.06057281502466766,-0.00311766549909845,0.0008349865008595195,0.003868048191397864,0.005534963402654154,-0.0009954937523135334,0.007368891922839161,0.009170848003939153,0.008597967034143207,0.06236022661050253,0.08978623431333395,0.0023721075205877136,0.007622300450125434,0.014100741101598941,-0.0020307610859813586,8.277599033168435e-05,0.0,0.0,0.0,0.0,0.0,0.0,0.0,0.0,0.0,0.0
-0.010227449164620154,0.05249123851075372,0.0460330387541123,0.046822876999222746,0.0019866027717082247,-0.00016988486145378624,0.0004220201084311363,0.0030888638636541554,0.003756514062416413,-0.00038432116721404656,0.021628192226570336,-0.0029646193607480776,0.02624363294844775,0.051164811940448536,0.0026075618370428287,-0.002681868921964073,0.008117507533581467,0.004003138409293669,0.0009796490309993116,0.0008040915996892308,0.0,0.0,0.0,0.0,0.0,0.0,0.0,0.0,0.0,0.0
0.029684129958839914,0.04947966700086402,0.022234733535023015,-0.017006919210503818,0.024546733286449268,-0.0011587018263995593,0.006724529479970194,-0.0016175866075799775,0.004671959922300783,-0.0024045225650538905,0.02846430912797593,0.027231601920415977,-0.01063737166729909,-0.013852370238783997,0.0008868402687610361,-0.00434924478025668,0.0013492190224560952,0.007394423547426515,0.006526147112759185,0.0005540198330046438,0.0,0.0,0.0,0.0,0.0,0.0,0.0,0.0,0.0,0.0
0.017802073509456177,0.025362419857103958,0.03300110979631028,0.042391393586433124,0.0189650761620645,-0.0002823950553094207,0.00522735316579657,0.0022646731431185973,0.004850430647049393,-0.0038563172634601406,0.03290059041295502,0.04059498765673949,0.013568640824006611,0.042426567725143756,0.007729465670520435,0.00044439738899071504,0.005923585818209984,0.02008976636310818,0.004278145820547343,0.001934627789863534,0.0,0.0,0.0,0.0,0.0,0.0,0.0,0.0,0.0,0.0
0.04688839865932712,0.06198936621913348,0.023436728306971535,0.04652206953645604,0.051891093480504365,0.0011385646153265698,0.0005355531167308189,0.00028208074794303664,0.0039694712466600965,0.004166165131460135,0.02732308873756667,0.012807340288821358,0.016554787882621092,0.0373834490953686,0.04624356124104176,0.02942920863473183,0.00552477858363464,0.0161743396648816,0.0012098671918999357,0.001096909766732444,0.0,0.0,0.0,0.0,0.0,0.0,0.0,0.0,0.0,0.0
0.06123284607361369,0.0051670787859354915,0.03729624374575981,0.03267798907941406,0.02873015400826018,0.000152437431104435,0.0032295374501232336,-0.0005172472946205653,0.005423267162326452,-0.0010895993334564403,0.029471444164190157,0.03636283263215527,0.011315287706337494,-0.003949342539439681,0.012940842672471378,0.0016636595764267742,0.02127313834720596,0.011157202432739344,0.008129025111841034,-0.0019452000920173371,0.0,0.0,0.0,0.0,0.0,0.0,0.0,0.0,0.0,0.0
0.012954739789445436,-0.07747598150904936,0.03423983197188511,0.014598612562084983,0.024923983864731162,-0.004104222388833207,0.001336882383639029,-0.0005434785489104202,0.0029338659805672935,-0.0009414208140240371,-0.0034557891259638864,-0.00326160686206272,0.011694831888373697,0.0007499142610903608,0.047086015345632615,-0.0005093352555348976,-0.030808525739134358,0.022874605981593046,-0.0006043903662801535,-0.002966936298878012,0.0,0.0,0.0,0.0,0.0,0.0,0.0,0.0,0.0,0.0
0.04994634468384706,0.05569120513865068,0.02118116870491642,0.0493351889544489,0.00654621312678929,-0.0005278840565761297,-0.00046575687487109376,0.0020398619616550954,0.003949165259027456,0.0007457375836356821,0.023668845159421775,0.04731076899611754,0.039058971460688055,0.025745048208356783,0.0003804722011707852,-0.0016228024050981074,0.006506638077832635,0.0069760413722243265,0.0016734253475000178,0.0005829442206343505,0.0,0.0,0.0,0.0,0.0,0.0,0.0,0.0,0.0,0.0
0.02518767120849231,0.07015815306328947,0.0010460471164026686,0.04402795122847212,0.0449217579365976,-0.0010649733944778283,0.0015965098952372997,0.004597883639615877,0.003716641076485185,-7.779052450972229e-05,0.017970260070479947,0.08240568987674206,0.031642541576402866,0.029513926719088073,0.046905193598167555,-0.002604383747980141,0.008278578915621254,0.0062435598635687956,0.0026176824218755662,0.0016386965808002818,0.0,0.0,0.0,0.0,0.0,0.0,0.0,0.0,0.0,0.0
0.012750032388942834,0.06976035225827197,0.041797824211425895,-0.017334456354071794,0.06267618143808443,0.0004493339992204508,0.004740017729807572,0.0016505886173508813,0.0008786179800215613,0.004576417825240365,0.02390582336862623,0.012909683269243223,0.035697681813438166,-0.015627300249333058,0.058566495601985034,-0.0010789833215577407,-0.0017288410520739576,0.009637630321738016,0.003734350235840518,0.0019291753782532891,0.0,0.0,0.0,0.0,0.0,0.0,0.0,0.0,0.0,0.0
0.030899643385832714,-0.008114888993650975,0.03559098823498455,0.04778037615355947,0.045549233146924654,0.0013416004638664555,0.006572408921629174,0.003209744113116095,0.007174904718515711,-0.0006420404686123231,0.05666465442806636,0.0035944204727976566,0.10092038898619228,0.07185132008118247,0.044906693151073894,0.002812565811101044,0.0017544804811271827,0.008887667837099888,0.0015344510907558018,0.0014329851048088984,0.0,0.0,0.0,0.0,0.0,0.0,0.0,0.0,0.0,0.0
0.020223528384216857,0.026628344962544633,0.024731900433061112,0.05257754500519369,0.03895848546140715,0.028577523461700408,0.0008390533239361094,0.0002921108050639009,0.003687263898507716,0.0012407594845502859,0.031564361326489015,-0.0043767366213876115,0.03210803796576055,0.04874313781015623,0.03859668102208786,-0.0006084390361352517,0.005504423759578445,0.014454991916235664,0.0026198712481956344,0.0015109283521207583,0.0,0.0,0.0,0.0,0.0,0.0,0.0,0.0,0.0,0.0
0.059654984536947925,0.0066546346490589,0.03652346961322034,0.09536190733647346,0.026341152798607936,-0.002215862016783373,0.0010674290961237023,0.00481982586663408,0.005678815277634555,0.0001572103496858073,0.008977418589127309,0.019901473763839272,0.03734681701944932,0.019710071853536217,0.003097022569879907,-0.00048010804101381087,-0.00862570823047747,0.007262523809306375,0.002022594149011577,0.0004659241301081001,0.0,0.0,0.0,0.0,0.0,0.0,0.0,0.0,0.0,0.0
-0.010552529319393532,0.004022166615472082,-0.0433181939706047,-0.028853904398038713,-0.03591298100221645,-0.020507240978708468,-0.005197653636898815,-0.0032079387137499524,0.0002009595612954157,-0.007451798839588396,-0.016617416715230746,-0.008860629122055447,-0.01657491666297238,-0.01616909230035539,-0.02545752950154101,0.0005588073471244803,0.0005294498474886877,-0.04401535614989057,0.0014365906745155475,-0.002746953519102528,0.0,0.0,0.0,0.0,0.0,0.0,0.0,0.0,0.0,0.0
0.01549447359741086,0.025881142578298103,0.03170377445620815,-0.000522943002501216,0.025029696036660033,-0.00012848921484780575,0.005791805972295484,0.005578410061457812,0.0051883674571529285,-0.001448534570059349,0.02682721526793777,0.017349711821415925,0.09020600317088011,0.004341553500553403,0.007519833415870577,-0.0038322790708582638,0.002571156207855207,0.004605203258830021,0.0036322420862978447,0.000681618158519795,0.0,0.0,0.0,0.0,0.0,0.0,0.0,0.0,0.0,0.0
0.014353197334109018,0.07974187748348996,0.04398672494784383,0.022165611156685194,0.03363294209878391,-0.000831626569009782,0.00540489543858483,0.001246306955263679,0.00793502335009755,0.0049145631980106255,0.019318811569316682,0.0299816398724031,0.020544482834596787,0.03567458479992564,0.03745392104754984,-0.000536442430673482,0.004601818937487295,0.009235865596774607,0.002360292683253466,0.0020143448093336083,0.0,0.0,0.0,0.0,0.0,0.0,0.0,0.0,0.0,0.0
0.026478629182970333,0.010284772709348007,0.022382597856905644,0.030584146884913472,0.012874910499355283,0.01867133031831821,0.0018285724508148265,-0.0020661541561539155,0.008547880777819268,-0.0032692536431602583,0.009759901586934622,0.022056252668759616,0.07720878195505969,0.04395823168758395,0.01473319755905065,0.0033250696416350146,0.005514822891585849,0.008336844194994161,0.011801178403265535,0.025709883650371575,0.0,0.0,0.0,0.0,0.0,0.0,0.0,0.0,0.0,0.0
0.05151022358579456,0.08147415791856169,0.0034900029129504816,0.019926235793776136,0.01367475718358279,-0.0010392463945548941,0.0008090168842668594,0.0016592045177966442,0.0021793670548530884,0.00019095300832480067,0.026383313390545705,0.07365391302338821,-0.004509230980341695,0.010704861024998992,0.021479911321078803,0.019901749753239422,0.005904889983333478,0.007979787225110732,0.004700672777075936,-0.0013529428634102936,0.0,0.0,0.0,0.0,0.0,0.0,0.0,0.0,0.0,0.0
2.2122457308774215e-05,0.05805524780996654,-0.014122408219947168,0.030727346450670476,0.032288505904352706,-0.0029100502710616405,-0.00200375016825523,-0.0024202979815371073,0.0018200878888713923,-0.0010144069726606964,0.010600207491713823,-0.007425022219507209,-0.014061624012501737,0.0283524694247972,0.03042473834337729,0.01085756775104121,0.012382905376325928,-0.07269991595831624,0.0016500222580158631,-0.0006331198922022186,0.0,0.0,0.0,0.0,0.0,0.0,0.0,0.0,0.0,0.0
0.01962112796218762,0.015231329495050246,0.050442334629845,0.009425367653689638,-0.024482397602392583,0.020208688598646884,-0.0004619029187479693,4.7710304601236956e-05,0.0044623656912050015,-0.003320249536717771,0.0013996010086206013,-0.008260766521041915,0.031891259193375474,0.029076023750186173,-0.0326255620015326,-0.0016120932184802597,0.002024635383204128,0.007970024878063996,0.00027194458467116086,-0.005005602118884806,0.0,0.0,0.0,0.0,0.0,0.0,0.0,0.0,0.0,0.0
0.04207070165704392,0.04681979271376164,0.03271831322036142,0.04283473020444644,0.04621064335555256,0.0014391882700576274,0.00262341667631797,0.0003805909112407029,0.0035637053835854433,0.0045536696498530175,0.024110530756437012,0.003368541197523881,0.019876929619945558,0.042631409016899,0.033960659175009365,0.03179350823985822,0.005132178376908372,0.013494951936040556,0.000605560585257742,0.0013778012017121126,0.0,0.0,0.0,0.0,0.0,0.0,0.0,0.0,0.0,0.0
0.014802341283184405,-0.06198483840684982,-0.02863463435369023,-0.004877364617266418,0.005618485482727334,-0.003048857563787456,0.001711105962298589,-0.0012375493926389523,0.004862793665066149,0.00121186194742953,0.016011502838109246,0.005872693832142814,0.0007302685260028716,-0.025857001270613758,0.012450864378959701,0.01148806338378788,0.024960091045640932,-0.01976594167879828,-0.001314667523571088,-0.004277620417762117,0.0,0.0,0.0,0.0,0.0,0.0,0.0,0.0,0.0,0.0
0.02547229947499811,-0.01642769338787803,-0.01642249678424106,0.03127746778590465,0.046792471579562615,-0.002473766390872575,0.0018909275009779789,0.0030514168401838534,0.003645041425201202,-0.00037084229232650304,0.008600185488672982,0.02328626121793363,0.02950868813320207,0.04662462987913898,0.06509909432338337,0.0007421800011957002,0.012013426174181868,0.01930588527281915,-0.0001595931791344876,0.0022660140574680427,0.0,0.0,0.0,0.0,0.0,0.0,0.0,0.0,0.0,0.0
0.019727979286797176,0.041210887195893074,0.02753438635545481,0.026913461049738154,-0.0014014879632018808,0.0012401465106733844,-0.001179391436092076,0.00040820807539886203,0.005483961102585941,-0.001115540711484901,0.011382789220874216,0.030877725442263432,-0.005911953787755931,0.018876953139166097,-0.01295602153701,0.004035002239151062,0.00413891342442563,0.004711668145100512,0.01616827272176136,-0.001424361353368057,0.0,0.0,0.0,0.0,0.0,0.0,0.0,0.0,0.0,0.0
0.020909401301390684,0.05831102548661418,0.028701172207865878,0.016525284322382327,-0.005078610560802398,-0.0017083479708704403,0.0017888452072552105,0.005962055944949112,0.002230950922248732,0.0007086357747664861,0.05325588504490841,0.10651850956097852,0.0569278584058542,0.01123257260754944,-0.015513090939878202,-0.0002252922505354051,0.0061944839050834906,0.012048559014421076,0.003631935016899171,0.0012997641192933325,0.0,0.0,0.0,0.0,0.0,0.0,0.0,0.0,0.0,0.0
0.01612363962269467,-0.023099625962125114,-0.011065766629315006,0.0044674706789648395,-0.036418181946838615,-0.0038717108532066516,0.0036400967659911687,0.0005669089918226225,0.0008317115079549623,-0.0034567965250794385,0.014990101770470991,0.003028777045678033,0.05473790455255396,0.026713184433069526,-0.0426853292535739,-0.0008539816120275546,0.002255676811161543,0.010865283462859336,-0.0010076903171148855,0.00025700139322773306,0.0,0.0,0.0,0.0,0.0,0.0,0.0,0.0,0.0,0.0
0.01971400647616856,0.038896549484300685,0.0588505606978329,0.04137380651951787,0.03373929825161932,0.0010020658713820877,0.010958476700422925,0.001858482166844666,0.003994146583395499,0.000444759914408747,0.020215149693703718,0.005567725664794987,0.09896057464651797,0.03411303871835694,0.0334292600110099,-0.0017280113958904025,0.004791309054413619,0.015966297895565484,0.001472714500487416,0.002326500056970312,0.0,0.0,0.0,0.0,0.0,0.0,0.0,0.0,0.0,0.0
0.0035264306376614984,-0.023275798096407816,0.03279929859846741,0.002888560394100006,0.0049442672308066095,0.03524941897636554,0.0019400108051510327,-0.000705794538549329,0.0014826723942916982,-0.00023908004767071532,0.030227647753478172,-0.004661565914686307,0.0376295880989748,-0.027563320594799875,0.010677926763947904,-0.0015376539427556183,0.003497473586747112,0.004764549866407313,0.0013715345295797752,-0.003125541040658776,0.0,0.0,0.0,0.0,0.0,0.0,0.0,0.0,0.0,0.0
0.024057107517151437,0.05226082725442472,0.007440545977364097,0.05036124330619696,0.04485422247469239,0.02265154888924515,0.002575073070823318,0.0032169603611656022,0.0023923158313575413,0.0003941177891220383,0.033847712687535524,0.07623361497605123,0.03326712379498366,0.036457580478743624,0.047854213908906595,6.204706443656475e-05,0.008289803128376407,0.005121058878774911,0.005869663589069438,0.0015148161419503007,0.0,0.0,0.0,0.0,0.0,0.0,0.0,0.0,0.0,0.0
0.021678647752646166,0.050215681871708884,0.006603067263518066,-0.003577770530427254,0.02612582585388279,-0.0010259660148977253,0.0026449897535764906,0.0016104818750835536,0.002709078745963734,0.0009765632491257855,0.05252791133077121,0.05814108909097777,-0.0059066787737715645,-0.025982169873246957,0.02782433781768334,0.0014327450143149499,0.000579799054428465,0.010165338739153075,0.004847576814608338,0.004713290180449477,0.0,0.0,0.0,0.0,0.0,0.0,0.0,0.0,0.0,0.0
-0.007661757664706142,0.05237485588242906,0.029838251254427108,0.07003806230194803,0.01966922761055375,-0.000668820304556962,-0.001096086435460032,0.00594676628927102,0.005845298362934456,-0.001560272531700564,0.019807768266222835,0.09202767950885682,0.04908094184955791,0.07342697476472776,0.02847863282403495,-0.0012431707337614655,0.008312132568422701,0.006319184721876349,0.0030143388950080166,-0.0006461682145353772,0.0,0.0,0.0,0.0,0.0,0.0,0.0,0.0,0.0,0.0
-0.015213468177921248,0.02704786288358296,0.030145306545127256,0.08366656544950135,0.024311461909465863,0.00031076724603315374,-0.00040230838050783296,0.0028398024539354294,0.008952801256873909,-0.002134204084275415,0.003425742364949468,0.0533485226452417,0.03478804757406085,0.06932634138930457,0.02933603518279337,0.000801463606084502,0.003948276694091157,0.005505971428584308,0.0050662621979384375,-0.001349653064491104,0.0,0.0,0.0,0.0,0.0,0.0,0.0,0.0,0.0,0.0
0.01925519749923623,0.04384405244072291,0.028142615668764397,0.014295604882140805,0.007662659405614776,-0.001018852191693499,0.0018086961614628741,0.002913260901581438,0.004237375365176235,0.0006858206511362326,0.037344006428445355,0.10543912425839372,0.011382154198300026,0.01751652235396561,0.040051025661737565,-0.0007294337295607786,0.002654399830516628,0.006530774272259567,0.009260365603529549,2.8469553819558123e-05,0.0,0.0,0.0,0.0,0.0,0.0,0.0,0.0,0.0,0.0
0.004046517210784843,0.014548503462851615,0.020241825979885917,0.050426280432947876,0.02415373624767192,-0.0013990836157279157,-0.00015150177233990865,0.01515311992550743,0.006172220709184103,-0.001200089436320968,0.013211322951943029,0.015707826527664955,0.017869604119967825,0.009050271646052195,0.016218900826125832,0.002541297023974139,0.01564842056008208,0.004475423468256629,0.001938817253398279,0.020068183598458945,0.0,0.0,0.0,0.0,0.0,0.0,0.0,0.0,0.0,0.0
0.021096810142229395,0.04304487987430954,0.010976720854742382,0.04859945135556784,-0.009437819566326522,0.016139081588112485,-0.0018838756204039076,-0.00020148552400975578,0.007940459769620102,-0.002940674183547137,0.023044048620888158,0.047788983541823024,0.011363579792552168,0.059017809602120434,-0.00318234199582665,-0.0013929301520791064,0.0028459848104268803,0.0070489330808093855,0.004542676861216231,-0.0006886957318534655,0.0,0.0,0.0,0.0,0.0,0.0,0.0,0.0,0.0,0.0
0.010387185493729677,-0.014685491172476186,0.018987720481713655,0.02413455580786727,0.014977783371157866,0.00022218639970259798,-0.0006026712449505243,-0.0009118632326726514,0.010774035697685745,-0.0023642062935110837,0.007473955182039907,0.00029948780762799706,-0.0022887830624598975,0.038486747628195685,0.03851245162034411,0.00411253430658165,0.003012604625334049,0.007448683028680393,0.04664736584630748,0.0009923107277508049,0.0,0.0,0.0,0.0,0.0,0.0,0.0,0.0,0.0,0.0
0.03366315016900262,0.06443798596164996,-0.009152571295236224,0.03703233583364318,0.0038314523506187467,0.0005653591256251825,-0.00032072358393804757,0.0007449282421475675,0.0029077339217207262,0.0033733509348898073,0.017674701738204363,0.010090238547974641,0.000555515252494772,0.02001475297868779,0.0062865774316267125,0.0009861295860036292,0.007133889268971243,-0.005908522193220989,-0.0003903483479328908,0.005195661197438717,0.0,0.0,0.0,0.0,0.0,0.0,0.0,0.0,0.0,0.0
0.050296347400993036,0.04903364473807676,-0.009037626201090785,0.02366603098363763,0.03451337065555792,-0.002463846178971739,0.003451607602126715,3.4207732985605917e-06,0.001903444408810266,-0.000467706944064643,0.01689654344737463,0.02820123629480942,0.0234382368604603,0.01564481701129671,0.028191347947614086,-0.005507858971308699,0.004680666978707609,0.02436088731980734,0.004060631874415771,0.0017454578513803778,0.0,0.0,0.0,0.0,0.0,0.0,0.0,0.0,0.0,0.0
0.03460835292040401,0.08843958826320074,0.040597911437489205,0.018566850525985758,-0.0243206165442843,-0.0006341020541611792,0.0006126859357348127,-0.0004107823650080696,0.002713271148248274,0.0006271340817251652,0.02103344570379621,0.018654396707962,0.013504849990411048,0.049046070572025334,-0.027602020583608028,-0.0019809889526485936,0.004766817228110283,0.008751705813991156,0.001498992353103303,0.0002480349378962699,0.0,0.0,0.0,0.0,0.0,0.0,0.0,0.0,0.0,0.0
0.02208576881686952,0.06412546210147438,-0.008618265686167373,0.021309976001170832,0.015499364279088271,-0.0025425566366064282,-3.599213858226018e-05,0.003106058560493672,0.0019565179058600025,0.02875185700218601,0.02449500598508462,0.004419216540821681,0.013993426463176273,0.030735778514578194,0.02513636280539439,0.0037538200290086125,0.006193044348270042,-0.002059297746871842,0.0011745703045186167,0.0028237217657813432,0.0,0.0,0.0,0.0,0.0,0.0,0.0,0.0,0.0,0.0
-0.02358186853678906,0.00020878753848371703,0.015604023204342907,0.08195296447398955,0.004621349008092497,-0.003026602418429629,-0.003909615558756282,0.0010846307020402008,0.0055006725092984115,-0.00319804329472284,0.004947569851494153,0.011784015612139006,-0.014224561199575481,0.0022743863739049467,0.009337603885213335,-0.007691089230010263,-0.001240710599682695,0.007466770040646124,-0.00036086690587442966,0.038067177562845535,0.0,0.0,0.0,0.0,0.0,0.0,0.0,0.0,0.0,0.0
0.002310673934292239,-0.0007402713483526473,0.005347940868512748,0.03631383346325749,-0.04389658286272913,-0.002080279162587458,-0.0038951095643313667,0.008043128301157927,0.0005308631559964213,-0.004639143209412168,-0.00792626727358672,-0.015423366808995444,0.00980074406248569,0.04533639402391923,-0.01183305498529193,-0.004315362091825156,0.0009119037383106247,0.004052479083074078,0.0023712800105417046,-0.0015482062140633375,0.0,0.0,0.0,0.0,0.0,0.0,0.0,0.0,0.0,0.0
0.023113587356639313,0.06642668693556164,0.03860506269304356,0.05462128077043456,0.020237278000935027,0.00042676214325831744,0.0022052797628515797,0.0037387429330865557,0.00203282501634023,0.004143389143391661,0.05020100391358602,0.011668206964724079,0.025398246789530496,0.024218542179124877,0.02213762445479417,0.0004282438312675069,0.0032233052690001708,0.009374912599634036,0.0015696452436237153,0.004950971119544949,0.0,0.0,0.0,0.0,0.0,0.0,0.0,0.0,0.0,0.0
0.040007263821097094,-0.03947967093754017,0.019877308121985713,0.025059739259555278,0.0012851370360221985,0.054430504098784104,0.0022935037040820437,-0.001667928076397177,0.005496586903685983,-0.002291451969037567,0.04447294321684032,0.026678643478236327,0.0017925858246180635,-0.008982719488673404,0.006663020294868232,0.0010157334651574148,0.00938273475093717,0.015103378388953726,0.0011598500852290354,-0.0009933227628555726,0.0,0.0,0.0,0.0,0.0,0.0,0.0,0.0,0.0,0.0
0.02839374583254063,-0.022479197875159382,0.0011789079021430142,0.004695233573247029,2.8535280062702406e-05,0.03267897539881476,0.0017094156626120906,-0.0023607079301642534,0.004019442334901058,-0.0028280281388803905,0.029493590261908727,0.01018547407456823,-0.002976409912239754,-0.028061923041768178,-0.0017882832713664956,0.003867207703805201,0.03811460718882373,0.005325123510314929,0.0003992076559444713,-0.0035887202214055715,0.0,0.0,0.0,0.0,0.0,0.0,0.0,0.0,0.0,0.0
0.021061303529638063,0.05072688978117119,0.0123063045734447,0.004000480528892879,0.0360635334509595,-0.000488261199363703,-0.0015339989267331474,0.0002807021314052859,0.010258915320358749,0.03407851459355527,0.002502617912123146,0.05217687313963003,0.004403088978671961,0.0687533549083848,0.0508247111024199,0.009531566358756453,0.0036049042078515493,0.00822423034524314,0.0037389552604654287,0.003206911123495264,0.0,0.0,0.0,0.0,0.0,0.0,0.0,0.0,0.0,0.0
0.030132583220206424,0.045079587724915125,0.014896490994976275,0.06419210895239814,0.04593756074732203,0.02431670671363682,0.0007467784343954245,0.0011148961112307548,0.003985076713809782,-0.0005199552462315275,0.010826655981054683,0.03887116570245996,-0.005602257632764032,0.05265818417331901,0.04798248058000725,0.0012641287283173684,0.006334281393123261,0.010900762635205726,0.004553156932281381,0.0010512042607080546,0.0,0.0,0.0,0.0,0.0,0.0,0.0,0.0,0.0,0.0
0.013792067273634986,0.05550489227459318,0.03368879607695635,0.01163737398991875,0.037436974896349055,0.007942684475309306,0.030162285935290634,0.004706951106621776,0.0024183794413927795,-0.0011909553895046042,0.026278596141022032,0.02326083867824872,0.028245320386266943,0.048212147514572666,0.03699235880874353,-0.00051721523092178,0.006351793174612606,0.006683390138580873,0.0026122435432237886,0.00950267388545891,0.0,0.0,0.0,0.0,0.0,0.0,0.0,0.0,0.0,0.0
0.015993685079712407,-0.024770397603471304,0.026352120384235123,-5.214783305979714e-05,0.016626940244977163,-0.0015637039151187692,0.0003246311460070197,0.003885446423179071,0.004185318872307234,-0.004136036235729856,0.036532816529255135,-0.034202728538727765,-8.02619596534219e-05,0.03744145975783178,-0.007172565765815186,-0.0026793422439694427,-0.0018288969741429965,0.008885913835082176,0.006293945803713332,0.004854428453839561,0.0,0.0,0.0,0.0,0.0,0.0,0.0,0.0,0.0,0.0
0.02779619422052054,0.033841497171102825,0.005933178169364426,-0.0114108355342347,0.020846844926729783,-0.0004429153320514258,0.0009788033502573937,0.0021669904996913123,-0.007118268444806546,-0.004234671956874635,0.05501381047368601,0.04001669333689628,-0.017637522249582118,0.02677069118921315,-0.009448777828464625,0.002739256029597104,0.002051878008306906,0.008272970388570522,0.008058287740322566,0.00018938407960580382,0.0,0.0,0.0,0.0,0.0,0.0,0.0,0.0,0.0,0.0
0.01867031022781192,-0.03790263958327648,0.03680928091184261,-0.00451572614844376,0.04260218875388155,-0.0025954797140064914,0.003593807258305088,-0.00022832265943433143,0.0010682747011356434,0.00879797280358101,0.012604520746075577,-0.005151997151681681,0.0792200232750181,-0.016785327824968457,0.018384935510084858,-0.008391119147717724,-0.0248467784786893,0.004764757841459634,0.00013262368881837873,-0.002509707889425045,0.0,0.0,0.0,0.0,0.0,0.0,0.0,0.0,0.0,0.0
0.023904862070513858,0.03684958124451036,0.010514456854660036,-0.005042536394588058,0.030419227474616534,-0.0034930611277451526,0.00494689497661469,0.01442473711951933,0.00031760823864340575,0.030891216166609527,0.021992486981979517,0.09517411852083028,0.016446126436580666,-0.03451538632604649,0.030211793901298682,-0.000957646169228497,0.0003633236391835612,0.0064550390211944916,0.0016903420136970613,0.0018796829127856738,0.0,0.0,0.0,0.0,0.0,0.0,0.0,0.0,0.0,0.0
0.046345689218741375,0.046123558499770824,-0.006551499324008663,0.046632907292017974,0.04423027769307856,-0.0018583462150425253,-0.0014124755217928295,0.002316020641791617,0.0029506930638727004,9.715619138376953e-05,0.011334063215789838,0.0006075135948600505,0.014207325247609223,0.04274817913176388,0.05013881528238899,-0.007488908477093913,0.005605919285537545,0.01924251645860536,0.0010383127063763144,0.0013312715438074585,0.0,0.0,0.0,0.0,0.0,0.0,0.0,0.0,0.0,0.0
0.03562867751503555,0.06258211323301031,0.0336848268150462,0.05034689707690664,0.039812859534776035,-0.00012670229891482754,0.0026322326799452255,0.0014714749677590699,0.003924033520065756,0.0012218401777477964,0.03172272265057795,0.017333186531849575,0.07116721006412816,0.04166358764414676,0.0490811304302125,0.011998492069198678,0.00960294508607635,0.013138332254916762,0.0012577592433378757,0.0005779779245481415,0.0,0.0,0.0,0.0,0.0,0.0,0.0,0.0,0.0,0.0
0.03291016574040789,0.03660490461425981,0.03244795819033968,-0.0055721484123870775,0.028258247596665637,0.0006663922931636356,0.00823229311166555,0.002193679003307316,0.008323282812309363,0.0005983822662259073,0.08386407469789758,0.01036576719336405,0.04409709810591264,0.011870109965421326,0.055696396181643196,-0.00042639726609638724,0.0026452702564786308,0.01019151789579231,0.002890905695638019,0.0028636971783613783,0.0,0.0,0.0,0.0,0.0,0.0,0.0,0.0,0.0,0.0
0.033452624003644786,-0.0065974056113367,0.03375076629236429,-0.006903916606934129,0.04601464829811094,0.030219196965429525,-0.0009664329462078127,0.0016671445176028264,-0.0073697236711943274,-0.001827955215738915,0.0046660257484077775,0.017701434237603897,0.0027508027238360624,0.0271126848711879,0.06323482858636133,0.004911034602340728,0.007415833310850761,0.009056192227925747,0.00034233784188501213,0.024260453081953175,0.0,0.0,0.0,0.0,0.0,0.0,0.0,0.0,0.0,0.0
-0.003115681845649131,0.031081418233654283,0.022377754298571997,0.033799135194695296,0.03244833559587957,0.03608578587654204,-4.175548605713404e-05,-0.0009740868650245548,0.004360865356309254,-0.0006858922264676724,0.0318591341596818,0.018364654002347863,-0.021205769019661102,0.037135009615052415,0.04036941457580862,-0.0006908422901481204,0.002865563419639568,0.0053095882099747594,0.004828070185423193,-0.00044910387020362884,0.0,0.0,0.0,0.0,0.0,0.0,0.0,0.0,0.0,0.0
0.025336218589654395,0.05605227982296866,0.013951447180272313,0.04353016785139306,0.01528454161587097,0.013662647550718773,-0.0024061014440273465,-0.0003411030110419311,0.0040009675976551825,-0.001289226074211509,0.0012888825933950662,0.0029693028553853906,0.008977049031294673,0.06337140741431167,0.0397922273749123,0.0007572005561043024,0.006085618139530482,0.006612905596721158,0.001491770852717366,0.02217563512192383,0.0,0.0,0.0,0.0,0.0,0.0,0.0,0.0,0.0,0.0
0.031439501697562176,0.018145995431299994,0.012647324517336696,0.049499093147398414,0.01955969246016029,0.00019259500409344858,0.003928969664540289,0.001227173195525647,0.005047984267873007,-0.001680336331135198,0.01751236417051757,-0.0018074136846006055,0.004037497268810678,0.009054923999700407,-0.004808680947699652,-0.0013107100879689933,0.0031874270344914492,-0.010886124041689451,0.020991275038433635,0.02532528741089887,0.0,0.0,0.0,0.0,0.0,0.0,0.0,0.0,0.0,0.0
0.03679831850107369,0.07202296040948027,-0.019716682567660238,0.023847703140720124,0.023659697693232132,-0.002200335497493028,-0.0010432472195634254,-0.00014506690875552998,0.0032283435872678787,-0.001197858120571567,0.013659170419294151,-0.0016821603821899518,0.0073062751023027905,0.027781781933116315,0.02989869602840724,-0.0036344468579883097,0.009823913022823635,-0.06398435734582433,0.000592259771978597,0.00015264180039163244,0.0,0.0,0.0,0.0,0.0,0.0,0.0,0.0,0.0,0.0
-0.001581310925353731,-0.041937085902802845,0.01955764491587523,0.025372304915558357,0.033135322238494753,-0.0006792971092016436,0.0007769335906611997,-0.0022001068241612716,0.006613729340672034,-0.0013376449045159546,0.010345692278624767,0.013392963653710909,0.006772445067207626,-0.00903359721469781,0.02828433618269737,0.0020797676469674164,0.0029957569666984366,0.003858266474790875,-0.001228542542942558,-0.004127924047750847,0.0,0.0,0.0,0.0,0.0,0.0,0.0,0.0,0.0,0.0
0.0640393008436216,0.034608902955297324,0.037078865323381845,-0.0021870388065548373,0.03559895891964115,0.0012304408666114722,0.0015435898876502568,0.000953148692166518,0.005770389134629654,-0.00031762338610042106,0.016067783708425525,-0.0028431748588669103,0.03284091889612565,-0.012478533990750312,0.000764605841897706,-0.0025426766063181582,0.0047954387502886515,0.0035415958736704665,0.002271524352135067,-0.0008457909365018309,0.0,0.0,0.0,0.0,0.0,0.0,0.0,0.0,0.0,0.0
0.03717776223789342,0.035577471151244704,0.03742829599959389,-0.015178368573026577,0.0038008588697449764,-0.0005336649133555325,0.0018610667656355532,0.000816665244412562,-0.0008450609648179457,0.0044749843672336415,0.03289967979630656,0.00884359169137634,0.018314870051843585,-0.042234537945702436,0.03780686136960533,0.005537237225888693,0.0016158613292866445,0.006839054102053888,0.0037728912163092097,0.0011200562849563531,0.0,0.0,0.0,0.0,0.0,0.0,0.0,0.0,0.0,0.0
0.02741532451941941,0.02571542452521999,0.023048605627880116,0.03070901558116567,0.02442093222103631,0.034539593136225705,0.0009388943217676299,0.02971376540604246,0.0065601323301401355,-0.002525795119332743,0.01809629491686825,0.013516689896684453,0.0317758025188309,0.05199758570155018,0.007520243528762231,0.0026410927076011,0.014507564656827805,0.009345948989980334,0.010213533017916322,0.03357094863578504,0.0,0.0,0.0,0.0,0.0,0.0,0.0,0.0,0.0,0.0
0.028967502681639994,-0.025786871750699603,0.03484646903612574,0.052654175597376514,0.05163776974774773,-0.002056008661146308,0.0011137881827427978,0.005103750112262793,0.006956927825910185,0.00038642517729771,0.011566476848961602,0.01011536132940878,-0.0019939648461504023,0.05276382181527205,0.05660793889995763,-0.0017381389620540677,0.008483074087515153,0.013827214141251312,0.0003581293278006723,0.0014777610601899472,0.0,0.0,0.0,0.0,0.0,0.0,0.0,0.0,0.0,0.0
0.03812783101280946,0.028557838504503965,0.009614699583688682,0.009284472675480437,0.04221098970175399,-0.0005766050122516732,-0.00301968602893042,0.04309700461910197,0.00283100058443193,-0.002809575699160085,0.019098028263515046,-0.00552421216414813,0.022324324765431523,0.03517236361335392,0.00917561084464112,0.021674524909365795,0.0033345911414660286,0.0067157064067629915,0.01492534543899137,-0.000492656040436539,0.0,0.0,0.0,0.0,0.0,0.0,0.0,0.0,0.0,0.0
0.051299435560233336,-0.024510268900322235,0.013011175589415433,0.022362397732392982,0.05137300902313102,-0.002492214390889912,0.002986324861037082,-5.362930401236733e-05,0.00376979483683102,0.0004125824932013196,0.020224318608709824,0.007484438946035966,0.0023714505548873555,0.004302121470629843,0.01578771315646278,0.0034669076785517157,0.00324780710913806,0.009699166234755289,-6.355411275103183e-05,-0.0009573800270669976,0.0,0.0,0.0,0.0,0.0,0.0,0.0,0.0,0.0,0.0
-6.210115932907295e-05,0.06492901856148058,-0.01873243412344772,0.028427072346397863,0.019641792948317277,-0.0010444091916850618,0.0037560553014058477,0.0021878468910903944,0.0037974247354385935,-0.0006686933465279215,0.008358046401231434,0.08010834163026805,-0.0003920791961508962,0.02046916449470072,0.033901950204877865,-0.00024949443198852455,0.005981049692108637,-0.05243458843346921,0.0013841212209677654,0.0021118766436922093,0.0,0.0,0.0,0.0,0.0,0.0,0.0,0.0,0.0,0.0
0.030392306890663412,0.016926889552216103,0.02304552402791476,0.06007696560348001,0.04315503842785465,0.0389518230702535,0.0018799953964514688,0.0038919137950078303,0.004112748527649399,-4.070026296542394e-06,0.024743506390747814,0.024707422314591058,0.0017748832935277888,0.05962157630614544,0.07103522009992672,0.0029950204266494156,0.005339091226658439,0.012120817457288678,0.0023408508714369007,0.002275964585683212,0.0,0.0,0.0,0.0,0.0,0.0,0.0,0.0,0.0,0.0
0.005132798318897921,0.0018285849893501457,0.006134307391216558,0.018147320893581786,-0.002197145805068776,0.0007794937252133743,0.061670625212961,-0.001701574567415659,0.0014005121735921385,-0.0024423392089111687,0.018681490426807407,-0.015716086256176043,0.006185524416928351,0.022991007553292333,-0.0007341715605896473,-0.00047468789932369337,0.006993242851343897,-0.016943448908495487,0.0008935278495973692,0.0030926155235695718,0.0,0.0,0.0,0.0,0.0,0.0,0.0,0.0,0.0,0.0
0.010005045578058282,0.040589656467570186,0.030479958781861338,0.01902092848859375,0.018372487790329524,-0.0019421897148214763,0.002100342442291403,-0.0006237212327172798,0.005383749947951999,-0.003193127128815007,0.0162334780599352,0.07362833142411943,0.004756557911968334,0.023612000060605074,0.0464202686207991,0.0006407461288130224,0.0012220029363561727,0.007719794801973142,0.007706225878250927,0.0003403303125094822,0.0,0.0,0.0,0.0,0.0,0.0,0.0,0.0,0.0,0.0
0.09601073816177208,0.037924053170716295,0.038095415920320334,0.03775832845055886,0.03033952797267898,-0.00047182966534998106,0.0018633165683554643,0.0037989180675109817,0.0021518636800413817,0.002533526019531707,0.02747807656974171,0.003963398879078231,0.03664938107629731,-0.03969460744592255,0.022438732170002605,-0.0009623097380887058,0.002625273630867007,0.004746132753277974,0.0014265584530267074,4.710242595448819e-05,0.0,0.0,0.0,0.0,0.0,0.0,0.0,0.0,0.0,0.0
0.03316769696322883,0.06270223116255548,0.017069272153078366,0.05327522121053081,0.05989251213001904,-0.00034318903024165996,0.003860025499108404,0.003202966371006146,0.003547777914111881,-0.0005393430236156074,0.018937169394178565,0.014925924065129475,0.004875354044899889,0.039355879210977926,0.06942194793770318,-0.0017404635741391215,0.0037242283098588274,0.016990691237677536,0.002036799629680596,0.0018349714362064656,0.0,0.0,0.0,0.0,0.0,0.0,0.0,0.0,0.0,0.0
0.004963095819634306,-0.021017036816598455,0.0678431096115325,0.0374826651527746,0.03368825103805375,-0.002491642854625301,-0.009464285786810437,0.0024185921760615735,0.0018530253648106076,-0.0013202166665199468,0.028644705095661773,-0.02715818299621173,0.011298810570804165,0.009995839483688552,0.06185107640176872,0.00035372234372462304,0.00031300378479090225,0.011537026854184819,0.0026189630301488623,0.0012594141984062983,0.0,0.0,0.0,0.0,0.0,0.0,0.0,0.0,0.0,0.0
0.05785382180974609,-0.03574584666674607,0.024698747560278733,-0.01679926957781539,0.021782368226797633,-0.0007221093722548147,0.03196217864323774,-0.003143495236737523,0.0017897046545680636,0.00022473525092362757,0.05560151051802496,-0.01552904743708583,-0.005325010245791861,-0.009589884663444797,0.04264754876193131,0.025128125504043464,0.0009344945388863515,0.006549513442536511,0.0019158641444610843,-0.0036173568369103977,0.0,0.0,0.0,0.0,0.0,0.0,0.0,0.0,0.0,0.0
0.023809985004063124,0.03605351933452459,0.03823946079580372,0.043930087314494694,0.018386463088504525,0.0033221801198275824,0.0026129425257188335,0.004039092892767031,0.0019465799439393264,-0.0017956402384202836,0.05795201350695405,-0.015189310924976352,0.029923831500448285,-0.026684809978299702,-0.014664634296733795,-0.002070308411676234,0.0014221341211807,0.006296590222981606,0.0018338131904736222,0.007357555206436112,0.0,0.0,0.0,0.0,0.0,0.0,0.0,0.0,0.0,0.0
0.025607042043718335,0.014563203210431657,0.009836306485494863,0.04569303019749018,0.038790180771554626,-0.00270505400737303,0.0019707705053397125,0.004136625015234628,0.0088992247700338,-0.0006922435430757766,0.038566397807395694,0.008982247690286322,0.03639331851360045,0.06584263712196761,0.012832859603108484,0.003026248092586605,0.00790533238684545,0.016781353300178253,0.0021981472506805632,0.0026762120000499373,0.0,0.0,0.0,0.0,0.0,0.0,0.0,0.0,0.0,0.0
0.028004756757292144,-0.030741839117699534,0.035822949625246195,-0.013770883982295888,0.01653684089425405,-0.0012129788235761723,0.0052635134227503235,0.001856199280655659,-0.01431044665626673,-0.0027903911233802263,0.033427256068295046,0.0077129627315508445,0.09403700263005592,0.03370432044891289,0.014791906788056438,0.010510462462857395,0.00656187197897011,0.01169946836863375,-0.0007115488591174574,0.024965338846815326,0.0,0.0,0.0,0.0,0.0,0.0,0.0,0.0,0.0,0.0
-0.002968713424745251,0.013950684206674214,0.023218177324142705,-0.006650622490806369,0.0747428756582474,-0.001275591318684282,-0.0023357297736592295,-0.0018730546877916135,0.0054391253522286355,-0.001128372125942746,0.015043269880437802,0.008851824011932881,-0.016206338083588727,0.013574566299259854,0.041018504614402145,0.011604114052799392,0.0015261371308256612,0.0068630661328835645,0.0022398295444267164,-0.0019121551826757508,0.0,0.0,0.0,0.0,0.0,0.0,0.0,0.0,0.0,0.0
-0.013026108272521285,0.0233427669764093,0.034044657877368815,0.0032009463544201036,0.07867933269605809,-0.0028649258641211257,-0.002928396809862428,0.003183108214815741,0.006513081790876892,0.0006450809681174311,0.0037644467406405605,-0.004875217984455262,0.036947634495431425,0.004117235617247282,0.006117766746378082,-0.0013019709137846202,0.003986699641064102,0.00638755840062661,0.0006957355143312513,-0.002907835068668923,0.0,0.0,0.0,0.0,0.0,0.0,0.0,0.0,0.0,0.0
0.04212029825130565,0.03387272137218835,0.03833165272776552,0.07521050827937799,0.018853200529905342,0.00046818341967308307,-0.0013674016868193625,0.005332109559989268,0.005001948609553178,-1.3416316191201871e-05,0.011477233862753058,0.013910196182512994,0.013408399868632855,0.06991535807879816,0.02385092610579282,0.0006426277691871193,0.0042543623680101035,0.0105892871614061,0.0023215906219823195,0.001203701472027467,0.0,0.0,0.0,0.0,0.0,0.0,0.0,0.0,0.0,0.0
-0.013115992172573176,-0.002481935220460648,0.031568981630386114,-0.007495726805510577,0.04363253436091761,-0.0026366029528563473,0.001160119762795136,0.0007887825832379706,0.013215221684483518,0.06721106589409874,0.005019439609194089,0.009043377893134226,0.018957535558908396,0.0609773335498923,0.03616166476733415,0.0012585316404981853,0.0031488542744273584,0.0034290143556328532,0.001260076654392884,0.003464545079880545,0.0,0.0,0.0,0.0,0.0,0.0,0.0,0.0,0.0,0.0
0.01282382728694772,0.0360078793680938,0.03684999746680827,0.04085543919834766,0.033496221119256875,-0.00011767301538702565,0.007982840572803464,0.001795309942105113,0.0035162793669818765,0.0017767705276305465,0.03172236541747598,0.043999773160969965,0.08686621918006057,0.024400757828640946,0.04640435347521458,-0.0006327932695917269,0.004792155517291047,0.013075539993221108,0.0032035512306032676,0.0026511468219033297,0.0,0.0,0.0,0.0,0.0,0.0,0.0,0.0,0.0,0.0
-0.011070984974680053,-0.021666115332196072,0.010332751082974653,-0.008938438691342487,-0.0044457117609861966,-0.0038097853447609576,-0.002354672280189183,0.028349913037126112,0.0007520435980174435,-0.0034676714256271783,0.009821146043090414,-0.032329450581637616,-0.005136184794191101,-0.03520367618237557,-0.0010326901177767514,0.0025538133389203586,-0.0021418023994956067,0.0031466130427745655,-0.004003901833237377,-0.004464568963956504,0.0,0.0,0.0,0.0,0.0,0.0,0.0,0.0,0.0,0.0
0.05931435832770957,0.04754012806407873,0.013978763616386424,0.033465566568139475,0.0012479377162417436,-0.0032716571032200595,0.03761595602716437,-0.01338015414318734,0.0017070689050426894,-0.0003482408965289138,0.02123794064049436,0.05046442134878823,0.013214176740856233,0.08232383774379758,0.006244730365410762,-0.0017489447442601469,0.006909595483298695,0.007224014987572666,0.0021474191244230754,-0.002165321651836567,0.0,0.0,0.0,0.0,0.0,0.0,0.0,0.0,0.0,0.0
0.005511438793809149,0.06909796957254696,0.019921750849707605,0.03657640820100075,0.03133731956954938,-0.00239675748559674,0.006697362085408644,0.0014714860111643925,0.0016528342320669403,-0.0007682336040801183,0.023328157675507468,0.020283274236682653,0.020549981601124895,0.014491068046191425,0.038967016211605726,-0.0016802902604567008,0.0048666781499105485,0.020132837074197822,0.002318128841908058,0.0013631673181226558,0.0,0.0,0.0,0.0,0.0,0.0,0.0,0.0,0.0,0.0
-0.005872746723567552,0.035471580558810396,0.03038028711069198,0.04739567483573751,0.02413312635816423,-0.0010004127057778194,-0.0006011936912923625,-0.006603400967884869,0.004234136701396533,-0.00032065432071754293,0.022549741939324575,0.08949170049259944,0.04385879409009901,0.0645273342256705,-0.0012528698275424929,-0.0010086016806019505,0.0040060469409570615,0.004289769276401891,0.0021058532594498305,-0.0008935404114644942,0.0,0.0,0.0,0.0,0.0,0.0,0.0,0.0,0.0,0.0
0.012959398991233755,0.006944807657193417,0.04856533162602911,0.09073021703645734,-0.005582273309253461,-0.0023237594897444836,-0.004878415457278469,0.002502849995769713,0.0022956197502467975,-0.003079820652985179,0.004512099820491163,0.01009441725655475,0.04102167299745212,0.0534519463731263,-0.003969274121225801,0.010432398191548984,0.0019529662962319272,0.010743383932547956,0.0026470120217922874,-0.0007115260262136248,0.0,0.0,0.0,0.0,0.0,0.0,0.0,0.0,0.0,0.0
0.0388688881732554,-0.0020937057059033154,0.030263809119418648,0.05793383099064795,0.021725352029247393,-0.0007893351110429015,0.006880129741665918,0.0006218671241993626,0.004470700732476668,0.05939901605938446,0.02785634511248057,0.014493098058521026,-0.00026332854746159863,0.07191525534684233,0.07421861654807316,0.007824900600022208,0.003297602121008552,0.00806367228249785,0.0004091437801289913,0.001207980760086563,0.0,0.0,0.0,0.0,0.0,0.0,0.0,0.0,0.0,0.0
0.04061521024085692,-0.058877659892701065,-0.00034041219131969057,0.00018374449004624328,0.02297714373822109,-0.005622611578453921,-0.0002008105432449805,0.021109801757075806,0.003374033782186409,0.00015042298382800153,0.0006392429136980226,0.01402136265534936,0.0212772095497517,-0.029315928599285387,0.01258325294435361,-0.003076646887990337,-0.011440919625158376,0.017581544060610414,0.00041112687997687657,-0.0023275095574292705,0.0,0.0,0.0,0.0,0.0,0.0,0.0,0.0,0.0,0.0
-0.041165778214822424,-0.032746132486915096,-0.008378579849495192,0.04143797527911694,0.027109888403425438,-0.004967672871704464,-0.0013865916086851704,0.0005674541251893207,0.005660680304939436,-0.0027599996689946934,-0.011952089440245556,0.004294456752912739,0.026873689954342552,0.06423833114943278,0.0785847668643152,-0.0008655927278294376,-0.0037926844909173456,0.01514997038547075,-0.00023772082034767704,-0.0019427739188176622,0.0,0.0,0.0,0.0,0.0,0.0,0.0,0.0,0.0,0.0
-0.02240913578558009,-0.075222072114105,0.040471614043196213,0.014896334254194048,0.031216720545784893,-0.004314885913182557,0.0006880436316519867,0.0006293575375200322,0.0034772847864200287,-0.0014951787724551283,-0.005278851072990198,-0.002545440161722096,0.01621346548092161,0.006619152422964549,0.047159678884639865,-0.0006588763837583298,-0.025874070577668624,0.024237710742731497,-0.0009579983247889344,-0.0031312561034018967,0.0,0.0,0.0,0.0,0.0,0.0,0.0,0.0,0.0,0.0
0.01979455489767196,0.06266499107138707,0.032775853375326645,0.04711621164235088,0.046965890749287816,-0.0022346231202435966,0.0043919408362322115,-0.0019420201609688294,0.0024314063347152747,0.0037274205072773637,0.018964210523014412,0.019765042030013388,0.02411108399002961,0.061350487352131465,0.07242245743223087,-0.002368428742130962,0.005284381603604079,0.012445754610532826,0.0008788713326194193,0.0008380019727677328,0.0,0.0,0.0,0.0,0.0,0.0,0.0,0.0,0.0,0.0
0.03865278559173246,-0.01758350044534218,0.0347567711862131,0.08894852461492093,0.007700109721832489,-0.00022376338535201707,-0.006012242289239315,0.00369071847672902,0.005165393541455802,-0.0023954386514637663,0.052894904490520346,-0.002448098335583825,0.04999153800959144,0.08808416555934027,0.009703780257673331,0.0012486562691344206,0.0020101297354493766,0.00997183076985832,0.002642299797298082,0.0030920605456850026,0.0,0.0,0.0,0.0,0.0,0.0,0.0,0.0,0.0,0.0
0.02451653076639526,0.025870565354424363,0.001928132287578495,0.04176569441651366,0.011008027436868788,-0.000981021168465005,0.0038132069277212756,7.270937738082025e-05,0.0036740892383359367,-0.0046981189045323495,0.0373687535795737,0.018885432284651567,0.013489455283969116,0.060702197462008826,0.001278014664527935,0.004104323968824257,-0.001632964613046173,0.01109811091477096,-0.0004539705767035651,0.0025743195370509777,0.0,0.0,0.0,0.0,0.0,0.0,0.0,0.0,0.0,0.0
0.025681236136290267,0.014030833464109185,0.04592188749738272,0.04598836760857147,0.05447669557698505,-0.0007954704161256371,0.007344725811576738,0.0055663364810538424,0.0033080639524444206,0.00030537932428379035,0.040025718956352825,0.029632599719957704,0.05197328070672092,0.040589581655310826,0.06699147035290634,0.0012704416846271549,0.004500538363825092,0.014272042915923986,0.0005197311117962568,0.005676819728872574,0.0,0.0,0.0,0.0,0.0,0.0,0.0,0.0,0.0,0.0
-0.01462860736981398,0.045351680372191346,0.013420070239482485,0.025675985415609462,0.012849549655433052,-0.0023326952786942782,0.04977458955510432,0.010332664494661251,0.001300468151087393,0.03350871807909759,0.01406396834083781,0.033429067386814504,0.010736811352069478,0.004184043360988745,0.032696771817895785,-0.00010546335361892024,0.0069583082594204815,0.005745035793501525,0.001645510342060683,0.001697362601418884,0.0,0.0,0.0,0.0,0.0,0.0,0.0,0.0,0.0,0.0
0.02918726997928834,0.06976277500969628,0.02025444742617875,0.06001967418650562,0.04929251247960136,-5.214833383233031e-05,0.0029436034167726207,0.003098493605081173,0.004354534523938453,0.00022618907552399682,0.025332627449519578,0.052062389932470525,0.0009756119660690022,0.047454186878882115,0.05348451579180949,-0.001008451440967379,0.005288653356266471,0.01477350604684328,0.00399361774669068,0.001237247727485308,0.0,0.0,0.0,0.0,0.0,0.0,0.0,0.0,0.0,0.0
0.02561711838966001,-0.02235230339548327,0.0592848791079634,0.04132671588317886,0.044183972937522964,-0.00268554748416123,0.001881926300760199,0.005787147492590731,0.006063167903479904,0.0023126024435444013,0.02454367624743057,0.02992518816654337,0.03147041123772821,0.026854437882654753,0.04888270496499353,0.010901700302819289,0.0068073980384669355,0.011794747405814592,0.0002671390029170355,0.0008545142919466613,0.0,0.0,0.0,0.0,0.0,0.0,0.0,0.0,0.0,0.0
0.000713997359265502,0.057508974252356404,0.03372229149346351,0.004451739284401735,0.019755985794816945,-0.000832225767460824,0.0005630379770914378,0.0011322767568538094,0.0034356127518137994,0.0028385145794393276,0.0011445875541465944,0.08670786945825643,0.06075398441058697,0.0011135202821629707,0.043935209653430105,0.007348257915144248,0.00981333004803031,0.008985563238969742,0.0020038866420720035,0.01862518343552947,0.0,0.0,0.0,0.0,0.0,0.0,0.0,0.0,0.0,0.0
0.026092814508834255,0.02723472393539628,0.007069600969843195,0.04868552556606749,0.030791139093878768,0.0009459107524189046,0.0032883966022728864,0.00015083162067032057,0.005293695160278987,-0.004153118331783727,0.03832566266335869,0.03262484618941671,0.012769178996709653,0.08610101066152409,0.03445722799388303,-0.00016413921844208034,0.00831359222117577,-0.02414972057025798,0.023948569575913507,0.0010958487292128585,0.0,0.0,0.0,0.0,0.0,0.0,0.0,0.0,0.0,0.0
0.020050708916437166,-0.0378176269671699,-0.014112978675944856,-0.013855061206784742,0.002897068317201845,-0.002715749779472921,0.005654690545646071,0.0013079091271524855,0.0019555329067971706,-0.0022208486315349685,0.06305880163181819,-0.012378904212396631,0.001636816421618374,-0.03596610353433574,0.02641897940096849,5.0630221178887896e-05,-0.002208294286864292,0.007407682152964961,-0.0005098941801368803,0.0021522694632994405,0.0,0.0,0.0,0.0,0.0,0.0,0.0,0.0,0.0,0.0
0.00780959764738329,0.03603319670128888,0.02548187880042423,0.0046647217728366455,0.0689166970597541,0.0004203560458182296,0.004428896529749515,0.0031366340035563697,0.003988955995186485,0.000821542927022987,0.029984755138576617,0.060681958129706615,-0.0007814029338182703,0.00869173479923385,0.05502850052912171,-8.359816309558277e-06,0.0014256546692512756,0.011044174985351226,-0.020544808795857763,0.030079155027272188,0.0,0.0,0.0,0.0,0.0,0.0,0.0,0.0,0.0,0.0
0.02471089535073764,0.022852667668007396,0.0371544430578832,0.011877059832794811,0.02176267770687114,-0.001979824201341314,0.000678442354007679,0.021069555148299373,0.007906064133184265,0.044524022286170174,0.03912358594224182,0.008841263790815493,0.04391639454640737,0.07843233680159778,0.023689373068824387,0.003786630085090333,0.017584886723806627,0.006571846724000867,0.0005871692362764243,0.008372327790415498,0.0,0.0,0.0,0.0,0.0,0.0,0.0,0.0,0.0,0.0
0.03776670192922749,0.05409132367553028,0.02765453407704975,0.049575352710482405,0.040220424930061255,-0.00021482813912049884,0.002649461285280397,0.0012204868541808157,0.0032528133239729737,0.001129102219312395,0.030661977006432424,0.04403929140109677,0.055418580132130094,0.0344723439255857,0.04534077074685144,0.013400097206063786,0.008463195114397335,0.01016391432833358,0.0037954263844497908,0.0006206280090534261,0.0,0.0,0.0,0.0,0.0,0.0,0.0,0.0,0.0,0.0
0.020168298384566286,-0.026551042792806442,0.041771448666382445,-0.02598483636084699,-0.006007126543532156,-0.0032726528937222226,0.00033261906553780975,0.00262518237078124,0.0016175003261843142,-0.001413382967094879,0.025457674445743417,-0.013016262175661375,0.018045841024014336,-0.020028395237968875,0.029241927151141364,-0.0005947508564743847,-0.0020842445397412195,0.006042775672359225,-0.0024073547067648806,-0.002883564231564261,0.0,0.0,0.0,0.0,0.0,0.0,0.0,0.0,0.0,0.0
0.04110361940409312,-0.04537502285072535,0.037932620373361814,-0.001708569512112542,-0.005874655886059027,-0.0017375476247679818,0.010113999025889235,-0.0013759670861611566,0.0017817502445900482,0.0003827339598074837,0.01173071344361488,-0.002528570552485111,0.12305247457764551,-0.03068480136539751,-0.004537522623321116,0.0013415276883577967,0.0029521346334453907,0.00893626963795251,-0.0021448690744365643,-0.004638719292920794,0.0,0.0,0.0,0.0,0.0,0.0,0.0,0.0,0.0,0.0
0.026805112398598386,-0.002115369567830777,0.03655690533513009,0.026733736400440317,0.03866348511887905,-0.0024838680984048344,0.006255387680745745,0.007838409713293693,0.0018279224071054395,0.00043576125369663554,0.05183164233660874,0.01980070015083275,0.021129020118911688,0.0029786373293934475,0.0524925518704457,0.0006512037933563466,-0.0018774718759626485,0.016366275367083877,0.0007104206001648568,0.0010161306861589173,0.0,0.0,0.0,0.0,0.0,0.0,0.0,0.0,0.0,0.0
0.029088883697049164,-0.008879583277031198,0.017607610818332918,0.0026280379700760717,0.004953592319203539,0.03372147783700945,-0.0012939307463668635,0.03562742802031172,-0.001454892383580285,-0.003044604398106256,0.025896644619083593,0.02394314735368584,0.03444943093500144,0.0749348282753409,0.009903858824047497,-0.001328882322010411,0.0027855300717676253,0.023347302634462934,0.002655486026312937,0.003180230845781186,0.0,0.0,0.0,0.0,0.0,0.0,0.0,0.0,0.0,0.0
0.011537171976180614,0.04406833856976911,0.01840662111954609,-0.02237225354128118,0.022339591164098796,0.005903358526435468,0.0039083376484751265,-0.0012668925766575786,0.001713355939050534,-0.004352441971182155,0.024041543301202305,0.03435599655516656,0.019726476816358272,0.016794595695317226,-0.02513908421770561,-0.0013021140626191788,0.00207378155971577,0.006694655296967748,-0.0005299871963315489,-0.0028794534821333768,0.0,0.0,0.0,0.0,0.0,0.0,0.0,0.0,0.0,0.0
0.009773164647488671,0.03935849766522677,0.026484242543702966,0.0828370260627296,0.017355640211683943,0.0032805684644401614,-0.0002252384612355411,0.005805153577630022,0.004551221989538238,0.0010593345232687214,0.015923015538015048,0.07930949782198485,0.010535246513216506,0.06370475241821337,0.007118849819118096,-0.00039874796013297326,0.003169489530228856,0.005050958650264057,0.006335726931207668,-0.0011377750261355412,0.0,0.0,0.0,0.0,0.0,0.0,0.0,0.0,0.0,0.0
0.0718438200090972,-0.025596818397407822,0.03906179229426523,0.026215524869626982,0.017855782752519228,0.0009406703153911351,0.004318173063620678,0.0026210744379589293,0.004577127073471772,-0.00021262807519078483,0.017520660072904246,0.014440284671333771,0.03666937960792522,-0.029271949338001948,0.007325651798836375,-0.0013033306695176185,6.420762110220098e-05,0.01069781635669394,0.0001618293443249029,-0.004207470688582697,0.0,0.0,0.0,0.0,0.0,0.0,0.0,0.0,0.0,0.0
0.012410492281490246,-0.019696970903123615,-0.014312964450511943,0.04176286202100689,0.011137128315440437,-0.0014525284484755475,0.00538343409636265,0.004718029688214386,0.0016898157590161474,-0.0037427146168136824,0.035685939751306246,-0.01901178115357408,0.0006482243159411807,0.006777184180902653,0.00035618496048714403,0.0016647930058402548,-0.0008950743179273538,0.012369822494187844,0.05464584977508134,0.0035838703655195494,0.0,0.0,0.0,0.0,0.0,0.0,0.0,0.0,0.0,0.0
0.013972917274546283,0.03595050747542259,0.021099578165947028,0.08487539858041676,0.01008117854232951,0.0007655692813264598,0.0018511254127410747,0.005572791413129104,0.0022525228758150558,-0.0015305144313900723,0.03199075890906187,0.06861440735083141,0.030061183587240487,0.081116787434962,0.020465995154788884,-0.0009431849952211341,0.002472191162170644,0.0075549450474391485,0.007583567077083927,-8.61281982684457e-05,0.0,0.0,0.0,0.0,0.0,0.0,0.0,0.0,0.0,0.0
0.003422124244284142,0.0067563811505318,0.07176991859387512,0.044856470516496195,0.04711013929640535,-0.002883381839288764,0.006639631402692743,0.004217868572753562,0.002824254577842078,-8.72693215730036e-06,0.004804744822391918,0.029150127676635572,0.018787592630714646,0.03279273132199687,0.07105747138431968,0.00024578546613254553,0.004432001311044167,0.011945852514592896,0.0014208959013464909,0.003333585058688437,0.0,0.0,0.0,0.0,0.0,0.0,0.0,0.0,0.0,0.0
0.0227670950018864,-0.014488195651603142,-0.005169504217155617,0.013404278227075584,0.005031384444923192,-0.002043827345290923,0.003575996341385515,0.000956163580058204,0.003908824562431828,-0.005686785418702139,0.019216931450880194,-0.015615109018804604,0.005713488053634558,0.014334743615621467,0.013182569581668233,0.00037053667087158076,0.0025703398290178184,0.015330984567124653,0.009028608827364724,0.01914836869160088,0.0,0.0,0.0,0.0,0.0,0.0,0.0,0.0,0.0,0.0
0.05528678700370454,0.035571495842179904,0.03933711853577648,0.027512314133905875,0.0014435280000185654,0.0027620799591313396,0.028284944929027927,0.022033471468728184,0.0018968050177276842,-0.0009844459728850408,0.022883458019620835,0.029982023459801038,0.022493539366269775,0.041329866174867586,0.01432136680704658,-0.0011842856439117327,0.005371675154958304,0.009860524627905829,0.0019893473043078587,0.013529982932190536,0.0,0.0,0.0,0.0,0.0,0.0,0.0,0.0,0.0,0.0
0.05339056346237859,0.018681598652852724,0.0077908717138013145,-0.0025779929245298696,-0.01204683088371094,-0.0013319667762907246,-0.003938538500117878,-0.0013078872829867967,0.0013939830620101643,-0.0010437379218432904,0.03190520153426303,-0.003669438795215855,0.014671678906669608,0.010575208137183,0.010178958970835898,0.001359804878947809,0.0018757318798506859,0.008102351905504615,0.03898642912696185,0.0013874990912869402,0.0,0.0,0.0,0.0,0.0,0.0,0.0,0.0,0.0,0.0
0.024989080121583088,0.06357563915324337,0.03264339369130037,0.03690264658629395,0.01395336428846107,0.001396848502759412,-0.0010115638203421035,0.0007963487347017245,0.001254277099498383,0.0006095929820385628,0.011838177649199328,0.07794280238501199,-0.0023554435217601173,0.0448392965242489,0.00010590247691368194,0.01495989247608785,0.008039771836868813,0.009562301306927425,0.004008909373871152,-0.0003296407265338074,0.0,0.0,0.0,0.0,0.0,0.0,0.0,0.0,0.0,0.0
0.025682337925289008,-0.006103115349544176,0.011726262499919938,-0.00479912154605106,0.06764904782334272,-0.0012243683040943992,-8.768807537152009e-05,0.00031187410870099744,0.004777949191233108,-0.0013249182510744776,0.025506430077318523,0.004575872555229619,0.031292553098742217,-0.01012489995787198,0.040501997964815434,4.4246902339337205e-05,0.007870447641760942,0.013356499442597914,-0.00025916100322511017,0.0005183787163955765,0.0,0.0,0.0,0.0,0.0,0.0,0.0,0.0,0.0,0.0
0.03217598048272408,0.05725680775968583,0.01077193811013233,0.04180840069994625,-0.008079746903660845,0.01600965954310807,0.00028038221230448413,0.001928477328279441,0.0020642934956078517,-0.0018481369056523947,0.02152570236228961,0.13556190256963724,0.04658807408864707,-0.02141128141961467,-0.015525250443145046,0.0021586377193011895,0.0043974629147931175,-0.00148025840101639,0.0032000237414129195,0.0013385281655920575,0.0,0.0,0.0,0.0,0.0,0.0,0.0,0.0,0.0,0.0
0.016284276305807737,-0.0010256055226373734,0.023039205720933837,0.020835153390977877,-4.1976779606908414e-05,-0.002347805273803808,-0.0011761405192311297,0.031585800290171946,0.008061601922531214,-0.0019542452485867326,0.0167214886050939,-0.017118564958016037,0.0734993901503913,0.018400831955473308,0.009844993447612065,0.014422677907937933,0.002736853216760649,0.011314835714291255,0.000752279099236807,0.012055554957431956,0.0,0.0,0.0,0.0,0.0,0.0,0.0,0.0,0.0,0.0
0.027318990005946713,0.06522601153199403,-0.02548950766987024,0.04149213740421482,0.03538162397945801,-0.002098035882650589,-0.00010794344761003438,0.0005851415501954272,0.0042439755939638986,-3.111231017495589e-05,0.016784427239601062,0.01456337739339599,-0.0053970388731801,0.03971183641207099,0.04392057744516908,0.015414731390399294,0.006151681380250534,-0.05573472774344771,0.0002330977258338259,0.0015523539948110708,0.0,0.0,0.0,0.0,0.0,0.0,0.0,0.0,0.0,0.0
0.039417566129835414,0.007535707903908288,0.002673974924241061,0.03828337879184314,0.05491139178724684,-0.0020525667240704855,-0.0010768544550674268,0.000873270727278391,0.011385744247154599,-0.0018763620243733628,0.026482495829845826,0.04173327480589118,0.012307712823725612,0.039179186117156546,0.054429757156686125,0.031399759512139615,0.008361971616329287,-0.05306388860359604,0.0320834043264161,0.0007326722277805963,0.0,0.0,0.0,0.0,0.0,0.0,0.0,0.0,0.0,0.0
0.026531144376205774,0.060588486653873154,0.023863114252574064,0.013236412702563493,0.019034726782086297,-0.0017776877485215395,0.00788077752354464,0.0033512891411360077,0.003385081784639097,-0.003676531279540079,0.019494311947294687,0.046061806590897515,0.023736117802838047,0.021880776876254813,0.0013953032909538718,-0.001712355805041146,0.0019630180433882483,0.007690652569069536,-0.011636028856101738,0.005013422567434587,0.0,0.0,0.0,0.0,0.0,0.0,0.0,0.0,0.0,0.0
0.00699410286706134,0.03115364053909282,0.0075763320371679,0.04525518088689659,0.05546841811735204,-0.0012622904032305344,0.005188378760321412,0.0021781742311103125,0.004196141134877412,0.0028212377488425746,0.024523525840947268,0.03988736626441661,-0.009792560379875049,0.02391240014360381,0.07455322328132939,-0.000695483068299183,0.0035514627777902203,0.012642210868483465,0.0037662400261018495,0.0018038954463802138,0.0,0.0,0.0,0.0,0.0,0.0,0.0,0.0,0.0,0.0
0.02474573501828927,0.06219445510683586,0.02578671820102305,-0.023012971976480823,0.05961575325454277,-2.8810243311170867e-05,0.0034437343273044903,0.0025310370945815334,0.0017773036197240133,0.00409656990328459,0.025050990594755136,0.01643029652706732,-0.01049338221720508,-0.026461086352840415,0.05220513190385101,-0.0012853343898036576,0.0008111568426581011,0.0062183689273275985,0.0005530105551672619,0.0003881454510435055,0.0,0.0,0.0,0.0,0.0,0.0,0.0,0.0,0.0,0.0
0.04489180568633915,0.06556340779313258,0.0338782266462301,0.018567413597216562,0.018687441931840944,-6.403463997569693e-05,0.019212804925800464,0.000706763576810436,0.0063260873798922,-0.00011780366486589381,0.018388987775169743,0.015645040847462027,0.04130260426217664,0.010406868694615455,0.03435611058678587,0.024379246114902046,0.0064545290824912106,0.00652202453093541,0.002599892803929294,0.0187625432584893,0.0,0.0,0.0,0.0,0.0,0.0,0.0,0.0,0.0,0.0
0.026131744398493355,0.02084617157134905,0.033875390193896605,0.02719185095409581,0.017802514577661754,-0.0018569927742369797,0.00957605653219618,0.004673666889523729,0.005951763578501629,-0.0013888101666860518,0.03509454868286497,0.028547035159096346,0.056305090195953277,0.002158171511714902,0.020484200216077157,-0.002460778148066228,0.0046143065551960075,0.006845199501487924,-0.0054629257304773925,0.0025417574907347,0.0,0.0,0.0,0.0,0.0,0.0,0.0,0.0,0.0,0.0
0.043658826878465035,0.04734583646190537,0.032486790150920465,0.04516820745300764,0.05072809634634795,-0.00023144563743306704,0.0032397687806333267,0.0004120919043920781,0.003287125830657373,0.00017043856409531977,0.023102358846068715,0.00592732277101664,0.01468357044414935,0.029222547440977624,0.041386814946775714,-0.0036579556462949464,0.0033272413645577745,0.019491473728732504,0.00198489287002716,0.0021239562998926187,0.0,0.0,0.0,0.0,0.0,0.0,0.0,0.0,0.0,0.0
0.03200526766687075,-0.025350443287278566,0.014571215730439284,0.006803607544926879,0.0028453803192175853,0.0338719796037164,0.003086910548909929,-0.0016495533712717542,0.004441120469172364,0.03499192088725906,0.029612376612921622,0.006870336690619555,0.0022081296097931297,-0.03765611358354714,0.04473775160740924,0.006732593711500466,-0.0033186024809781804,-0.0055244362179117275,-0.0006635218577998994,-0.0011684077277604845,0.0,0.0,0.0,0.0,0.0,0.0,0.0,0.0,0.0,0.0
0.01028663892705464,0.03562024798823183,0.05049723341065994,0.04118418222654765,0.029114338066321695,0.0028420451050560837,0.001947596739526313,0.010733176032248073,0.0013801502081552685,-0.0007414057845881437,0.03571761274499234,0.08773553159707162,0.028664568010957313,0.014156852714523053,0.011612472131378395,0.0005866561818340025,0.0032799381374180115,0.007048222278303942,0.002840567895224794,0.0017972146046313737,0.0,0.0,0.0,0.0,0.0,0.0,0.0,0.0,0.0,0.0
0.014134538003618483,-0.03522848755758017,-0.01556404621270442,0.014891443320873618,0.007836999208526312,-0.002008631367870276,0.0023042538289098032,-0.00045026813015765937,0.00407032139894751,-0.003020305809789913,0.029627530411504854,-0.0071696099158149095,0.01356181900130301,0.0052015856878542465,-0.0009996153508601278,0.002487911508392475,0.004662652944829314,0.003166292433540936,6.029804259940743e-05,0.014908186109507506,0.0,0.0,0.0,0.0,0.0,0.0,0.0,0.0,0.0,0.0
0.03596313937163364,0.01999929968584096,0.04878690477869864,0.06275925852603896,0.04973727290184081,-0.00028971522227459355,0.0034137000629154116,0.0065532005419309015,0.00579733500922946,-0.00040693954597088595,0.045046398714715614,0.02757939510116213,0.02563802054453213,0.06556871449232439,0.05253130948084651,0.0008593241199283953,0.007396423751109135,0.011355662152797949,0.003287483838714882,0.0021454088143559955,0.0,0.0,0.0,0.0,0.0,0.0,0.0,0.0,0.0,0.0
0.010469911491237006,0.03434693205666386,-0.004311877987715162,0.063093654305249,0.013195662519816583,0.001982769804908478,-0.00014620475763202335,0.006291752223730795,0.0024819129419502363,-0.0015577740931724024,0.037403114981010996,0.08981267212693267,0.010890243740120506,0.011039787089943838,-0.0016662334033232175,-0.0016913980387925382,0.0006323674098375896,0.01431384466645661,0.00481925099665568,0.00232120904649299,0.0,0.0,0.0,0.0,0.0,0.0,0.0,0.0,0.0,0.0
0.024672673186665068,0.057990201246639284,0.011979904659595957,0.012795559727527689,0.012091491262467557,-0.00016171824543491129,-0.0015563606672708732,-0.00014053483326509616,0.0007014693566327551,0.03182236331718927,0.031504845812958794,0.06043668401439064,0.00937332103551099,0.037561449051316746,0.06989701732713054,-9.584086638189394e-05,0.0033627791679697035,0.01098640771311107,0.005452522717204591,4.7362136412978845e-05,0.0,0.0,0.0,0.0,0.0,0.0,0.0,0.0,0.0,0.0
0.039624089123647004,0.04030548321177858,0.00934756804293318,0.0058879395250922995,0.024006597688476898,-0.00029604158704946555,0.001892381835044607,0.005495431642733165,0.001654355566826919,-0.0006007995172717081,0.04661460393183039,0.0059557464255471405,0.0321822426184616,0.004442193701714335,0.0496216982244098,0.0009378467885090033,0.005071190027098021,-0.0013919624858864648,0.004255195304431548,0.026298079147221893,0.0,0.0,0.0,0.0,0.0,0.0,0.0,0.0,0.0,0.0
0.03893006399764708,0.012289032291726027,0.03956919853048525,0.08851958664369677,0.037546301253123214,0.003239991982651464,-0.0008280530819793276,0.001799230578324822,0.004545888169440872,-0.002296592107895915,0.010210430980506266,-0.005917222938043365,0.02999572153213425,0.07782979382953137,0.04060706081458213,0.0002672215295001821,0.0018509796475013678,0.011978848698292159,0.0018135178927098916,0.001770596876436312,0.0,0.0,0.0,0.0,0.0,0.0,0.0,0.0,0.0,0.0
0.07446874147067538,0.050549161603620635,0.01634039164973244,-0.0025151204163410034,-0.009357158168557613,0.0004731267694396293,0.0005763192871828053,0.0015313398151655068,0.003149180594533685,0.0010151034999236848,-7.76201234788824e-05,0.07415411473293702,-0.008161020808329427,0.001329956051957124,0.01279910526236055,0.002386949106888613,0.0022131744845198913,0.004052028706710551,0.0027939941463883907,-0.0028311422048753337,0.0,0.0,0.0,0.0,0.0,0.0,0.0,0.0,0.0,0.0
0.04326330423521936,-0.012924654175747738,0.022772122994585395,0.08481646616353244,0.011418181877601291,0.00017618136328808364,0.005451107627732265,0.002230886785579144,0.008348958541405433,-0.0022576589087641196,0.055065478157938684,0.024345939818278893,0.00047088080041769167,0.06565548968992486,0.03423739112204553,0.00557184926434504,0.014030132714570738,0.009916395712995608,0.0023131380623940263,-0.0007779138084523404,0.0,0.0,0.0,0.0,0.0,0.0,0.0,0.0,0.0,0.0
0.04516469613114567,0.05597687292996007,0.035709025128019246,0.03794662926469573,0.030443979801401892,-0.0009408170585762524,0.017762011990349155,0.0008885647628468242,0.0022192113282671804,0.0013245528446391428,0.027695663812163967,0.030722008774438238,0.031789503208271216,0.026017553770318867,0.033076553372084,0.02045291816249252,0.007193777754881774,0.014453205186213333,0.002922066987372361,0.0014292739031885736,0.0,0.0,0.0,0.0,0.0,0.0,0.0,0.0,0.0,0.0
-0.012409911592418813,0.06602614930499498,0.06047356537428068,-0.01731058593133819,-0.0021553331026775533,0.0013862873086465143,-0.004094872607498152,0.0013904308868449592,0.0030612218843106454,-0.004352842502923716,-0.0012686550403761723,0.09089465668495357,0.0156792586400111,0.010922500139939301,-0.024316729884161975,-0.003090985449323851,0.003522391342107952,0.004339794720792027,-0.00660860300757818,-0.0033661400482133024,0.0,0.0,0.0,0.0,0.0,0.0,0.0,0.0,0.0,0.0
0.00934280867889163,0.025906873792855285,0.02840002741743275,-0.00030828022143491687,0.008292143213558362,-0.002155733278626874,0.0010883405934060072,0.016126068944028463,0.00198448143092463,0.0014572406952795304,0.023110126667135383,-0.005919002445201918,0.05387290801597566,-0.02473237166326662,0.018118556793004413,-0.0019039107218166431,-0.0005870961785003904,0.007067350009246897,0.0004047061154300607,0.024156359262050033,0.0,0.0,0.0,0.0,0.0,0.0,0.0,0.0,0.0,0.0
0.017906977876191246,-0.03224160778712919,0.03721029297587514,0.02990179020549573,0.0528222919764465,-0.00315253162653482,0.002109027035023298,0.005217036527535375,0.00412749764680911,0.00013303232902688736,-0.007098772094649355,-0.019300744258587486,0.034393784732851054,0.019795648611854774,0.06723953546653094,-0.0022355711255839226,0.0037832482033547297,0.013829751562893991,-0.0011190494828002583,0.00039995834576819886,0.0,0.0,0.0,0.0,0.0,0.0,0.0,0.0,0.0,0.0
0.03745302894518364,0.009247209518969486,0.007380352065686452,0.05439337158671189,0.0422398921285433,0.02959751549153147,0.0005853120965175747,0.0004568431679993618,0.005310899152389787,0.04440304617134679,0.016591209877241126,0.0028160285747873674,0.007257950326486912,0.06754740327734478,0.03062450343753947,0.0042666851082101545,-0.0007973429836342229,0.009066576683017573,0.0015376716340744978,0.0037434408604234293,0.0,0.0,0.0,0.0,0.0,0.0,0.0,0.0,0.0,0.0
0.04239969074998406,-0.00289899961162655,0.005978684194161092,0.03989742135094316,0.03643772429246119,-0.0015215350849496466,0.038696869828462224,0.001211844912260941,0.004891481790385373,-0.002121803004461251,0.0384320873158807,-0.018526158510186887,0.04549372570105069,0.05994341475629656,0.00557456850564865,0.013076926814544178,0.0037919053905088812,0.004451804347624423,0.0026369165111093237,0.0008750268702734879,0.0,0.0,0.0,0.0,0.0,0.0,0.0,0.0,0.0,0.0
0.03915418850150166,0.05735127330595489,0.018308884493677464,-0.003928518495708061,-0.0005069655434369343,0.001296846316908738,0.0014030380829195936,0.002488037659451861,0.0010783625659084725,-0.00014000695453803154,0.03823338683952398,0.06731319057577838,0.031213284268855286,-0.01293998171670705,-0.0015685304718007582,0.0298037118982744,0.0007814662224806385,0.008557040636248264,0.0038952020478539543,-0.003072313112776363,0.0,0.0,0.0,0.0,0.0,0.0,0.0,0.0,0.0,0.0
0.0011051630853383535,0.06037520326532928,0.04083427698507249,0.03416520675666991,0.00668863331496052,-0.0005521490670839668,0.0029430349660709045,-0.0004036808888580394,0.001572264349724942,-0.0006527096609242242,0.004030174916703033,0.02914186745191674,0.010921553769614515,0.0037796152360200313,-0.0012627026958334261,-0.003532419584092834,0.0012923887408537145,0.010170669032119106,0.0008908816559158206,-0.008565099879171957,0.0,0.0,0.0,0.0,0.0,0.0,0.0,0.0,0.0,0.0
-0.003992453875038319,0.05691171211255059,0.028991120534583754,0.06304872941646264,0.015589947157864974,-0.00046878938596132404,-0.003041268163703749,0.004701272256684152,0.006885459982447391,-0.002961837651151121,0.004053675043257986,0.00917151573932879,0.011338737801382889,0.06956458949791967,0.023644514235899333,0.004826174147482155,0.0040959373544921995,0.008409616132481814,0.0003166755495761693,-0.002363730766187547,0.0,0.0,0.0,0.0,0.0,0.0,0.0,0.0,0.0,0.0
0.0283252156554336,0.018955094630143134,-0.008915764107821031,0.057430027153471806,0.004554706402986484,0.00018196204754281095,-0.003917242282431576,-0.0012611083368431514,0.014110575396233279,-0.0039221250584599125,0.018632163300622038,0.018260911780783182,0.05063967792382701,0.055217351351618406,-0.006765287365370802,0.016841927846318355,0.0066638255982319735,0.0030113864697804012,0.0029330921962810895,0.0027452065180241817,0.0,0.0,0.0,0.0,0.0,0.0,0.0,0.0,0.0,0.0
0.01156776665534476,0.04692879075310587,0.03622861633134565,0.06191573705517634,0.05350077873843146,-0.0009524708809648442,0.006205618194978923,0.005824322748539958,0.001427304140316082,0.0003278696453264106,0.020490708322451652,0.01833484754605407,0.015601170182382959,0.04272854916416072,0.07890094402983472,-0.0011305410755386004,0.0033640073345273984,0.013817865114306833,0.0009527742507360109,0.0044805025822073855,0.0,0.0,0.0,0.0,0.0,0.0,0.0,0.0,0.0,0.0
0.049636496215120125,0.05261222001612383,0.029371074525747064,0.054228445194024984,0.04548388140258192,-0.00011540539588353447,0.0011392511183685786,0.0017720507315802914,0.002425713766700228,0.0018949550342527933,0.03652743891012336,0.057583410889125816,0.03401268020911501,0.03362846091990933,0.047733763731329974,0.018628045973382128,0.007958941604343333,0.010672552169602306,0.00239620385297651,0.0011314162518476247,0.0,0.0,0.0,0.0,0.0,0.0,0.0,0.0,0.0,0.0
0.03672063567552257,0.05120040970660464,0.03832324052072849,0.05078928789965082,0.020772086939048452,0.004308942409249626,-0.0003295514210670411,0.00739149700490943,0.0029691773871301803,0.0012914988975758733,0.024860990120152436,0.08709257596863919,0.03491160768719422,0.0012447045799434397,0.017724247843565334,0.011298564881153801,0.003589959796907464,0.009655322377229528,0.0012700844933476862,-0.0013636856471155904,0.0,0.0,0.0,0.0,0.0,0.0,0.0,0.0,0.0,0.0
0.01216108804843048,0.02723523836879504,0.035861763170028316,0.005246768135360208,0.01237949786512482,-0.0026127405505903143,0.005008340179233708,0.0162533065642448,0.0007696950209478631,0.022837325416783807,0.021099264696066006,-0.007374742891387915,0.035743427826147936,-0.03559541628322155,0.022510326721031804,-0.0006893225948994545,-0.0009471232311048031,0.007496776856041324,0.0005133944383952478,0.0034069714601197496,0.0,0.0,0.0,0.0,0.0,0.0,0.0,0.0,0.0,0.0
0.014326077784501276,0.053123493167731226,0.02238014809162794,0.03748218077923396,0.03631132646115241,-0.0020530813597907185,0.004914583565302561,0.023703816196793112,0.002556639475032229,0.0012336275016775202,0.025059850684390626,0.053852677645387516,0.042511352726695636,0.029431841756968093,0.04449912687802318,-0.00118649716605605,0.0038361876778211217,0.011519293663699623,0.002322023865686902,0.002896927724492928,0.0,0.0,0.0,0.0,0.0,0.0,0.0,0.0,0.0,0.0
0.0578338007025735,0.04910424824407807,-0.008030410335255148,0.03411427402487561,0.03981347227691038,-0.0015493522123607366,0.007395544073484404,3.500407079104328e-05,0.0036166372695009856,0.00031180442300786945,0.0310042854194283,0.005691195509901833,0.020261492135739873,0.045403679660160665,0.057551156905793266,-0.00215839715773088,0.01242963965209552,0.003940816134962975,0.002024172383899906,0.0015591929740388197,0.0,0.0,0.0,0.0,0.0,0.0,0.0,0.0,0.0,0.0
0.03140582530791569,0.0461270642331843,0.026049936337288866,0.056271430341772226,0.04526679605873465,0.021134971350541175,0.0013975974427875599,0.0016238638968463282,0.0023345794895734376,0.0009976395384298582,0.030097405795512164,0.05468539469304114,0.028769170180201024,0.042440603291482235,0.057487478096438824,0.000806630568832939,0.005048508884148449,0.011652992032528592,0.003914470230929183,0.0012092393501838543,0.0,0.0,0.0,0.0,0.0,0.0,0.0,0.0,0.0,0.0
0.04463542840376151,0.062413517595422525,0.011284187938353374,0.05957913793936986,0.03023102799289655,-0.0014834923007357437,0.0004022385780900794,0.002200725766242824,0.002404760585562766,0.0009625635893842303,0.013427484094454527,0.0614352482611287,0.01178487056127415,0.030588765097808484,0.005537068061068648,-0.000181546613491795,0.006730572598338076,0.00843447870835844,0.005329145606466492,0.003005414656619965,0.0,0.0,0.0,0.0,0.0,0.0,0.0,0.0,0.0,0.0
0.042132778608250016,0.06437750392665159,-0.002454633015689551,0.053035059147123476,0.050785756692496464,-0.0013697969306590769,0.0016223256423618755,0.0024889219410279438,0.003962202205885512,0.0014810764343643507,0.02554432978955514,0.06363310963341225,0.00935475738211926,0.037113114021404936,0.04225925686531871,0.017400853036644494,0.006145761831105964,0.016065531431117924,0.004508285161824506,0.0006354033160554435,0.0,0.0,0.0,0.0,0.0,0.0,0.0,0.0,0.0,0.0
0.013751168157441582,0.044144002242245586,0.04331401777964699,0.014453803924317115,0.03699063314528084,-0.0008339083748809475,0.00824646330650213,0.003998124278989249,0.0029003550831646465,0.0019335200854191852,0.031261296301575536,0.019636332678846968,0.0929514303778822,0.008877439038152923,0.03570974218117581,-0.002070389662084311,0.0035449138940175677,0.005241045968170693,0.003893083920792978,0.0007785227937150674,0.0,0.0,0.0,0.0,0.0,0.0,0.0,0.0,0.0,0.0
0.034462591387854874,0.0891732298694426,0.02105232132619742,0.03526512081820513,0.047949544663218546,-0.0012192571129404305,0.0017681509877741182,0.011910740217872235,0.0032993573888298222,0.0033413466424733465,0.03184768943713949,0.015932743127408,0.02869999959641402,0.03243015977362479,0.04081356191511878,0.025421276890789234,0.0049203571433715405,0.013212570380297736,0.0015128317662205402,0.0019272609010600723,0.0,0.0,0.0,0.0,0.0,0.0,0.0,0.0,0.0,0.0
0.03464906281215648,-0.017918371093964113,0.0021454747150580896,0.04804707933697373,0.07192126254115513,-0.0021056593602220316,0.006280009025142273,0.004543188398866745,0.004590718032948997,-0.0011578432722208236,0.02238178109231675,0.009342651388089164,0.004849195833221843,0.045852560400145397,0.09322340783219983,0.0021102992423719996,0.0031667842094255036,0.015719460239672044,0.0003382073926656284,0.0016390685470258804,0.0,0.0,0.0,0.0,0.0,0.0,0.0,0.0,0.0,0.0
0.0387855420495081,0.04168579160975139,0.03741583254248521,0.004225536397002538,0.05500430949005215,0.0024713082816120433,0.0039922563125989515,0.0008646876064569159,0.006589751198193974,0.009670048575452924,0.017149584877784892,-0.0013621603706840829,0.01678076654739237,0.005614373485302053,0.06441572758988344,0.000940086305607924,0.004334242974380307,0.008417628460821721,0.0014298884804433258,0.03595828582380058,0.0,0.0,0.0,0.0,0.0,0.0,0.0,0.0,0.0,0.0
0.027562913177838374,-0.00982269671849658,0.032699574351508595,0.06834855733358525,0.01665990124539293,-0.001447127394399486,0.005969234904797866,0.007657466383057761,0.005279797801543347,-0.0028175962525582962,0.07893597593127803,0.00253846640515445,-0.003264075373133094,0.023613310340431144,0.003034820580862433,0.004078105679885838,-0.001851610122022975,0.00869251485107715,-1.1309848146294692e-05,0.002837271110306105,0.0,0.0,0.0,0.0,0.0,0.0,0.0,0.0,0.0,0.0
-0.01938849534715427,-0.023380060747973608,-0.010259696141206594,0.03380076868876849,0.049527880093022746,-0.003696541336819642,0.002314460969330971,0.0018479964373657833,0.0035205471579131133,-0.0012048473638299093,0.0035304767701728615,0.01799998561031511,0.02338493775764344,0.03456712850768347,0.074688744208791,0.000153201556395025,0.025881134638629223,0.017681176497762706,-0.0011576558251565764,0.001974479227076921,0.0,0.0,0.0,0.0,0.0,0.0,0.0,0.0,0.0,0.0
0.011942745475862519,0.03948753538820166,0.028379237830844315,0.04851032169425643,-0.010655934149400578,-0.002024585393177526,-0.0009148305230506687,0.0024308621464891322,0.004162066208376943,-0.0038141355142435355,0.027308094902148687,0.016049842478377103,0.009966934049274182,0.04973845017021915,0.017242259202295544,-0.0003706358210370393,0.0022183105924408666,0.007701339694201053,0.0036327753791999336,0.00031318540427038486,0.0,0.0,0.0,0.0,0.0,0.0,0.0,0.0,0.0,0.0
0.028331975553835747,0.0035464111448616493,-0.009336783408896526,0.028089386555086516,0.03582865187330219,-0.00029003764294625547,0.005804832105827322,-0.00027243085167601025,0.0023180736784776438,-0.0011648850552107783,0.04227833653218935,0.004388909195592281,0.023170871304628155,0.0167581480290437,0.05583053615146777,-0.0003994789934262409,-0.004918947084061617,0.008468605121143703,0.002891933331813759,0.03497973167449706,0.0,0.0,0.0,0.0,0.0,0.0,0.0,0.0,0.0,0.0
0.04535825854722436,0.011348384605170122,0.010432794562859357,-0.005413415999668379,0.0218820888602294,0.03142724467007972,0.00023581120479237527,-0.0017927155015618978,0.0030434773650312615,-0.0007023053972246545,0.027555076018797458,-0.026637485940139188,-0.005358786974432576,-0.043164317553242,0.03441095694979591,-0.0023033909864780856,0.0031666874161483077,0.0020274585817796702,0.0036014669318261625,0.0021865518545615484,0.0,0.0,0.0,0.0,0.0,0.0,0.0,0.0,0.0,0.0
0.034103179309526936,0.05052897528098816,0.04256684106113337,0.040679574457907486,0.03974845286605027,0.0013782350285235728,0.004091035143913965,0.0007317484588884708,0.004051679722559935,0.0038753257253320112,0.023051833997765826,0.007866181885480742,0.07427756736984377,0.035683047859417616,0.032565567619171565,0.026761079545301984,0.006763199008950448,0.012556281636066579,0.0011788782456500307,0.001262912897898266,0.0,0.0,0.0,0.0,0.0,0.0,0.0,0.0,0.0,0.0
0.018511211771056683,0.06306715774013509,0.027682967357635004,0.011837403279652341,-0.003999243356516215,-0.0007646374465555523,0.0013409735458820992,-0.0012217010372585389,-0.0076563840262261155,-0.004427811707200804,0.01535703843967337,0.028891380103809775,0.01086604846138622,0.04570724503481262,0.04082983474529439,0.0015959484922856751,0.0031569419747198534,0.009696392606855992,0.005804706048894315,0.002446125092034651,0.0,0.0,0.0,0.0,0.0,0.0,0.0,0.0,0.0,0.0
-0.0009872014395320705,0.036374199098021864,0.053985607017097564,0.0338731944862946,0.027261331089001802,-0.001558793257859153,-0.009421342854235463,0.0007638621984712549,0.0024367887720210925,-0.000571090606470255,0.013927926944043847,0.02242235205279086,0.021632712270465256,0.01756778603408315,0.021283097243958077,-0.0033710293342581864,0.004844080139537406,0.019527506693037572,0.0037578508579920386,0.0025877974456620947,0.0,0.0,0.0,0.0,0.0,0.0,0.0,0.0,0.0,0.0
0.033403949684877844,0.04675801093649869,0.03341877760340367,0.07595734931248793,0.033518318939514805,0.0001229659870132658,0.00043653489664677064,0.0037039212263183384,0.004856415863255525,-0.002569630428797288,0.012734069493419915,0.060987585257584034,0.036656194877929996,0.06766493244283271,0.016721965864028392,0.0009655727790207788,0.004353908495435757,0.00996392928754832,0.004246650053811929,0.014820174547540192,0.0,0.0,0.0,0.0,0.0,0.0,0.0,0.0,0.0,0.0
0.043531443882247084,0.0005243297475146483,0.022480967850739237,0.040038332020661135,0.011910676531395301,-0.0016771002015905088,0.004278596953580938,0.001497906784204391,0.003559437702374109,-0.00250975706633974,0.010933415120791294,0.006178996477512951,0.06014122821026804,0.04973859169653129,0.01954545351375058,0.005445087242392077,0.0008350131746113217,0.008569227975946855,-0.00012590951933842773,0.0008399123906421807,0.0,0.0,0.0,0.0,0.0,0.0,0.0,0.0,0.0,0.0
0.009053116359083725,0.005537241774572798,0.04276932357034464,-0.004104126194682757,0.03870735954420436,-0.0014338393672703484,0.0023975986139125084,0.025947918253197033,0.006747981975868376,0.0021786820966117433,0.03155027093113429,0.024802319762301434,0.04589071439230507,-0.007879426157967691,0.028099786845024562,-0.0019125047959877095,0.007175801582414044,0.011675374645047906,-4.5413206070911556e-05,-0.0008543414084951452,0.0,0.0,0.0,0.0,0.0,0.0,0.0,0.0,0.0,0.0
0.03153564641286962,0.039578924572772727,-0.004855398801912234,0.04724626742478096,0.02044181934064897,0.0003754783196201298,-0.002011360482432041,0.0064587095145086535,0.0028961918812038362,-0.0007058298249506931,0.02484444372156082,0.11465330116552067,0.015376746750240195,0.01059557806598075,0.0013782298723854364,0.00812388812370198,0.0021231205849954774,0.010705732296915963,0.0035694434318287167,0.01639066475013167,0.0,0.0,0.0,0.0,0.0,0.0,0.0,0.0,0.0,0.0
0.013801027738712014,0.0452915998870807,0.03597588730944859,0.02221401063100184,0.023765775131758562,2.2127171070924137e-05,0.0080167497712238,0.001037507943715858,0.0029219385426574175,0.0008140405978237737,0.034934049725569655,0.05022480676423476,0.09716201419839121,0.011908254572026645,0.03847005091173121,-0.0004235016437750738,0.004293683821732768,0.008346276666595898,0.0027771490424909114,0.00216814833688023,0.0,0.0,0.0,0.0,0.0,0.0,0.0,0.0,0.0,0.0
0.04375360633647488,0.061339458971181926,0.011808532796781636,0.04206399323843716,0.015938304957683114,-0.0011189323546837054,-0.00038221486885023706,0.004089821966201846,0.0017271145174776318,-0.0003513767646271319,0.023688730970941596,0.08882204037536917,0.018591338958285266,-0.0008575661789004703,-0.0023162992101328733,-0.0005290301060891232,0.005370886102977828,0.010421661370850172,0.0028055295328659044,0.008855996508128055,0.0,0.0,0.0,0.0,0.0,0.0,0.0,0.0,0.0,0.0
0.005128909799292441,0.04722271288298704,0.08028690173066796,0.04895490582567674,0.042959410439247656,0.00039556742562100886,0.008414553136472267,-0.00041170512353587115,0.0037745968131519137,0.00019428815851337095,0.016372160256739182,0.006528715875482728,0.1318722489178391,0.015611045883945853,0.03014466285722226,-0.0015063598577025265,0.002809975697901132,0.011598801036243143,0.001672539821489551,0.0016976655431168856,0.0,0.0,0.0,0.0,0.0,0.0,0.0,0.0,0.0,0.0
0.01762387334030051,0.05373368736099152,0.013422285066731394,-0.0037903044051536953,0.0367983163899746,0.004927844895842721,0.00047718821380297286,-0.0005511414389187877,0.005211109193305481,-0.003378013716723223,0.010096727243691844,0.050121367055667304,0.0012143106142743444,0.040251963873623404,0.03161678852585359,-0.0010163533436577663,0.0008845116838213664,0.006682624489577582,-0.00869459750903289,-0.0019105904136002127,0.0,0.0,0.0,0.0,0.0,0.0,0.0,0.0,0.0,0.0
0.032959593499603965,0.06894748518547282,0.0022524084312787198,-0.00941703097509107,0.049552326620968555,2.2564836807841027e-05,0.003936808633410731,0.0004907301601415901,0.005158770726452092,-0.002182443568250292,0.023512574004628806,0.059040888159865974,-0.0032489454004734552,-0.01830877646364068,0.026946807124697613,0.0004370287311439075,0.0020628752125308168,-0.0031854410181570516,0.0031297740611812394,0.0016135991577988838,0.0,0.0,0.0,0.0,0.0,0.0,0.0,0.0,0.0,0.0
0.015857972014682305,0.059340571952136226,0.023330442437432673,0.02784802245284916,-0.021503903489192264,-0.00043768744565236264,-0.002336981299723514,0.002110588879477677,0.004003171975595145,-0.0032202246028961196,0.019552688275691975,0.07793391238733538,-0.002899728636305257,0.03887180288988186,0.009222265530894056,0.0004712575080230674,0.0016920793648107614,0.010429284654632122,0.005762119646185837,0.0002761847196891808,0.0,0.0,0.0,0.0,0.0,0.0,0.0,0.0,0.0,0.0
0.03027823666774783,0.044309639096677726,0.02786065895753952,0.0680496215087813,0.013796439172820014,0.018373734691388918,-0.0018957314718409596,-0.0012928735431156893,0.0047485494706993895,0.0002954941033315852,0.0004978235755567196,0.024482857302058125,-0.001052082134099333,0.02157038385042049,0.018771122970934223,-0.0002106528420323856,0.0041697592855844505,0.007689285149034677,0.002423569388317546,0.0008557619205688048,0.0,0.0,0.0,0.0,0.0,0.0,0.0,0.0,0.0,0.0
0.06708305382495305,0.016390118252659517,0.03174192401324908,0.035311854452417246,0.013908154430691462,-0.0028204110012564248,-0.001364440649879085,-0.0027130094003231884,0.002188925687994864,-0.0014276289117652753,0.013194122086187856,-0.007214526312886653,0.018215812143381385,0.06625074317810561,0.01314893121589129,-0.002598605207322506,0.0023361784435970657,0.01253686277198184,0.0016923161342879956,-0.002138778031592994,0.0,0.0,0.0,0.0,0.0,0.0,0.0,0.0,0.0,0.0
0.024827943024973112,0.058310658417541614,0.021460626202795933,-0.018510199551494837,0.02367792297039351,0.0018799798294821834,0.004809583449351589,0.0007486964453912568,0.0020833584023225017,-0.0005484173810602192,0.04100493079663006,0.09091249393654893,0.02178921603097098,-0.02989168607300567,0.03371212773460061,-0.00044468811919665466,0.0016090138851809434,0.006726352973667696,0.0033390117552122675,0.001224672390064181,0.0,0.0,0.0,0.0,0.0,0.0,0.0,0.0,0.0,0.0
0.019108431570437043,0.05276623859718992,0.017208134628550635,0.057326345232627494,0.04820438814886879,-0.0013770044040109734,0.0030640462990756683,0.0016336427207459263,0.003405263797103531,0.0011258675321466941,0.027570765629257702,0.05026249386336863,-0.010261726280571445,-0.00248637360718828,0.03433438305026449,0.0032814372210357374,0.0024094824436393485,0.006756897106059743,0.004824444774948568,0.001954093969235917,0.0,0.0,0.0,0.0,0.0,0.0,0.0,0.0,0.0,0.0
0.016609848653206583,0.03079740576102209,0.0455184416463787,-0.0005435751040337123,0.02650320805350348,-0.0003389295413178357,0.007020114227641394,0.0033133116474501675,0.004887409971022532,0.0016191965618536411,0.029247652795550826,0.01258278150070989,0.04213701514327808,-0.011324899814733056,0.03540043174252369,-0.0030768100858334733,0.0027636154430430385,0.004296633790373678,0.003866165371452896,2.4821452455797975e-05,0.0,0.0,0.0,0.0,0.0,0.0,0.0,0.0,0.0,0.0
-0.005382360750378415,0.06725434311865688,0.023988341023717136,0.010195736055772292,0.01481370261642818,-0.0013810117227389294,0.049955366163733195,0.00293237892705625,0.0164487833630838,-0.0028573438853782087,0.015881166280640933,0.06983108441567931,0.004771245534311687,0.07358506990345728,0.016054768014036064,0.0003867209011192763,0.004619328942539587,0.007939742200270302,0.004683728212116353,8.078062488186027e-07,0.0,0.0,0.0,0.0,0.0,0.0,0.0,0.0,0.0,0.0
-0.005687185719040647,0.04222720866891458,0.025410436534649996,0.015832908801017842,0.04666716410191213,0.0003751311629275833,0.0019842373049162323,0.005046311185239878,0.00211463608555655,0.003959310740448063,0.015062023004267419,0.0850320843316076,0.04563981327425635,-0.029155688616647486,0.045525840871038746,-0.0014424342994994019,0.003283840473471618,0.005389900770056336,0.0014994584172035139,0.019956600028073684,0.0,0.0,0.0,0.0,0.0,0.0,0.0,0.0,0.0,0.0
0.023245615610840775,-0.004664322677725892,0.011706930202971633,0.003510619506711261,0.0139989641492368,-0.0011988689126989892,0.007021682445728292,0.000763118736515763,0.0013923572308239033,-0.0025780296745564184,0.03142367221616284,0.0031241921593763203,0.04919041209056916,0.0052226667915524026,0.04405510859799356,3.3660101842719336e-05,0.004358577274308739,0.008158855764836874,0.0028466075494470067,0.02086104839169418,0.0,0.0,0.0,0.0,0.0,0.0,0.0,0.0,0.0,0.0
0.033939419024067205,0.07565646791565771,-0.004187045575434408,0.04630597318078873,0.039362270727962764,-0.0011345918309936531,0.000190723584505978,-0.005512591726905106,0.003817840281244563,0.0011104621286690667,0.012384900598346545,0.04810938138722084,0.012599652759842183,0.026661704774171565,0.04287173443932952,0.011710653187293854,0.0048403054558087254,0.013003468342449,0.002216509890104996,-0.00022564142375867648,0.0,0.0,0.0,0.0,0.0,0.0,0.0,0.0,0.0,0.0
0.050581993710857566,-0.04438726183114653,0.02009812855399223,0.00918596457758024,0.03826703260356352,-0.0029321502954793117,0.005689064435328198,0.001281701788156407,0.0035705540504388966,-0.0006971593874571673,0.03716568182979247,0.011992352505454476,0.022424533179997347,-0.013679388722807594,0.050039351081761926,0.0046244185321731215,-0.00812938186121398,0.023689496832258336,0.001150599298381578,-0.0012139337612615117,0.0,0.0,0.0,0.0,0.0,0.0,0.0,0.0,0.0,0.0
0.054828173581164534,0.05591936567820252,0.04332373077846602,0.058920804668670994,0.055802424968910115,0.0005936535424713872,0.00011753987271541125,0.0006620101966940927,0.002638397217067962,0.009244363755241274,0.029553097188181495,0.013079664987824206,0.03446415677849245,0.017576106524693418,0.014397205419733657,0.02427944684840996,0.002584187726469231,0.011042864077363946,0.0020086454994234252,0.0026857578101770903,0.0,0.0,0.0,0.0,0.0,0.0,0.0,0.0,0.0,0.0
0.001929203044334336,0.08685035967614033,0.02851306586115297,0.05127469223880879,0.045425730253411914,0.00027734921834755453,0.0023545472124504164,0.004472591068500134,0.0063996939808141,0.0016576816597140718,0.013720018870025429,0.06482636858729267,0.01055241744799907,0.052354329008353004,0.057708889859844605,0.0009006869621290942,0.007685756690213068,0.01402401080775226,0.0024658917498107447,0.0003283129232774935,0.0,0.0,0.0,0.0,0.0,0.0,0.0,0.0,0.0,0.0
0.009701356402041157,-0.0054480405336930614,0.017607956837312953,-0.00949456075356749,0.012401124633141516,-0.0019295255392096228,0.004557440921740592,0.00032674220572803013,0.009762324962096237,-0.0013039708490278177,0.03724616758936247,-0.007473050715670002,0.06090734399917073,0.017932151130062694,0.029241860868573354,0.012441082445483007,-0.008861485187915777,0.006428002589518391,0.024288624904732492,0.0003900512104919187,0.0,0.0,0.0,0.0,0.0,0.0,0.0,0.0,0.0,0.0
0.04436170918260296,-0.03871107700898433,-0.01927956207041361,0.0163039150444876,0.041729356205010094,-0.0025201246044125832,0.0037108575006951513,0.0013055514651807265,0.0055865778428816305,-0.0015293291291536384,0.006020511290168146,0.02471155703569413,-0.004745734145933152,0.01491636457913347,0.06655178346139007,0.003078333889503402,0.035899006267763774,-0.048636643501479566,-0.0023264082380124625,-0.0015360196056688727,0.0,0.0,0.0,0.0,0.0,0.0,0.0,0.0,0.0,0.0
-0.00251301510432539,0.04889369202182582,0.03284867245149506,0.061739003483621865,0.015065811825275909,-0.0010126089038802583,0.02903168199964922,0.008371914278313018,0.0014001832390929132,-0.00020552931770727992,0.014887260911643198,0.036577019515794736,0.02730278885923376,0.07552137457074415,0.015655242341028004,-0.0013654771886235332,0.00475253566498019,0.008068680570131753,0.0038422437820110292,-0.00013987787993267664,0.0,0.0,0.0,0.0,0.0,0.0,0.0,0.0,0.0,0.0
0.02292143148443751,0.06608987258841374,0.025699198324126104,0.053492931705810806,0.04929629774201193,0.0003066674297576642,0.005286098885297967,0.003859277912584887,0.003738360350247436,0.0017728598570058813,0.03143864806247386,0.07341500314706617,0.012141048078844753,0.03818587580723425,0.055028022304913896,-0.0003238539963606149,0.004338250537948073,0.015837480629772898,0.004399991440242363,0.0019361540699633795,0.0,0.0,0.0,0.0,0.0,0.0,0.0,0.0,0.0,0.0
0.04031953758237339,-0.04255104318967807,0.031945861939409216,0.047326826190197305,0.046815892372076263,-0.0027031753170500693,0.0015525899460421518,0.0050854625311011195,0.0026015564642953063,0.0016658939006297187,0.039712784989131375,-0.01336219995312645,0.031630323609216686,0.024991451306243126,0.05733631427763915,0.026699627897417994,0.005189313062479929,0.01466964137170882,0.00045714264509190373,-0.0006622045048266836,0.0,0.0,0.0,0.0,0.0,0.0,0.0,0.0,0.0,0.0
0.019711803687013498,0.04177247985003012,0.023726106473184308,0.05779935451495944,0.04443301616598121,-0.0019404341411502642,-0.0026422200806272365,0.025019936202680056,0.0024926453372800363,-0.0005526717944500589,0.005734451167135175,0.007294705529041896,0.048852742044214664,0.053381693486638716,0.045562706511978544,0.008586180797269131,0.003961633560749749,0.011705726133584077,0.002455120431588358,0.0013666212432686033,0.0,0.0,0.0,0.0,0.0,0.0,0.0,0.0,0.0,0.0
0.01696736300844765,-0.03614031394380929,-0.002519903536974776,0.004293458221557229,0.010814213405196588,-0.002821225543691085,0.0038346541656082405,-0.0004575347354530804,0.0023020334873201675,0.03091517974796916,0.022957836233743138,-0.021100216534147218,-0.009241157289825955,-0.023799388550143203,0.03783846788957549,-0.005316737656588648,0.013619693021617894,-0.01130401602243305,-0.0024249670475440157,-0.0017845509931358288,0.0,0.0,0.0,0.0,0.0,0.0,0.0,0.0,0.0,0.0
0.00631362167305951,0.02028418343667974,0.030927927223209917,0.0023674333441757118,0.020722121991391024,0.0004823938851094847,0.008221608462459454,0.0050674934242788084,0.005347759710667148,-0.0002660976814332179,0.0328058100984012,-0.014941166155243763,0.07625314609520044,-0.0020851404712927154,0.005497841720294051,-0.0034838439431000056,0.0021165614678633512,0.003925504568726908,0.004128905656477627,0.0027838966824537095,0.0,0.0,0.0,0.0,0.0,0.0,0.0,0.0,0.0,0.0
0.020523085743908865,0.0024446665682087724,0.0427392127933709,0.046325483867831065,0.01693396489297211,0.0009294254293908737,0.0022371754257983476,0.003861103096498466,0.0046166029425551815,-0.002054610316149129,0.033742286335116556,0.024060020714473048,0.023403573303394352,0.07228028543041355,0.01858276588231464,-0.00017963020665336417,0.007911578523022239,0.011018140773217886,0.021632802015903268,0.0002959059999610621,0.0,0.0,0.0,0.0,0.0,0.0,0.0,0.0,0.0,0.0
0.042071124063521835,0.04863276716670119,0.015544843761125051,-0.010572072234253342,0.0645143639062607,0.02273907574106936,0.0014012088897035347,-0.0011917982461493177,0.00462394389823222,0.002766577271450602,0.0485198174649706,0.014258188081105535,0.008256307969711803,-0.029477995482264648,0.0080910610871762,-0.0025511708166660644,0.002566584572282327,0.010487589222718023,0.006892582175097876,0.0011485986285774755,0.0,0.0,0.0,0.0,0.0,0.0,0.0,0.0,0.0,0.0
-0.008534641645531353,0.04643913467761393,0.03563837678834058,0.04074289739280801,0.04427107211455512,-0.0008463030432747643,0.004091689169891259,7.72964514506582e-05,0.002128160972258692,0.0008580552008166241,-0.0038804759640803815,0.03629625985967701,0.0005863031465196387,0.03343263838004693,0.051330871646992814,-0.0029312805094213732,0.0015993377542736172,0.014686241207371295,0.001571646419484429,0.002882238677785842,0.0,0.0,0.0,0.0,0.0,0.0,0.0,0.0,0.0,0.0
0.04656505019858986,-0.017830485782086694,0.032370882804872596,0.005359454073207613,0.06804933489682921,-0.001608393627458139,0.008432098636933791,-0.000998550222569457,0.006184921322501221,-0.000753619093256809,0.034223366702694526,-0.006114054212433253,0.02062946719803093,-0.032291608257205846,0.042478943763566916,0.0010182571059977072,-0.0016147177377885975,0.007374166180191234,0.0014902336880909407,-0.0016609084231599483,0.0,0.0,0.0,0.0,0.0,0.0,0.0,0.0,0.0,0.0
0.00967370510814383,0.06933759702707473,0.032061327677532676,0.058419657171946436,0.048591379275766754,-8.572469270340877e-05,0.0032174788488468636,0.004547767841130362,0.0027839052269597016,0.00047596623412497226,0.020475237887968626,0.06970756919424144,0.025793484619956102,0.04346305300592247,0.05899778920467009,-0.0013782168863044845,0.0064258314136022435,0.013625714408613078,0.002246280128920731,0.0006961976151216026,0.0,0.0,0.0,0.0,0.0,0.0,0.0,0.0,0.0,0.0
0.008839938879300523,0.04092989833376592,0.03128209517113684,0.011262701234676705,0.05431406519582495,0.0008142708364682695,0.005711149393679363,0.00046993235120815804,0.005293326383769049,-0.002260111893046286,0.009456494995359496,0.03232480016621009,0.07282203702316502,0.03545325130597865,0.053299874251661016,0.0009214099148808309,0.004807988803789816,0.007718467398001106,0.008020416817722524,0.019577647236981292,0.0,0.0,0.0,0.0,0.0,0.0,0.0,0.0,0.0,0.0
0.03966280391563952,0.04293323742398211,0.007936277754448502,0.048807013747381986,0.05774648002783237,-0.0010189783625503203,0.0034606107494480585,0.0012251461052222145,0.0037769912289249362,0.00013799213236995923,0.01754857331163348,0.03519083248941106,-0.005125548684868851,0.028895733813873385,0.06473171808972948,-0.00011846588738087406,0.0036209498086781744,0.014995616495077023,0.005237503768587192,0.0015531851145141368,0.0,0.0,0.0,0.0,0.0,0.0,0.0,0.0,0.0,0.0
0.048967246123371576,-0.016454127030709108,0.007736362827566091,0.03556408509288823,0.05849495334621086,-0.0036399729432200698,0.008790646918137556,0.006163597067601937,0.00448936675247675,0.0005535541325826382,0.028133878536930463,-0.003277658012197774,0.020889984657541667,0.013512842849437273,0.08008133758221182,-0.00044044138363682334,0.0018744469381729975,0.02059753064678215,0.0010314854948873652,0.0006524775233362919,0.0,0.0,0.0,0.0,0.0,0.0,0.0,0.0,0.0,0.0
0.03128847827859546,-0.03293814999728843,-0.01520245312795238,0.03894306929559494,0.04596160742638914,-0.003828653865558974,0.0004919846050219373,0.004495158399596299,0.0035948404456476934,-8.761699667618601e-05,0.011448976160871791,0.0026130209811554184,0.003617787177002177,0.04366119682186519,0.06383590095940676,-0.0014201940248523555,0.006472387664386461,0.012076811092505902,-0.0010840441802727027,-0.0002185099950666501,0.0,0.0,0.0,0.0,0.0,0.0,0.0,0.0,0.0,0.0
0.042047282764806536,0.016276900266579897,0.04047876423592869,0.019677502377415074,0.030317669190441862,-0.0015119250182173453,0.008260293979671908,-0.0013376077628819195,0.005823696720854991,-0.0010391243646325405,0.03807732427842094,0.010945149571985597,0.03198225786001922,0.05844936365640806,0.01647638865662384,0.0026129060541270972,-0.001222308490896686,0.010131722926860376,0.008287886348857628,0.00015648220807931452,0.0,0.0,0.0,0.0,0.0,0.0,0.0,0.0,0.0,0.0
0.027451086544309354,0.0248795316027738,-0.004550082671671168,0.032941539003283386,0.044101169722525646,-0.0026114402671063896,0.0102886025647969,0.004810486689627731,0.0058144452887567725,-0.0003001307842676753,0.034215157732712616,0.034276149302121986,0.026951421638980386,0.021008709688353815,0.06577851976485723,0.00040696341587218265,0.02818340603552344,0.01673827242282682,0.0002639385019245088,0.004968846822447298,0.0,0.0,0.0,0.0,0.0,0.0,0.0,0.0,0.0,0.0
0.03304483124732015,-0.02123851289409265,-0.01838942540608283,0.0649505437432365,0.0339482529523049,-0.002918891335449315,0.0008407214889917458,0.0025687177182400485,0.007361927493809508,0.0003521168826679552,0.005681516384512009,0.010293887561350966,0.030647982082014837,-0.0033697961198780823,0.05653104119201201,0.002286283868661933,0.015229432003478831,0.010239541408057492,-0.0009301283394037825,0.0005602709043052861,0.0,0.0,0.0,0.0,0.0,0.0,0.0,0.0,0.0,0.0
0.02043860332180281,0.04295956667417595,0.017873212876871315,0.053213844818737366,0.04656261479978484,0.013469908828434903,-0.00035323128042408686,0.0008007960118938113,0.005215672597868914,0.000687472384203671,0.0026509425652808333,0.02150629379453931,-0.0008336478842887471,0.06578134188815972,0.03892847313379432,-0.001425925629668708,0.005169639500642199,0.013002046517850313,0.001972651088095185,0.0011013211126184718,0.0,0.0,0.0,0.0,0.0,0.0,0.0,0.0,0.0,0.0
-0.06772226847327954,-0.042289571178532825,0.052949034040243044,0.02457080830346361,0.033441715772028646,-0.003621595785311876,-0.002365813687614237,0.0037410610954397242,0.004529079695932156,-0.004081468157696672,-0.00016276548784983197,0.002661012233700589,0.029732831947997283,0.07587004125575578,0.01110326659685213,-0.003608305056932867,-0.008391338994296494,0.007397354272112584,-0.0002996004066193921,-0.0021496387698469732,0.0,0.0,0.0,0.0,0.0,0.0,0.0,0.0,0.0,0.0
0.026296156318188334,0.017342550431761666,0.022678621830232365,0.04885775344170291,0.020703465158292272,-0.0011303013310904396,0.0009257892283158832,0.004454150494524733,0.007282833313603481,-0.0030747150277851765,0.026923703522875406,0.03685554698385079,0.00703352990611459,0.06736100478261156,-0.0011298921361651672,0.000711469182074751,0.01421401981166158,0.01006179764428997,0.002168833514668098,0.002767522145820124,0.0,0.0,0.0,0.0,0.0,0.0,0.0,0.0,0.0,0.0
0.004564407745164615,0.022651787159482226,-0.00993815698944546,0.03897703964572925,0.03289365309425196,-0.002210352948363139,0.009497614737994549,0.0016042955325304474,0.003235033532634689,0.0013113865190258888,0.031209208496375877,0.007104536657460871,0.009502618734665806,0.014201511771190813,0.03834385013031643,-0.0054693369448496456,0.002730768509023058,0.021049806605450107,0.0009375374216705687,0.0026069296596201745,0.0,0.0,0.0,0.0,0.0,0.0,0.0,0.0,0.0,0.0
0.019340758446942538,0.024522793869928543,0.019951712557536836,0.06079879538268514,0.050474516743076174,0.037889320757309726,-4.724068339623322e-05,-0.0009072964173072252,0.0033743815849837685,-0.0006085739629639697,0.024648397110340843,-0.00704215219897218,0.0022623427790449653,0.06322305757021991,0.05034607112586364,-0.001529901098399179,0.003973101018605534,0.013492838780978416,0.003277123401425378,0.00029598213961177865,0.0,0.0,0.0,0.0,0.0,0.0,0.0,0.0,0.0,0.0
-0.0017310155912102232,0.01938195265524929,0.02830579876873948,0.0398342842262773,0.023504482465725486,-0.0015709319698509422,0.002212167160883488,0.02536097486734253,0.0036164058214519,-0.0023363403519998127,0.01287220375045574,0.003475356256339165,0.02713624141056036,0.0535504015081834,0.009259811752070352,0.0002461779514154362,0.0020940721527161993,0.00604802640712804,0.010431350064816424,0.03558886132657211,0.0,0.0,0.0,0.0,0.0,0.0,0.0,0.0,0.0,0.0
0.025718367005553078,0.027439932972301587,0.004507649545394417,0.019899428527621183,0.0117575084890918,-0.0022102390780370227,-0.002008693034245768,0.0011346866747999713,0.0025577404901570965,-0.003604926418404499,0.025159969763543833,-0.018932276786173066,0.01634598990543935,0.019002440448645807,-0.007755987095392705,0.00043253229153049295,0.0027886150978768086,0.005718904333293479,0.027707795631211497,0.03064440045134418,0.0,0.0,0.0,0.0,0.0,0.0,0.0,0.0,0.0,0.0
0.04265009486775046,0.0353808870251952,0.034216279774777605,0.04397553839489282,0.011976170595620356,0.0015463876256843223,0.002368629720085517,0.021901164383117566,0.0037770875242334866,0.0014736340403290987,0.04877692470955443,0.0014262192798686598,0.016405384933627434,0.05923993961405271,0.055636758021627326,0.0016507630407272497,0.004030588131062526,0.00937386535913738,0.018164212662126422,0.021914799151632965,0.0,0.0,0.0,0.0,0.0,0.0,0.0,0.0,0.0,0.0
0.033433973705046874,-0.026063078137677675,-0.014760566631353722,0.011525222139914512,0.04917879021606237,7.818381120597915e-05,0.003850171460255102,-0.00023474730705557776,0.005714526588888749,0.0026494423499367954,0.012394320959221227,0.002094130981247869,-0.005771456198255131,-0.00595984231705334,0.07677202248392642,0.0043468747254819095,0.005155919452109304,-0.02449628022775909,-2.8133685275402856e-05,0.04501115109158385,0.0,0.0,0.0,0.0,0.0,0.0,0.0,0.0,0.0,0.0
0.03597024275504401,-0.03911759480387408,0.06245085262541116,0.047753218369112914,-0.02075249476794375,-0.0023292774406814295,0.0027826674060944688,-0.00039709854855883223,0.004144566379157764,0.00016732104650934215,0.026863939632505034,0.005917759221300494,0.05035568784550267,0.03184344419212067,-0.008691230275267659,0.012734380096751357,0.011910879120913752,0.008700508320608263,0.00010299348268292861,-0.0016891675370186395,0.0,0.0,0.0,0.0,0.0,0.0,0.0,0.0,0.0,0.0
0.010724698116234836,0.03467193867786976,0.01278967116120565,0.008028898630704459,0.006062786259560859,0.00042356462572464525,-6.306983411033313e-05,0.002366418352766255,0.002218811482209919,0.00020479316687258732,0.015374522575642029,0.049003011497783217,0.03640773203001345,0.006744436210373631,0.034729317711373865,-9.458122861108278e-05,0.0031081598963144013,0.003624169212528474,0.017902358385537623,-0.002442015571263875,0.0,0.0,0.0,0.0,0.0,0.0,0.0,0.0,0.0,0.0
0.06963151389367836,0.012324894956172047,0.008538143290712563,0.042274430031920864,0.014821544363851415,-0.0003250285213210016,-7.194486658127323e-05,0.0007502917530971762,0.004962112729424069,-0.0032626694573268207,0.020429014661871206,0.0018395826813677096,0.007203842074766176,0.04214847493572519,0.029905550508920114,0.006449235874245707,0.02676858475978242,0.005649713508922032,0.054509016205442476,-0.00016281514682145524,0.0,0.0,0.0,0.0,0.0,0.0,0.0,0.0,0.0,0.0
0.026604593041078352,0.048427645198231756,0.022164492722123216,0.09614318972188685,0.01564040378307006,0.004528626299171872,-8.121447836186226e-05,0.0028523408872951302,0.004846903625910901,-0.0023721043703158456,0.02341925529772452,0.051056755800292467,-0.0037003461991257413,0.05016768486470065,0.00475627420163385,-0.00043619622677773263,0.000870045395724636,0.010581980840343739,0.007171876772379248,0.001165810692554331,0.0,0.0,0.0,0.0,0.0,0.0,0.0,0.0,0.0,0.0
0.022669923265481885,0.0493759111598971,0.024214930652735615,0.00834929017323786,0.06317181588498594,0.020575575326910595,-0.00024240885089351236,0.0007545692376863445,0.0024238284569871784,0.001620511716837667,0.04587243218120931,0.009111756176531807,0.03742661509868647,-0.020752260140349216,0.03965838347032713,-8.818437037002722e-05,0.003313762826843514,0.0076432470648917375,0.003018198530772844,-0.00018339961133462292,0.0,0.0,0.0,0.0,0.0,0.0,0.0,0.0,0.0,0.0
0.017604676000766,0.026138464262310444,0.0399033294252612,0.08737714974814396,0.05683916956725297,0.0006374324104120407,0.0010986865786657364,0.008599462383962093,0.005235992847212829,0.0001483199995863786,0.03310794331408967,0.009096163116049603,0.0349272715019761,0.06641268399132519,0.04757286287388707,6.073793196207726e-05,0.0035096320192205756,0.009300963830098803,0.003972851344921915,0.0021778039732658883,0.0,0.0,0.0,0.0,0.0,0.0,0.0,0.0,0.0,0.0
0.018485203393780087,0.030613307313532137,-0.004461643921943822,0.0035049908212584457,0.04710593925498661,-0.000604460895091477,0.0039060422249842233,0.005646844606150795,0.0014512207162035108,-0.0009354867616474017,0.02791750846867501,0.0009588222651146976,0.006340298873536004,-0.006281042526340017,0.09608502123337347,0.00018317222873942942,0.0027230103924276226,-0.008500159397344192,0.002401211745032077,0.03976403918012136,0.0,0.0,0.0,0.0,0.0,0.0,0.0,0.0,0.0,0.0
0.04100884193137644,0.05476246093427486,0.043671945626018026,0.007763998239472198,0.027860209197435336,-0.000518691200835873,0.005350557238910841,-0.0011976792282184928,0.004600788015769273,0.0009383727945962678,0.02114729895209698,0.063766413335799,0.1021097243158753,0.007476555196048321,0.03650597934319787,-0.00032009829030193977,0.006801690421255196,0.0070937307722731355,0.005350101015993056,-0.00045060149066588245,0.0,0.0,0.0,0.0,0.0,0.0,0.0,0.0,0.0,0.0
0.0007401245949548488,-0.007311514986235403,0.03813672441584188,-0.014780123600956962,-0.02584512350334179,-0.0026850251636411884,-0.0028176610987986814,-0.00046438123122574345,0.00042154854782624443,0.001260649781875569,0.016184799231727578,0.003250442389374043,0.0491334361218047,-0.01188391669505789,-0.008755167661517361,0.004931170021621575,-0.004798167743694536,0.008812943905990718,-0.0006582450392543464,-0.004150915166919414,0.0,0.0,0.0,0.0,0.0,0.0,0.0,0.0,0.0,0.0
0.02589766923138314,0.01990407922281836,0.03184431295528927,-0.005842267267916603,0.04822504369954131,0.013453800111676743,-0.00014464423383177115,-0.0019927329961133347,0.0027323837403523932,-0.004384824443333588,0.021940206886691297,0.06657631024693628,0.0339413377928711,0.013310402149609943,0.03065344365198427,0.0002019277029279609,0.00222630443493832,0.010866793830905865,-0.010012619587871894,-0.003093087913310318,0.0,0.0,0.0,0.0,0.0,0.0,0.0,0.0,0.0,0.0
0.05648180941869932,0.06911120818256633,0.014732406137284075,0.012764952800321486,0.025556362883381627,-0.00038593405738878713,0.0013117320251007727,0.0029196648251823645,0.004798629378130227,-0.000805781524007978,0.019246485750886024,0.08375250691356131,0.01118652327677961,0.011479002079997861,0.011127132945142285,-0.0015539732337269655,0.004077114441996566,0.004525961947650838,0.006310235490126263,-0.0017454142212302325,0.0,0.0,0.0,0.0,0.0,0.0,0.0,0.0,0.0,0.0
-0.0030591114927647103,0.06166458920847364,0.005581350612937659,0.04786326064496876,0.044808882082184115,-0.0027762640803041115,0.0018935055825461127,0.013073758952900827,0.0029237362069267645,0.0005215142476709402,0.0212646368849547,0.00567034518319,0.011477890503606586,0.04538121826686062,0.05207119840114174,-0.003911120106407723,0.006827003729035617,0.013246958350599775,0.0006654265127669593,-0.0003391340942000769,0.0,0.0,0.0,0.0,0.0,0.0,0.0,0.0,0.0,0.0
0.033455261008413936,0.022737005536516232,0.014604102239619944,0.05805808994769493,0.036970204471074866,-0.001515539645407706,0.00038885450492280626,0.0029159345329041702,0.009780358676935566,-0.0021425067628483654,0.04258345875312988,0.023109035685881466,0.008902082149985552,0.05989903872551495,0.027205841823515643,0.0029228167688983924,0.00416677416879985,0.0072336606029489246,0.003748133837775133,0.0012812321892734083,0.0,0.0,0.0,0.0,0.0,0.0,0.0,0.0,0.0,0.0
0.03124371786258814,0.029621051199741413,0.05218479189072333,0.018838445565223915,0.028033123290085737,-0.002511986113054323,0.006140719508936647,0.0023415048078089485,0.004653566443211279,0.0003198143730209349,0.060934161409570586,0.005119296325547804,0.030202954916333635,0.016037286531606177,0.019258675024674227,0.002613027546475679,0.0067919478642351145,0.008152028642346293,0.003940583155092832,0.001314003021123795,0.0,0.0,0.0,0.0,0.0,0.0,0.0,0.0,0.0,0.0
0.03838847787926939,0.024038410795158068,0.03759788497901459,0.04126218212185367,-5.5471158068574666e-05,0.020815747663908885,-0.0030952076181800132,0.0016066815463042527,0.004632301595142939,-0.004997499323828023,0.032352236106072074,0.015665536843332925,0.019104076121475327,0.055634405755939836,-0.004318908868667417,0.0026253359878098447,0.0008397232868576516,0.010581150137524491,0.00665867307521877,-0.000614139805764991,0.0,0.0,0.0,0.0,0.0,0.0,0.0,0.0,0.0,0.0
0.06058103540170622,-0.005462914813038251,0.05593680861263976,-0.004720049289523845,0.04682596889502829,-0.000996417048721716,0.005491619634858513,0.003535957896310096,0.0032071974734047028,0.0016150781625979803,0.015919402278698456,0.003343888123728005,0.025800758010154266,-0.018718648410137803,0.022145320311773624,-0.000709681272721572,0.0014175204128321387,0.007454060044244955,-0.0011712448530115474,-0.002112171332970217,0.0,0.0,0.0,0.0,0.0,0.0,0.0,0.0,0.0,0.0
0.005394487454804161,0.03481922733580734,0.031286291927641825,0.06368595357025779,0.01833999404923274,-0.0018880121569212515,-0.0034998247885965395,0.0019837786258535654,0.006081360464636172,-0.0003348164433750707,0.014082419326363237,0.012573015009562356,0.065076135320055,0.029271429743512562,-0.014902452592080135,-0.0017689403116276014,0.007218327867665406,0.005239939572127119,0.0025011748372616655,-0.0014378916918081925,0.0,0.0,0.0,0.0,0.0,0.0,0.0,0.0,0.0,0.0
0.024502489200925324,0.020735694699338135,-0.013473547493458039,0.011165769939897527,0.043617658937632496,0.0013911366724806125,-0.0004662552567915367,-0.0021195123911855866,0.0037830953822531733,-0.005337852716562017,0.014899797025452202,0.04668493613603306,-0.0002499139599353021,0.02006968073854582,0.06151812508762201,0.003331934775631163,0.0049012890617596335,0.014447315934217029,0.0024415838272928577,0.011878171519222715,0.0,0.0,0.0,0.0,0.0,0.0,0.0,0.0,0.0,0.0
0.023666432567335968,0.027462979453426635,0.036513940736260235,0.04501848498350678,0.03330134101555358,0.021390828615722647,0.0027650287946658467,0.0004922061878620305,0.003985037825673371,0.0013376877567919149,0.015466795174059939,-0.003526987821664817,0.06901827899395117,0.06078057734482084,0.033812245903269346,-0.0005318238028897129,0.006710644231687997,0.011418133363242475,0.003040539077520891,0.0005166191286612397,0.0,0.0,0.0,0.0,0.0,0.0,0.0,0.0,0.0,0.0
0.01981765150122715,0.015099695452835283,0.02124740839503873,0.0130820513190607,0.0518733732638963,-0.007085489161980181,0.0015930527925106402,-0.00047215331288912786,0.006514268429786931,-0.002704004840117218,0.017762391862578334,0.009859805867598189,0.012034143479438585,0.02870278591441734,0.023476325119554397,-0.0009063994248698042,0.0005099260789733256,0.006409004415816493,-0.011859629250120384,-0.0012326107823823894,0.0,0.0,0.0,0.0,0.0,0.0,0.0,0.0,0.0,0.0
0.004487230431824869,0.03130368111533506,0.011840747363972105,-0.012814757853115403,0.021899525876022098,0.003076464031014026,0.0016498679036280272,-0.00118187442056325,0.002859344055198876,-0.0015983424290927127,0.015560602636579862,-0.004550113978595583,-0.0035369689326114353,-0.02899584892628318,0.02387557278646646,-0.002076375114675104,-0.0011703248733449477,0.0030201838074930777,0.003474094617627423,-0.00581886888133388,0.0,0.0,0.0,0.0,0.0,0.0,0.0,0.0,0.0,0.0
0.009887686161437417,0.07654869189175667,0.056276673841650644,0.001855871648010221,0.021343010853276185,0.00016579175792645953,-0.0015745609725530208,0.0012399330717690399,0.0019434634902078484,-0.0015806024332395098,0.009162833081312879,0.07713452352622305,0.04120289307743071,0.03160275188536638,0.042204790492592785,0.0027668896145714816,0.007060939937104727,0.0065528798010492575,0.002631896991530254,-0.0008097646987741464,0.0,0.0,0.0,0.0,0.0,0.0,0.0,0.0,0.0,0.0
0.03545295203233634,0.04199069156792051,0.03195655473245405,-0.015233036653748271,0.016249862535539228,-0.0008911465926203462,0.0007583492556757943,-0.0003735878469610274,0.0018007942129018794,-0.0022538234638315407,0.00870138399306659,0.01825153149110981,0.03220779407494167,0.02995515387333025,0.015872313807419075,0.016637287749428492,0.004941500123674825,0.008615892138909434,0.0009132411657678435,0.0040131139504998746,0.0,0.0,0.0,0.0,0.0,0.0,0.0,0.0,0.0,0.0
0.029607045513127695,-0.014307781738666264,-0.004081786176209838,0.045024087072982805,0.04903420909934618,0.0469095295095106,0.001980241683237304,0.003589967325511276,0.009238149700971495,0.0010957585542637214,0.0053765107454381246,0.013172144590556599,0.022824253067041465,0.03406898220618012,0.06786836050271548,0.001658175314295281,0.020585300427649517,0.01627455468825253,4.8705012077616206e-05,0.00027284146886140804,0.0,0.0,0.0,0.0,0.0,0.0,0.0,0.0,0.0,0.0
0.035672340721805536,-0.030350542612789903,0.006475925529452369,0.01847444041389134,0.07437655381244435,-0.002855035860018083,-0.003577653792329866,1.5768447799452005e-05,0.003073864516178868,0.0010234894670305107,0.038413872909539945,-0.014253065979946305,0.05210504555928304,0.030180509837466084,0.046816522846044685,0.015051301845770443,0.008331193008590884,0.015467870942163212,0.002731886463788482,0.0015473090442067034,0.0,0.0,0.0,0.0,0.0,0.0,0.0,0.0,0.0,0.0
0.021693301775876205,0.059166906137857134,0.030889747833969583,-0.018510170805719157,0.006104189068385827,0.00023170692046425997,0.003711543596612465,0.0006205611295418352,-0.0014239615278597584,-0.002917928470899572,0.03281484853798365,0.05725497598876255,0.10516229065237152,0.027258336148975902,0.010259797362564093,0.01285417884106821,0.005840521302685177,0.009115497138436138,0.006356063415311838,-0.0027608079260171866,0.0,0.0,0.0,0.0,0.0,0.0,0.0,0.0,0.0,0.0
0.02741784299317232,0.03348759666992582,0.043075853920227496,0.010502696711569287,0.026810231747033026,0.0010368044207004301,-0.002498195387462959,-0.000906777644892794,0.00867944103590283,-0.0026110239394657175,0.00502517287724055,0.06788488580984109,0.02549970831492422,0.019083940845246557,0.03415167454617714,-0.007241585245046029,0.003933079439796324,0.014421559501872062,0.016632767993567624,0.007076143435761755,0.0,0.0,0.0,0.0,0.0,0.0,0.0,0.0,0.0,0.0
0.03291665014475875,0.013981660181529293,0.03296069798641786,0.07992694856397219,0.005196599268168756,0.024933239542053377,0.0023336212129446655,0.0036325370641603788,0.005051776669708513,-0.0019647529398275467,0.01387138004854632,0.016984613916980702,0.10286970993460402,0.008841491787908584,0.017533306635101623,0.005638756128186254,0.005093226366212553,0.009679491068546863,0.0013901030981319485,0.00018859712242772723,0.0,0.0,0.0,0.0,0.0,0.0,0.0,0.0,0.0,0.0
0.04108855331741108,0.03450578337020176,0.005196362583555111,0.02581999116055256,-0.004023741093820414,-0.0007709043274289804,-0.0044679448388852214,-0.00037711923925083305,0.006598047214468252,-0.003663675485368144,0.007238468135714656,-0.007289026531506577,0.023957676347685482,0.02948779578996904,-0.015520983416439121,0.0009246401570639024,0.006271483687851133,0.00734360974873222,0.0019026342081743313,-0.0005000536683090829,0.0,0.0,0.0,0.0,0.0,0.0,0.0,0.0,0.0,0.0
0.0313726369060682,-0.014199438413629462,0.012618549198599581,0.005564507514442514,0.04043796756379125,-0.00275301364561381,0.0009613162413046257,-0.002199281351059585,0.00801620656790557,-0.002920622136286102,0.004333626721279201,0.007981952052544919,0.001940359236678226,0.0408848456063426,0.038045093054397024,0.005211808765568895,-0.000540887818900993,0.008930821739860685,0.009889143179192705,0.00014600613788641803,0.0,0.0,0.0,0.0,0.0,0.0,0.0,0.0,0.0,0.0
0.009456712248605337,0.07237244300109887,0.010041885245037028,0.01893994389206472,0.0158322925163947,-0.0016082771405677289,0.010556849631063903,-0.00019962763350107293,0.003466101641543951,-0.0015188623582929844,0.013874610277299866,0.036989132111361754,0.019051215433509575,0.025145742291471693,0.011312938854492718,-0.0019600480183722905,0.01003787277945762,-0.005368597119230966,0.005004836945954066,0.002294432520979857,0.0,0.0,0.0,0.0,0.0,0.0,0.0,0.0,0.0,0.0
0.015623245611298887,0.033072883443441545,0.026765447668500773,0.0008259968201488603,0.027658577139708825,0.00017400614038601592,0.007122228516897547,0.0017062417169516285,0.003471646790177687,-0.0009994413144610176,0.02985877382563492,0.07112894022814258,0.10548727999903487,0.010869388499056644,0.001973536002991908,0.002515766515568086,0.004012920607008775,0.01035069459443849,-0.01701344790898086,-0.0008830877755753515,0.0,0.0,0.0,0.0,0.0,0.0,0.0,0.0,0.0,0.0
0.01556206025347649,-0.010136966049523684,0.031425510605947705,0.026830340111544355,0.04949385392035369,-0.0011092404764009515,0.006027519132312775,0.0023350898277671667,0.006089426303165409,-0.002734636555515103,0.019904966233167523,0.002840321136212919,0.009086119906459758,0.0030688130095221874,0.059306151543642716,-0.0011540953498288921,-0.0027126534860381535,0.007445235377489571,0.04012084891579421,0.002032932760823649,0.0,0.0,0.0,0.0,0.0,0.0,0.0,0.0,0.0,0.0
-0.005449816730441264,0.0776673364509375,-0.000944791569521923,0.050058713568984205,0.045559659527338744,-0.002313902012614131,0.00158722482512486,0.005183897307817515,0.002892843614565772,0.002444522453688859,0.0188520212993565,0.024593957421099304,0.011766864928767997,0.05260873452945985,0.05852634781963021,-0.0036627222446752685,0.0073290648030252875,0.011035731560664138,0.000816051760615989,0.00016985780654723092,0.0,0.0,0.0,0.0,0.0,0.0,0.0,0.0,0.0,0.0
-0.028964117782620563,-0.01151807826800053,0.05948318730970561,0.03432564618677643,0.03155206023652745,-0.0034237884966439747,0.00038248432504680614,0.0028387486377452423,0.003799424400925841,-0.0001941447506301392,-0.008082725863149913,0.006054285741951613,0.02040992665554109,0.020556417181112053,0.03078386398944018,-0.0012571400504734508,-0.0030089904058076588,0.012324427320061306,0.0003351952570284276,-0.002675084504163866,0.0,0.0,0.0,0.0,0.0,0.0,0.0,0.0,0.0,0.0
0.01612855368649628,0.03182788351698053,0.042770834134670276,0.030468182872606175,0.030063813087019806,0.0029898529554750865,-0.0019489860476093117,0.002160919355430936,0.0032164481718006998,-0.0016024257145140024,0.004676731188941317,0.09064778717940966,0.03655485207366826,0.041723051311467065,0.04776192190824929,0.010197408909479346,0.0031824958897575155,0.011105663168121728,0.0027179343788813312,0.004078675094039565,0.0,0.0,0.0,0.0,0.0,0.0,0.0,0.0,0.0,0.0
0.03831058749467334,0.050786987641165515,0.016308170460494466,0.05446249446794364,0.01999538533974934,-0.001527054012955209,-0.002597420561140844,0.004108271165176232,0.0017547466911116796,0.03565711403883007,0.035139894808438626,-0.0024291162961481223,0.004888229887826699,0.06655252240404998,0.02215491470649194,0.012635062720308751,0.0028189205770606566,0.01126578213204681,0.0009495028338233773,-0.0008827403430509065,0.0,0.0,0.0,0.0,0.0,0.0,0.0,0.0,0.0,0.0
0.02511860234923873,0.006034056337493825,0.014665665652657079,0.04833977791743532,0.014563825307668449,-0.003372631700652012,0.004149739041796636,-0.007501482881169378,0.0033883324380501617,-0.0020051953492821626,0.023868506744718573,0.014818400296566699,0.016405827049032397,0.08314756196108206,0.025155430315355866,0.0011434023877996155,0.0011417204782564873,0.0068905522598728345,0.0018784810872406737,-0.0016236599355381838,0.0,0.0,0.0,0.0,0.0,0.0,0.0,0.0,0.0,0.0
-0.026666815262621345,0.014662325100646148,0.043938195852227045,0.01993288796139254,0.04928722938112555,-0.0008407018527402265,-0.0022098881349763323,0.022071472271813275,0.012081480809822931,-0.001565336265261845,0.020185196807076807,-0.023743276450689004,0.04109162245628735,0.04923307107714358,0.01483178773615988,-0.002476952432381002,0.004072826952729134,0.004457464388240979,0.0007019073400173413,-0.0003229006156420831,0.0,0.0,0.0,0.0,0.0,0.0,0.0,0.0,0.0,0.0
0.008381740949488728,-0.030024134325710772,-0.015219586607383479,0.002665167252285441,0.017874798887322373,-0.0033529299721085748,0.011775319702657255,7.347027062900133e-05,0.0023068929044214466,0.0002284362927334132,0.050540652940511216,-0.016499802331521717,0.015022342492821904,-0.008826523493847565,0.03875843343701339,-0.0013218627625441826,-0.021324193105296978,0.016054519117959454,0.0012408422301449487,0.0003680132407957201,0.0,0.0,0.0,0.0,0.0,0.0,0.0,0.0,0.0,0.0
-0.0009521056229878397,0.03618350886370097,-0.010711943465032743,0.004202734788249856,0.013780729746973336,-0.00043390171116283255,-0.0009846406102480996,-0.0008678299023519071,-0.018499902734191685,-0.008541949086644893,0.001790393634124632,-0.002611587632618764,-0.004729997774729038,0.041528920249894165,0.006951586196812573,-0.0015782780026334792,0.0003997220406156297,-0.014844779579045574,0.0037681359081008425,-0.00012721818645298498,0.0,0.0,0.0,0.0,0.0,0.0,0.0,0.0,0.0,0.0
0.009301195007816544,-0.024707712699053516,-0.030411461204744288,0.04181372278880098,0.05259473800225249,-0.004454792310755264,0.0022272904510396738,0.00375937684032745,0.004496873049125146,0.0010870250687150167,0.014749517048803657,0.006540387440902385,-0.001578141126837243,0.04053371223255014,0.08451975983296095,0.0003304925296947197,0.006847230068563662,0.01542126441648498,-0.0007595015360398055,0.001410621219763899,0.0,0.0,0.0,0.0,0.0,0.0,0.0,0.0,0.0,0.0
0.024021406256437384,0.046009015339063805,0.0362452416335958,0.054472805202816416,0.04930409171822907,-0.0005701987338348253,0.0045920110460377795,0.002751237507452971,0.0021155958306704574,0.0007874136169206561,0.02838334611997315,0.07348749065120742,0.025694694217387633,0.027219734087423803,0.06331506377576464,-0.0006127659920267556,0.003716336025608074,0.012022674324302027,0.0035523810646915237,0.002568426619811792,0.0,0.0,0.0,0.0,0.0,0.0,0.0,0.0,0.0,0.0
0.017830410018029704,0.05806210996685823,0.02320761875767304,0.03663529647183809,0.03826565557444186,-0.0002695538649906342,0.001946890858773628,0.0011486338829278502,0.0045124970242093445,0.0011350215789066307,0.016274749821779493,0.03724891501477372,0.025196580275172787,0.050390036768555684,0.017017626470052036,-0.0009948817548882083,0.002432338679179929,0.007330719422178943,0.0014444928340800528,0.0010754676609012286,0.0,0.0,0.0,0.0,0.0,0.0,0.0,0.0,0.0,0.0
0.027318137023368605,-0.007093830984479826,0.04154142605394607,0.03866911669633729,0.05445060557607722,-0.0013088378839457185,0.011090824305394325,0.004328556888484715,0.003466034123635727,-0.0006392192122776259,0.020799739849100052,0.024345592288153018,0.08881952435316612,0.03617768191171111,0.06694682182439617,0.0007972353071843113,0.006042969390321536,0.013478030494947495,0.001291288070732328,0.0029276128966938216,0.0,0.0,0.0,0.0,0.0,0.0,0.0,0.0,0.0,0.0
0.014877414665522715,0.03012880030732792,0.03347476131937519,0.0633755021815146,0.02670718320907086,0.001938873817270634,-0.0007821823413183509,0.00501623928609431,0.008668436456295506,-0.00036035754266548325,0.003555457240624883,-0.0037431539138257732,0.07394627625952464,0.05556598939666207,0.024571840935063344,-0.0002342271715693456,0.004707608263710138,0.006305368778978948,0.0023464235914739976,-0.0013446576187592938,0.0,0.0,0.0,0.0,0.0,0.0,0.0,0.0,0.0,0.0
0.014414748152488057,-0.0035385201598931225,0.03970636885330743,0.02393099230409263,0.032176772557255554,-0.0010359671447650117,0.006297717148462931,0.00285913527802182,0.005929390837576324,-0.003717339535157451,0.01868805441804657,-0.00803595471526661,0.007183222449055883,0.014316142993361569,0.010960839938485425,0.0004363439186231782,-0.0023039711474648495,0.011042079852420159,0.0008105398824030635,0.004940544713891602,0.0,0.0,0.0,0.0,0.0,0.0,0.0,0.0,0.0,0.0
0.007914022657206428,0.03558944591011769,-0.02053630992949756,0.04434555903661154,0.039039127759867454,-0.0022366834429551246,0.0045960549161256714,0.0015323757412237758,0.0036036765417445287,0.0020271208859046043,0.02100097089653902,0.060272664724716436,0.013380608094879112,0.030550501895890023,0.05167216869557402,-0.001605559451565895,0.0037228308088239847,0.017243976218815286,0.0024532400798262816,0.001904169149529965,0.0,0.0,0.0,0.0,0.0,0.0,0.0,0.0,0.0,0.0
0.05058532296400146,0.017348111485800823,0.01680186043719397,0.051307037326828876,0.04690541564253457,-0.0013368398384992395,0.0036231466377101952,0.016146563761840732,0.007434866726180392,0.001981585114599225,0.0411949182195925,0.024590711421212264,0.029248125065694592,0.010134933963948132,0.028220961848781242,-0.001596797249038957,0.007036760363580356,0.01191336092686747,0.0031862457709070998,0.0003675404223666109,0.0,0.0,0.0,0.0,0.0,0.0,0.0,0.0,0.0,0.0
0.04127182912577305,0.05164039761737324,0.021304678485724364,-0.01236924000222753,0.04735084091756669,0.0013965266353934698,0.008449597550839185,2.5331977448372406e-05,0.0030200658797702655,0.003122713135327359,0.0405083409829277,0.02580789627512453,0.03381114404624986,-0.014781327092949059,0.02163864027641256,0.000151766164297568,-0.0006741499167203118,0.008139116708299624,0.00215813966440899,0.0013926486566156696,0.0,0.0,0.0,0.0,0.0,0.0,0.0,0.0,0.0,0.0
0.04390853304381966,-0.016218466302889558,0.03542796405241255,0.010748770713923474,0.003489761258268026,-0.0024028683804891084,0.0009100297478987418,0.03259619398542275,0.0015406695994201788,-0.001869491410045973,0.009220976334831831,-0.005064748043617492,0.06369892378027661,-0.01527245107511305,-0.00674939406191097,0.000767989677613574,0.002178184795907753,0.005867472947404262,0.00032245340686608753,-0.0032098786095461043,0.0,0.0,0.0,0.0,0.0,0.0,0.0,0.0,0.0,0.0
0.042827971219359245,-0.025498624757713615,0.030094661805407867,0.04619547321801448,0.010815566711677459,-0.0029227091399383386,0.02290535939649373,0.001463383711385908,0.0026230010970711578,0.0007496316835745695,0.04266890618301438,-0.012024794922687165,0.04678125576134641,0.017926006905519442,0.008855269246792762,0.003536768695996206,0.004270715200280448,0.007649169044712724,0.001493928412859036,0.03331065764720446,0.0,0.0,0.0,0.0,0.0,0.0,0.0,0.0,0.0,0.0
-0.01731370331803136,-0.009349933093735354,0.04488138474960213,0.03511553975847635,0.03719115745130495,-0.0004607247761847432,-0.0009305603319772068,0.0005422638367090984,0.006149998525463454,-0.0022552714554488853,-0.002268351030202971,0.014814072968120524,0.06304296781576432,0.08755319873504838,0.06814223813775132,0.0003147556035162518,0.006376152153671751,0.011926435427491836,0.001779238257024207,-0.0015292622939936816,0.0,0.0,0.0,0.0,0.0,0.0,0.0,0.0,0.0,0.0
0.01569539820244106,0.0008137840819531378,0.05523759792385336,0.04096437476456117,0.050687231404998215,-0.0034590874091946456,0.007818767251376164,0.0035223025328191956,0.0037990956535265993,-7.389076594036186e-05,0.01219809881772838,0.02877207650178707,0.019584343459396594,0.01923425828926915,0.07147000623318127,0.0004742648040357349,0.018986669458070125,0.01216019642274718,0.0014256486497374236,0.0026419161477265985,0.0,0.0,0.0,0.0,0.0,0.0,0.0,0.0,0.0,0.0
-0.0006079383545001701,-0.008915366788495402,0.029362061210485686,0.026225896721257417,0.034164707649181156,-0.0011252342614323273,-0.0013436167343502622,-0.0012144077221157396,0.001411560495773451,0.03773627717352007,0.00830006447144309,0.016564316818547788,0.004646391888502179,-0.02732667074344238,0.045244765417874054,-0.0007196787986295258,0.004054652720787106,-0.013984591730313587,0.0034469318520643348,-0.0021985241657856,0.0,0.0,0.0,0.0,0.0,0.0,0.0,0.0,0.0,0.0
-0.0014075976594732592,0.03706181221492126,0.009184587890981094,0.025410170899205657,-0.009056912353772765,-6.876094539344434e-05,0.0006582006378843379,-0.00038619668885616417,0.006671189829087935,-0.0029024199607831634,0.014261101404765691,0.06754369374761272,-0.008357257617527916,0.03624851894329811,-0.00768917000105824,-0.00016416272007672612,0.0015278810252319433,-0.000499611126650869,0.00878581143843708,0.0019007181625372864,0.0,0.0,0.0,0.0,0.0,0.0,0.0,0.0,0.0,0.0
0.0014751833943130368,0.029891075159784865,-0.009021513569542294,0.02252235457906721,0.004993691944050168,4.6281057035403215e-05,-0.0011261379501050625,-0.0006293264200324027,0.008906854926852665,-0.0009122406783494337,0.022750600331590168,0.0190950949801633,0.043818515279724905,0.018357742604916242,0.01476831474191256,0.019232507147932364,0.004893207189976217,-0.0036943049532315443,-0.0007200001439652569,0.009918922525720988,0.0,0.0,0.0,0.0,0.0,0.0,0.0,0.0,0.0,0.0
0.02886524605091742,0.014330299600568077,0.02784319591708269,0.0016578190615961158,0.056756373970833836,0.039733813632844894,0.0009950829206559356,0.0006283412537078191,0.004741813211350495,0.0004990010588389188,0.01804074604419385,0.014431694838516463,0.03394294910274278,0.0381463999832506,0.032614054456596916,0.002972678120350111,4.855672812302247e-05,0.009398437041413332,0.0019631987493128615,-0.0008240803841694104,0.0,0.0,0.0,0.0,0.0,0.0,0.0,0.0,0.0,0.0
0.04775141137551671,0.04155576024696316,0.046823465201674026,0.07845643469972774,0.001837798889847199,-0.00020250184086208483,-0.0006680067565985573,0.0048915635989379294,0.002030556195710884,0.0007491230821841423,0.03548627096293177,0.01854965197213119,0.027337624485303403,0.0668901573131332,0.02330192220226275,0.0016916874574271629,0.004174917703486097,0.011290263863808958,0.005050918788008701,0.0017225776787764913,0.0,0.0,0.0,0.0,0.0,0.0,0.0,0.0,0.0,0.0
0.009611415956141251,0.043419048620021175,0.020127243423250143,0.043747919476584844,0.05520734431069003,-0.00023660429637249215,-0.001364721800979418,-0.0008297235411249812,0.005355991240425214,0.0015919590709738266,-0.00831500546224979,0.020354138625314495,0.004519230080703996,-0.02554840616241808,0.039411847740352404,-0.0014604361487871162,0.00494635562745789,0.009048921513407047,0.0008262609162948054,0.0010571819996935757,0.0,0.0,0.0,0.0,0.0,0.0,0.0,0.0,0.0,0.0
0.02605686528363482,0.06147381856378096,0.02563544105787868,0.04733311673439785,0.05068902417104781,3.990707841055336e-05,0.0007001316628301166,0.0020242683367932535,0.005554353081048166,0.001741970889414212,0.006983766345021643,0.02531043195272369,0.005802094526554603,0.054791275536326546,0.04715311471795547,-0.003983404764297964,0.005483705370987361,0.013831439917472344,0.0007486107914400809,0.0013516658669525453,0.0,0.0,0.0,0.0,0.0,0.0,0.0,0.0,0.0,0.0
-0.019640576573869837,0.019814896618927883,0.02637789290081888,0.019818020522094117,0.012797389915284297,-0.0036096348643742397,-0.0039142025249676755,0.022065538477449055,0.011084834615456778,-0.003570474959248985,-0.00579111465482065,0.028517128001741988,0.02144942613703213,0.0785656973777522,0.014647395342574872,-0.0003419845678097871,0.003776242194317175,0.009685736858914863,-0.0015940132012268785,-0.0002475721555940618,0.0,0.0,0.0,0.0,0.0,0.0,0.0,0.0,0.0,0.0
0.021986650271517853,0.006669838497808485,-0.004655555095076947,-0.005500412059161223,0.006365390910179956,0.02076440093978305,-0.0015335132673901285,-0.002798869023796207,0.005764964715576689,-0.0020770074534741893,0.012226433114704819,-0.02057388808571004,0.0066880655037816145,-0.028453004913617328,-0.00573016009772311,0.0025410230233346314,-0.001982838182334212,-0.022061518231769068,-0.0024239680009075634,0.039167455672122424,0.0,0.0,0.0,0.0,0.0,0.0,0.0,0.0,0.0,0.0
0.026606803077006764,0.04549200680574047,0.024825479466571914,-0.01638398609110991,0.025927473124094345,-0.0008765283795931741,0.001631635233589037,0.001839800582221238,0.0022827627150769584,-0.0017614132284060452,0.034677876070104176,0.12837627660848516,0.012097535600169355,-0.04252568260495602,-0.00675049671076654,-0.0025621518192279064,0.00020915878596689224,0.007231547670543401,0.0032207041071205915,0.010162796107741479,0.0,0.0,0.0,0.0,0.0,0.0,0.0,0.0,0.0,0.0
0.019657192795779356,0.02451253385846561,0.02588845331952022,0.04472766586841007,0.003361505288255202,-0.0029680355901162774,-0.001014050612568888,0.006020996647809194,0.0062760841438482375,-0.0028956434419808055,0.02206529943442122,0.0069626374171762664,0.01602910793792759,0.04365205935458057,0.011950660490804215,0.0017372440354013515,0.00789878781936014,0.018511847984467103,0.0010139425395838037,0.002915549924402044,0.0,0.0,0.0,0.0,0.0,0.0,0.0,0.0,0.0,0.0
0.04097426718973393,0.05053782240513356,0.029615907903064124,-0.010925818745727253,0.020824797611366453,7.568130673316111e-05,0.003815125366198557,0.002763335575769057,-0.000479381280018352,0.000317627973646869,0.031474131334348704,0.014218196166116482,0.034058339003474464,-0.018171854457479243,0.06678505216885067,-0.0022119913420614143,-0.0007878854904042898,0.00875270658101561,0.002623839450647059,0.0006307267400453573,0.0,0.0,0.0,0.0,0.0,0.0,0.0,0.0,0.0,0.0
0.009729567108198096,-0.03449186606737263,-0.00360489582974217,0.022225102466277534,0.039310617348327276,0.04408133605437231,0.0028487376298536723,6.164182041337003e-05,0.003836847791106156,-0.000738875592987163,0.02210774409012359,0.0025638537595690084,0.016679539370180102,0.006204772109174206,0.059887746488558706,-0.003110552635518591,-0.029015667366599024,0.005080554041643008,0.0011016814536206005,-0.001036286918827093,0.0,0.0,0.0,0.0,0.0,0.0,0.0,0.0,0.0,0.0
0.02479632091223573,-0.009739162662348571,0.02449923477365903,-0.015446193546837796,-0.0105199395410031,0.002788554732922562,0.0012521327366053277,0.003924047095168201,0.0024669761214824873,-0.006212974987858295,0.05201004237742495,0.007259084823041587,0.006899112950266606,0.006416252702666299,-0.025248639135636186,-0.0021862966875009337,-0.000652387914770382,0.005572853311004865,0.0020347642096917623,-0.00119218514984182,0.0,0.0,0.0,0.0,0.0,0.0,0.0,0.0,0.0,0.0
-0.005230954891301328,-0.01891866237190664,0.04568425593313342,0.03584908859446349,0.04722781954961793,-0.0045019608786571,0.0019011852142011654,0.004415818671010101,0.0024623264573299377,-0.0001958920829156649,0.0017520534526441662,0.019374660585079126,0.025182861249355253,0.04523263990358199,0.06725634274236585,-0.0020362695138517314,0.023933269698633772,0.01078935974180015,-0.000308372697845385,0.0007470236619109246,0.0,0.0,0.0,0.0,0.0,0.0,0.0,0.0,0.0,0.0
0.03572964380609803,0.06723997886390637,-0.011775640091172998,0.03219557609984006,0.03619899367257037,-0.0017856392563156181,0.0013287418911299162,0.0005260968201070687,0.003888482455997422,0.00024624662381281975,0.021089037575343264,0.07255546904407026,-0.004477024951493676,0.029879120622178717,0.030684868536803852,0.013740231134120514,0.006082198534369131,-0.05913762797791411,0.003869699364025835,0.0006431443528956304,0.0,0.0,0.0,0.0,0.0,0.0,0.0,0.0,0.0,0.0
0.03601677151133197,0.04683649722247256,0.024648350252079437,0.06146601544156066,0.04548480757503895,0.023298793119902232,0.00039830279602543633,0.0031744253731875497,0.0023972764259525396,0.00033007764851071607,0.01211531603824355,0.05206418589222517,0.02419346869494918,0.045772364752382416,0.043913636107650526,0.00015249318885778699,0.005989322554798528,0.010312254467353245,0.004259763361975238,0.0008974746958743046,0.0,0.0,0.0,0.0,0.0,0.0,0.0,0.0,0.0,0.0
0.018304785022969953,-0.0006045859472972282,0.003065970299790488,0.030634669564454552,0.0421403896050799,-0.0024035650680773683,-0.011298659543098777,0.0037678963714550266,0.0015251308962786901,-0.001450758464235467,0.020792654257515378,-0.02038440697461962,0.028581125741749338,0.015410803553146024,0.06423743493200354,-0.0025708267040456738,0.003173559894084684,0.02274067404058965,0.0019409946459938835,0.0011183109966338856,0.0,0.0,0.0,0.0,0.0,0.0,0.0,0.0,0.0,0.0
0.00842965565730156,-0.05754852007452546,0.02340087721201708,0.01176081574495913,0.0391608295867108,-0.0042765559083965225,-0.0012532792462857838,-0.000711222742532194,0.002187543545549157,-0.0004687543124428188,0.011151575311598258,-0.0022000542959856187,0.010420180402784815,-0.026113231368659152,0.03574275279108113,0.009286303434122869,-0.01777799961268038,0.024730406398387965,0.0010252193963068252,-0.0032249447989404073,0.0,0.0,0.0,0.0,0.0,0.0,0.0,0.0,0.0,0.0
0.04640361666389421,0.04480149098765654,0.00923785711881001,0.012072403062277142,0.04209497268433392,-0.0002811447036165858,-0.0016420801437577706,0.011212602702402368,0.002219023666406297,0.00020752164194270123,0.035405905481902034,0.04616391727728104,0.034663158516757935,-0.0027533296011259412,0.0352451257328077,0.014291966231416422,0.0051236994844007025,0.006979719141788694,0.015179157450095427,-0.0010499702403881088,0.0,0.0,0.0,0.0,0.0,0.0,0.0,0.0,0.0,0.0
0.023587369368472725,0.052545062726560336,0.0007605831003812137,0.04328936970480657,-0.0007035960277496777,-9.041219691572377e-06,-0.0003370294859019607,0.0030323129645768287,0.0034107954727063718,0.0009079490181285958,0.029239321195480623,0.012675025589386364,0.001611752695195836,0.05450953186353112,0.00432682055524275,0.0017227757616845793,0.000979499172019037,0.007258811852254351,0.0048175135349637285,0.0007586603958024265,0.0,0.0,0.0,0.0,0.0,0.0,0.0,0.0,0.0,0.0
0.02208198158855864,-0.0231992849756947,-0.03469937235486692,0.02533737147224304,0.03386573306116805,-0.004338644052550133,0.0029447056842454382,0.0018125040808858422,0.0052972948338051865,0.00012768162074940109,0.008248154333152432,0.021251694032902446,-0.012564533975250163,0.016775286924054555,0.05938969219182861,0.0019383164065757516,0.009536261637230039,-0.05395536590577213,-0.002144262982478609,0.0010163834995845166,0.0,0.0,0.0,0.0,0.0,0.0,0.0,0.0,0.0,0.0
0.03278300544106901,-0.0025726486031918423,-0.020275796625702478,0.040258618857803054,0.052731883340060105,-0.0016591675924360531,0.0031972718916571997,0.004379262962544626,0.003917510383238845,-0.00039816887309433285,0.022344979303111,0.012397271231771523,0.028294540854555572,0.030758630613354408,0.06474182299495787,0.0006448032785305638,0.00690505553652427,0.02451788645243426,-0.0007541884116484291,0.002678052424914268,0.0,0.0,0.0,0.0,0.0,0.0,0.0,0.0,0.0,0.0
0.02330443337531404,0.0470068279322916,0.03085290717638485,0.004341177805799233,-0.007835285532298716,0.01604222348499113,-0.0017447447192495188,-0.0015528300909284387,0.0019530716011835689,-0.0032927352332310345,0.05065435741698583,0.005521525683497346,0.02189769736939935,-0.019019829503310794,-0.00012947519080090032,-0.0005288877894215707,0.0011245581716841663,0.009159551565509457,0.002768167395965121,-0.0018011137993943066,0.0,0.0,0.0,0.0,0.0,0.0,0.0,0.0,0.0,0.0
0.023493086334370118,-0.007422642584346916,0.02321507828465902,0.031375263435110864,0.040372972378079616,-0.0030885259918669965,0.005568287178395885,0.006393759005544561,0.004097390433394869,-0.0002472087275764057,0.045815638292865175,0.025814415033269877,0.03349890113945403,0.021086957996116186,0.04550046976008244,-0.0005599208494747171,0.030637394185267765,0.011596191712652783,7.566078574990361e-05,0.0033934252169005572,0.0,0.0,0.0,0.0,0.0,0.0,0.0,0.0,0.0,0.0
0.04277441973965111,-0.0016782796132889897,0.05242878500546574,0.0627453152913235,0.02065615744764194,-0.0013121316248853082,0.0024450394933145337,0.008472775320028682,0.0008386783295356769,0.03042990423833754,0.022093633196019653,0.014776934653283492,0.02795149348730061,0.006536058947197147,0.034794830013952435,0.004086058465326918,0.0015484944210587778,0.0080931198586228,0.0017589946030941348,-0.0007186841526080261,0.0,0.0,0.0,0.0,0.0,0.0,0.0,0.0,0.0,0.0
0.016849884654304006,0.07776081798929688,0.006568005920140475,0.066864214410357,0.00291717839466791,0.0006215835102090294,-0.0018371575211891533,0.003665606676614648,0.006393301223794871,-0.001673502984064921,0.010314502792444703,0.112792971097618,0.013010386613682635,0.05109232708603336,-0.012520214043270328,0.0015584232228367215,0.004459854159014893,0.003975737416079226,0.003311122083747168,-0.0024034455819466937,0.0,0.0,0.0,0.0,0.0,0.0,0.0,0.0,0.0,0.0
0.018135289411413017,0.0010955459208619746,0.028909785644636986,0.009912437997704214,0.06539858872540041,-0.0006998633967340524,-0.002029021421447611,-0.0015701374237245501,0.0039041615763517785,0.0006020557703878352,0.0188975259130299,0.01746304754622111,0.03689388367234876,-0.01001174184670615,0.033270531442506496,0.008028877142392648,0.002487417211610156,0.010173783797809074,0.006492306969061467,0.0013671224672484417,0.0,0.0,0.0,0.0,0.0,0.0,0.0,0.0,0.0,0.0
0.01857448827293455,0.047399503357577415,0.03426375108649519,0.041909462091973444,0.020661767643262077,0.00013115516239299162,0.004823598953559375,0.005165718988650091,0.0025393733391097448,0.0024351118730424914,0.0350316953900554,0.029424478619047317,0.10202559765701213,0.0011957025446253497,0.019349640993396068,-0.0012083584406663325,0.0035557282990494946,0.005757179917678957,0.0036681545250713,0.0020178468461047516,0.0,0.0,0.0,0.0,0.0,0.0,0.0,0.0,0.0,0.0
0.01128793825358983,0.05569364999940812,0.0426186199756332,0.056734182032041044,0.04773414580128526,-0.0006764412617722831,0.007499255517982924,0.004366598271105757,0.0021361424974358045,0.0027119895607920254,0.026884623087151498,0.029566065862457448,0.023908004606006644,0.03706843119731805,0.05345037644827042,-0.001120634365673468,0.0034076233355976424,0.014612480845332176,0.0018035582056578651,0.004972916851070359,0.0,0.0,0.0,0.0,0.0,0.0,0.0,0.0,0.0,0.0
0.0033684293713178554,-0.05303359781329264,-0.018499783885942943,0.008630195287132852,0.016737865650950097,-0.003620367116901187,0.004635098413261059,-0.0006080717507843755,0.0036244586760352747,-0.00011255491794863409,0.03872336201383197,-0.014755330069249065,0.021518900124890643,0.0012971082873702055,0.04855507380276454,-0.0019098702206792409,-0.03509914630079895,0.015387920619848203,-0.0008745273910794397,-0.00024356566035444127,0.0,0.0,0.0,0.0,0.0,0.0,0.0,0.0,0.0,0.0
-0.006865504198065592,-0.04467269647093561,0.030484761632498678,0.021054631597272288,0.002299833259640909,-0.002630324594334638,-0.0013357076870792685,-0.0013551365741971098,0.003036247328173456,-0.00017460747247513054,0.01495531300376117,0.020417922958209198,0.033788559323397006,-0.0004396713445442153,0.007922570048471524,0.005124486106685848,0.008984288283304458,0.013701498083682023,-0.0005390299979615886,0.03996416383486794,0.0,0.0,0.0,0.0,0.0,0.0,0.0,0.0,0.0,0.0
0.020489317216879046,0.0037151239184727088,-0.01322312723093802,0.05648002197012213,0.01630156898118423,0.0018109832397755225,0.0005689321128735781,-0.0007077133646943876,0.002924575804947447,-0.005565735862921458,0.03309259476595373,0.006882866637686868,0.003952964291409573,0.05282926783343768,0.027903173050034032,0.002469355126032765,0.008193043727652406,-0.011533711745069153,0.0260452900666065,0.009844077016184392,0.0,0.0,0.0,0.0,0.0,0.0,0.0,0.0,0.0,0.0
0.030325738070766634,0.0355198416386472,0.005324218589712583,0.06050353030889878,0.05024104281511221,0.03777360126044131,0.0008501729245141566,0.0018033018634751074,0.003563431119788082,-0.0005595888958601495,0.027965055927244877,0.052977384580662805,0.01580172365088692,0.04899685351894476,0.05364131851853837,0.0013079813993961216,0.0062219776366560595,0.012811998023523253,0.005793411932324079,0.000606966305704307,0.0,0.0,0.0,0.0,0.0,0.0,0.0,0.0,0.0,0.0
0.032857621710955125,0.006104080503333515,0.023760659628093702,0.026623847815256337,0.06286326667351926,0.032191822264002586,-0.0037811942188800403,0.018514174521187095,0.0056337467452932544,0.0007204735583841928,0.003064738954814242,-0.004069616121381954,0.039712764719510164,0.053695670367449454,0.0088836140529241,-0.0002024446617203336,0.001509130021171417,0.013315520353879687,0.0016373879178138665,0.0006863323147668076,0.0,0.0,0.0,0.0,0.0,0.0,0.0,0.0,0.0,0.0
0.04038260682111483,0.07955190321315302,0.014436753118570643,0.025336435374031623,0.060134529435271755,7.108314680943297e-07,0.0004053094270238959,-0.0007784928772248183,0.006199283594314853,0.0032375063389813268,0.027918835075270647,0.021502795215841693,0.006929842499934928,0.024620826086934326,0.03552854519296642,0.016675130160936913,0.004127428414567671,0.010453004446339807,0.0011425224304943732,0.0009161223203788729,0.0,0.0,0.0,0.0,0.0,0.0,0.0,0.0,0.0,0.0
0.023107570909947677,-0.02948516260016556,-0.011883314435557341,-0.027843873854223905,0.014282209015402269,-0.0028699935683637713,0.0016612572912092797,0.00034883767170972187,0.0027074149886546542,-0.0031511333230257958,0.015293502203333706,-0.016661458171824833,0.0037877897977420575,-0.03319537036685303,0.039719684543068505,0.0008187223883866574,-0.004519006189146881,0.004717517859322415,-0.0023474430337264455,-0.0020838653985003255,0.0,0.0,0.0,0.0,0.0,0.0,0.0,0.0,0.0,0.0
0.01678821251993118,-0.011390660550148278,0.005275909398488755,0.016428810526988864,0.038267618481193505,0.006188871613323128,0.010722209147009498,0.0005593433119863822,0.005877036426902994,-0.005404414400343569,0.04076220517697946,0.022797682852000588,-0.0018286536665089513,0.037168573748325454,-0.013374528650646509,-0.0018942741412881568,-0.0011630951403133532,0.004576614744355789,0.004292348747525619,-0.00026632190791293323,0.0,0.0,0.0,0.0,0.0,0.0,0.0,0.0,0.0,0.0
0.007349751373326,0.02892179200512809,0.009855711126869159,0.03283572377229474,-0.007799224578696748,0.0017051012208461542,-0.0038463844154057346,-0.00041018025739562327,0.004692337604685169,0.0029195606860841173,0.01854277752231195,0.01670623887939803,0.012997191135156436,0.02610300464068604,0.0214102434093021,0.011216339796210381,-0.00017682072079201622,-0.015828918836664964,0.030515511732679683,0.0056508952862031805,0.0,0.0,0.0,0.0,0.0,0.0,0.0,0.0,0.0,0.0
0.011236622647697555,0.04339625258657581,0.011322063826824182,0.04961386220301637,0.053491081823404577,-0.0014247798251065618,0.002769511489070711,0.003529624460740099,0.0052334021491628165,0.0014797943787868883,0.01997149651193777,0.029453240227144656,-0.006600679645885926,0.036779952484441054,0.07251714598633348,0.00047733798610239845,0.006436781330034042,0.011139408979630542,0.0024815900189229523,0.0004178875015378818,0.0,0.0,0.0,0.0,0.0,0.0,0.0,0.0,0.0,0.0
0.04232795733190579,0.0773699077167468,0.0030720227207369456,0.01808524692092039,-0.02256445308383169,-0.0016900277075558884,-0.0009531843999697759,0.002583452403558869,0.0017450416716565656,-0.0008409516300463232,0.011155680670663666,0.052228928888564966,-0.0014227332542511325,0.012844484319900559,-0.032632913349550194,0.024893938151336073,0.006061923547194656,0.005296385080478545,0.0032101477374952975,-0.002049256615585327,0.0,0.0,0.0,0.0,0.0,0.0,0.0,0.0,0.0,0.0
0.027538042009058263,0.05334038471698795,0.02358106355623489,0.05818405806666031,0.045137548370426994,0.026496951718306523,0.0014476483349263455,0.0028515106547075527,0.00375924599617674,0.0007401819890594827,0.03815032553010376,0.02199445817058494,0.009395184835287661,0.0626342515950604,0.051832644269201734,-0.00019522693672595535,0.00594693282939146,0.01576823638969821,0.0034150985946538983,0.0006204488396593814,0.0,0.0,0.0,0.0,0.0,0.0,0.0,0.0,0.0,0.0
0.007857102637569557,0.04965314917646781,0.002632684282486605,0.0535459578305918,0.053348172300548016,-0.0024631779236735235,-0.0014697968217762647,0.00017512242642889919,0.002270014582760856,0.00028185823744980733,0.00824456958753647,0.0010302303607955625,0.009437175898444514,0.0498778988956321,0.054452858189775105,0.01697673225538604,0.011611816081735395,0.017677382448064483,0.0032113990854199153,0.0003704475887273009,0.0,0.0,0.0,0.0,0.0,0.0,0.0,0.0,0.0,0.0
-0.01689872701874919,0.015267284338410578,0.013191572885426899,0.04803097254375032,-0.004057702190971295,0.0004964880131410767,-0.003220809715784518,-0.00434010474099315,0.0034256807214080127,-0.004107389786080659,-0.004073016462858955,0.019859784060924264,0.0029723859376559196,0.034073998547628714,0.032785816741745286,0.0032990652070347703,0.008438138820083844,0.010477430014817808,0.01822690565804158,0.004873823545740364,0.0,0.0,0.0,0.0,0.0,0.0,0.0,0.0,0.0,0.0
-0.024759567165310605,0.036427486318189116,0.043050188874545224,0.010976392006639418,0.060453799634206995,-0.0026162372997546243,-0.001725433503696614,0.006957204245435481,0.002880653210789771,0.030593281433768185,0.018602309725233333,-0.003923877396223875,0.013174521578716502,0.06042053115426676,0.059305039770461435,-0.0012513783837568107,0.006771324439967106,0.006438117881076332,0.00044409182264424485,-0.0009146091316487075,0.0,0.0,0.0,0.0,0.0,0.0,0.0,0.0,0.0,0.0
0.017855287945748016,0.03783519766209712,0.02046235068930332,0.017770802712759666,0.03971083456048275,-0.0002711428323337596,0.001430389259478317,0.0042294256674029725,0.002634416914488452,-0.0013122344091275712,0.0296091404844089,0.0672117407574666,0.031918698451778346,0.03934612813659901,0.024434795202218033,0.0012969376643033638,0.0011283090806455704,0.006476815835656132,0.005856587042296186,0.0010971162946979472,0.0,0.0,0.0,0.0,0.0,0.0,0.0,0.0,0.0,0.0
-0.0015164539286257985,0.0658631530138815,-0.0029840387336146877,0.04458613961882886,0.029829797332215482,-0.0022295799449308274,0.004236773841816617,0.003094705078738478,0.0037258373254592035,-0.0006251515455492813,0.027903996472914437,0.10061746729890868,-0.0037636618752433584,0.02677811238204812,0.034633937953441524,-0.0007291854481373415,0.010018531571157544,-0.031430744543046604,0.0010645579959554857,-0.00035259674584649117,0.0,0.0,0.0,0.0,0.0,0.0,0.0,0.0,0.0,0.0
-0.0015610428824450898,0.04289460360478866,-0.005198871970068704,0.01970824341437333,0.010669511881022838,0.002782127258692022,-0.004088947981547373,-0.0012137476506203226,0.0019663992920422773,-0.002816921736667057,0.006851022838166253,0.1069901492549201,0.00595324761622227,0.02714821713563448,0.03571949907967032,0.012498614373832899,0.004519666764644866,-0.00038788283844380964,0.006569308084082608,0.004718401582070628,0.0,0.0,0.0,0.0,0.0,0.0,0.0,0.0,0.0,0.0
0.030544861101156333,0.04666970181875902,0.019626469720699473,-0.004326385934223218,0.0321437303633467,-0.0010714796844841453,-0.0008945437917461091,-0.0007811203214789642,0.0033221105343826805,0.02302570703572932,0.016172361703636663,0.04581630876181693,-0.007336061635822956,0.005123529165170611,0.0393891926158029,0.007067285525594478,0.0033787614027903498,0.0069973245016982065,-0.010209817640378573,-0.0009363381220783556,0.0,0.0,0.0,0.0,0.0,0.0,0.0,0.0,0.0,0.0
-0.009959164974660794,0.049633424193010145,0.028964012693948177,0.0385287398666045,0.044944669604915326,-0.0024764342970117763,0.0021898236618743774,0.006003294546949479,0.00224778775970893,0.004542629275012003,0.014009940810709524,0.001628428851684409,0.030133146191715997,0.0677077289284044,0.05701250798503402,-0.0024580630306904896,0.006592037026517549,0.011087112246474292,0.0001524487884111706,8.561729995106898e-05,0.0,0.0,0.0,0.0,0.0,0.0,0.0,0.0,0.0,0.0
0.04656505019858986,-0.017830485782086694,0.032370882804872596,0.005359454073207613,0.06804933489682921,-0.001608393627458139,0.008432098636933791,-0.000998550222569457,0.006184921322501221,-0.000753619093256809,0.034223366702694526,-0.006114054212433253,0.02062946719803093,-0.032291608257205846,0.042478943763566916,0.0010182571059977072,-0.0016147177377885975,0.007374166180191234,0.0014902336880909407,-0.0016609084231599483,0.0,0.0,0.0,0.0,0.0,0.0,0.0,0.0,0.0,0.0
0.022511002765427172,-0.01656789499493128,0.03763445620373712,0.0063395049588394715,0.036676619430351824,-0.001355747812504332,0.013356219150306426,0.002318726763046432,0.007279569886789907,-0.0004941110974695871,0.0435028239107928,0.005276813773115411,0.06352975306785473,0.001321789105378802,0.03376666288288311,0.003694135898398132,0.0026863331642059418,0.012136770103398753,0.0011539290713613237,0.02584923678766744,0.0,0.0,0.0,0.0,0.0,0.0,0.0,0.0,0.0,0.0
-0.002252394651763963,-0.0016119295435498757,-0.02596934100338082,0.01511318756743668,-0.026008239230327693,0.002916269855702854,-0.006096246748011751,-0.0009078800935091502,-0.0019980822893777427,-0.006520527814977065,-0.013523787062967155,0.034820629310650685,-0.003732304549153138,0.0028141779606232556,-0.01837321226303819,0.010154039425251532,0.0008202688569161479,0.005525131014426975,0.0013764451371820559,-0.007824606757762805,0.0,0.0,0.0,0.0,0.0,0.0,0.0,0.0,0.0,0.0
0.027790230121542695,0.03363775656598833,0.04513271074891358,0.010191101733822653,0.04655921449329424,-0.0004847271891943905,-0.002047594120565338,-0.001320942961957132,0.007249648821102714,0.006443488715425417,0.012235039282289884,0.00082624628497856,0.04229984093396801,0.039230070865910356,0.034760047694839,0.004815995558876334,0.003806746497827883,0.007884216020269829,0.002680770964000906,0.002031736089037153,0.0,0.0,0.0,0.0,0.0,0.0,0.0,0.0,0.0,0.0
0.02289046395454375,-0.016893567503976636,0.04311094469462835,0.00515643295980308,0.029756476885719977,-0.0008629216112515464,0.005180066895358517,0.004066723020955736,0.006097600684442397,-0.0026213041489591216,0.03653291255924446,0.01765442977209204,0.019015051667863405,0.01788298662878243,0.025239039026213238,0.0001673793418042108,0.0021208653761895365,0.01096085332936204,0.003262312143611975,0.027587093539120748,0.0,0.0,0.0,0.0,0.0,0.0,0.0,0.0,0.0,0.0
0.006586930135587172,0.024793212665658346,0.019939685677800967,-0.0039271924613211336,0.05462605952864278,-0.0007972260567579422,0.011256241171812155,0.0029761218677090274,0.004688074518102796,-0.0017417275798852503,-0.003415781078058196,-0.01024222317435359,0.0492941984522943,-0.012231983758592023,0.0761938883282295,-0.0010384968745811255,0.002016945098279825,0.006933152029658303,0.001526426473709704,0.041244312293071385,0.0,0.0,0.0,0.0,0.0,0.0,0.0,0.0,0.0,0.0
0.024240806477968925,0.06459226150146834,0.011890594009989786,0.022626374625970405,0.01464617009599887,0.0047432990027889135,-0.001435978338302371,-0.0006106707267052148,0.005075835937803481,-0.004012475687915388,0.04273565292052029,0.08512515697260993,0.0013087230472848361,0.041522250203871125,0.004110741894420797,0.04018149832647294,0.0029745563816416434,-0.01896814502275906,0.003585238494373933,-0.0006102929971299779,0.0,0.0,0.0,0.0,0.0,0.0,0.0,0.0,0.0,0.0
-0.018312814114412837,-0.005366378500884553,0.01901969228644881,0.03601644635364453,0.01126933039439728,-0.00044442819865878443,-0.00042790238772236466,0.0019562429518820246,0.012803831277623004,-0.004327455558161197,0.0031302013431079396,0.011602703183499615,0.02554199183509067,0.047938960139614246,0.0007030803456099042,0.001343031773365978,0.005075561735293579,0.006578879917846182,0.0009398040747868821,0.016263060363177782,0.0,0.0,0.0,0.0,0.0,0.0,0.0,0.0,0.0,0.0
0.017803822981982555,-0.007822073329238363,0.03571077103576514,0.010443072736863665,0.021283500786443147,-0.0023843525401109475,-0.0003558106727542968,0.013146203539521222,0.0017454553449659312,-0.002450066442566202,0.03831185327657056,0.0015752688629583473,0.059993032248658505,-0.0011722888384125185,0.03507520357847434,-0.0012073076983952742,0.0006560419259857549,0.0059104983119141,-0.00036991534483202086,0.0013444901042509636,0.0,0.0,0.0,0.0,0.0,0.0,0.0,0.0,0.0,0.0
-0.002556189779729762,0.030194759702381304,0.008415680470917631,0.047206400164501304,0.05072790465207951,-0.001893548595752184,0.004045407970618438,0.0004424652712255594,0.004028476016482607,-0.0003176749178678684,0.006037031312344043,0.053491023398405925,-0.006856259448178471,0.022308382178131293,0.06862943602298018,-0.0009177728207659184,0.0034421254146145917,0.014139682005085034,0.003926783319340225,0.0013375894745369535,0.0,0.0,0.0,0.0,0.0,0.0,0.0,0.0,0.0,0.0
0.042120104366276986,0.005605254256897479,0.007796972392181917,0.014637360115359469,0.015297397695734951,-0.0014550105773077436,-0.002521216362478994,-0.001061860919828827,0.0019297189436780957,-0.0005986493467099767,0.0354904145377323,0.016937684271078373,0.008584980633739308,0.001399876456883978,0.03008333111040199,0.008183614389450719,0.007779830337075078,-0.0237463549549842,0.003896885212666179,-0.006638735437475637,0.0,0.0,0.0,0.0,0.0,0.0,0.0,0.0,0.0,0.0
0.022365569488229313,-0.025923313940435323,0.024834705896301965,-0.018272614557597433,0.011964351347258158,0.04802189973961441,0.023151146041944203,-0.0014969006072484635,0.0024241823019983924,-0.002791169878877665,0.05065560610188906,-0.004913622947283993,-0.0010736574748344875,-0.037883504687397575,0.03958198090743086,0.00034328698779136714,0.0020257932277649143,0.004118864030178223,0.0013375656275775752,-0.0028535745856551847,0.0,0.0,0.0,0.0,0.0,0.0,0.0,0.0,0.0,0.0
0.024427041416056713,0.042219106940005476,0.05267988489582768,-0.015974764535677748,-0.0008293835516689393,0.0002871178829012308,0.007782443646994534,0.0011812630339813135,0.0014128065570187796,-0.00246185036419805,0.020807527700396705,-0.007795141077323582,0.13967687035573978,-0.003944757845463731,0.022783788271391367,-0.002899255679767571,0.000716820079375047,0.008647458741185393,0.0006405771501161638,-0.0006359564965202745,0.0,0.0,0.0,0.0,0.0,0.0,0.0,0.0,0.0,0.0
0.033186366679749876,0.05315201055058438,0.0145751627085004,0.055469031304526864,0.059050591074917114,-0.0005595850567238036,0.00384149909432123,0.0024740387421748646,0.003144831803953079,-9.244461438204846e-05,0.01623811727540219,0.04593208523295554,-0.000973012342052929,0.03452624137529584,0.056814122109782136,-0.0016473253765648813,0.0037968227335004974,0.014563296343164354,0.005245523124885527,0.001291271937882109,0.0,0.0,0.0,0.0,0.0,0.0,0.0,0.0,0.0,0.0
0.03557412819953648,0.05471437902065025,-0.003051768321864725,0.06752628734668671,0.007066456487057396,0.02136140387551751,-0.0026511535994990297,-0.0006667444375358972,0.002746306881740063,-0.0008789847443843926,0.00891713122957276,-0.004612085566210481,0.013198074073229413,0.05391159280660687,0.0030961634507932875,-0.001527958988412853,0.006135506427676949,0.014306815925662332,0.0011376019053906275,0.002418445148158801,0.0,0.0,0.0,0.0,0.0,0.0,0.0,0.0,0.0,0.0
0.01126443863001454,0.03928428380676241,0.013676399655149761,0.01470868020922261,0.01989631772283518,0.0009576054856946995,0.0005968515670205045,0.0010003386080001226,0.0035344090059261034,-0.0027244841369242993,0.0147180697404604,0.07766103691726575,0.0009819518315962437,0.023588572102943614,0.03302962599813989,0.0025682706063895316,0.002621350346568443,-0.015242462005821753,0.0053333085926174206,0.001267032436513851,0.0,0.0,0.0,0.0,0.0,0.0,0.0,0.0,0.0,0.0
0.024214968404244717,0.06356907706328654,0.02818976551850163,-0.008534906772638833,-0.010958071103839851,0.02003949825746626,-0.0007721096548194033,0.000883510261358649,0.0026339870777895317,0.0001122326426641103,0.028446062911659842,0.013351895805558615,0.00831528953270147,-0.022369216565583768,0.003858606671928219,0.00040453196502348156,0.0006275285121019525,0.006340522094523383,0.002388400118057718,-0.0027869230411767354,0.0,0.0,0.0,0.0,0.0,0.0,0.0,0.0,0.0,0.0
0.02511249324511324,0.02293568071235997,0.017611386565687583,0.004609475726045631,0.038231281577159874,-0.0006504456899437016,0.006991038397576102,0.0014943910928529145,0.006430387132319874,-0.002619510090608038,0.025714496519152103,0.032335326022049374,0.018877711240395237,0.001074952756609299,0.047167266225167995,0.00041439232609136905,0.012067165473238661,0.008868224270947021,0.0037506477284830492,0.03588747798485069,0.0,0.0,0.0,0.0,0.0,0.0,0.0,0.0,0.0,0.0
0.045252189037328236,0.05484181745171606,0.02993304475138746,-0.0065658651949292894,0.025610640635315356,-0.0013173004041232117,0.0001748559805461401,-0.0006149304048827239,-0.005780639307975717,-0.002754527902663612,0.028830379378833145,0.008850560643428462,0.08773262735021929,0.019010629759690593,0.02688187320334376,0.013288471099859653,0.00976265768055423,0.005843103353506812,0.002876286182599473,-0.0019652478333007715,0.0,0.0,0.0,0.0,0.0,0.0,0.0,0.0,0.0,0.0
0.005115816559698783,-0.015371894780863527,0.03739572745249125,0.05008886628147972,0.026500081388550784,-0.0014157616301755176,0.028985872613855407,0.0006223904722367753,0.007141921394225952,-0.003501836879298131,0.015102488356804299,-0.007128623623061833,0.05167808361431527,0.057776147140930385,0.007252086576598977,-0.0009575060565081618,0.003805652763978022,0.0075376101056445575,0.003005139576515385,8.933579295315078e-05,0.0,0.0,0.0,0.0,0.0,0.0,0.0,0.0,0.0,0.0
0.0478534085171944,-0.014486207397025358,0.017239681169788214,0.02270971979975967,0.04045198921559687,0.037518265221854676,-0.0018966570156395235,0.03406381675846752,0.009234233795021628,-0.0017003321245676578,0.008673824603147477,0.001528567018370509,0.056175774781436996,0.051907869418283105,0.012346164146215114,0.002632253619610752,-0.008846006912565348,0.0070195660956030815,0.000656277094176341,-0.00012755810591840252,0.0,0.0,0.0,0.0,0.0,0.0,0.0,0.0,0.0,0.0
0.030529825589095002,-0.003916657154067638,0.03911721349171903,0.02275712617662094,0.005352214071100975,7.790246348482656e-05,0.009881762950803764,0.0022764786119836497,0.004840232462386324,-0.002693344730961063,0.05611499014493115,0.024761165588333283,0.07220509619704532,0.02123280868445499,0.014495641759569206,0.003520326928233112,0.008284637294052556,0.015641215351171203,0.0030917166808944103,0.001151244559520499,0.0,0.0,0.0,0.0,0.0,0.0,0.0,0.0,0.0,0.0
0.017179404091197857,0.040274274232134116,0.022048654500756232,0.007828111917195063,0.02104859538738369,-0.0005393977745883932,0.007518897913079592,0.0020037321028898835,0.004557928345253629,0.00023684924497631307,0.042295879850662396,0.09180237989628919,0.04429197718215006,0.007078414660423135,0.0011484997663582948,-0.003187898882905121,0.0022360421597734112,0.005760257518667415,0.007967557395531613,-8.019831784864192e-05,0.0,0.0,0.0,0.0,0.0,0.0,0.0,0.0,0.0,0.0
0.0409148531974415,-0.030888407245254854,0.04974988109702906,0.02933479704552753,0.033215909358333844,-0.0028307404245569603,0.004854346367978933,0.002301172667215603,0.002497690302584033,0.0011614620754514995,0.011074711738472092,-0.01927279831124313,0.019985947167784426,0.006036827825960394,0.05172350877493582,0.019696492495975583,0.005622092014318221,0.011598185200094254,0.0023959537353570697,-0.0004502879630332702,0.0,0.0,0.0,0.0,0.0,0.0,0.0,0.0,0.0,0.0
0.04692559732075687,0.05327101795769618,-0.009485833081067523,0.05481672187974292,0.04977297019618749,-0.0008297402392844709,0.0002802321181079526,0.0006946129636108206,0.0031623274111478774,0.0020379514668171293,0.04625229013668938,0.016370475951972694,0.012991606216321054,0.048517000106888905,0.05348399231381246,0.01898839343095165,0.0074381549548073675,0.01608067503146006,0.001858380917218243,0.0010947700665345228,0.0,0.0,0.0,0.0,0.0,0.0,0.0,0.0,0.0,0.0
0.03885659636362773,-0.003242872717887786,-0.01169186975298204,0.04402704694448355,0.044544376749475596,-0.0017085703945899488,0.0007927344867720628,0.004417918994079835,0.0029972660219658243,-0.0002815390644907463,0.043640889005059656,0.017841337602407567,0.030636136697172918,0.03179443071759269,0.06577094619980361,0.02212561106530549,0.010499392508415148,0.020257036504670964,0.0007098019385264724,0.001734927250963268,0.0,0.0,0.0,0.0,0.0,0.0,0.0,0.0,0.0,0.0
0.007553638069209463,-0.010807766839153698,0.03411752674542101,0.019980271378999163,0.022247122553069484,-0.0018621416623287627,0.006784053231661319,0.0009500623395788455,0.007486665314420583,-0.002098326707948883,0.017635895551363447,0.01031881105776291,0.11893781706382177,0.03206638486667716,-0.004155432915078607,0.0019998293651155145,0.0077870723618306175,0.005620613459569501,0.0015739421862000808,-0.0012454119597382733,0.0,0.0,0.0,0.0,0.0,0.0,0.0,0.0,0.0,0.0
0.032689597783090045,0.02574616221078445,0.015054235350917202,-0.004667584302676887,0.04356945849966362,-0.001166804011397367,0.0014848384955863283,-0.0023088208967214736,0.0021231089219838867,0.018023588221768354,0.01799884732517236,-0.005746740296805575,0.02727308037944413,-0.01994149739790874,0.052073189077089674,-0.0010507620738917681,0.0026240079991186366,-0.0026818087211176,-0.0003427153276964643,0.0029682158839705757,0.0,0.0,0.0,0.0,0.0,0.0,0.0,0.0,0.0,0.0
0.021493499508131748,-0.004094125755099387,0.025105063622848783,0.054937721672789964,0.032698220654760836,0.0008770716862828395,0.002210385411419565,-0.0004325111940897916,0.006189366688731567,-0.0011539868890658844,0.010719639676366736,0.002084502582822588,0.051679802137808734,-0.0008500067771526808,0.031514582149189556,0.001981859455813357,0.008162882428731246,0.015312696536261827,0.03812409396191584,0.0009121099971620143,0.0,0.0,0.0,0.0,0.0,0.0,0.0,0.0,0.0,0.0
0.02044553711907685,0.04573677792770014,0.03066195456714517,0.05852545168011139,0.05026643728437088,-0.0005819236731856571,0.003822444918731598,0.004589171445862801,0.0017341267898808473,0.00020042671329391408,0.0320363007033843,0.06839827074185646,0.019427150046538093,0.030533023815386584,0.05204314024772824,-0.0018455219982279497,0.003990858796579125,0.011844126317157751,0.005002494285599385,0.0022457525825454604,0.0,0.0,0.0,0.0,0.0,0.0,0.0,0.0,0.0,0.0
0.02141939875059916,0.07914723587518487,0.0301942541029016,0.04747086076624473,0.04713259032127215,0.0006885476340538208,0.0034098543581247854,0.006115179450825206,0.006513307167045018,0.002280022243840756,0.018459964660524058,0.06304420993085391,0.011844049817749945,0.044272319260677456,0.06144993105811266,0.0011882093245833025,0.006286329546678624,0.014291142135472662,0.0027651138188015574,0.0007490768968252428,0.0,0.0,0.0,0.0,0.0,0.0,0.0,0.0,0.0,0.0
0.012817513138937763,-0.00474292828732308,0.038737990138296464,0.042949748546219774,0.05106120340435276,-0.003411975938921966,0.008906429290705729,0.0037718849901010112,0.003485151514839802,-0.0005851824298695973,0.010594786294522984,0.03163911783902496,0.022991847667749424,0.01966492053239301,0.06834603568566075,0.00021589550137159704,0.026460496725147217,0.01289221550377653,0.0013015160485364185,0.0029204104969091063,0.0,0.0,0.0,0.0,0.0,0.0,0.0,0.0,0.0,0.0
0.010949658601742504,0.050594368483849746,0.029942259125623396,0.013910006446711035,0.01947385268811359,0.0006452759221412805,0.01623052208576744,0.0024970798785779623,0.0014292473824872,-0.003002145957682094,0.025891856047488396,0.041937500856698624,0.032812458237383456,0.06403990797915374,0.003972138013777365,-0.0020918865172930897,0.003500075913965204,0.010323055215279715,0.004213303720584528,0.011453062996001094,0.0,0.0,0.0,0.0,0.0,0.0,0.0,0.0,0.0,0.0
0.034130357320023924,0.0032173970224904478,0.003665857193499096,0.045493983265394285,0.004473692158131696,0.034554796681148435,-0.0013765783915768806,0.0016774913615312896,0.006872755082524265,-0.003834378030955725,0.021187604547479064,-0.00274171871721333,0.027082169471761394,0.08273131034416338,0.014095625047358881,0.0030703933006347673,0.00462075826326169,0.010166286263955243,0.0010692530622597946,-0.001435458125500349,0.0,0.0,0.0,0.0,0.0,0.0,0.0,0.0,0.0,0.0
0.030818429910290688,-0.02562097481367299,0.03857328237162613,0.0744710201467453,0.00047795772894850143,0.00016505251636701656,0.01767707803567422,0.0011153252672435503,0.0010980143682444298,-0.0013722364279351283,0.025579327340215677,-0.006495205595669329,0.03481798568257255,-0.06483690554320941,-0.013205295752926246,-0.001969308915920339,-0.006464648442043354,0.010030370500452265,-0.000475031225655322,0.0009680190045454769,0.0,0.0,0.0,0.0,0.0,0.0,0.0,0.0,0.0,0.0
0.01713056411316556,-0.012986782522418014,0.03552384234226691,0.006067635843342395,0.006328285415038059,-0.0018088723559449937,0.04818185793049628,-0.0025345873148012264,0.006143327199545956,-0.002952249384696683,0.03193630352504239,-0.007772022844383208,-0.005622437277639845,0.09656063605746938,0.014803697659751763,0.010835156829169374,0.00924551585814483,0.006988535975488489,0.0007132200096624027,0.0019399700616717635,0.0,0.0,0.0,0.0,0.0,0.0,0.0,0.0,0.0,0.0
0.04061387477603232,0.050671928358538225,0.03197530069699077,0.06377148932209775,0.04900972855129991,-0.001350874682896973,0.0009081875232246046,0.0025657085704692524,0.003850217665732197,0.0018407576995018674,0.01455048868805065,0.06118884544316184,0.004336328902470314,0.04016697126234428,0.052677875819360565,0.009937469593769968,0.00476330681957048,0.011292295969247187,0.0024812608947936687,0.0014761138339410517,0.0,0.0,0.0,0.0,0.0,0.0,0.0,0.0,0.0,0.0
0.05463853480287772,-0.006926302178207022,0.033252612926325885,-0.02897925055812106,0.054152739568177226,-0.0013708881228458086,-0.0015736112780353811,0.0006044178617298174,0.0034762700712658943,0.0020137953625566627,0.03487907739719075,-0.002435845502371955,-0.00882364682002623,-0.02705612657913321,0.04590906365175899,0.03113287052243085,0.0014690287702221235,0.0062599868060227255,-9.614622089943333e-06,-0.00189151495935761,0.0,0.0,0.0,0.0,0.0,0.0,0.0,0.0,0.0,0.0
0.0643095313592036,0.010038276114128525,0.02211127569546202,0.02187911832351221,0.01963267250291524,-0.0007181360977052822,-2.7179582277009734e-07,-0.0011246278299947602,0.0064615607899569626,-0.001575875076250029,0.002797905035815868,0.005729711975958052,0.0019636540432933654,0.046047305250049,0.03732340827885993,0.004241055456026509,0.0003716271184336827,0.0049198858481366734,-0.0004225320062875347,-0.0014739560687641396,0.0,0.0,0.0,0.0,0.0,0.0,0.0,0.0,0.0,0.0
0.04539474304996999,0.10108796876005796,0.004821308312252803,0.018233157140439053,-0.006140882488000137,-0.0007037354890393342,-0.0006093224892969194,0.0030816338948077226,0.0023687175669262865,-0.0009812371714986654,0.02603388922469392,0.05990354545648833,0.00022648347619851658,0.01928401341877681,-0.017817199901496196,0.0003611754918763391,0.00551755870136983,0.004187145571563881,0.0017945188479151434,-0.001860253558189721,0.0,0.0,0.0,0.0,0.0,0.0,0.0,0.0,0.0,0.0
0.011989182151160663,0.022645534870171794,0.01799608098475918,0.046932892615645455,-0.001385400209977021,0.031762593522188555,-0.0019420959993389092,0.015372407271569454,0.008258524781966519,-0.0027846304728847563,0.027357202391749283,0.025868116591296456,0.024649517756409868,0.07682187750425286,0.00985600642449829,0.00016090679443719706,-0.004570341725274577,0.013845597353263715,0.0011773089276870677,-0.0002896844132089144,0.0,0.0,0.0,0.0,0.0,0.0,0.0,0.0,0.0,0.0
-0.0031697656501234544,0.03893798459097013,0.012380125455414023,-0.009114892333607145,-0.013647852752035552,-0.0006043500356941819,0.07602686616436702,-0.0004626373667437881,0.0004923263526847399,-0.001691816335058393,-0.013997162534622427,0.055135424429852135,0.004484847456067651,-0.00557344584437507,-0.006393455468727287,-0.009948349621594011,0.00551008956142628,0.008080423215890201,0.00466678567687871,-0.0023895478405981047,0.0,0.0,0.0,0.0,0.0,0.0,0.0,0.0,0.0,0.0
0.03024074961788544,0.00926116008358108,0.017200634507336908,0.011131097601911222,0.05615335279159036,-0.0012654149968213963,0.003194129548510816,0.0030946374763277397,0.0039403628901341125,6.170809766550483e-05,0.042946685046982014,0.011776927598416897,0.04739073458112083,-0.012003039496401103,0.0461013843382595,6.929650680116203e-05,0.004215591721281884,0.017580239487803847,0.0015342528717808737,0.0036793489413809925,0.0,0.0,0.0,0.0,0.0,0.0,0.0,0.0,0.0,0.0
-0.007595110130497585,0.08854785323995525,0.06265813777875986,0.04114138225621629,0.016292343838943766,-0.0015001163739661746,0.03919712765348743,0.003950954464207521,0.0018749256616816296,0.00017839856130411855,0.012252437483895026,0.0374161274990872,0.03722365130295826,0.02529444517664633,0.020673632523031546,-0.001794512098679022,0.01074720535319137,0.009290345189697532,0.002971521491598335,-9.915375114634406e-05,0.0,0.0,0.0,0.0,0.0,0.0,0.0,0.0,0.0,0.0
0.01823555191405485,0.04882104145248628,0.029048114664194997,-0.017674634939447237,0.018316436106479265,0.0011500810922771153,0.0020904096833019798,0.004734771495540511,-0.0010894332089917353,-0.0017100577240187437,0.0311246132198514,0.05640905599363456,0.011196837644314617,-0.00810201357389298,-0.011948809245516398,-0.0014628842388518136,-0.0011580237551045997,0.01516230820672747,4.3205144206152476e-05,0.0005350271891242825,0.0,0.0,0.0,0.0,0.0,0.0,0.0,0.0,0.0,0.0
0.021587571634937883,0.03286004482627357,-0.022107724838430574,0.017505600159823848,-0.023040032543702894,0.0027720478797792236,0.0003882066291152596,-0.0002423017958865859,0.0024119329032337732,-0.0038417392479902827,0.03299256609040817,0.003143630545621512,-0.003353457986635679,0.021607350618928683,-0.0016783114654010474,-3.7973731467961245e-05,-0.006153044907418828,-0.004484496650080762,0.004238750976629317,0.011735220117812424,0.0,0.0,0.0,0.0,0.0,0.0,0.0,0.0,0.0,0.0
0.03281812892153079,0.07034236953127126,0.03256859138521259,0.051270464066878296,0.0455641242854732,0.0005094437999489347,0.002143904276312481,0.004029921051159048,0.0030899949932596343,0.001747943234052702,0.028292418473916062,0.06041330368765413,0.024288308779538782,0.034279493083757696,0.04883136026032557,0.017243003258814168,0.006718749860879076,0.015622243219213376,0.0028232068885385812,0.0011246240626354347,0.0,0.0,0.0,0.0,0.0,0.0,0.0,0.0,0.0,0.0
0.0219919284125896,0.07300246445355463,0.027829479765546287,-1.3036711799070632e-05,-0.011260192265201571,0.003146657370880222,-0.003067648397109179,0.0006155688504924033,0.004934452248205231,0.0013706170915506661,0.014540462294221379,0.010680824515718114,0.03109755158692312,-0.0033477461220652017,0.009346438993795447,0.02727083639833958,0.0008709659444096803,0.009899861574484478,-0.0007033914785056224,-0.002235098316220656,0.0,0.0,0.0,0.0,0.0,0.0,0.0,0.0,0.0,0.0
0.012825863904815256,-0.021755085879199294,0.019229574274238527,0.03493936091231133,0.039922537589934755,0.00023308156142043694,-0.003997590147494076,0.0038030180710694416,0.0032606189249355677,-0.000963045391818298,0.0632225153276722,-0.004707069265295061,0.0008600268712741894,0.025247223601039197,0.04256879428016477,-1.4842306752539388e-05,0.001254467014584172,0.007326949825209186,0.002178787011506533,0.025868653035931662,0.0,0.0,0.0,0.0,0.0,0.0,0.0,0.0,0.0,0.0
0.007370637541288151,0.014566706888483303,0.02556624347254882,0.010150813007943292,0.004405284544669311,-0.0037902001895472794,0.0028773003443295013,0.0009497073439369964,0.0009506108724001952,0.013182345343021488,0.010841076436102532,0.038819070645408904,0.03462574581433721,-0.03958187059482533,0.0388117294063692,-0.0026334835628534672,0.0039023425948672874,0.004138919382402568,0.003539317208428973,2.9300621061643493e-05,0.0,0.0,0.0,0.0,0.0,0.0,0.0,0.0,0.0,0.0
0.03883834592071583,0.08921045699337264,0.02053846530117161,-0.00409369013752492,-0.0010508126764880203,0.001146790992626171,-0.0007059686476509989,0.0009844268610605903,0.0020652865803751255,-0.00033966829659875516,0.018336068205306172,0.06625229576923199,0.007070714583462883,0.0037361174670359552,0.002563719336879221,0.022577941015139012,0.002485173190496828,0.010583917197004494,0.005138315546443473,-0.0016162980816866212,0.0,0.0,0.0,0.0,0.0,0.0,0.0,0.0,0.0,0.0
-0.031186670692773186,0.023359217593772495,0.016173890094992666,0.020384677603256223,-0.0021546472751120807,-0.0011009929851148095,-0.005277224092482055,0.011927753026636791,0.0003573970974350175,0.01601526542918356,0.003782391282129224,0.01975564583892241,0.01254768199424853,0.04985310628077488,-0.004322428799078299,-0.0005342000111029528,0.00608808225171272,0.0051883241639347245,0.0014032810587694664,-0.0012805972842324979,0.0,0.0,0.0,0.0,0.0,0.0,0.0,0.0,0.0,0.0
0.0039557834242424225,0.06583587642866598,0.023896019186221897,0.004020428014882318,0.019573995278939754,-0.0012634792340584994,-0.0004634849733327644,0.0011831483290993127,0.003398875807813983,0.000696902562723747,0.005428777262923873,0.10388196634658858,0.03280999376894584,0.0030023080640945686,0.05005938248075055,0.010848498777143658,0.008146076891510552,0.009303922666952399,0.0015096955953183685,0.022896910440944537,0.0,0.0,0.0,0.0,0.0,0.0,0.0,0.0,0.0,0.0
0.03482664471246267,0.003600000337388776,0.03507529754684734,-0.021769401120494112,0.007877755281701064,-0.001084515037007419,0.011008275353216143,0.0028221847851603913,0.003424387099014601,-0.002083271662863934,0.04479705384233468,0.025430425840070894,0.07036965602493965,-0.010356285891148854,0.011726509553039326,0.0020380980417446675,-0.002364223604845965,0.0074219081550886395,-0.0013181751493425557,2.763708207140421e-05,0.0,0.0,0.0,0.0,0.0,0.0,0.0,0.0,0.0,0.0
0.04035317953065824,0.05417211595564862,0.03354337312564659,0.013689804647723283,0.031616456041903114,0.0026505888994141323,-0.0005587772770064306,-0.0008877471762637355,0.004098190182913591,-0.0014600075303301463,0.03075870424955809,0.05960280106905827,0.00025502096518148737,0.029246988944469733,0.03737184226711598,0.02069752093534487,0.006667496620078274,0.011460599524427649,0.01014896052160871,0.01529448562322146,0.0,0.0,0.0,0.0,0.0,0.0,0.0,0.0,0.0,0.0
0.008491625752780325,0.05707090430185118,0.035863975195995795,0.04482076296061447,0.03499301545344871,-0.0018667318157757824,0.001039305007525407,0.0019305681659739697,0.0017728909151690988,-0.0007743679724639479,0.03186806511226216,0.03025785332761941,0.014846116472942632,0.0239563906005461,0.04622817016264716,-0.0009716473048379775,0.004718946793390876,0.020437329466000787,0.002636037501514764,0.0014023870231662198,0.0,0.0,0.0,0.0,0.0,0.0,0.0,0.0,0.0,0.0
0.048091637605368616,-0.04432370956875433,0.0026078082599397963,0.028876430305359746,0.04891090358154768,-0.0039451953163959315,0.0031713542015591343,0.004296056756440296,0.004044127855729392,0.0009578917609603503,0.01721773540226814,-0.006417079044143577,0.017588786234130117,0.011214238049130815,0.06862129324381655,0.030371902901242503,0.003855796634529246,0.017600774098316615,0.0017043359115782976,-0.0007234917522522305,0.0,0.0,0.0,0.0,0.0,0.0,0.0,0.0,0.0,0.0
0.02361462181719445,0.0521266107419366,0.043297754384609886,0.0323479918372688,0.02330287024023188,-0.0022776658598570305,0.005634632349157243,0.0038894399454902154,0.0016364145601539984,0.03942749638643644,0.011276611832532599,0.009306038707295326,0.025130378986584836,0.01598801445344388,0.05841472898819257,0.0009323696891252936,0.006271659055372159,0.005747123869179674,0.00207267687254992,0.003164070358650307,0.0,0.0,0.0,0.0,0.0,0.0,0.0,0.0,0.0,0.0
0.03442211181812693,0.04807020563876539,0.016460742792670895,0.020933590674510817,0.03661859151590329,0.030127211727475366,-0.0006561139358816884,-0.0012560667053495844,0.0029173685792909356,-0.001600209353107953,0.023283089822098587,0.07709504203374948,0.006970238010014141,0.0037929753465769287,0.05195225446941945,0.00021624658532848025,0.0038451427893513327,0.00596641686727988,0.01142317395202473,0.0007218265873027661,0.0,0.0,0.0,0.0,0.0,0.0,0.0,0.0,0.0,0.0
-0.0018420159021648617,0.040119152324117224,0.03076017231381439,0.03757732635914481,0.04721111746383008,-0.0009632595471696523,0.0015147291126986289,0.002001988332753237,0.004450020713299843,0.002968933891400195,0.01335970872841478,0.0020536777590055397,-0.0007488700832777125,0.06682090824504466,0.051558120151885586,-0.001108863124117949,0.006088431293059227,0.011951003199136615,0.00036394736391980606,0.0004909393481523662,0.0,0.0,0.0,0.0,0.0,0.0,0.0,0.0,0.0,0.0
0.03222879049033082,0.0567742685340692,0.00907842906317087,0.06306973799094734,0.04979321710382434,0.022254109261071915,0.00033030323173986335,0.002667775455415566,0.00369383558951882,-0.000535662467643868,0.009297570712821654,0.05238438813058803,-0.003487042700741917,0.05389503729067929,0.050866180915384786,-0.0003083323625907033,0.005577013111959948,0.011117729233496717,0.004440906335079479,0.0005833422012487663,0.0,0.0,0.0,0.0,0.0,0.0,0.0,0.0,0.0,0.0
0.027767850730223274,0.037397890697031116,-0.003271318775065429,0.0013570998313440622,0.03778341840444705,-0.0006822077843394864,0.002678401260303874,0.0023130808349164328,0.004761614498777486,-0.001117094806262661,0.01416261588788731,0.08206081906696583,0.01881424058329634,-0.007254578589109033,0.055629165955820854,0.00032531349341099726,0.002178489294922495,0.012243089605683183,0.004289643961627195,0.01986630506366778,0.0,0.0,0.0,0.0,0.0,0.0,0.0,0.0,0.0,0.0
0.02958676053162479,0.02792360045762397,0.06021055312309858,0.07709826732053086,0.028611259683111033,0.002653360885250529,0.002704666204186371,0.01102620170208732,0.002306455612459217,-0.0010260149597382641,0.04926884517144565,0.006605592738701521,0.012294588765355732,0.017083342227224137,0.009833083427441594,0.0011333548646876826,0.001144216176550372,0.008650945146848183,0.0016586697628776632,0.0030178725173615243,0.0,0.0,0.0,0.0,0.0,0.0,0.0,0.0,0.0,0.0
0.04589985593069596,0.03114697253273726,0.05120080198289902,0.002346837007011904,0.0511996799218204,2.4763075456874444e-06,-0.002320690150549044,-0.00128677024557558,0.008620959457167876,0.002897340986233608,0.024747879073915627,0.0032805294733786756,0.02749749222296142,-0.004066833901811378,0.018132554147280933,0.040396078139115325,0.00316813840285261,0.01005703461967446,0.001621965608006807,-0.0008207043949908494,0.0,0.0,0.0,0.0,0.0,0.0,0.0,0.0,0.0,0.0
0.03331412523065461,0.015457692007446375,0.012392260834894697,0.06049656155634463,0.008437480508531674,0.00543253090306156,-0.0004004270942885509,-0.003161572611703874,0.006011523909045456,-0.0055813552193744904,0.014685712345805539,0.014280105105620075,0.0006604379909982996,0.038039997500894866,0.01391569319476342,0.0038595122892284024,0.008706198957105487,0.0037594629528566615,0.006295523950777856,0.012120132807709672,0.0,0.0,0.0,0.0,0.0,0.0,0.0,0.0,0.0,0.0
0.02768297524658485,0.03275877353421599,0.018096213549286554,0.025806489825690768,0.039864379257785305,-0.001017016934346825,0.007178280061502096,0.02433468901607249,0.002189460386275848,-0.0033226945010911136,0.018467708982277557,0.003987494004782375,0.03347769020819086,0.0605449172398814,0.0011100178492839093,0.000487704113485447,0.016587085619288747,0.0066668732152397985,0.00785319047607398,-7.186959909322753e-05,0.0,0.0,0.0,0.0,0.0,0.0,0.0,0.0,0.0,0.0
0.030686949590680454,0.011376431730249938,0.025501149981030823,0.011691577168641417,0.01111373929969692,-0.003505841601446127,-0.0015579636187039267,0.025111325505426576,0.010789287776734787,-0.003707866441447601,0.002754056515162174,0.004232464197949957,0.03972551827940698,0.0493463573904062,0.017581797157535505,0.003310486679951405,0.022627819834417542,0.005452294293897267,0.0011488261438823168,0.0016142964954988437,0.0,0.0,0.0,0.0,0.0,0.0,0.0,0.0,0.0,0.0
0.04012015436165588,0.015358858398606165,0.031790679549729146,0.048847991559010984,0.014039713940545965,0.001068982646163156,0.006380873562559272,0.00373264932577869,0.007185308487688117,-0.00047571155471351267,0.058363363487772116,0.027182976315701178,0.018650422613100716,0.03788363997682576,-0.001626280379314399,0.004024985411577382,0.0010146439634018051,0.00978078186600751,0.0005903191552743343,-0.0021287313286402895,0.0,0.0,0.0,0.0,0.0,0.0,0.0,0.0,0.0,0.0
0.013750134165917628,0.044419302765171136,0.035097169291051306,0.04701173422722155,0.0361575281564108,0.00013002806998595968,0.008120741067644077,0.0032911524575690194,0.0028262458047784975,0.001304064390746436,0.0336599122943255,0.04630920510954853,0.08392885378307495,0.028527668816825207,0.04410778500045394,-0.0013281708563041656,0.0047741705902213955,0.012539813145515086,0.004404434793178934,0.002438188116042309,0.0,0.0,0.0,0.0,0.0,0.0,0.0,0.0,0.0,0.0
-0.011097650383947874,0.06352944631523216,0.00187908563718537,0.06019785796506715,0.04733677323160097,-0.002206706234622427,0.0015987307125272195,0.004676034887304076,0.003766276337469249,-0.000201016614642976,0.022060961919385714,0.06833672182526562,0.010129267011632841,0.049516097542807,0.053446905738179264,-0.001537151409825916,0.009209388864232077,0.011330935738705685,0.002231298805600435,-0.0004816607687836688,0.0,0.0,0.0,0.0,0.0,0.0,0.0,0.0,0.0,0.0
0.020288737406475264,0.008058577859330375,0.02220161832300794,0.04172365879520388,0.041983231007864164,-0.0022423490576093863,0.002289684827858863,0.005642683142116917,0.004671394376456339,0.0008524401170046292,0.04010606415537666,0.012736654446411418,0.017893846145384855,0.015821859285280432,0.01659968626319845,0.001589250097688228,0.0024956075990520605,0.00835179296661454,0.0016463000316445885,0.0009311581073494935,0.0,0.0,0.0,0.0,0.0,0.0,0.0,0.0,0.0,0.0
0.029741601662570807,0.046386503273901966,0.03417423076441488,0.024877255625433685,0.038066660345857796,0.0010349220613291993,0.0038340462465010633,0.004360038996958786,0.005836713367225563,-0.0009572071431041629,0.044873705924053174,0.0695375021165626,0.041655390046332154,0.03666632968109108,0.03566310045880483,0.0019860128760760803,0.0047610567247606175,0.01167161042910144,0.0063466755348162065,0.0232054481276832,0.0,0.0,0.0,0.0,0.0,0.0,0.0,0.0,0.0,0.0
-0.017648560200262724,0.01748441259410767,0.01628689475453811,0.000605306389886034,0.0007885319819382317,-0.0028259352998906938,-0.004713237545614153,0.011603086157916217,0.005425008823163473,-0.0018128052401087094,0.02176384402430446,0.012638772254198561,0.015565550818814602,0.06063560086836479,-0.011001099081358696,-5.403885401946512e-05,0.00160177945659765,0.00694697235546489,0.0016753790755591168,0.030326138317808723,0.0,0.0,0.0,0.0,0.0,0.0,0.0,0.0,0.0,0.0
0.01983924866497662,-0.004351135808756321,0.021059388662237978,-0.005662361297934493,-0.012248168549242072,0.0342180065414668,-0.0011698939570175652,-0.0002895407067282486,0.001701275174395364,-0.002832053452700314,0.03656785386614332,-0.019472437272421452,0.03467736593057014,0.02174119422506025,0.015621171093778835,0.000641294184911698,0.0008976788522116239,0.008246952523291912,0.028444564249008958,-0.0010575199350218844,0.0,0.0,0.0,0.0,0.0,0.0,0.0,0.0,0.0,0.0
0.01653611902472164,0.04008038556475906,0.009952335045217654,0.0025754425401689172,0.01829285973939222,-0.0006106770451534127,-0.0004489714456270758,0.0039932381919279515,0.00327529583693861,0.00012623856713048267,0.008948003292423054,0.12460273643024769,0.012688922489531303,0.0017868994351547527,0.01347464975128343,-0.0014233759631728325,0.0012446638460660072,-0.014639055394594624,0.001952552368299758,0.008895576940832177,0.0,0.0,0.0,0.0,0.0,0.0,0.0,0.0,0.0,0.0
0.025502121653314978,0.063566479776235,0.027885141695604337,0.053209254417851404,0.055397593568033615,0.00011077481250954139,0.0049433449113239405,0.003770272100033432,0.002619871311013045,0.0005003381210458983,0.03336698012559874,0.07853773557668177,0.0033085289608054415,0.035490387122177613,0.06455919955567616,-0.0006365182871240812,0.00310789339928024,0.014941654387984234,0.004104593030950319,0.0021843149503827817,0.0,0.0,0.0,0.0,0.0,0.0,0.0,0.0,0.0,0.0
0.021258532374984592,-0.025216523701844483,-0.01994877353901835,0.00932338324056152,0.03170542746252865,-0.002480520318957744,0.002561979547185034,0.002302279817990447,0.004871265358485483,-0.0017934738303061442,0.040824495485929264,0.03531136307027219,0.010111816165148838,-0.006611537386334471,0.046102695744255046,0.0018527568998169118,0.004295514600755011,-0.013606583891738983,-0.0012621571185802937,-0.0008803428607608558,0.0,0.0,0.0,0.0,0.0,0.0,0.0,0.0,0.0,0.0
0.008399758292590003,0.011910828902680755,0.04160802062978075,-0.011355388857092454,0.014261910505666801,0.00044264337764638036,-0.0016120670635785409,0.0012412043943852925,0.003279356740357288,-0.001199457910992601,0.033749395543205926,-0.026460066782211057,0.04450689704126638,-0.03822400388272231,-0.015939925535657408,-0.0020986792725225037,0.0014354854897453352,0.0058244782012811915,-0.00024764868038692096,0.014198855986926287,0.0,0.0,0.0,0.0,0.0,0.0,0.0,0.0,0.0,0.0
0.03829220452451368,-0.04631635491980673,0.03902911704245976,0.01478095432569949,0.034400727277208006,-0.0019316512106220902,0.008459353658560154,0.0007139212112288925,0.003803317491781729,-0.0006173970066670384,0.03306598173956268,-0.005663473777514946,0.0825419256555991,-0.004682853338803581,0.045641205812283425,0.003963784652470406,-0.005703789576793946,0.018532861346907868,0.0008760630698975774,-0.00046430085759370624,0.0,0.0,0.0,0.0,0.0,0.0,0.0,0.0,0.0,0.0
0.033267486914199604,0.03982675203429339,0.050823983931709185,0.07433798664544947,0.03488871799792407,0.00018623902884452387,0.0010871641222758668,0.007618589014683425,0.004729578041229541,-0.0004824759024718649,0.028022703919368185,-0.0032598068131363053,0.013612282526987282,0.07328230708259428,0.011869533447206319,-0.0009582920613597184,0.0015792721336635336,0.011214730982101875,0.005980087240257435,0.01723568244222269,0.0,0.0,0.0,0.0,0.0,0.0,0.0,0.0,0.0,0.0
0.04071817422107345,-0.006005609605097962,0.011502025526701492,0.027548882782013093,0.0020649445408428583,-0.0013450722021277905,0.0032786098818431723,0.0008231696674225794,0.00769489853494027,-0.002809761468767668,0.022231111476109157,0.006099970193764089,0.01116688146448089,0.026729716126601615,0.01693451470454243,0.00030085401017651125,0.002372354098473756,0.01109342110952726,0.008562477964657164,0.014760034093195465,0.0,0.0,0.0,0.0,0.0,0.0,0.0,0.0,0.0,0.0
-0.0021193225276422145,0.019678069763250892,-0.0008134856859494832,0.007106588271092965,0.038833728499363965,-0.0031908577121771476,-0.0017044574619453946,-0.002293028282098378,0.004654115655945626,-0.0036122882986724747,-0.004548834243772915,0.018119398205483177,0.028090256485055264,0.039643113366359,0.052548227464136656,0.008325981688353695,0.008812540070959085,0.005719639289234447,0.015546212513140537,0.004926000060253462,0.0,0.0,0.0,0.0,0.0,0.0,0.0,0.0,0.0,0.0
0.016617126986121666,-0.007393557838660136,0.04245587981078244,0.04986047847990742,0.057181656734266596,-0.0019820303899191556,0.005008554789549985,0.0032893472733185047,0.005296806545273563,0.0009993873127567517,0.015121936455241918,0.02074006135884105,0.0024675511620043445,0.049507648017651416,0.08613513944578531,0.0025192939824480853,0.018456910235250937,0.013150577825188813,0.0004617178958118932,0.001503255523752872,0.0,0.0,0.0,0.0,0.0,0.0,0.0,0.0,0.0,0.0
0.022965964806161646,0.011830734715918358,-0.0227773637501649,0.057607977078524,0.04331526013068614,-0.002928086716365713,0.0006552134921464521,-0.0006487419357654868,0.008477583521528964,-0.001305286634757546,0.027624441235294683,0.0015249727807847041,0.007771300728620082,0.052249554684920096,0.025003764868596255,0.0029273101848848676,0.002830350746741918,-0.006285571524849998,0.003071456880832141,0.002393003921811416,0.0,0.0,0.0,0.0,0.0,0.0,0.0,0.0,0.0,0.0
0.0010515665143126303,0.07194384598892711,0.035567868158087025,0.042691555269697444,0.04151069750738425,-0.002097950130711912,0.01969059046726347,0.0035595307022906124,0.004624398582244652,0.0007786816376906525,0.02420565162108756,0.023871247333772983,0.02208650836754012,0.03935744203768357,0.048886056499130116,-0.001600645312543895,0.009504255798784807,0.022813388865372,0.0018220332488158646,-0.0008832349189785118,0.0,0.0,0.0,0.0,0.0,0.0,0.0,0.0,0.0,0.0
0.027941551114373846,-0.030978791972867827,0.012107400130831515,0.030711406921001484,0.04113812781983355,0.05351253955972458,0.002143851091727347,0.010875035727900922,0.003150405458694819,2.7325285068496634e-05,0.022165021094369994,0.016304869617121746,0.0330089481323094,0.025783164064352916,0.054503527702308166,-0.0003219859206709041,0.022032578719156443,0.013312620772697235,0.0003709649215336872,0.000217687951594505,0.0,0.0,0.0,0.0,0.0,0.0,0.0,0.0,0.0,0.0
-0.0018368033010962078,0.03840546155046938,0.05352644746767657,0.040706641333857055,0.04922296579371466,-0.0027479699933724714,0.0006909189850348602,0.006789024517443876,0.001228601036208532,0.0015483035254210834,0.01206363750899912,0.008143126030171245,0.025629697388908794,0.007493331416816791,0.011103161734742547,-0.002044806407625361,0.0039342075259356235,0.005456861035192581,0.0027711913218100835,0.004219840745240934,0.0,0.0,0.0,0.0,0.0,0.0,0.0,0.0,0.0,0.0
-0.0012405418195468648,0.056077844104397444,0.03164091720188017,0.07069167412316521,0.031095820717916983,0.002031065155514577,0.027732693062767693,0.004182973252837674,0.006938165288055909,-0.0015128429678087103,0.022277253436073834,0.027956090484298098,0.04573411720992414,0.07369098069792741,0.04539875173160267,3.2586897127069155e-05,0.004753648094779287,0.009597843033537582,0.005965292991680167,0.0006772644242414812,0.0,0.0,0.0,0.0,0.0,0.0,0.0,0.0,0.0,0.0
-0.02658963634392242,0.03509771315280528,0.04103188438445719,0.07239533464611003,0.07045741323058749,-0.0003204445808934081,-0.001601062676874373,0.007213805754206215,0.007319681711833603,0.0010074304582430207,0.0012654105957156125,0.0017798424713300683,0.04946515469200297,0.0555082566631338,0.06554619894212194,-0.0006402788636358915,0.006790356443074875,0.006113529498539435,0.002775365804719952,-0.0008943588631833717,0.0,0.0,0.0,0.0,0.0,0.0,0.0,0.0,0.0,0.0
-0.0031696672770003403,0.060915105671189934,0.02289395777283341,0.022039492326293788,0.041403637860606024,-0.0014652666176579313,0.010727812254460546,0.0032894938910549227,0.0013114849844153588,-0.0012158971645406392,0.010556165447142997,0.04424097606530827,0.0454368515782684,0.004532856988498275,0.07200446452885016,-0.0024246101395624022,0.001005346734090793,0.01006281793043649,0.011346632525841102,0.00022994175984228366,0.0,0.0,0.0,0.0,0.0,0.0,0.0,0.0,0.0,0.0
0.029980842839748695,0.02572695208604717,0.023294139035667114,-0.005756230718487795,0.024375000982741785,-0.000872811496813779,0.0025825054450851217,0.024567205221025415,0.0019274456219344064,-0.0009397696022506465,0.007715693268301611,0.046029657840363024,0.02766384285615626,-0.026677804720492818,0.05946839502440311,0.0017503838483087556,0.0010393323168139733,0.01158534267478542,0.0026577129673519793,0.025186003724859667,0.0,0.0,0.0,0.0,0.0,0.0,0.0,0.0,0.0,0.0
0.03525533097164645,0.01802313162696793,0.03489362801013725,0.0482117299077909,0.014694642971370369,0.0017471350100426754,0.003918946386044145,-0.0007361340603682479,0.005536974764859935,-0.002971002960375367,0.01888451356060147,0.022183895820086216,0.04588825385195023,0.05326691244044194,0.04025691865698914,0.0031564736938827294,0.007162856460365057,0.011016097355814483,0.024687634089990848,0.014812686902214753,0.0,0.0,0.0,0.0,0.0,0.0,0.0,0.0,0.0,0.0
0.059519037550017924,0.01983574239274987,-0.0235904685693272,0.06877894806296883,0.06307043123367083,-0.0016117901468180446,0.0002349295351335662,0.0035018837599271073,0.0052011811674687845,-0.0015414689991384994,0.04367464443596156,0.019124422108104718,0.01590897946535072,0.06373206481490848,0.019261146945233096,5.8155101556871516e-05,0.0007644307613583842,0.008736754340871256,0.0026296455457235873,0.001432927614649531,0.0,0.0,0.0,0.0,0.0,0.0,0.0,0.0,0.0,0.0
-0.008813626022466187,0.05884698430378427,0.0355027692296981,0.028108330304104742,0.00948546517107477,-0.002346197572806662,-0.001979242649875562,0.0037905150316996186,0.002411954442892845,0.01241979831910424,0.010614213083967618,0.0061496985100627415,0.012846045996988013,0.027225188375039424,0.050885134086426614,-0.0001543977883384474,0.007881291404517115,0.005145587604398325,-4.377716911223585e-05,-0.0002772012526850885,0.0,0.0,0.0,0.0,0.0,0.0,0.0,0.0,0.0,0.0
0.07381817699039184,0.006040712069865932,0.03459624341607912,0.01747024744007206,0.04079515457515393,-0.0004667627561166874,-0.0026643012364048176,-0.0007011818125569773,0.003013022973950029,-0.004086445029083224,0.031771585712586856,-0.015638133775878582,0.0315766651126387,0.035270557509135984,0.05473623069474293,0.03400327951151259,0.0035518808362341894,0.007713297092553053,0.012648803319618259,0.0002725644758759606,0.0,0.0,0.0,0.0,0.0,0.0,0.0,0.0,0.0,0.0
0.017046001826611066,0.018215596261976268,0.004395654410425662,0.05086904407691862,0.03301445210938722,-0.0032247380988970702,0.004757210684478451,0.012698001782063892,0.003269647091138481,-0.0005815870913142923,0.0191952447116946,0.01000976745834262,0.015523973708849401,0.06529069229440482,0.010655228277452787,-0.0022328084972320023,0.004493816950253628,0.0064205173698570536,0.0009667848022214176,0.0005213390869151482,0.0,0.0,0.0,0.0,0.0,0.0,0.0,0.0,0.0,0.0
0.019976334361388813,0.04297570067610107,0.04283200306379814,0.0520948591190448,0.04281638002494067,0.0005332032044208487,0.007817067586805853,0.002769905220083772,0.004197472968530139,0.0004555226940566898,0.045540526941233846,0.003573262954161444,0.03901042759239189,0.043658565206286,0.04790717934243978,-0.001580747651298821,0.003751103033410536,0.01499571087122551,0.0018284229973656201,0.0032167497834329267,0.0,0.0,0.0,0.0,0.0,0.0,0.0,0.0,0.0,0.0
0.021940591615935087,0.054969685235621436,0.012962889788398754,0.055504261651996296,0.047976050037857286,0.016322464999481406,-0.0006182055220484269,0.0007513109356593389,0.005232761077525114,0.00027103497022044405,0.00566610154528131,0.018916986209044584,0.0036385318286308614,0.05643057935925341,0.04741110964580465,-0.000576684334879804,0.005307543475830923,0.013620001259368925,0.0019832385121296456,0.0010113448292596902,0.0,0.0,0.0,0.0,0.0,0.0,0.0,0.0,0.0,0.0
0.02977193505081346,-0.015426376936845506,0.030584440470471756,0.03984342253296981,0.04895897831540303,0.040448875998564955,0.005341135341477741,0.0016291871179920372,0.004771274944725569,-0.00026693538951661226,0.017113293220902933,-0.02246783820681349,0.02174323771213014,0.03446153337780492,0.06367477089773006,-0.0005174191126416266,0.004452331643989952,0.0120730058675781,0.002333750879009565,0.0001989933946252249,0.0,0.0,0.0,0.0,0.0,0.0,0.0,0.0,0.0,0.0
0.04600367511141723,0.025635825138989966,0.016712628413476076,0.09105692771934976,0.051584436262887376,0.0003055133948704594,0.0008609489478394435,0.0021242145255452624,0.005824807460431865,-0.0011771560710817698,0.04190376415971752,0.003248470212309012,-0.00487857778233812,0.06728397823932375,0.04218991202613117,-0.000171668788724281,0.0001964567481870795,0.010578839329343259,0.0033603778480826366,0.001078224224613561,0.0,0.0,0.0,0.0,0.0,0.0,0.0,0.0,0.0,0.0
0.03405689310877423,0.024197431715310348,0.031656664951376985,0.010167852811472535,-0.013134558793326076,0.03443578133376733,-0.003102109858607577,0.028026993709288628,0.016483175311379612,-0.001320951375625601,0.00532546822948457,0.01768115459605831,0.02982447425337676,0.06934790534524576,-0.019133875206271387,-0.00011121941645470444,0.0025011135793548984,0.010274796402081112,0.00540923821590445,0.0011353682077817856,0.0,0.0,0.0,0.0,0.0,0.0,0.0,0.0,0.0,0.0
0.04088998033939897,-0.01923469837642822,0.05284233214873169,0.03894051910094489,0.04713711598736951,-0.0020647693500144447,0.003217028246127427,0.0024202606648630145,0.005573842479324585,0.0011008250779102385,0.005770163856952898,0.021200698294527538,0.02275009869098,0.040133209438980605,0.07002917150052965,0.0022460563113236246,0.016710332190716312,0.013217606706718382,0.000645731545183013,0.0001960922662327258,0.0,0.0,0.0,0.0,0.0,0.0,0.0,0.0,0.0,0.0
0.02950194810867983,0.07293564245603368,0.03509257733947756,0.0383877026063194,0.027315696366436857,0.0001903214476496092,0.0032785236716799393,0.003952708803967688,0.005203911098167815,0.002211860957579583,0.00964888025268234,0.02645088986673133,0.017113435382815484,0.04527298119362235,0.04815068236063287,-0.0004944155601018843,0.006821314104912345,0.007496205884682733,0.00018748302922130269,3.2477491814245743e-06,0.0,0.0,0.0,0.0,0.0,0.0,0.0,0.0,0.0,0.0
0.016994555085873404,0.02053931983688268,-0.015985623749837065,0.07662710374370127,0.00537882212208644,-0.00099101837509176,-0.0014218518798934372,0.007207211524378426,0.001695555616468387,-0.002787626148994167,0.03286860155888607,0.0048655312743418255,0.005560349774570162,0.0023881199049645327,0.014327276359113066,-0.0018127219500257107,0.00043674862553585926,-0.008748071353424895,0.0006142627483740265,0.0009650524024625053,0.0,0.0,0.0,0.0,0.0,0.0,0.0,0.0,0.0,0.0
-0.01735848525846109,0.04420751699125622,0.01920050534401098,0.05094904162018011,0.019195392777430875,0.005808219116117634,-0.0016795389202977438,0.009668278575652141,0.013897566912055098,0.0014775321205713313,0.0008221983894963678,-0.00547901586949728,0.039221354170171495,0.04113021398814919,0.01862192672510997,-0.001541979544507701,0.008026567528458609,0.005787562709874297,0.003431894164606252,-0.0016651544200054949,0.0,0.0,0.0,0.0,0.0,0.0,0.0,0.0,0.0,0.0
0.03234606456988612,0.054111110359429934,0.03320360550255665,0.03145471069876054,0.03228210877603343,-0.0006841517361814467,0.0026374752805278646,0.004060959871612008,0.0028002539520960604,0.018227788103384445,0.0735122240435212,0.012775654781833833,0.0440082451244387,0.008045738744304986,0.051173323453784426,0.001506194900268838,0.004820534064273635,0.009678363334888392,0.00207566699252175,0.0037497505407877918,0.0,0.0,0.0,0.0,0.0,0.0,0.0,0.0,0.0,0.0
-0.025446926465861098,0.002922705201347165,-0.033971947081899545,-0.02103112072763158,0.01066022130457891,-0.0031899799697224576,0.0034356750007318838,-0.005941861559601255,0.0033467683841200647,-0.002183523329945398,0.004774952867574114,-0.021613181738125254,-0.007346384791070158,-0.04877788673711237,-0.020246233322380455,-0.003533799931858834,-0.0019444083277721557,-0.02260515792054536,-0.00025729788897599007,0.001670984154521605,0.0,0.0,0.0,0.0,0.0,0.0,0.0,0.0,0.0,0.0
0.027300743332782637,0.07158922018088006,0.006691144278060457,-0.013809972902649853,0.04830621949242996,-0.00046236279113478617,0.0031020030764578113,0.005209181691142113,0.003778250467427906,-0.0021437114118221345,0.04630898251341853,0.08676775783795401,0.005506923831878715,-0.0017499392273994292,0.03360478228457909,-0.0007786566601188418,0.0004140707271081717,0.009707927677532648,0.004473653106431156,-9.46203845865892e-05,0.0,0.0,0.0,0.0,0.0,0.0,0.0,0.0,0.0,0.0
0.020123434812086748,0.04126208199891237,0.028244646688591113,0.026207307418547054,0.008206857157099477,0.0010916478565145727,0.001955163990729655,0.00180024086205365,0.004909374086810055,-0.001235620006927233,0.02816299670665772,0.03185325213926103,-0.0011253075263794347,0.025588206492061113,-0.001434226362860215,0.0032607609077835806,0.0005265383563290056,0.006898268883548085,0.0062417107489314136,0.002353290250701761,0.0,0.0,0.0,0.0,0.0,0.0,0.0,0.0,0.0,0.0
0.0016514054327677868,-0.016792354897443504,0.02717038039279758,0.036587589946121914,0.014029273768520355,-0.00043290211895738315,0.004903517467753534,0.0016729350169939984,0.0068189345960634334,-0.0030150077707249367,0.007885882395024192,0.0052797287859486525,0.062188821584898954,0.003353755523262612,0.013243369376274825,0.002912627325116487,-0.003949828128919865,0.008939764627662888,0.016984523812488127,0.01893253995200511,0.0,0.0,0.0,0.0,0.0,0.0,0.0,0.0,0.0,0.0
0.03068268848578212,0.007107230103457373,0.043811137077474804,0.05767798022379355,0.06178354423492589,-0.0012683493270553507,0.007058262088536209,0.005969068418256036,0.004284151510880999,0.0006288177485340019,0.0454299537052599,0.02606888928370079,0.012086012592592092,0.05256475485907137,0.07006351046080239,0.0019969825877086313,0.005290456742443401,0.014225993436823146,0.001020886153532613,0.0045776834140146975,0.0,0.0,0.0,0.0,0.0,0.0,0.0,0.0,0.0,0.0
0.011913286700398713,-0.002055593909924908,0.02076984204637881,0.005300739346971237,0.005549307489503811,0.03552770587740533,-0.003085769445042776,0.0010549602234261575,-0.0013859348180027763,-0.003552151027502623,0.03867572956847782,0.020801454430778823,0.008647629887966343,0.04899412764286201,0.019673417284579563,-0.0008804303659697478,0.007835211088709363,0.008336440377187513,0.001887699517332262,-0.00028607479516391804,0.0,0.0,0.0,0.0,0.0,0.0,0.0,0.0,0.0,0.0
0.015926259477491583,0.043142613732511825,0.03255837230178621,0.05623447321077073,0.04195302251095017,0.022011263259009286,0.0018832757569387682,0.0014161842278310676,0.0033368305716001364,0.002666936269789942,0.028806844576587696,0.025858324976404452,0.03007203831106634,0.05225021537042054,0.04711699655808974,-0.0001611140947640352,0.006478967153627139,0.01254419977842854,0.0027583663726216037,0.0020055460406310623,0.0,0.0,0.0,0.0,0.0,0.0,0.0,0.0,0.0,0.0
0.028291497315448583,0.033219008779083625,0.023869115925474065,0.057794310066942724,0.04480154937197325,0.0017089422048334785,0.003497389959720516,0.0019121944343487472,0.0036302119226119195,-0.0022822942109684357,0.02849746267549438,0.01743963496042691,0.02632170030250977,0.05754435302842039,0.03509277270242621,-0.0006705980259266816,0.002009460395454785,0.008913162420657313,0.0028267543272907526,0.00047399690422787673,0.0,0.0,0.0,0.0,0.0,0.0,0.0,0.0,0.0,0.0
0.020826383336466914,-0.019871540928698365,0.03195151562759765,0.03631275613129644,0.04074761849143677,0.045500391108919125,0.0024221605069701334,0.008402149996120241,0.0033776573338259747,0.000661471131003028,0.02628349592671344,0.017067635315041775,0.026635141716990385,0.03527645445956864,0.05979768549266376,0.0002460267018962694,0.02130746945828355,0.01288098652614515,0.0002839028585427064,0.0005072318278644775,0.0,0.0,0.0,0.0,0.0,0.0,0.0,0.0,0.0,0.0
0.02833621032529814,0.018221629969242155,0.009707105789558563,0.010182456535492846,0.016914294854818785,0.0033683267686098004,-0.003276221081268869,-0.0008948866712709903,0.0035361334584905805,-0.0021491290126632915,0.02713402454921114,-0.001719953727011331,0.0049694319538839665,0.00915283405152323,-0.0069391204825325235,-0.001001471692516925,0.0011775713401621962,-0.016199557229792154,0.007628425093475078,-0.004426507672339168,0.0,0.0,0.0,0.0,0.0,0.0,0.0,0.0,0.0,0.0
0.00799814045370391,0.045889604960115515,-0.006594131894496269,0.04998865167942417,0.04171447194164521,-0.0014982359992793271,0.0040857924054460495,0.00381335447266965,0.0021083241791568993,0.00038718383871801977,0.0004613701002333489,0.07615971265903991,0.008685489948391068,0.031274908314944574,0.04694160912944018,-0.003052904025155014,0.003951116904457724,0.006822200934495163,0.0022680458284138065,0.00231689128900685,0.0,0.0,0.0,0.0,0.0,0.0,0.0,0.0,0.0,0.0
-0.012260548810174882,0.05102215712239001,0.024279929477940294,0.023672336606774973,0.013610910552351857,-0.0018538187768961524,0.0018487390923473514,0.0015280753444515092,0.004379978703535524,0.0001735678530343795,-0.0017160121802523333,0.05923206922624908,0.003596512692978587,0.024487950942211054,0.04512708299679728,0.0011546688555693471,0.007995196372486716,0.0018901486470685354,0.006497969860362113,0.001636924636324115,0.0,0.0,0.0,0.0,0.0,0.0,0.0,0.0,0.0,0.0
0.023767388622837525,-0.010368398916932331,-0.022524579668919853,0.024000858262494824,0.08549587713211927,0.0010453661055879098,-0.003982853923626165,-0.003162419869858088,0.004651074453643143,-0.0036333129698743827,0.014510171715210763,0.019587222174560256,0.010185419542710124,0.04570015533530898,0.03686367055442278,0.0025964434593952214,-0.002924304355348472,-0.005358311069909727,0.009440102865965356,0.0078320276705845,0.0,0.0,0.0,0.0,0.0,0.0,0.0,0.0,0.0,0.0
0.04802035147908145,-0.040025733415028936,0.032140051530466826,0.013687431630643338,0.03885576926559175,-0.0023301006571414215,0.005814670261301997,0.0010301272267878596,0.0037372549637676544,-0.0002805545057518372,0.03880141272422522,0.0007224488134371635,0.022162992339959286,-0.005452334597564057,0.049283181486062505,0.003963047375030752,-0.008310910129741698,0.021979218673071937,0.0010377356942353237,-0.0011144630380644923,0.0,0.0,0.0,0.0,0.0,0.0,0.0,0.0,0.0,0.0
0.025317545213448586,0.039573825357821855,0.034002750382567004,0.06007737324766099,0.04304311742097498,0.021576165453217163,0.0006055687198673685,0.0015966970602883184,0.0016918795477594295,0.0009749697534843463,0.007133691864820833,0.05722164539908424,0.023137088012284264,0.039927879761568585,0.05227373464588524,0.00023505813713540572,0.005318380270085713,0.010224182040656858,0.0038022997244265737,0.0009877451073345503,0.0,0.0,0.0,0.0,0.0,0.0,0.0,0.0,0.0,0.0
0.023783541573159594,-0.021647633250289903,-0.012897037091807794,0.010469753132707421,0.0183647388015327,-0.0030958946869161547,0.010575079270793814,0.0003596306523811799,0.002775464799875149,-0.0004946978053973893,0.054915990102625316,-0.01183542643293565,0.015232170301222045,-0.0008604482038675605,0.04743795930630162,-0.001313573486534023,-0.018433249118280398,0.013103480935615868,0.001670970103436714,0.000610778216748363,0.0,0.0,0.0,0.0,0.0,0.0,0.0,0.0,0.0,0.0
0.030710942859631215,0.0610462854167046,0.03770584880491447,0.05702286983882075,0.05530770093923527,0.00023216820946951505,0.0031448421941924925,0.0027932341521518162,0.0016932071202260264,0.00014509553205714853,0.02846158411154533,0.049140089279356564,0.03462501178946919,0.010043983756690567,0.048866190558684526,-0.0013200775769919924,0.0018589499982708656,0.011193574860267489,0.00429093799950132,0.001759157276172722,0.0,0.0,0.0,0.0,0.0,0.0,0.0,0.0,0.0,0.0
0.016654702544895046,0.009973691696783608,0.024762167192939985,0.07092290082169501,-0.010908537155377112,-0.0020617596526707215,0.001970585861276647,0.006287561069360081,0.004802623770340831,-0.0022602568145308225,0.0297726210340052,0.012671216482370209,-0.004364492679462472,0.02565883553241576,-0.002796424715380688,0.0013605067936544597,0.0013809178168529101,0.006093272245491905,0.002352335454544626,-0.00030673696617870307,0.0,0.0,0.0,0.0,0.0,0.0,0.0,0.0,0.0,0.0
-0.01688307919210005,0.06355735309630324,0.021160926434321086,0.04061199255622195,0.039430215132165596,-0.0021567270984873123,0.001304810491355519,0.000813907625020206,0.002299316933260285,-0.0015802734211788738,-0.006018252733952328,0.003052501784472969,0.01830222648014097,0.02996122493408564,0.04846935507822424,-0.0033381039519214616,0.0032231292438603164,0.016826385602836273,0.0026254600487070276,0.00043813615636843924,0.0,0.0,0.0,0.0,0.0,0.0,0.0,0.0,0.0,0.0
0.03546052682191964,0.04136812155804807,0.025696362553602466,-0.00039836021852553713,0.031260647673973574,-0.0002772719926529894,0.0032406949245646307,0.0015744702300245679,0.006231920916181171,0.008023109850638857,0.01410582974747634,0.011658182775090896,0.0051129150229503135,-0.002552829015649331,0.05711683105352577,0.015944534657218803,0.0023031679867885606,0.006848866572171081,0.0011192520589390403,0.034385462948425274,0.0,0.0,0.0,0.0,0.0,0.0,0.0,0.0,0.0,0.0
-0.01736784783597161,0.06281526167882336,0.0275032041390484,0.04490840080860161,0.031036885620795505,-0.002158526373016778,-0.0007909340401962087,0.0012463101263922543,0.0060662781910805165,0.0005558871333344635,0.016454313326422568,0.006848637934275512,0.038033946148701744,0.0516745557129633,0.025681724867675133,-0.0037214424578796957,0.006537768428123518,0.005178271127585615,0.0006280032539995542,0.00017314142478849233,0.0,0.0,0.0,0.0,0.0,0.0,0.0,0.0,0.0,0.0
-0.015275602655980308,0.05837274684993341,0.017583981829257904,0.014370376488219086,0.023039851195441108,-0.00014627112196048428,0.03820971119408123,0.007376687169725734,0.007749889673776055,0.039843796193286596,0.012885456131813505,0.031881741497874566,0.00869118156707496,0.07665016729237535,0.043578902296457465,-6.372019113040104e-05,0.007327604517668535,0.004259596805268285,0.0015056281728521997,0.000879872214336826,0.0,0.0,0.0,0.0,0.0,0.0,0.0,0.0,0.0,0.0
0.007382918507370054,0.03223430452693627,0.011925377652818616,-0.006886109647594716,0.06632969797698525,-0.002006084119363208,0.0029386898673124918,-0.0013144990408971368,0.003545835416687124,-0.0044846220280846715,0.003996598214119265,-0.002462512676220778,0.008893469268664774,-0.01783046635098205,0.03430422639496777,-0.002607061877226304,0.0025724403550530213,0.0108905093701455,0.0020978657428838182,0.0017832616619720427,0.0,0.0,0.0,0.0,0.0,0.0,0.0,0.0,0.0,0.0
0.0552258776451151,-0.014781164396720656,0.04046706895481967,-0.024705225443506014,0.029170327423899467,-0.0022605771209038856,0.0032713687325151503,-0.0014206934139886292,0.005110008592664609,0.006043193856106659,0.020772253059310374,0.006409414084290085,0.03031538523296337,-0.016555685671728566,0.010177307005821845,0.0350520223418144,0.012405404148703959,0.007459725456931815,-0.00010965120641862858,-0.0021557338212384956,0.0,0.0,0.0,0.0,0.0,0.0,0.0,0.0,0.0,0.0
0.028022840552248827,0.03839555176849897,0.027762151383620034,0.00513164548593438,0.020014091450174732,-0.002442292690306897,-0.0018238437827151324,0.0012389964886629322,-0.014362975889231114,-0.0040816871287965035,0.01544228698919246,0.01057232219116254,-0.00030727393703055856,0.0233728957709888,-0.003229553403220786,0.001229564741473231,0.001285296905060438,0.006727303311805791,0.001037861375393902,0.026306420068495137,0.0,0.0,0.0,0.0,0.0,0.0,0.0,0.0,0.0,0.0
0.018475495442237984,0.05966657261133671,-0.0047065149531668685,0.05920396216862612,0.0048453824579077435,0.01739848414290465,-0.0034840126431421904,-0.00138723378273474,0.003227160846238369,-0.0016515515597648684,0.004529380091336859,-0.004575371631186946,0.000997495972444454,0.05979574677122945,0.03312435378602991,0.0028273982554027164,0.008584536880362774,-0.02987369553694252,0.002157863115129324,0.002148386781299511,0.0,0.0,0.0,0.0,0.0,0.0,0.0,0.0,0.0,0.0
0.020772142053467016,0.04476262431368079,0.023146573408724305,0.05160962344631852,0.043590608393339156,0.04201410406255326,0.000680170877927784,0.02254090681723601,0.001721826934537056,0.00018174224289609778,0.021154950824889884,-0.005998967962936779,0.029199063020507454,0.04685915412014238,0.0427669114751242,-0.002272318249010153,0.005086766340938212,0.013967664826729849,0.003108306972442654,0.000724739099141891,0.0,0.0,0.0,0.0,0.0,0.0,0.0,0.0,0.0,0.0
0.030875549052456455,0.043683678941488405,0.0535401212656379,0.003703141699351707,0.055555499673443615,0.0009665872619777162,0.004851904155888156,0.006323021119234269,0.007257454284553823,-6.819373243308647e-05,0.05821721692458709,0.01606903453129394,0.020153596156631527,0.010942496367402875,0.08420990523735292,0.0011214694682586364,0.002434670549572981,0.008893400085140824,0.0031292293621973414,0.04444405681151073,0.0,0.0,0.0,0.0,0.0,0.0,0.0,0.0,0.0,0.0
0.061763946684441594,-0.02993991259885708,0.025406573393590193,0.01752612988858959,0.01710604068327105,0.0009942229731941651,-0.0018906055635124397,-0.0008528972365888106,-0.015190722865973486,-0.003598348807267888,0.02859669353661653,-0.01614529773501856,-0.011173463578537568,0.036482675635682645,-0.0016294176518762227,0.023357893673855924,-0.019881605939978297,0.00818569451734531,0.0002239781708290626,-0.0006199800594345724,0.0,0.0,0.0,0.0,0.0,0.0,0.0,0.0,0.0,0.0
-0.041644100646258925,-0.0267753425608139,-0.0084004384272772,-0.023280527876965867,-0.012468063854021895,-0.0056398010507790934,-0.002737034534062478,-0.0012527777616687086,-0.009616377080578838,-0.009009817567660932,-0.02247009752576938,-0.007457518746799332,0.013110284046206832,-0.03583805580527587,-0.021959529103822217,-0.0020999358778809544,-0.016989634757428106,0.002094103741164448,-0.0025025123109306763,-0.0013412251790058851,0.0,0.0,0.0,0.0,0.0,0.0,0.0,0.0,0.0,0.0
0.018869142939173005,0.06038424703538298,0.013589377330498852,0.03220322274643172,0.047031763733632645,-0.0018740381786414202,0.024814738888031856,0.003702058185623868,0.0018273510685773392,0.031083515285484132,0.011153051451682052,0.026139164916919606,0.014042891983195329,0.004458364998297885,0.049433436184191944,-0.00035069042702384534,0.014282962346230704,-0.002707283520494112,0.001057107100933512,-0.00041878694775633976,0.0,0.0,0.0,0.0,0.0,0.0,0.0,0.0,0.0,0.0
0.022000309923236813,0.003771658699884173,0.018433016068525605,0.01590461752388339,0.058734106469691794,-0.00022308965595297558,0.0063069748854739085,0.025326961509693068,0.001635691170574512,-0.0036841533851075486,0.014274013965878393,-0.0010205632826904157,0.01716429119888915,0.07348221886230694,0.030483711290734853,0.0010990666203746745,-0.0016459287186511467,0.008972295886843111,0.013107423960635614,0.0011920665336012908,0.0,0.0,0.0,0.0,0.0,0.0,0.0,0.0,0.0,0.0
0.03200081037043942,0.03939073606251035,0.018813602785642397,0.056525075088452136,0.05542623041326527,-0.0008312512653053827,0.0043731559941660395,0.0008977381559953675,0.0036115678709748014,-0.00029880400875398024,0.014475963111650584,0.030454911455806342,-0.004194518351710302,0.040486945423962604,0.05970264766506238,0.0005381106776951802,0.0037249141775809657,0.013677986197741151,0.005737068892358326,0.0016847823244188526,0.0,0.0,0.0,0.0,0.0,0.0,0.0,0.0,0.0,0.0
0.026282259643864443,0.027985842951953967,0.020734300517801892,0.027101867163833945,0.04269919246272291,-1.745862390909373e-05,0.006741023721186188,0.00027352259878734366,0.0026127288690847017,-0.0036903919679974334,0.055627039699701133,0.002313834038453607,0.01660588237684229,0.048119680685703096,0.0027201292123719477,0.00020884197247153226,0.017250583451957825,0.006049265827013661,0.004174634466410602,-7.11819478818816e-05,0.0,0.0,0.0,0.0,0.0,0.0,0.0,0.0,0.0,0.0
0.050581993710857566,-0.04438726183114653,0.02009812855399223,0.00918596457758024,0.03826703260356352,-0.0029321502954793117,0.005689064435328198,0.001281701788156407,0.0035705540504388966,-0.0006971593874571673,0.03716568182979247,0.011992352505454476,0.022424533179997347,-0.013679388722807594,0.050039351081761926,0.0046244185321731215,-0.00812938186121398,0.023689496832258336,0.001150599298381578,-0.0012139337612615117,0.0,0.0,0.0,0.0,0.0,0.0,0.0,0.0,0.0,0.0
0.03725430193768717,0.0489157736297831,0.03153288391498691,0.026492506456379326,0.056235234790728755,0.0007131763902040531,0.003923404720912176,-0.0012415924400879467,0.004357825880492356,0.0034581103766438324,0.027436819718340895,0.004568755925596807,-0.0015683595142792094,0.04354807617708738,0.01861349286089367,-0.0011056437472657331,0.0017165720062130216,0.010533678342950242,0.0017679933157047514,0.001568586377400152,0.0,0.0,0.0,0.0,0.0,0.0,0.0,0.0,0.0,0.0
0.025308153236063294,-0.05546860500486035,-0.02288422532321128,0.00240543268206198,-0.0048289415735232365,-0.0003858391775982233,-0.0017935665139940534,-0.0016083469697650199,0.0023428034108874314,-0.0026734930515024797,-0.004159169718994226,0.015619868799599907,0.02116188956758839,-0.0007790484511264015,0.01779127472079915,-0.004067930771985224,-0.02761173864827531,0.011830277153885701,-0.003102422090137449,-0.0033747751555406025,0.0,0.0,0.0,0.0,0.0,0.0,0.0,0.0,0.0,0.0
0.018310380631602046,0.027941610759775335,0.01895198717885377,0.014510856099020723,-0.0008986990856298518,0.017771885255545718,-0.002270794000593723,0.02395938484840074,0.0007673353624555705,-0.0024751161511229235,-0.0006144948867408417,0.07451993541309244,0.04801072867780066,0.008611942955343605,-0.01772419015964295,-0.00048555317374702095,0.0003768921215752149,0.007774450239103839,0.007317552059533784,-0.002570472785895593,0.0,0.0,0.0,0.0,0.0,0.0,0.0,0.0,0.0,0.0
0.05001649073552719,0.05609295633882414,0.015736615481682793,-0.020115759164375045,-0.0038278802575361366,-0.0005297915933238046,0.0013808115515817497,0.00370836834709664,0.0012505058048697248,-0.000641352181944215,0.020207115355777253,-0.0011192449028532877,0.005099964159117559,-0.031678011099633786,-0.006842776906195457,-0.0010890325411885887,-0.000354657068314417,0.004106488528801866,-0.0011409642926960078,-0.0015382491748465175,0.0,0.0,0.0,0.0,0.0,0.0,0.0,0.0,0.0,0.0
0.02316967820275633,0.024713330036322888,0.03289604265142037,0.04233955393930392,0.02415792871396522,-0.003181750223460043,-1.0096426366423856e-05,-0.0009511388869330752,0.0020057112253561013,-0.017427515263883826,0.008755510582855211,0.001653243148051014,0.0026847439549759614,0.006389708354659271,0.029382554256906307,-0.001791769072690097,0.0048476504347928235,0.004994837366257116,-0.0004313544057759945,0.0006937568719389283,0.0,0.0,0.0,0.0,0.0,0.0,0.0,0.0,0.0,0.0
0.041637505753022094,0.0672233858043526,0.04525145944485666,0.05434516320950861,0.051377017203329885,0.00010323454569363731,4.355809648340506e-05,0.002284679288524655,0.0056798050484347514,0.0008930843409259456,0.020639606328431467,0.011466637131934776,0.012651839731851515,0.05171603766775406,0.04508104317928032,0.02376192563776443,0.006054463393154676,0.015269907772540862,0.00119757240854992,0.0009049100821268872,0.0,0.0,0.0,0.0,0.0,0.0,0.0,0.0,0.0,0.0
0.02985264640133336,-0.03955633625181541,0.008843198412242292,-0.01894313501208025,0.0004465132431426128,-0.0025910358909036575,0.001215656481685388,0.0008311912136417838,0.0015227169791028389,0.04393886223659537,0.02203250651836595,-0.004050034985209064,0.0029336052643392473,-0.022348131651580727,0.05548850535579793,0.012918911682989885,-0.023050752442285712,0.005152104954800145,-0.0019651750095973017,-0.003288329262715641,0.0,0.0,0.0,0.0,0.0,0.0,0.0,0.0,0.0,0.0
0.033186366679749876,0.05315201055058438,0.0145751627085004,0.055469031304526864,0.059050591074917114,-0.0005595850567238036,0.00384149909432123,0.0024740387421748646,0.003144831803953079,-9.244461438204846e-05,0.01623811727540219,0.04593208523295554,-0.000973012342052929,0.03452624137529584,0.056814122109782136,-0.0016473253765648813,0.0037968227335004974,0.014563296343164354,0.005245523124885527,0.001291271937882109,0.0,0.0,0.0,0.0,0.0,0.0,0.0,0.0,0.0,0.0
0.0269130186547287,-0.02942159183801644,0.040341147331405335,0.001066752918747889,0.027661466791600798,-0.002378685438144426,0.0061448951898026944,0.0011139719143573009,0.004831518525517364,0.0009672187355515519,0.059492739854953514,0.019898599657468603,0.01225064744323435,0.030337773389432256,0.019732714203193048,0.0022290055792195595,0.00932551334396948,0.005985514841352708,0.0019184605844996838,0.00031091543749883673,0.0,0.0,0.0,0.0,0.0,0.0,0.0,0.0,0.0,0.0
0.04846774277056657,-0.00784131404955771,0.05044003374602576,-0.0017371459096828215,0.007818135970698869,-0.0022819109747520385,0.006414931367185148,0.001422233123535453,0.0020699286900978846,0.02494184115790251,0.022533197876254824,0.016967614866631866,0.048792825483059354,-0.022381726940262355,0.04393503990094913,0.008519059365484086,0.005670302286632791,0.009298771383257597,-0.00011338915174992467,0.00268042205637183,0.0,0.0,0.0,0.0,0.0,0.0,0.0,0.0,0.0,0.0
0.023073375916108283,0.03906626075428451,0.019699608946068394,0.02419080194619741,0.05329136017288033,-0.00033681161432422735,0.0001752919808001054,0.002233824492869064,0.0027166534604059892,0.048229208082053755,0.015328786887766226,0.02536705038821246,0.012851834049013857,0.06956635707776157,0.06834088266347291,0.0007684043249178542,0.004793453456881149,0.005266688600664204,0.002204055038362784,0.001127563074414881,0.0,0.0,0.0,0.0,0.0,0.0,0.0,0.0,0.0,0.0
0.013917155668986173,0.06831384793391884,0.01473388410645906,-0.022468403667513362,0.054340186947979395,-0.0005811541102859174,0.007992367697396656,-0.0009206247589009316,0.001393339252317738,0.0030145447105511983,0.0057515869866074975,0.018721387385146403,-0.010771530652572952,-0.03599712161028463,0.032957642023394795,-0.0015194252255452617,0.0010813648450462,0.006695708105034728,0.00231909689300726,0.003653768919761753,0.0,0.0,0.0,0.0,0.0,0.0,0.0,0.0,0.0,0.0
0.011738521526263796,-0.020748725631397243,0.027462755454526745,0.042704268421521405,-0.006033897400347055,-0.0033195324017613135,-0.0008218970855091352,0.005878180020260626,0.005342585138098509,-0.0028736159983631785,0.020195038760192414,0.007137235778770963,0.022887853799247154,0.049441458508064466,0.010407127842711306,-0.0018200816012746387,-0.0003595470079451696,0.013169691518278511,0.003776844487638637,-0.0004426670086059531,0.0,0.0,0.0,0.0,0.0,0.0,0.0,0.0,0.0,0.0
0.024489069781258716,0.04091339738919925,0.025711627900397344,0.018363336781637325,0.01247363076259248,0.001174245229577649,0.0015117244486569112,-0.0005391089532219147,0.006979660598933603,-0.00037460261091306436,0.03703813827098113,0.0038534994462377293,0.02751491345015219,0.04853595940493636,0.017147993903602676,0.0011546336660831155,-0.0007815755013041147,0.008821971997055072,0.00344675704497668,0.0036759792819484305,0.0,0.0,0.0,0.0,0.0,0.0,0.0,0.0,0.0,0.0
0.02522736865836396,-0.02873651871000083,0.0327927032129893,0.011832538815602643,0.0353241293935734,-0.0017912820233482113,0.006319679882386645,0.0007884170205034574,0.0022487084321535025,-0.0015851255356495444,0.04679249866002789,-0.008727072747367113,0.038822024490524555,0.001953011948807731,0.05011767039416218,0.0038910202870286043,-0.007025312710207913,0.018631272270640264,0.0012395011466829668,0.0006063642334966278,0.0,0.0,0.0,0.0,0.0,0.0,0.0,0.0,0.0,0.0
0.03958233930225793,-0.011186847064871957,0.015221758743969206,0.025996701851261166,0.014492369892856726,-0.0010703263667232075,0.0019273030052961843,-0.0003774676836439169,0.008897678812208784,-0.0006172873531529472,0.018194727288515494,-0.02234515343121928,-0.009840378736380459,0.019149680961226528,0.004989130650753616,0.014108414462127603,0.0034164104021347655,0.010901154738138366,0.037500901160769755,0.015405796712663724,0.0,0.0,0.0,0.0,0.0,0.0,0.0,0.0,0.0,0.0
0.03632552966394837,0.04461674776862724,0.030358053189645202,0.009079840743957976,0.017969914007749017,0.0009066826779282258,0.004475543170439798,0.0022055819300395197,-0.006972970798940341,-0.002938068657194604,0.017898044484317817,0.06361182085192035,0.04795668244194802,0.044595881707950875,-0.0005116705724433527,0.0019591026258016734,0.0034838855416355224,0.0053643007159000335,0.004904428630237229,-0.001567733003096433,0.0,0.0,0.0,0.0,0.0,0.0,0.0,0.0,0.0,0.0
0.02435602667402976,0.05032647737369526,0.03258480744654884,0.005399165549862978,0.045439762507011205,0.01304288177221424,0.006352769247462271,0.0016384020402144192,0.0034083767793580996,0.0012852551185371145,0.02591447003799398,0.06738094237896851,0.07435304214352384,-0.0088156764100933,0.05000140863289484,0.001209471428798623,0.006431556789455703,0.007761549220508027,0.003977241672675014,0.021673666716711414,0.0,0.0,0.0,0.0,0.0,0.0,0.0,0.0,0.0,0.0
0.042723041224798655,-0.03345215554204454,-0.009233737313170197,0.036346452367050454,0.04923519559608205,-0.004113321345116957,0.001251613238219102,0.003419985847245454,0.004199331145553218,-0.00044477752922687173,0.007696234954899419,0.00818839744579484,0.011415515298957787,0.027797719121936067,0.06355481442415216,-0.0010763384434870002,0.029721489930025356,0.012423599887019927,-0.0005175209292711082,-0.0004139422590457735,0.0,0.0,0.0,0.0,0.0,0.0,0.0,0.0,0.0,0.0
0.037576774304483564,-0.00944119289177939,0.041255606148762544,-0.015142380052010783,0.06479916044800614,-0.0007803666105504373,0.006409037571687108,0.0018121012415828082,0.00424390565520754,0.00044187524294222406,0.031061674753785785,0.0016395460566214553,0.06166069974159877,-0.016794793631173286,0.03482180174670351,0.016983175322422297,0.0010883715318376742,0.006951193555810468,-0.0007760974860008787,-0.00017110312047762907,0.0,0.0,0.0,0.0,0.0,0.0,0.0,0.0,0.0,0.0
0.0037057966535065006,0.02866030965426072,0.03368092734631241,-0.0008760945461192385,0.07277764634949642,0.00346075502356115,-0.0008622370203016774,-0.0018598251829439491,0.006178418867881884,-0.0036391719931098475,0.0012441648257047419,0.011486808358457373,0.003845374283218032,0.028967993183479403,0.014446207130109894,0.01053624156145115,0.0012377659401056802,0.009180865267696127,0.009164469991473625,0.002385181426131058,0.0,0.0,0.0,0.0,0.0,0.0,0.0,0.0,0.0,0.0
0.017970315260520366,-0.025604214123209443,0.01543538863731034,0.06811287043220102,0.018231821823594122,-0.000391037566835924,0.0008830898675070741,0.0004548284025614842,0.0016385366703568906,0.04027145337915362,0.01804896176528807,0.013058570757345579,0.018098520493530158,-0.007548046874864911,0.04959599395591889,0.0018760095441755595,-0.006670495887445051,-0.023063138995924198,0.027180977603982078,-0.0008149352341738709,0.0,0.0,0.0,0.0,0.0,0.0,0.0,0.0,0.0,0.0
0.00037346010881961564,0.05242796889942055,0.03355789652579325,0.0316318679247823,0.02534401573526349,-0.0019723542040870536,0.005244685450732007,0.003216929880909657,0.0060543968450084504,0.0011400440328963551,0.01484410668221169,0.02019068613634519,0.0639701568988189,0.05936606996835822,0.024516516010595655,-0.0015307703061638932,0.00655501257814371,0.003650171882157756,0.0015304683022002825,-0.00022070389175296812,0.0,0.0,0.0,0.0,0.0,0.0,0.0,0.0,0.0,0.0
0.009595436674771052,0.03610335324734774,-0.012087488466074629,0.006064726394960279,-0.022869810381426745,0.02811810424276505,-0.005172871101368557,-0.0011963480246628341,0.002322413675906729,-0.005061481952448043,0.022557655637468987,0.004712056683957544,0.02311410616284395,0.04444948705693983,-0.019858408233702288,0.003146950774195646,0.0037835821908453727,-0.014984338163557728,0.0028219274561559543,-0.0013758260591016733,0.0,0.0,0.0,0.0,0.0,0.0,0.0,0.0,0.0,0.0
0.023242705131557777,0.055171218243168924,0.023619406010251132,0.04762884066015511,0.03432872338065196,0.016542486909246066,0.004044698259494715,0.0022791026233042683,0.0028337518058425236,-3.5894965015311786e-05,0.023443875590679102,0.046943278635623066,0.060184431278517775,0.044321781082446374,0.047147786561274385,0.0008921744015490095,0.006371410908472914,0.01197397678856283,0.0047132912583868975,0.0008229166252083792,0.0,0.0,0.0,0.0,0.0,0.0,0.0,0.0,0.0,0.0
0.01856028850475906,-0.04274298174341046,-0.023357409255247763,0.0208990147214868,0.04111081442058796,-0.0035219829809549435,0.002111166912034208,0.001135008368099964,0.00858053163458727,0.00010942628523250914,0.01041299154564,0.012368763928000898,-0.004529847710832952,0.01672263273933517,0.06798529110430297,0.006442353010809243,0.02974900943420751,-0.054938161223298504,-0.0026534370722047485,-0.0007218755027639458,0.0,0.0,0.0,0.0,0.0,0.0,0.0,0.0,0.0,0.0
0.036019997524155904,0.07177191218101854,0.030558221683993355,-0.002216335049804257,0.010907752032497057,0.0016384842745818863,0.0011375545272786854,0.00399324002725037,0.003402598194240033,0.00048583690393911157,0.05058255343250366,0.018316195374207884,0.03469620775151623,0.004848731279778769,0.020815888700067574,0.0009443436741219469,-0.0004071103587235213,0.011155303272686353,0.000697096646587939,0.0012681209467527116,0.0,0.0,0.0,0.0,0.0,0.0,0.0,0.0,0.0,0.0
0.0032843908163460588,-0.025554890443220474,0.032430046106527964,0.01931355500439691,0.028855395055995728,-0.00464147931264659,-0.0019614997540604055,-0.001687218989843288,0.0014247672094453185,0.0007752189026942516,0.009529465333333733,0.011013840906720931,-0.021337763941762254,0.004010906260250476,0.05049601376605064,0.004592556207648773,0.005085377038149234,0.012619683420927893,0.0019976468087021656,0.038475586724714614,0.0,0.0,0.0,0.0,0.0,0.0,0.0,0.0,0.0,0.0
0.016870021238991444,-0.034350320697572635,-0.04612105281659379,0.005877619056792216,-0.03225391144418256,0.011990096922267332,-0.002839947429963996,-0.005216988644669754,0.0070530327926829,-0.006725102182159281,0.01636847142595815,-0.0136340587749362,-0.018401127211966472,-0.0022485055089280573,0.016801302813929726,-0.0006751467988019231,-0.011179173726397392,-0.030828732612977472,0.0023845028171832795,0.0034328599968933265,0.0,0.0,0.0,0.0,0.0,0.0,0.0,0.0,0.0,0.0
0.02804512351482753,-0.000685934380988889,-0.014343751982319778,0.01929542021743959,0.03858959791790183,-0.0021896538927730596,0.006849290987416031,0.004319190747686939,0.006025546404142297,-0.0009297581313524697,0.05012160788479151,0.03145981491989896,0.00585496665847385,0.007927508977257313,0.05694318884166981,0.0032199886928667184,0.03902060909503179,-0.05474241906074625,4.635740139372395e-06,0.0008316198672835155,0.0,0.0,0.0,0.0,0.0,0.0,0.0,0.0,0.0,0.0
0.019552276370987515,-0.011297599957934232,0.03816945169871574,-0.0019891214245397605,0.01461227204461539,-0.0015008389889857906,0.007969724051902582,0.0015024479504591403,0.004249495667852484,-0.002365701723612851,0.02878009837630472,-0.0002937148992519971,0.030486842229249366,-0.03665768907351867,-0.0007695922083287384,-0.0006102593756265047,0.001941354331668973,0.006973577275170478,0.0005154887872252156,0.007924975173764953,0.0,0.0,0.0,0.0,0.0,0.0,0.0,0.0,0.0,0.0
0.03901111454215162,-0.021281820489328925,0.03755629105557836,-0.01895206157778469,0.010019935132441813,-0.0016334655546949256,0.0019181560102255629,-0.0007142208359706011,-0.0036802085190836492,-0.0025891072284725714,0.003151936912779627,-0.0027650046539973825,-0.005009500868706984,0.02769257942479708,0.05196376080195956,0.006028150684908492,0.0048731256420438945,0.0065280234147525595,-0.0005541170163846782,0.00025482556023801063,0.0,0.0,0.0,0.0,0.0,0.0,0.0,0.0,0.0,0.0
0.014691145296861411,0.04573757814094622,0.012340652157321993,0.011891408080020878,0.00971753269434421,0.000216735300377559,-0.00018652708930429296,0.0035674513241350835,0.0025015206326319157,-0.0002216781583681949,0.035109176214896606,0.08385132857193386,0.018215719825225043,0.02704938185896756,0.002539315518893586,8.939884687844094e-05,-0.00019802979077125787,0.013039462245354507,0.005483012133262468,0.00018200921504578376,0.0,0.0,0.0,0.0,0.0,0.0,0.0,0.0,0.0,0.0
0.0451351105436331,-0.0076551951416845305,-0.009306124980581972,-0.02061857628688301,0.06536266677931196,-0.0016308524484340379,0.0017066572502289533,0.0008312446321853671,0.008154925393458768,0.0006680606664121392,0.005794891375517157,0.01233410439584359,0.02435101193430307,-0.02188929123827068,0.04238947671405525,-0.0014049918266903596,0.020420116495746595,0.008361483628957854,-0.0010253243856779804,-0.00025784858341926584,0.0,0.0,0.0,0.0,0.0,0.0,0.0,0.0,0.0,0.0
0.027586681293175912,0.02105154109982223,0.02240190747905491,0.06581169119016382,0.01772122252093389,0.030410189026694748,-0.002676529903427887,-4.554509664019006e-05,0.004315989247157811,-0.0035058356069890754,-0.0027111932853495723,0.010103724115574942,0.00040094879365555267,0.0745745130009899,-0.0023999491594996545,-0.0007943614010620847,0.0012346644074327953,0.010321830591200443,0.006177755412860964,-8.861826529811853e-05,0.0,0.0,0.0,0.0,0.0,0.0,0.0,0.0,0.0,0.0
0.03341175372768017,0.034603074383309014,0.0014495740529442398,0.06791749541245522,0.014335911305748652,0.0017864041026488208,0.001590650888864016,0.004896111258182695,0.005809681593405264,-0.001246435363825564,0.056389334634202336,-0.0014342706040784395,0.03122192069946535,0.09412535805351158,0.018626747395785792,0.0038925268610498706,0.006619339281197453,0.0106138431636535,0.002153856524386016,0.0031277480898676186,0.0,0.0,0.0,0.0,0.0,0.0,0.0,0.0,0.0,0.0
0.033723916139986626,0.018532149338296763,0.04427314197934276,0.005981586908680056,0.026167828475353174,0.0013129788065276485,0.010408613003936298,0.0018201933327481536,0.008182100980704108,-0.0018353346219488443,0.04186407190978087,0.06648367433262842,0.020360688812555174,0.007378782290606697,0.012649800705467857,0.0021950253422038223,0.020644768985832142,0.016005223732565677,0.0019443051991855872,0.05179710980600018,0.0,0.0,0.0,0.0,0.0,0.0,0.0,0.0,0.0,0.0
0.01589458744373733,0.030317886509124845,0.05216995908144894,0.06757465482094209,0.0027234901190321746,0.00036790284814712537,0.004243731159995993,0.0038666525313482505,0.005013379905326623,-0.0007540538768716303,0.02730429962825011,0.06290065447112075,0.06926458936982274,0.03684467565591354,0.0033379404088817928,-0.0010501370191110502,0.0020855894156731106,0.00854124857837893,0.0075836439868958916,0.0004909020823146398,0.0,0.0,0.0,0.0,0.0,0.0,0.0,0.0,0.0,0.0
0.017940575833036678,0.0460117646000174,0.030777501169276834,-0.004891855256465391,0.024036211172400842,-0.0008819684555633172,0.007870628045100646,0.002691565825766351,0.0034595660499753965,-0.0034171950747801222,0.020354779292558172,0.003865288680591537,0.013346876458193616,-0.004117100629693961,0.0574121211386682,0.0007528193197957751,0.0015475728424322287,0.007661902213802794,0.0031146684875955877,0.03493714584292072,0.0,0.0,0.0,0.0,0.0,0.0,0.0,0.0,0.0,0.0
0.02100270308056999,-0.017727419743754795,-0.0033913167377376406,0.03005005543704454,0.05166004516066706,-0.0019527652717078834,0.003558013510284201,0.004431156872596118,0.0077949998339046905,0.0017106467511784958,0.024124102790815855,0.014761018306206358,0.03049397405629004,0.014453688823312645,0.07021533958079679,0.021170112484979593,0.01833164193465242,0.02418017219034042,-0.0009706904130485352,0.000995146813061885,0.0,0.0,0.0,0.0,0.0,0.0,0.0,0.0,0.0,0.0
0.03394129520854955,0.059982386636161504,0.023267054615995698,-0.002059493741687254,0.033130718242726814,-0.0008398217428638743,0.0052497997414823645,0.0018407055964520342,0.0035829030930590714,-0.0018484879953363544,0.02040902519819024,0.07930445061096741,-0.0027035767869875932,0.004189319132984458,0.03184209832392691,0.0011046595957033922,-0.0011681648783171154,0.010324286312653126,0.0069073159953851855,-0.0001526339434956377,0.0,0.0,0.0,0.0,0.0,0.0,0.0,0.0,0.0,0.0
0.015745212301843062,0.07284810624960349,0.03294341017261677,0.050791824739611205,0.008917748679977532,0.006459915665455033,0.006062944357749339,0.0027350491633580014,0.0032256200686234015,0.0023881346074251584,0.05945599180475882,0.00017452577553258775,0.05196836281261273,-0.020182717007382615,0.00042979321522040024,-0.0016528603721057658,0.001059074831551524,0.008875866553171623,0.0011992840474565356,0.005938200570767591,0.0,0.0,0.0,0.0,0.0,0.0,0.0,0.0,0.0,0.0
0.02150940888031089,0.07039553603817476,0.02133082533394647,0.03693758095749759,0.04628960177433765,-0.0013529112131402178,0.004462151362578597,0.003985675068366347,0.0022926447295095547,0.0005269356200736392,0.03407525703256121,0.07268221545299001,0.037566736562167406,0.028671990194979815,0.04103717292211922,-0.0014343475782712856,0.003789302706477359,0.012813807194733578,0.0029200864643942476,0.0026115827889770108,0.0,0.0,0.0,0.0,0.0,0.0,0.0,0.0,0.0,0.0
0.018317526298410304,0.021112358798351175,0.026103325287029907,0.05004427441100055,0.04246176415354518,0.022066571562887737,-0.0036205383233980162,0.004734194294285125,0.010763384014860915,-0.0019496602367285525,0.033744064600777536,6.317022756225648e-05,0.041340876559349454,0.05191258112751025,0.028073263701501504,-0.0007928785634529767,0.006033971836154774,0.007689638183762687,0.003702818933767032,-0.0004968676516285552,0.0,0.0,0.0,0.0,0.0,0.0,0.0,0.0,0.0,0.0
-0.005383257308062841,-0.02439923972933304,-0.007886438903549137,0.03568611326261136,0.04190959396751,-0.0027538911695351677,0.002384729904202099,0.0011938635135671774,0.004050216044360455,0.0002708098273670394,0.021301068031867643,0.01663454906878077,0.056253234565459734,0.018937831665774812,0.03681170592021945,-0.00045837659770215803,0.02462539500382453,0.017217356979148953,-0.0005968403277380172,0.002923173401597615,0.0,0.0,0.0,0.0,0.0,0.0,0.0,0.0,0.0,0.0
-0.03177455195139022,0.0003437084150357494,0.04421524836490836,0.05289370916548554,0.04780998258706935,-0.0008367540337722599,-6.251450253419773e-05,0.0030275106875295326,0.004023257655371989,-0.0007340455771136867,0.001576571951635094,0.001946049287006342,0.06454692936872003,0.02431340336023237,0.058692676507902185,-0.0003003000153782589,-0.002631660385791153,0.012605998051666938,0.00020493466566737787,-0.0011385564818796271,0.0,0.0,0.0,0.0,0.0,0.0,0.0,0.0,0.0,0.0
0.034174134420242315,-0.037825105799654625,0.029509078968698994,0.010346705114137442,-0.0057870712423478314,0.023321671129646948,0.003556022716912242,-0.0009151079494498933,0.002903994184355759,-0.0010377412758525663,0.02360588949278856,-0.0019794439090750435,0.11999597739154544,-0.02727708989840453,-0.0021955924727670934,0.0022086257308185043,0.003448612124259375,0.006838683383770558,-0.00070370257421042,-0.0034669424150420795,0.0,0.0,0.0,0.0,0.0,0.0,0.0,0.0,0.0,0.0
-0.020851057040382773,0.03625807442540881,0.01285995693001857,0.046443323899572224,0.034190706041289064,-0.0019508667549718276,-0.004195085545457115,0.0022236556183039585,0.013595062204416999,-0.003894972291563263,0.0017063167394736828,0.005744650527966959,0.0061393726085180265,0.044226766638742046,0.02250689981716267,-0.0012005753198825774,0.007495771660881213,0.005744174567386021,0.0007005404666623718,-0.001438875977993131,0.0,0.0,0.0,0.0,0.0,0.0,0.0,0.0,0.0,0.0
0.014654892797485958,-0.035143069956704666,0.0010022448668262054,-0.02639772690805656,0.0057119814680553094,0.04060012249323512,-0.0025819672985397616,-0.0010395487049094615,-0.007835924122436827,-0.006165360344668849,-0.001207882298612085,-0.011796202526227817,-0.020424542465128107,0.01831295075451464,0.008964150030476547,0.007510641623031272,0.008401610302213936,0.008184824025398916,-0.0021521745434553313,-0.0008956340116524271,0.0,0.0,0.0,0.0,0.0,0.0,0.0,0.0,0.0,0.0
0.055100288015210344,-0.030493095935813543,0.022323233852713793,-0.004255666374093527,0.03580919345686649,-0.0038729503133054116,-0.0018656103434557896,-0.002684287481976177,-0.004616429421379257,-0.005359807771854382,0.024115970537067134,0.009831556964584817,-0.008290335895061661,0.06833916165447848,0.023058353990019573,0.0033209565916451148,-0.019279792700420323,0.004686681760092404,0.0007000724401362941,0.0029993291223592636,0.0,0.0,0.0,0.0,0.0,0.0,0.0,0.0,0.0,0.0
0.02987685898497863,0.07318660484268975,0.02160615593510824,-0.006186988813421653,0.004016233621557905,0.0017660400633015582,0.0028802016236072685,0.005155412680130907,0.0031010027199152995,0.0018949629248203753,0.04931922100472547,0.017507444805874628,0.02536780778602875,-0.00645492290539794,0.013540099186273509,0.0017531231093308405,-2.5736897658173436e-05,0.007032286793408742,0.0006792985244799467,-0.0003985129711057307,0.0,0.0,0.0,0.0,0.0,0.0,0.0,0.0,0.0,0.0
0.019865345571610234,-0.019024906027972042,0.013055060830938405,0.049599617660858256,0.055174684760399245,0.03362442714683461,0.0013783017876441595,0.0033288406243942212,0.009041792032591879,0.00173573991418325,-0.0031628091528587104,0.01870441246947552,0.006016834429964746,0.04572908644246426,0.0655987260064131,0.0031821086669284234,0.013685364886391292,0.01394315531145792,0.00017252768727502897,3.225400565398209e-05,0.0,0.0,0.0,0.0,0.0,0.0,0.0,0.0,0.0,0.0
0.019913926423021585,0.033926534963273344,0.041703709392356896,0.03759607049635281,-0.03304024307386425,0.005347143564453945,0.02858740152850715,0.0014658000755063754,-0.0042001349706800115,-0.0029724031751368505,0.03657284435291061,0.03313029474626062,0.03322735083102277,0.04805950715879176,0.001365325397136132,-0.002602377701418001,0.003506699767792253,0.006625355254444821,0.0047552667556018235,0.0007535253340376334,0.0,0.0,0.0,0.0,0.0,0.0,0.0,0.0,0.0,0.0
-0.010849425735869491,-0.027661401364724794,0.019314415503838025,0.05532765727341713,0.0645522378061542,-0.002915277480872724,-0.00013258393638514862,0.002301343607676245,0.005337069118814775,0.0016481773703222592,0.010862313983560369,0.022810183892805168,0.004573291598085453,0.04798335607151779,0.08059258577787703,0.0074695144388505766,0.006038329619077544,0.016574859604048888,-0.0002514002400617123,0.00014635021224028216,0.0,0.0,0.0,0.0,0.0,0.0,0.0,0.0,0.0,0.0
0.03284574281335786,0.07126308702808971,0.03070799973347367,0.05325005356207526,0.05634544653646962,-8.573087139590986e-05,0.0023911085293162647,0.0034777792088756285,0.004994057392993084,0.002943959339401162,0.02647481714282802,0.01814966592159933,0.010892657173878884,0.04739941388293303,0.05340915306558495,0.026247414514532167,0.006358508973654121,0.015764561422037814,0.0009550965219300355,0.0007820302561788238,0.0,0.0,0.0,0.0,0.0,0.0,0.0,0.0,0.0,0.0
0.013489714904474067,0.047480830982884525,0.05011296462717265,0.05094173433655839,0.046181407090301815,-0.00026913497603024055,0.009446434888318886,0.00215620541339774,0.003790552570692945,0.0005178011060481957,0.018673190489963902,0.00863497534668705,0.012619576001596215,0.045388605119257706,0.04678779789081853,-0.00137302454722543,0.0052163740467799525,0.01732665777897392,0.0024656059494894706,0.002909185385402014,0.0,0.0,0.0,0.0,0.0,0.0,0.0,0.0,0.0,0.0
-0.027307150587542923,-0.08414537383150748,-0.028631158835719598,-0.014144544179296774,0.0016230846019414408,-0.007040185850548953,-0.0001265872565382756,-0.0020933698889736424,0.0014420958191942786,-0.0033438424886630003,-0.00264878655714105,-0.01947200453832502,-0.005464705145528258,-0.02857336776927156,0.024927763281236692,-0.004011312439906182,-0.0394400468260837,-0.07038211540043748,-0.00379807911824868,-0.0036487158682684214,0.0,0.0,0.0,0.0,0.0,0.0,0.0,0.0,0.0,0.0
-0.0009732229814986187,0.08997200130248963,0.03784535888733595,0.036052477280375736,0.021652804429289994,-0.0006847415566731133,0.0007320095063655769,0.0030123606119695384,0.007588510913214937,0.004913984077958426,0.025321103910681417,0.06568059566563567,0.016535325714008075,0.047437692037465916,0.04054518068131095,-0.0008299960789168367,0.008077528043905942,0.00441964591243726,0.00381062395092277,0.00019459690726836743,0.0,0.0,0.0,0.0,0.0,0.0,0.0,0.0,0.0,0.0
0.006525551305120554,0.033430663000301536,0.050347354866310284,0.011787461032112949,0.01030941334364634,-0.0024094900409063306,0.008263943764743407,0.002556266115699116,0.00482382554382144,0.004226471996308824,0.012913844862222596,0.020838771693590774,0.11262729493677141,0.006969560260270926,0.029687431578475698,-0.001338985590651691,0.006759158023346147,0.004931556028053744,0.004506346336904974,0.0009651580642279438,0.0,0.0,0.0,0.0,0.0,0.0,0.0,0.0,0.0,0.0
0.0048884580322958344,0.06043190984231345,0.0526853125481037,0.02589970984790124,0.044176251118914954,-0.000569340294235804,0.013311116546634472,0.0017310273571348972,0.0032161408713397765,-3.797769856406293e-05,0.010613906769286629,0.023185224195769773,0.10652621272193545,0.024266325023104555,0.03846617241992966,-0.0013446703011551168,0.004909465056760418,0.008863077664396226,0.001912474949517795,0.0005908004489874846,0.0,0.0,0.0,0.0,0.0,0.0,0.0,0.0,0.0,0.0
0.01303914413709456,-0.026406581557046435,0.030875442500188317,0.008729698491757353,0.03578305370304612,-0.00262709016244463,0.005623875668823167,-8.83082059037866e-05,0.002617383092920363,-0.001583013155579219,0.01050822414981668,-0.009397297460795906,0.042953442662776085,-0.006545796975468013,0.04931472521331035,0.003145477768550538,-0.0029404665202088587,0.01975714037168727,0.0011040587098036657,-0.0012241229028701294,0.0,0.0,0.0,0.0,0.0,0.0,0.0,0.0,0.0,0.0
-0.016380201331439262,0.0028919420863861467,0.032093941123402074,0.008142289137139325,-0.01707846905110594,-0.0034116673900971483,-0.00019928658393488858,-0.00013992097611218227,0.002859060175942326,0.006261163643985478,0.003695626747356132,-0.009737073595070521,-0.012585396824035026,-0.027330619499108165,-0.01209859707025691,-0.00309515331152752,0.002685217384043414,0.0030207019972624256,0.0035075299504317642,0.0006205105071119848,0.0,0.0,0.0,0.0,0.0,0.0,0.0,0.0,0.0,0.0
0.04659407128906873,0.00647827834755055,0.015526363015872334,0.03702141090897403,0.034756314644830415,-0.0023291654325485137,0.0029446777095246206,0.02281092056614592,0.007151351033215179,-0.0021845785356313214,0.03776983653966478,0.021791475918692002,0.022300185917689695,0.03224430190449061,0.020013003169504894,-0.0013440539659381817,0.007731796863494803,0.015121816065451436,-0.004474747268357389,0.0013805805238541603,0.0,0.0,0.0,0.0,0.0,0.0,0.0,0.0,0.0,0.0
0.053309014668166343,-0.03861718150596591,0.03516252075442944,-0.01872213671178531,0.015348636253930879,-0.0020082998446300003,0.01303569482774902,-0.0010341053872186031,0.0016366625481645577,-0.0002221859933883727,0.030238236559721892,-0.012107566625787668,0.029195812187064983,-0.018977920141912283,0.05220056911168646,-0.0027141481037090236,0.0015116574186294373,0.0038316590314468922,0.00035742402266310307,-0.00270274594888409,0.0,0.0,0.0,0.0,0.0,0.0,0.0,0.0,0.0,0.0
0.026227120829243982,-0.010185133755665557,-0.00635457869140957,0.0348787668127372,-0.009143276682547701,0.01947908291525992,-0.0032458570221068138,-0.00040965896940036974,0.004955095683174803,-0.004582997388894828,0.006890581804520941,0.016270283155019806,0.005382105069497769,0.07633827546909727,-0.021438982310333025,-0.0014219216303944825,-0.004616142230665254,-0.022036392119975108,0.0034436940009641374,-0.000539439477670295,0.0,0.0,0.0,0.0,0.0,0.0,0.0,0.0,0.0,0.0
0.03581861468769598,-0.012251358767691343,0.03832183619857528,0.02397155770039816,0.05304107868421733,-0.0018478918140300317,0.003948960237819749,0.002056217626110438,0.003100650858727343,0.00028466608231221335,0.024324274309694766,0.02074824767693076,0.02955488410296039,0.008054946420873042,0.06615558793969574,0.0029249023182637652,-0.00020608845356610129,0.020963706780089242,0.00017356806299132407,-0.0004167635316972533,0.0,0.0,0.0,0.0,0.0,0.0,0.0,0.0,0.0,0.0
0.03254089955051035,0.011368685490899387,0.01898862887044711,0.040166177253786434,-0.0032051791090155347,-0.0023553205997963373,0.0012990379021703149,0.015509875450242966,0.001898376171811508,-0.003344920327754534,0.05978187681163501,-0.0014886872339335698,0.03964502557732539,0.08687821716788469,-0.007089150163348495,0.0041944149241584655,0.0025516040096110566,0.008597114407530406,0.0015068954846246775,0.001005737334157805,0.0,0.0,0.0,0.0,0.0,0.0,0.0,0.0,0.0,0.0
0.03773423397355678,0.014767955688325654,0.037788137486870634,0.061710878326700434,0.01499341608894829,-0.00031631531362146214,0.0022529209439025987,0.002887618335826182,0.0032382003125940024,-0.0017464704813801835,0.03426386605960628,0.031391175289761285,0.08020573622021288,0.006902483089891292,0.014184712248305191,0.006401788137857575,0.01041602270302271,0.008962747047715111,0.0010862240158331518,0.001596266946443774,0.0,0.0,0.0,0.0,0.0,0.0,0.0,0.0,0.0,0.0
-0.016760451136166022,0.05346361325688709,-0.006588348753095098,0.030908387230584755,0.020380148738887837,-0.003426819116609187,-0.0001269469190646119,0.0014146677803908963,0.004260362003390904,-0.0007456451709952007,0.026157676471605933,0.006162973633338123,-0.008128081076167382,0.07550325404560526,0.018416827332232547,-0.0026890420174324895,0.0053438445670726635,0.00211289593494591,0.0017722854113042328,-0.0011277630011668751,0.0,0.0,0.0,0.0,0.0,0.0,0.0,0.0,0.0,0.0
-0.013465536109125487,0.09874300390553047,0.022965884915587896,-0.032617436105971134,0.011347246660135934,0.0012683656598180958,-0.0016250461480773319,0.0007025321155743748,0.0015444631283971905,-0.00195382611812342,0.015369996848444166,0.08138544743234334,0.00022418319230075353,-0.05124659479946275,-0.011157727190313901,-0.00266864131529573,0.0011948966304851775,0.0028076597347704564,0.0020935975232086266,-0.0011908728398533105,0.0,0.0,0.0,0.0,0.0,0.0,0.0,0.0,0.0,0.0
0.011874758396888166,0.025585899249296593,0.010781471240651319,-0.0015282061462187336,0.014442194457184815,-0.001922152248353333,6.919998132848404e-05,-0.0006474114743617104,0.010198584109495265,0.03537606412944961,0.020205624262767407,0.03230723196959118,-0.007527746880393137,0.037379421185900305,0.057456282321491824,0.0008528677627556781,0.003243704705789434,0.01026091217301658,0.010282597701032476,3.030022305856046e-05,0.0,0.0,0.0,0.0,0.0,0.0,0.0,0.0,0.0,0.0
0.01777286772970362,-0.0031510774745955802,0.027082070116357725,0.02733129603227021,0.029243964146085998,-0.001973661324017059,0.0015756794521800182,0.000713256207257784,0.005719207760351418,-0.0027405841830526216,0.045504278829317985,0.0017015389718377984,-0.0029467700117705485,0.015638524758949904,0.045486776799321914,0.0004852582543841828,0.0041496103215889054,0.005599147603439121,0.004968904090029616,0.002476311210721193,0.0,0.0,0.0,0.0,0.0,0.0,0.0,0.0,0.0,0.0
0.024274480327179146,-0.011892056062371629,0.03696071012232031,0.04222226151438725,0.06176944188922053,-0.0012982047526191955,0.010010437327731091,0.0032319335787808065,0.004967042311090913,0.00017386667611450664,0.046739017523138034,0.02554650523263547,0.06234388555480189,0.029101794841962073,0.06705506487826346,0.0022642742915592166,0.010336344312063765,0.012897287141537383,0.0009878963095926395,0.0029246100012611316,0.0,0.0,0.0,0.0,0.0,0.0,0.0,0.0,0.0,0.0
0.02333348783717464,-0.021000648400447127,-0.024311050277792835,0.02118582859935743,0.035119268196303885,-0.004656695319220704,0.002925073349791677,0.002388111805245371,0.006507722783153536,0.0002726033780452073,0.017820464307104163,0.016021674539175603,-0.0022140675262388478,0.0022903625212431617,0.05148894327111663,0.00209291921933983,0.03330043816441823,-0.06494486972841215,-0.0018199722216530978,-0.0009089690372514257,0.0,0.0,0.0,0.0,0.0,0.0,0.0,0.0,0.0,0.0
0.028786857811366983,0.06716502279980512,0.030248346709275554,0.03903819681013062,0.034936621179180394,0.0003960407355522019,0.005161711914154132,0.0019061097141911904,0.00476910258620078,0.000924031051528101,0.012249551837944832,0.049630802952600535,0.0655692906835602,0.03672948602141194,0.04856902819053416,0.000915919910263448,0.008003164337218496,0.010758637871739507,0.002356154976498037,0.00060751902721564,0.0,0.0,0.0,0.0,0.0,0.0,0.0,0.0,0.0,0.0
0.024787988282799076,0.0046176357617345645,-0.0052546637454462634,-0.023975214200916365,0.02131687022912451,-0.0014337493230745693,0.0014419712191290452,-0.0006882369267668879,0.006442041818058226,0.00026718670572513674,0.02925719336365673,0.013575986213492095,0.04842117975683091,-0.02139090056005334,0.042052015645668385,0.0010593949138760317,0.014835557661153414,0.01767631142465916,-0.0028495332998135963,-0.0005737262055029577,0.0,0.0,0.0,0.0,0.0,0.0,0.0,0.0,0.0,0.0
0.0370568115030921,0.0521315631872937,0.03652502870633842,0.05059213538167998,0.05119264547210688,-0.0003538884870590173,0.0037708521927430046,0.002316040987420931,0.0020718701690158273,0.0004658990418643258,0.014627600358042291,0.05965024075975064,0.02831570235102088,0.022901786028245934,0.06260630653546437,-0.0004820134661224295,0.0036045555413865317,0.012973528206737252,0.003907666921668068,0.0021853224098413956,0.0,0.0,0.0,0.0,0.0,0.0,0.0,0.0,0.0,0.0
0.017008706469749984,0.07308503782129909,0.0390277308133656,0.0196683427865749,0.0200250990607554,0.0033071511444940165,0.003568591450761476,0.0031967241452874446,0.003626152441605635,-0.0029039243029138303,0.02988724489767087,0.07390629854851558,0.0036707299133282973,0.03373030396748284,-0.011708173677328607,-1.586304198016572e-06,0.0011721975099459022,0.010398327275749257,0.008163393679636758,-0.00010675052140966725,0.0,0.0,0.0,0.0,0.0,0.0,0.0,0.0,0.0,0.0
0.023051590502406273,0.05925388125037219,0.01300611545171196,-0.00018205264355225208,0.019543391337477498,-5.480081461240038e-05,0.0018160284371417212,0.002313375967144351,0.003353778068675381,-0.0009523463195038661,0.06315127889035291,0.06627320988118043,0.0038475549766549774,0.003366790964291382,0.009616825708525255,0.004786458507954739,0.00045460055908806896,0.010392056680946423,0.0055247806528526885,0.0001590790612657276,0.0,0.0,0.0,0.0,0.0,0.0,0.0,0.0,0.0,0.0
-0.007388092698539133,0.06396927497507068,0.04378165933164799,0.048253837831592025,0.017917584706469383,0.0011093695776112215,0.00122540507686839,0.0062848582522827936,0.008693934128063387,-0.0011721949310534564,0.003188890333385906,0.02183292979301792,0.12400499039921431,0.04520883797592668,0.007870710927883568,0.0007123941289524858,0.006948454842684463,0.006710015192854636,0.0027974804517729005,-0.00020834568579475228,0.0,0.0,0.0,0.0,0.0,0.0,0.0,0.0,0.0,0.0
0.03898621251380172,0.022654906020984404,0.01817590720479387,0.0320454930011312,0.008926637625777953,0.0015999038367709908,-0.0030252923883389024,0.004778513754217854,0.004056741123439635,-0.0016444139264141042,0.05829947732110734,-0.0016120881147995176,0.013597419104011806,-0.008243924828607814,0.022048233065192418,0.037479482805568134,1.944594332356479e-05,0.01168827750646706,0.0006839857672165721,-0.001793320215275218,0.0,0.0,0.0,0.0,0.0,0.0,0.0,0.0,0.0,0.0
0.006911934511175807,-0.0031605847883997666,0.030026453768883528,0.02325052249097561,0.06362806209204887,0.0015292110701004664,0.011439959677899172,0.001313899484599913,0.002501671701479919,-0.0009901884029757393,0.00805885844886237,-0.008798777633646176,0.006903853456083606,-0.03384303587965968,0.04111829082392475,-0.0008206711760335698,0.0007901535360570711,0.005525458276409366,0.002072183974854144,0.03189813007280073,0.0,0.0,0.0,0.0,0.0,0.0,0.0,0.0,0.0,0.0
0.007641524350952145,-0.0181945732549648,0.05345779911794837,0.044569010321961,-0.027374459248531498,-0.0006381675123164189,0.00017167361692426767,0.011725733333479144,0.00674975274740615,-0.0019063006258824777,0.023293493047715608,0.017480598741663,0.026319252927373346,0.06374188168237412,0.010980898858528942,-0.001138552078133254,-0.004703164199608755,0.008926664537739071,0.0032513423093237423,-0.0006328115535813438,0.0,0.0,0.0,0.0,0.0,0.0,0.0,0.0,0.0,0.0
0.0260733246699598,0.045240191465334735,0.0274820357790259,0.06700826848306621,0.0380908497031667,0.017365708268867335,-0.0007700009745868312,0.0022572921486344647,0.005984030056453699,-0.001747486884320415,0.04158010661564513,0.07090426467183224,0.00766882144491181,0.06739174831599673,0.021280712643698962,0.0007165827879234471,0.0032873677245534023,0.010750379756336442,0.005368241448765839,0.020371401090282733,0.0,0.0,0.0,0.0,0.0,0.0,0.0,0.0,0.0,0.0
-0.000759705807884459,0.07665531542928941,0.039998891159194847,0.0017739463002598096,0.02961241610373892,-0.0011497831541693773,0.005927606648547316,0.0015093621424321479,0.0064629554331966715,-0.0013447820174966665,0.014286078679851063,0.032377023340561965,0.008305141643870332,0.011714120933599565,0.009823017819161124,-0.0030620448721467414,0.003181371935799499,0.006128892912990543,0.008886563818982809,-0.001604791329406836,0.0,0.0,0.0,0.0,0.0,0.0,0.0,0.0,0.0,0.0
-0.0209980192631055,-0.019085174564172983,-0.013956588883103034,-0.021860075594888465,-0.04980736507145864,-0.006165475023439001,-0.004143667661073309,-0.03934857815046415,0.0015154540085297226,-0.003744222726909866,-0.011439521519497325,-0.016956259926612042,-0.008304513690826748,0.017684439543303336,-0.027375660760981246,-0.004986193796170466,-0.018593262315109202,0.004100200903167164,-0.001194811692664867,-0.004036864598974093,0.0,0.0,0.0,0.0,0.0,0.0,0.0,0.0,0.0,0.0
0.05503254829050791,0.05984158145936749,0.0010825574431046565,0.02596913831043624,0.030676899631394583,-0.0035934501580037127,0.026026408893072134,0.004431734997284119,0.002638705512930266,0.001969228511085735,0.013041560440284995,0.03937649348766501,0.015397932600251405,0.009296508887438739,0.03643760777231091,-0.00535373168837766,0.007626830253967804,0.016889383194068984,0.002280120598987393,-0.0003464613174056381,0.0,0.0,0.0,0.0,0.0,0.0,0.0,0.0,0.0,0.0
0.03396256794485038,-0.014583652839017481,-0.006590793027757034,-0.0010602849127023784,0.018438825290097074,-0.00247114247000307,0.004179175998745917,0.0017670941088022752,0.005316573740292297,-0.0011601172759552907,0.018415687416545676,-0.028645473499747314,0.01221017774420972,0.004044711034645015,0.012630667463822146,-0.0014638026791595237,-0.005929322159128053,0.01008390691899955,0.0009880079858545368,0.03470398728764889,0.0,0.0,0.0,0.0,0.0,0.0,0.0,0.0,0.0,0.0
0.014802364868585272,0.03213683915200537,0.014936454394039794,0.04638205026272909,0.019708310725111523,0.02965604581419806,-0.0006815743902656971,0.016624373722857883,0.002281986588249641,0.0013570235728960303,0.047248274485312707,0.06902229428836187,0.043608288527811914,-0.00401014524661298,0.04461976770210535,-0.00017278731431740336,0.0048394253236198155,0.007468091361336833,0.0078124076511378975,-0.00016662393353486803,0.0,0.0,0.0,0.0,0.0,0.0,0.0,0.0,0.0,0.0
0.019692898907983966,0.04634319505907498,0.016994406284202537,-0.017038326706183767,0.027633239871134408,-0.0005860441774707682,0.0019801745557620105,0.0033419882777249127,0.003504454554039428,-0.0004775904213302966,0.04809256967940608,0.07550955144272138,-0.004349749509043542,0.0052684917197632665,0.03358768237814301,0.00364687377038297,0.0005089831045878151,0.004797396653058399,0.005403578231860049,-0.00013217655544521824,0.0,0.0,0.0,0.0,0.0,0.0,0.0,0.0,0.0,0.0
0.03817243698782496,0.0427966186090989,0.03547134805098296,0.009837372820528784,0.011275389905066652,0.02020938357838975,-0.0021824158080972107,0.002969111439216587,0.003243106280908348,-0.003938835893212359,0.03843869856236287,-0.0002929949199433588,0.023989958413601648,0.01149801261381371,0.06045695337629427,0.0013660297447562505,0.003983333271367038,0.006255387162106013,0.003581320543016212,0.024173624477467334,0.0,0.0,0.0,0.0,0.0,0.0,0.0,0.0,0.0,0.0
0.032358702851011,0.046935514858342554,0.03412492380705808,-0.0016499795908442672,0.007896778037275603,0.002960222898384168,0.001531812471661191,8.717603882457608e-05,0.0044607686431818155,-0.0017169652919481948,0.017926375689731662,0.029125096785549646,0.05042841887094649,0.05212996668366083,-0.0026956475675982148,0.008686851326403714,0.0014874931031972148,0.009697032010209362,0.020028898083324212,-8.184258800036612e-05,0.0,0.0,0.0,0.0,0.0,0.0,0.0,0.0,0.0,0.0
0.0005003996291494242,0.07570643895360292,0.021747468382555635,0.059912077486719034,0.059191765666365644,-0.00129991595442734,0.0018082899003220548,0.0038628993178969973,0.00500924197377789,-0.0003700113076276869,0.016237633574375184,0.020537141508220436,0.006979956880505136,0.06008937576677094,0.08146172739017243,-0.00012463224836693518,0.00847813463133601,0.015522100271365288,-0.0003256602251848179,-3.380613707861442e-05,0.0,0.0,0.0,0.0,0.0,0.0,0.0,0.0,0.0,0.0
0.03077417565214146,-0.006647396907533119,-0.003148809077305173,0.004779065418193175,0.01312619412927356,-0.001217535460621538,0.005733777466133777,0.0011908668939076606,0.0026720928855487624,0.04163072548560672,0.04902437333459845,-0.0007404576480483125,0.0019342084117652204,-0.01858605632603978,0.03380059771318663,0.006181861182627368,0.03914892498083776,-0.013497818902743817,-7.522760567523433e-05,0.0013639508503541938,0.0,0.0,0.0,0.0,0.0,0.0,0.0,0.0,0.0,0.0
0.02499453133005544,0.04674747886300518,-0.002019817423868089,0.04553260804801992,0.04792680748981686,-0.0012788350851032266,0.0014400677745196307,0.0011868980646536507,0.0027753148410028998,0.0009166307725236372,0.02748218241077321,0.080794153589223,0.044543510322213986,0.034630366768543634,0.05228044406887216,0.015371580564865336,0.009687223979179326,0.012967095701890769,0.005318027002153255,0.002425328038031424,0.0,0.0,0.0,0.0,0.0,0.0,0.0,0.0,0.0,0.0
0.024456167049582676,-0.001746574993669274,0.09761366278253648,-0.009903437647940746,0.04921548256871024,-0.0005310282789481653,0.005612351809361526,0.0026108934427320363,0.0014915337043456074,0.0008664721504803835,0.05778831361625723,0.017984714981222383,0.01722881807705855,-0.014242978009632036,0.016722418289474593,-0.0002625906320439427,-0.0015591748935715266,0.008762395493848944,-0.00013565215012695147,0.0017498097606934249,0.0,0.0,0.0,0.0,0.0,0.0,0.0,0.0,0.0,0.0
0.02387102562079521,0.03683634751812196,0.005323419834037597,-0.0037633144056844017,0.03785995489337389,0.021754143417027114,-0.001056520797869668,-0.001638125357565046,0.001706763597390032,-0.0025435374479644596,0.012537138926659043,0.08708131846010522,0.05947729474996521,0.023856972191384218,0.0347678138502573,0.001951589977197686,0.0048599491997711585,0.004784799554630459,0.005484394490961307,0.0021401733788156316,0.0,0.0,0.0,0.0,0.0,0.0,0.0,0.0,0.0,0.0
0.023606511712783853,0.0012089116294975559,0.030855438479416436,0.047476590925179085,0.009312820528951125,-0.0027125721784943173,0.00191428615605892,0.004850530572338429,0.007377119566199654,-0.0019079561737071027,0.03706295730060076,0.006222367340115114,-0.00034928006118879713,0.023253847750503404,0.004611185152612504,0.0010485119555195468,0.0029725978957818562,0.007121084162520921,0.0016748451359214348,0.0007040413649386685,0.0,0.0,0.0,0.0,0.0,0.0,0.0,0.0,0.0,0.0
0.03927938949025797,0.04761037441027527,0.03031817009881908,0.029924284140093547,0.04753216266041979,0.02600553196527704,0.0031361579616206105,0.0005900053051006755,0.004102799918658696,-0.0003007138353856785,0.008248624200022665,0.021150662890646814,0.07047700368114544,0.031641408430738927,0.0286036588661539,-0.0012978238339774546,0.005989912501713733,0.006795015249296959,0.004107777706727513,-0.00019280468723388466,0.0,0.0,0.0,0.0,0.0,0.0,0.0,0.0,0.0,0.0
0.029204642421678823,0.07576583027538722,0.017911300711408604,0.00034962217696038266,0.019237610749882745,-0.0016583369583383519,0.003717473918033436,-0.001162407800039158,0.00036724535902650247,0.025175433532169313,0.02501992956318883,0.08969086670464829,0.010209316872095767,-0.012039149362775966,0.0632395303149542,0.0015425336368406627,0.0016699962632222144,0.009445677102151865,0.0035129270608971566,0.00010379667415664904,0.0,0.0,0.0,0.0,0.0,0.0,0.0,0.0,0.0,0.0
0.049193833240106594,-0.02285250316112453,0.03268081502682241,0.014550672917410806,0.05186031252470839,-0.0014148510421011548,0.012357389374689371,0.00013019226152670172,0.009427190218499014,2.0578474649328917e-05,0.03833212349136784,0.014973777411476175,0.0643450491779365,-0.007401789020906919,0.009755098505823243,0.003738674613674927,0.0128022663723821,0.010810123563679034,0.002230679564128053,-0.001818036394376094,0.0,0.0,0.0,0.0,0.0,0.0,0.0,0.0,0.0,0.0
-0.003333616572763561,0.030561868021988476,0.038310922578182964,0.032211124956708866,0.04015829894794047,-0.0010869330896137682,-0.0004869334200577927,0.007754772354185794,0.0059701280870198695,0.03846082926709267,0.01823555063229815,0.01286692491687696,0.025218935198564062,0.00923573003399081,0.0579426804242538,-8.679406457302768e-07,0.0065793098843033885,0.003544024310990832,0.003735095439216613,0.0004259951850147273,0.0,0.0,0.0,0.0,0.0,0.0,0.0,0.0,0.0,0.0
0.025937175278341672,0.07252042130891952,0.015401685230828605,0.053333449329395405,0.05781926545516784,0.0002884357456458413,0.004316680445345373,0.0038125252017868353,0.00362866376023263,0.0006373322548020571,0.027710987620048925,0.06854507375412096,0.0025496582677470353,0.03152886029924887,0.059684042718683994,-0.0005591551472356347,0.004301154776714998,0.01623936138193259,0.004594599084691493,0.001569399595373804,0.0,0.0,0.0,0.0,0.0,0.0,0.0,0.0,0.0,0.0
0.0077507917846712645,0.04791618745119783,0.03600365543037234,0.0618988909835295,0.04722717677620418,-0.0004403193427919217,0.005681954672562948,0.0030331335111870037,0.002901068843453499,0.0007229227998655751,0.03446813125952404,0.021997739044557804,0.012082709718095401,0.04695191713076622,0.050867622071762056,-0.0017599423252723468,0.004322170576542647,0.01651333572174513,0.0016167283689424144,0.0028831150525438355,0.0,0.0,0.0,0.0,0.0,0.0,0.0,0.0,0.0,0.0
0.03794976125524364,0.05889933632437272,0.026861950405973268,0.03327068791664513,0.024647278976927353,0.00013588429820484023,0.0006005369558348728,0.002432577528552122,0.004713668765064775,0.0005852733849358165,0.03095288682684459,-0.001722886877309599,0.020316109347120834,0.032323276544316555,0.04307235476480392,0.023105823703055844,0.008221969865951636,0.009904665739666465,0.0018881543474234654,0.02208571857798584,0.0,0.0,0.0,0.0,0.0,0.0,0.0,0.0,0.0,0.0
0.02872601885247021,0.05626295329445597,0.03641785949101863,0.04625699194110823,0.042232434175753716,-0.0012396002793307185,0.02871868484623709,-0.00016115216121013388,0.0020089099531028364,0.0010475916235560719,0.02383445997659302,0.024183945614463145,0.03715881627203009,0.0255686166571982,0.03202348499476279,0.014860048856970514,0.010558868182941347,0.015345850523716412,0.0044776634537548035,0.00043915085077894124,0.0,0.0,0.0,0.0,0.0,0.0,0.0,0.0,0.0,0.0
0.058871074917625596,2.8775267236377722e-06,0.06939659690306918,0.05644383078514189,-0.005047872516423006,0.0007462089546897094,0.001630512982282851,0.002193988253856548,0.002998326597394097,-0.0009392326181189845,0.04353927462877277,0.01601564480642633,0.03261671251167441,-0.03007500188646308,-0.010581791057821274,0.029048598579129233,0.0018758617052218461,0.008845736470375053,-0.0010824567119820452,-0.001653771898280968,0.0,0.0,0.0,0.0,0.0,0.0,0.0,0.0,0.0,0.0
0.010539332012171361,0.015464360211299896,0.025380911181063025,-0.023506564589396272,0.002501379134612106,0.004899672000986918,0.004602950860541637,-0.00025402935344578817,0.0016037959545311751,-0.004387643614107154,0.058799457654523116,0.031610278316575285,0.12700783510894975,0.013803385918640956,-0.009375190627684908,0.0009446579288883306,0.002667376010646234,0.007173773541857089,0.0009046501533891867,-0.001658790683669767,0.0,0.0,0.0,0.0,0.0,0.0,0.0,0.0,0.0,0.0
0.014446817596931644,-0.04292534793182605,0.005057550432654675,0.0026511298312938336,0.007834722848974102,0.043464410058511066,-0.0007927751093590062,-0.0008101043292710414,0.0053371484347331495,-0.0029592731360708908,0.03323088474479012,0.01626400539520864,0.0025243091609086213,-0.02820612284365035,0.00721760290839627,-0.0008157406772532377,-0.010482298978281138,-0.03662481365801169,-0.0004899153031231255,0.037381649769991754,0.0,0.0,0.0,0.0,0.0,0.0,0.0,0.0,0.0,0.0
0.0743588164130336,-0.038130770407572075,-0.015137509815025011,-0.00511162699650916,-0.018324639584061764,-0.002980338280451652,0.0010370449299869394,-0.0011265764946198228,0.001531426537899205,-0.0008648007733390723,0.018569333706858045,0.019603400154156635,0.021157493811734616,0.008180447516120468,-0.008693720649255643,0.0030692245884174373,0.03395911932285532,0.008696137401812737,-0.0022713829599347165,-0.0037994813017351334,0.0,0.0,0.0,0.0,0.0,0.0,0.0,0.0,0.0,0.0
0.014556537349786144,-0.05384113398391787,-0.005289675828413773,0.044111098752817546,0.06745027831903219,-0.0035836305416274395,0.0012169365671695262,0.004118311594416098,0.00895502796134553,1.0452240344658816e-06,0.00345163130181258,-0.0008042715842212182,-0.009608381644178638,0.034043645705447954,0.08519611108104233,0.0005297898081667664,0.011412534973695047,0.014245516693144441,-0.0017041371322680462,0.0008343670341244467,0.0,0.0,0.0,0.0,0.0,0.0,0.0,0.0,0.0,0.0
0.021002829898878816,0.0034752224858714685,0.0523098836724771,0.08301573417273482,0.03536725925593419,-6.025149287523579e-06,0.002788405063476166,0.0071150837608208025,0.009776929281187905,-0.0031560996533370987,0.03000844733388872,-0.00638547299285325,0.009207953317052821,0.08171025317013836,0.00986967130336237,0.0007940852760278887,-3.398011484143149e-05,0.008485141024307386,0.0036077995093305006,0.01224566229629575,0.0,0.0,0.0,0.0,0.0,0.0,0.0,0.0,0.0,0.0
0.038791420488187844,0.06283607005955723,0.008442882513922076,0.021375575478555273,0.02301061073081326,0.0029355972813060825,0.0009362846932414413,0.003220741763536057,0.004885564399909078,-0.00128588890747022,0.01958728381499534,0.08702611466201075,0.004202094544853848,0.03411036536901057,0.012166177889241835,0.0016001081689087525,0.0034003999614671925,0.0040308612666288745,0.002139520209419972,0.0014788410723557556,0.0,0.0,0.0,0.0,0.0,0.0,0.0,0.0,0.0,0.0
0.004144390417582764,0.051992663394865656,0.03113890668287845,-0.01583145689486622,0.010271771804168392,-0.002654808286219705,0.01173874700367795,0.003713138559006007,0.00048361000660610925,-0.003990316535199755,0.0047621007165746,0.06385366022140308,0.008266618904715774,-0.010180825177405458,0.01655982133256997,-0.0029343658622348547,-0.0009768662987454468,0.009007262247086598,0.0021634459895822147,-0.0028059011056730198,0.0,0.0,0.0,0.0,0.0,0.0,0.0,0.0,0.0,0.0
0.06387951560758857,0.06558460653564431,-0.007378055458141419,0.02738431788314496,0.043645872585501226,-0.0013856784780058467,0.03364420278901382,0.0037709226678068956,0.0048630153211961106,0.0011242467729566492,0.01886288352111842,0.040841656757283476,0.008843653302060842,0.003934557368150494,0.028575972947689283,0.024547601496084908,0.0060360905791695925,-0.03680578383604276,0.003936850857968068,-0.00018485209981758088,0.0,0.0,0.0,0.0,0.0,0.0,0.0,0.0,0.0,0.0
0.007795935058196974,0.07661572826436162,0.028011423495631377,0.009269994995902175,0.02766313516773569,8.173485038320664e-05,0.00033095468741286237,0.00209244926123897,-0.0003600683326771671,0.040294016352852076,0.013699587276229915,0.07075750615040825,0.006402759571438023,0.03252717837295216,0.05831888520547686,0.0028318377025297117,0.0033447995467563055,0.005817132305141172,0.003552829820402974,0.00013540806344218749,0.0,0.0,0.0,0.0,0.0,0.0,0.0,0.0,0.0,0.0
0.004166957790625033,0.03774679063375694,0.03557986289420628,0.0713379678372814,0.03946717181693306,-0.000284382325236029,0.017778228149609183,0.008398051951615878,0.004675652594525828,7.279371259057032e-05,0.031337464254866734,0.036261001028412614,0.036261442109391376,0.08204088208494138,0.014231585214332052,-0.0010042076342747148,0.0029305014324280294,0.00918414263891286,0.006900564186865054,0.001639126748588683,0.0,0.0,0.0,0.0,0.0,0.0,0.0,0.0,0.0,0.0
0.018672266280310275,0.02237008549971739,0.018417849279937327,-0.00035347115254392113,0.008074243488054949,0.001228571625366308,0.0015110687315065703,0.024350961240013007,0.0009778065434149048,-0.004404690427747474,0.02638964986160795,-0.000973782194192214,0.029447283360912218,0.08688353420059257,0.00593304002905815,0.00046464514515371036,-0.0003984115567651608,0.009806596540901243,0.000587623191045324,-0.004094244225889027,0.0,0.0,0.0,0.0,0.0,0.0,0.0,0.0,0.0,0.0
0.039376439631788905,0.05576762708075415,0.013197104464323237,0.03566420043808748,0.023969115837363993,0.0026708992456877527,2.1073257240690195e-05,0.0029249239181147117,0.008971156631260257,-0.0024041873878905876,0.026494354947006308,0.010868063137813504,0.023144185793382517,0.04549674722507533,0.02367987909658681,0.0028314015506704323,0.009885012749947365,-0.0068646780559234255,0.002510414824904161,0.0005178627341778444,0.0,0.0,0.0,0.0,0.0,0.0,0.0,0.0,0.0,0.0
-0.005313118250808458,-0.047906428256150324,0.03100266739574607,0.018779576389068832,0.05420444407669318,-0.0024650247766253687,0.0031201665878097516,0.0019174506484658286,0.003434339904416843,0.04344586603817863,0.01946027968599491,0.02295549628835232,0.00448150379021814,0.0065051264184895,0.066273317230435,0.001068383215383013,0.008717166069329044,0.004840821241079747,-0.0013002648846176098,-0.0019179295959087792,0.0,0.0,0.0,0.0,0.0,0.0,0.0,0.0,0.0,0.0
0.030253269917530485,0.011088092261901628,0.022415390168737257,0.028002877454374922,0.04066999699308629,0.002001499329627764,0.0014587468134700313,0.0004590414164328299,0.005906233870935634,-0.0039052640006922387,0.02474886595834166,0.0026141928989855613,0.00805343928337454,0.04033568082646407,0.027137611528517576,0.0015403343052342558,0.0025139820881483533,-0.01613390365663459,0.0024840768331408185,0.0020774328293963846,0.0,0.0,0.0,0.0,0.0,0.0,0.0,0.0,0.0,0.0
-0.002915317573359974,0.04359674186392997,0.05396370225607893,0.031187446226941324,0.0295909128043298,-0.0012830916895023592,-0.01001860144957908,0.00041844340278234996,0.002200043574946479,-0.0008219896236893444,0.004551692471434951,0.024540415985817184,0.017630640118763315,0.019944817746207634,0.02120258879736019,-0.003553564759894165,0.005454202454850666,0.022033933283787117,0.0038887743077138013,0.002466381312813725,0.0,0.0,0.0,0.0,0.0,0.0,0.0,0.0,0.0,0.0
0.025159370819650747,-0.023472966438741187,-0.00041830218124671095,0.03640895059672408,0.029781279675566028,0.04054472587023731,-0.0008604272105598327,0.0006867506447848043,0.00802633832282417,-0.0029990940266164477,0.026144445601220152,0.018888560256000837,0.0018872592854089338,0.07307090246023937,0.013899002814404418,0.00176307113489327,0.006236572407357085,-0.04229294658396959,0.0020277654373722534,-0.0007596617651784714,0.0,0.0,0.0,0.0,0.0,0.0,0.0,0.0,0.0,0.0
0.013366255727470569,-0.013262206975698574,0.03303731138448934,0.023861815817978457,0.03140524765034994,0.0019834522435528035,0.001074160103396035,-0.0008319528269685142,0.005689216781658533,-0.003934342385733281,0.04121782757699534,-0.01991837545887009,0.02512088830469199,0.04706439822623488,0.04896183722048769,-0.0014039045021928737,0.0011874005701207058,0.004714380148816468,0.021723523519657315,0.0002469060891106971,0.0,0.0,0.0,0.0,0.0,0.0,0.0,0.0,0.0,0.0
0.025719957269595334,0.03972107218511931,0.06056015375349965,0.0662534677082539,0.013659094405722296,0.002526326031785873,0.0026396107996892377,0.009718919752737282,0.0026713148912418877,0.00528627458329844,0.086323454883237,0.009047024475539222,0.024604279950063986,0.009595312611956374,0.008592872395759262,0.0007637776032833875,0.001063854928637483,0.014351029368436267,0.002405621367447572,0.0032181781550665776,0.0,0.0,0.0,0.0,0.0,0.0,0.0,0.0,0.0,0.0
0.017076653828093726,0.023237116259806512,0.02628534571976727,0.06063858016988246,0.04586316687375532,0.02931938197913748,-0.0001293668092207653,-9.968365022923611e-05,0.0024084444901027887,0.0024311425322619015,0.00902683952785279,-0.007224589554930837,0.02259136580649179,0.04413353029614223,0.038389008656745036,-0.00018444728592779158,0.005011689036487054,0.011449200101202161,0.0030545287708302928,0.0009837905320616166,0.0,0.0,0.0,0.0,0.0,0.0,0.0,0.0,0.0,0.0
0.017368165024087244,0.04173374265429151,-0.000637216387723165,0.03102146367133855,0.0069177407801617,0.00287273029479327,-0.0008836429401039864,0.003951942881990767,0.003492589110988254,-0.002061248026875839,0.039214614045114955,0.011052247904312702,0.007251724613076248,0.04834955289424323,-0.006787205280582041,0.003674968108135167,0.0005868413703729292,-0.006166740245551285,0.002976133771332805,0.002844739166858936,0.0,0.0,0.0,0.0,0.0,0.0,0.0,0.0,0.0,0.0
0.0030664093904323995,0.00319442017702911,-0.0027874392593721384,0.06803522217681388,-0.01961781338107546,-0.0018748000104975768,-0.0054764901059512466,0.0013595644692993415,0.0011043487937909744,-0.004878914451752574,0.008561604109835794,0.01749265976637957,-0.0031763050149409794,0.005816697336081573,-0.02641078702108823,0.010598472884319955,0.00188193725721431,0.007942823700915893,-0.0016218877383569893,-0.002813130764941263,0.0,0.0,0.0,0.0,0.0,0.0,0.0,0.0,0.0,0.0
-0.002569737618419066,0.030755944120076532,0.017559727429807867,0.005870753853566563,0.032751724458203096,-0.0022705547797796178,0.0026949343036297944,0.0034304588461906297,0.0028146370157703976,0.0010002223285820128,0.021710448506810573,-0.005710739413113126,0.022694821395367694,-0.021935237753652012,0.006607295341272328,-0.0029784802323537356,0.002737670755109657,0.0035944644326588037,0.00020685539456436657,-0.004074582923840795,0.0,0.0,0.0,0.0,0.0,0.0,0.0,0.0,0.0,0.0
0.04425608727217893,0.04116212731283272,0.02845574570520697,0.01116196109936867,0.0025244987097532067,0.03801677642099824,-0.0016710830019935408,0.025279792702720082,0.007789299770410639,-0.00019261887149734348,0.03283838545929028,0.02113608750624127,0.036078718235199744,0.06514751384038395,0.008074096708281306,-7.02968811427356e-05,0.002536472610460598,0.011875595535464698,0.0040888112595203144,0.0021286216249712126,0.0,0.0,0.0,0.0,0.0,0.0,0.0,0.0,0.0,0.0
0.03544596373957361,0.03154102893025431,0.04029217097945325,0.06615538551698895,0.03258373974497269,0.001625370520771244,-8.92281319782929e-05,0.0047303515275167515,0.005115585977094542,-0.0021833462041639033,0.04047175446324667,-0.00017576759677120674,0.019322187693441063,0.07323906401732774,0.023322614417831913,0.0008297448658270265,0.0015504668786556711,0.0169637861922937,0.0031426989172649335,0.004058599300742989,0.0,0.0,0.0,0.0,0.0,0.0,0.0,0.0,0.0,0.0
0.0388122253623552,0.04611329640595063,0.02841329074082098,0.05188157923205617,0.05401948485830839,-0.0020068476753596037,0.0045389110644524465,0.010338251137433871,0.001603809295950963,0.0001978084757235692,0.020334815701532904,0.0023519940727909465,0.018871043081268985,0.0431236025810353,0.07181492498693148,-0.0022990166525952032,0.003128942227477869,0.01160872024862132,0.002317510182048032,0.0039593327120848,0.0,0.0,0.0,0.0,0.0,0.0,0.0,0.0,0.0,0.0
0.012321693098672929,0.10698512935894038,0.0467607662418742,-0.00024373919030507718,0.06485810312921703,0.0005227907375737297,0.001370066871285364,0.0015365215443490143,0.007717127509782971,0.0031674713253599294,0.016923977042651108,0.025005731336353122,0.03149306473459563,-0.004743566115199579,0.027457608244549035,5.675662529555547e-05,0.0036737683307529255,0.006941850567433715,0.002276208829801945,-0.00035973310261111713,0.0,0.0,0.0,0.0,0.0,0.0,0.0,0.0,0.0,0.0
0.01737776597010253,0.02176607038409599,-0.0013091200664688439,0.024976216373720585,0.018014735503954552,0.0008053222091993152,0.003789679786755581,0.001823881082388719,0.004802413702519024,-0.002502782554994131,0.024501306456143852,-0.009293109560404406,0.0020789984998352082,0.009012819890552264,0.015417228915975145,0.002789863978921526,0.03275885189326565,-0.00857337462995277,0.024504991666953236,0.02597983761780796,0.0,0.0,0.0,0.0,0.0,0.0,0.0,0.0,0.0,0.0
0.035928465901069004,-0.032165251509273025,0.0010607917834375379,0.03030560290872816,0.03448862073557154,-0.00397009215064011,-0.0034623467019187153,-0.0009233243747085272,0.0051849223094512405,-0.004878884312348054,0.02241937659813592,-0.022466039979099156,0.03929041363827087,0.05848647729061835,0.01922282949708293,-0.0008233311286483501,0.0015908094095022304,0.009340951111438945,0.000320473772165138,-0.0002288676784630777,0.0,0.0,0.0,0.0,0.0,0.0,0.0,0.0,0.0,0.0
0.032658544009588994,0.011374642591767972,0.019970809893926647,0.02901024613529732,0.0367794312429466,-0.0002902296067221775,0.0017118701923665857,0.0021335343835454123,0.004269628819469934,-0.0007603825410529247,0.011019351696108019,0.0007564504915532137,0.04473399275068736,0.01993889598240294,0.018471118339356767,0.0019440298995618492,-0.0011608300195142872,0.006518990480030053,0.0006014850485555692,-0.000959982669504141,0.0,0.0,0.0,0.0,0.0,0.0,0.0,0.0,0.0,0.0
0.040239497055801175,-0.0014261265748249914,0.041043948992894354,0.02954807024015165,0.010756008089076083,-0.0005727778675826276,0.011021799965301815,0.003920782585603285,0.007460493284548661,-0.0016899911379374885,0.04763808901128898,0.01359369106368729,0.1052406316672801,0.019400555462025317,0.005763852715395177,0.0018325757433388442,0.004475526944523614,0.010329890381531925,0.0007266038759877109,0.002094620107282184,0.0,0.0,0.0,0.0,0.0,0.0,0.0,0.0,0.0,0.0
0.048812759109578205,0.0030210139668166397,0.02358084943970923,0.023773621465519083,0.010623267760321622,-0.0021612767673288144,0.00829088883749418,0.00048693335935539976,0.007399378124855091,-0.0013092062920539752,0.014128783837162219,0.02172407576860838,0.07010672492705591,0.02868455911121559,0.005519414373086825,0.006741480869414754,0.006142227415145981,0.00927440425160656,0.014081564510004628,0.025462024170282718,0.0,0.0,0.0,0.0,0.0,0.0,0.0,0.0,0.0,0.0
0.03300761733764726,-0.012719860425760083,0.024173957777869074,-0.016741588069385326,-0.0032554530781472983,-0.0008184763016907938,0.008445876290639087,-0.00012989111379020616,0.003019050584947129,-0.0011142823207266916,0.06638512532526754,0.00162187002542628,0.006281408304633151,-0.028755090905838922,0.013103632856282802,0.0020927452376657066,0.0251641372924016,0.0066325051642272745,-0.0013766424753558486,-0.0012950443859407795,0.0,0.0,0.0,0.0,0.0,0.0,0.0,0.0,0.0,0.0
0.02163940716815424,0.04394137087392038,0.026120452988145852,-0.01307971269157217,0.0016335706261626764,0.017813964722643058,0.0016912692141068007,-0.00023446586572640034,6.0533929083036164e-05,-0.0037356947078829987,0.00037389161723381544,0.045354585268420435,0.08926381612839006,0.03152521342510165,0.008502284414056335,0.0006004991353757016,0.0053497626901406374,0.006834469205497488,0.005116034347124114,-0.0038806270279230655,0.0,0.0,0.0,0.0,0.0,0.0,0.0,0.0,0.0,0.0
0.02823711702960039,0.05028203580999491,0.019876721823084174,0.027608149463152567,0.009473291689558308,0.0006168566053443664,0.0015348190291072873,-0.00030886746479144225,0.006973599185134572,-0.0042109453333740166,0.037102679133908925,0.04399174677386181,-0.004402891921995409,0.05420708633844179,-0.01584630270666233,0.0044540213873779915,0.0009437167684839657,0.010485342309424927,0.009816764986131822,-0.0001444050864317231,0.0,0.0,0.0,0.0,0.0,0.0,0.0,0.0,0.0,0.0
0.022730989561325146,-0.01461529642648726,-0.009211965507607712,0.03246953592621102,0.062487168461082286,-0.0019825109973602316,0.004359215443444138,0.0019842375857977296,0.005013342256471672,-0.0013318597305828116,0.038670291214947805,0.033119387235030544,0.0020874642358826253,0.008378052692649837,0.007354654459201214,0.004221678160970264,0.008445986504876556,-0.021374866232779073,-0.0007911322086990677,0.001707224485996991,0.0,0.0,0.0,0.0,0.0,0.0,0.0,0.0,0.0,0.0
0.02916215034487828,-0.010653313732041808,-0.021617402276184815,0.045137675440996915,0.05021206142187054,-0.002898771569052363,-0.00021101063814051667,0.0026803943359541733,0.006941497336430139,-0.0022326970628064506,0.02281085121844303,0.0039870102135634,0.0033995982162181404,0.016185349335398936,0.0032210883749676043,0.0019328935027326992,0.006669769146704825,-0.04578102958331633,0.0004153108349265337,-0.0006398277411708693,0.0,0.0,0.0,0.0,0.0,0.0,0.0,0.0,0.0,0.0
0.026713007245305297,0.0215286655146145,0.015669865028741143,0.05087024704964658,0.03805986620645312,0.00020560451486326145,-0.0007413502245909576,0.007174685447968088,0.002293478884565206,0.010483726320747453,0.060875222157795374,0.0043174255723510595,0.008409414491438314,0.0740877382828717,0.029994049786744033,0.0007004805514948737,0.003616878673159371,0.009992160768856,0.0023972936794523186,0.0020731371678955153,0.0,0.0,0.0,0.0,0.0,0.0,0.0,0.0,0.0,0.0
0.029204885078397455,0.0013152972388330996,0.041103876553159974,0.04193057740725828,0.052963680659728944,-0.00043665228051784164,0.00868714120280352,0.004666624876341864,0.00543573893957477,0.00047442818360532175,0.052438985767516474,0.03223886032913488,0.047767191923333875,0.028534715878703296,0.06735262063620959,0.003029087592897176,0.0232093765814461,0.014721708272004181,0.0003239803966752475,0.0030441229539572546,0.0,0.0,0.0,0.0,0.0,0.0,0.0,0.0,0.0,0.0
0.03426908490472767,0.05793684789880691,0.013286974839067192,0.03824908923972161,0.049631632375659866,-0.001769134717100598,0.0038835651856367636,0.015410095691219265,0.0026155203762779533,0.0005700568411983074,0.017915530757960412,0.05025514386709714,0.03981131725509208,0.020209908909014397,0.045444007626975945,-0.0010023906712334537,0.0031571049214548915,0.012437012714352028,0.0036580959899234398,0.002479844967095247,0.0,0.0,0.0,0.0,0.0,0.0,0.0,0.0,0.0,0.0
-0.0024509200102540312,0.05366552218271473,0.028873298067736027,0.05829452791817027,0.05372250492779879,-0.0017878251822280049,-0.0011622779298257537,0.0012735070376698433,0.003905752589756122,0.0008423142517278014,0.007336466131798661,0.01828728820006166,0.005258992943464427,0.057970903534558645,0.054324000726226,0.008120601950373866,0.011531748059372779,0.01611723717186151,0.001113438289777137,-0.0006702587129460369,0.0,0.0,0.0,0.0,0.0,0.0,0.0,0.0,0.0,0.0
0.0071526659606653276,0.06650812844374011,0.01632565245490642,0.052045654400668315,0.046198388090135024,0.0001566371671024155,0.0038493941249448833,0.0030794126565143872,0.003199333195156162,0.0011265650475110302,0.019434677043673694,0.061932866260980476,0.00444188234323661,0.03248883296233674,0.055535235953433,-0.0011098095984033076,0.0037043777503794613,0.019443659111766612,0.0033126191490069623,0.0026437886716236445,0.0,0.0,0.0,0.0,0.0,0.0,0.0,0.0,0.0,0.0
-0.022526929153719382,0.05019085208690062,0.002053686517169854,0.04048166892948446,0.03194850050935082,0.002923160460473852,-0.0033846383063152914,0.00752320376351499,0.011991658300787633,0.0012473778485884662,-0.0019691869757815154,-0.010502677895807035,0.04159394928246963,0.04119941478852009,0.020980417240860024,-0.0012957177834476423,0.009315767698900319,0.005215027925970476,0.00219969999397169,-0.0004636381115197109,0.0,0.0,0.0,0.0,0.0,0.0,0.0,0.0,0.0,0.0
0.04381243296396545,0.04876287617432556,0.016514152558547456,0.010471113125864302,0.03400707699693203,-0.00197284297828037,0.0010241871180510593,-0.0006884743904145425,0.004839369011685312,-0.0013653377112662973,0.03262633291150172,0.08765960032902073,0.02284523688145203,0.009065392183514825,0.024252376172308524,0.01940854296250459,0.005877523444731518,0.0069870701637030274,-0.011785685189402376,-0.0008709815393672943,0.0,0.0,0.0,0.0,0.0,0.0,0.0,0.0,0.0,0.0
0.013771289412644978,0.05656765796740728,0.0018791094889077488,0.03787144018806142,0.03525596163114435,-0.0017508446613941123,0.01227310917087976,0.0059290544167501435,0.0026388779703131037,0.0022992033628246524,0.021804088038911505,0.0959724086073575,0.03739136319759003,0.019713381053722785,0.04550033431687035,-0.0014787690344251886,0.005351953091650767,0.01214363290832721,0.0026975687244525717,0.0028907772683752185,0.0,0.0,0.0,0.0,0.0,0.0,0.0,0.0,0.0,0.0
0.05150214705832587,0.06884479510859419,0.024586235330959015,0.03842629415247917,0.048539168655332136,-0.0023756190002675735,0.0015868947167974818,0.005432843761814431,0.002769305972948201,0.001186617094826216,0.015788569251063027,0.001954001537456553,0.02860024410233461,0.04791855888546527,0.05750398873746929,-0.003922047728130732,0.008831286443303723,0.011035755637881154,0.0013585331261064637,0.001049020173889786,0.0,0.0,0.0,0.0,0.0,0.0,0.0,0.0,0.0,0.0
0.02098483203556038,0.031474981141403895,0.036278310071454524,0.0376724499123797,0.014127613808629235,2.2678551829981645e-05,0.0016960683414728786,0.005575341508505408,0.004890028214470951,-0.0012338110995655624,0.01851154309354985,0.04338581308062127,0.09534168724061626,0.043413874883495795,0.010708060933563222,-0.0007621715526092451,0.004839571694570596,0.007745646541726351,0.0044780716714827706,-0.0004289929527871487,0.0,0.0,0.0,0.0,0.0,0.0,0.0,0.0,0.0,0.0
0.015300813746698767,0.05827314221935461,0.039345163014778015,0.005610457751440775,0.03584280521184062,0.0003493572785469972,-0.0013234917041736573,-0.00047422230315546704,0.0029199463025870527,0.0013548866971568572,0.004006106549752283,0.11336607585050852,0.03582520191826206,0.0018872504083370652,0.029135371028210594,0.0064025998781064054,0.007524320749007773,0.00918013201956848,0.0034498926309663334,0.0007457878725781445,0.0,0.0,0.0,0.0,0.0,0.0,0.0,0.0,0.0,0.0
0.046875437905841276,0.03731746771213422,-0.020251861530101705,0.03583804047349181,0.047663896686145464,-0.0016055971922426147,0.006588583071357288,-0.000723818745433779,0.0036162836976485627,0.001112711347244771,0.026365388230979055,0.003269598515746203,0.016650561647167775,0.03900319346873035,0.06262583838924633,0.032377952817262495,0.007443234608731704,0.00542151643108179,0.0007740611369820436,0.0033591084483578794,0.0,0.0,0.0,0.0,0.0,0.0,0.0,0.0,0.0,0.0
0.007430671170942204,0.0036929573463374116,-0.004777106625478779,0.05447834201276107,0.029290589369289716,-0.0019040965741994403,0.001478088537539765,0.003661341429834973,0.002963020140369701,-0.003365517287857135,0.01761281907097661,-0.01774056654857034,0.0037643966032012946,0.0036847479336145597,0.0070262612680620454,0.000537586234803069,0.0015242876225338843,0.006335821816232502,0.06546532978291154,-0.0008067171474075602,0.0,0.0,0.0,0.0,0.0,0.0,0.0,0.0,0.0,0.0
0.016525660852956692,0.0573133546409318,0.038595060970631596,-0.0013268204838567707,0.03146024727578233,-0.00260981503685825,0.0067768957241681835,0.024520050193824725,0.0009113692411610163,0.003623311088469314,0.019117208561883245,0.020168510612354255,0.03539070406321921,-0.04630770571088408,0.03780374035376027,-0.00037731178887578817,0.0018285817479035031,0.008972444539886265,0.0020587200354365825,0.0018596323336551577,0.0,0.0,0.0,0.0,0.0,0.0,0.0,0.0,0.0,0.0
0.016478166975021896,0.010858521310317362,-0.016066083483951322,0.01244138084573943,0.028788119425697662,-0.004851214045426742,0.0061613110311618344,0.0019002469898578788,0.005916390461813576,-0.0009519941804756252,0.0027786770332357824,0.026866304457284173,-0.006115647186408756,-0.006253793308911481,0.048974505006357825,0.0009911245555382345,0.04386887299712244,-0.06529885458565995,0.00023352943238385385,-0.0006237169152107465,0.0,0.0,0.0,0.0,0.0,0.0,0.0,0.0,0.0,0.0
0.03625793567288047,0.025867071543030074,0.011612929969861609,0.014888777879469888,0.05214689201850377,0.013232029047861795,-0.0016398107356768508,0.022094838421377997,0.003222118994786267,0.037313349147707946,0.011064241564116046,0.001886869567157783,0.012901072637576567,0.055812878169281974,0.07441647615144543,0.00044289628605067736,0.0019466658833210062,0.006980729832747419,0.01007053283819553,0.0007853443258532483,0.0,0.0,0.0,0.0,0.0,0.0,0.0,0.0,0.0,0.0
0.007322886720260267,0.05214178660940297,-0.014495329673382608,0.030894442984788894,0.02447783188733303,-0.0016982450703172255,0.0037955974678029877,0.0029687192597684727,0.0038004992535927862,-2.9889889116267323e-05,0.018309966288356436,0.09083355677189309,-0.002266672380128657,0.026281681241556297,0.030685806301139693,-0.0007490547919018626,0.005871303195302096,-0.0465251540910685,0.003164512213244147,0.0016857168908533768,0.0,0.0,0.0,0.0,0.0,0.0,0.0,0.0,0.0,0.0
0.08876182756594028,0.07196075293832896,-0.004262670312871833,0.026444378764727272,0.029669565453881785,-0.0009665903040083753,0.004569369998541026,-0.0009343832084352504,0.0032514364971596415,-0.00011819180887345695,0.04414904835361793,0.003354355348982399,-0.0018983841150524339,0.029451083837226014,0.038571831597207826,-0.00010800680617921145,0.011536219370874935,-0.04357181348529189,0.0004763342974620165,-0.0004455385227858686,0.0,0.0,0.0,0.0,0.0,0.0,0.0,0.0,0.0,0.0
0.0791255202593157,-0.04726675347575373,0.021926291040451656,-0.007686235397641481,0.009720434435192462,2.81010544191502e-05,-0.00038719900730267205,0.0003753293977728158,0.0017970465770827551,-0.0017568404659321529,0.012908633865671487,-0.001287860439678434,0.012758517365477557,-0.001972050419778576,0.02078016691112078,0.004166464367959377,-0.0010637526530030196,0.006157899175664132,-0.0040500391337241265,-0.005552076336941331,0.0,0.0,0.0,0.0,0.0,0.0,0.0,0.0,0.0,0.0
0.04083741979091943,-0.011941269620455407,0.08291446355410005,-0.008029070309635046,0.02943201204329811,-0.0010050274409040025,0.003114833980870762,0.00016385515193844362,0.002073324169837642,0.004360509122768252,0.026079814469867107,0.017786126739253186,0.04338329220556149,-0.011287427963709188,0.015137427719554593,0.008365926644656603,0.00731704890506473,0.005865089599051358,-0.00017694106049074535,-0.005669810581175092,0.0,0.0,0.0,0.0,0.0,0.0,0.0,0.0,0.0,0.0
0.007396488416251076,0.040371925915501664,0.01952564127951732,-0.013801871329750635,0.01032191582486794,0.0026110863172594556,0.0029759798869884117,0.001396774946632252,0.0006046452707092598,-0.00019152681034684252,0.039550178359400875,0.06054692006341043,0.005292092233551592,0.014692988565770806,-0.006745743872890475,0.0006936358619929458,0.0006599029695012443,0.011183618174441967,0.008177178368939659,-0.0015402333213757316,0.0,0.0,0.0,0.0,0.0,0.0,0.0,0.0,0.0,0.0
0.030941041375117204,0.04637773694529835,0.03988264584651019,0.0394183055592022,0.04059511550124497,0.002658528196440391,0.004680561081098451,0.004914174520914209,0.006018503433124938,-0.0013448190613343431,0.026941926597401956,0.015732876658664272,0.0860231176037597,0.04462091969023849,0.04817518398169581,0.0032813653566988866,0.005473282435391191,0.012206438588194523,0.002500224672093998,0.01462446813861526,0.0,0.0,0.0,0.0,0.0,0.0,0.0,0.0,0.0,0.0
0.042429118580951636,-0.01416307503957183,0.0542104562432561,0.0007769223332465065,0.010955787684728432,-0.0044929895118703,0.001331374818307147,0.001779678337310868,-0.0013050228015785129,-0.004311347371115129,-0.001685127149560727,0.0013429954812448506,0.036741479795125084,0.0365377143873448,0.004730184250212759,0.006079204209281062,0.018437754568540157,0.007728605520097806,0.0007046681596301336,-0.0007830165792460274,0.0,0.0,0.0,0.0,0.0,0.0,0.0,0.0,0.0,0.0
0.008951408321357053,0.0799985667458177,0.015730546083465868,-0.0034998577328223704,-0.013030461468249911,0.0013307899697811451,-0.0011179863510578912,0.0015159995814770458,0.0019804769240673683,-0.0025112424704656086,0.024100537673932453,0.11129552155267775,0.037744019537376924,-0.0029835903679623875,-0.017086539622268665,0.0013363975573957717,0.00872637905683082,-0.011121397495075671,0.0021192308016128904,0.00024279882248180712,0.0,0.0,0.0,0.0,0.0,0.0,0.0,0.0,0.0,0.0
0.027069798912477218,0.030245133273968185,0.028882667056911088,0.0388986814050058,0.0038468008108363933,-0.0001221427091836729,0.030212242577777364,0.0027199786591156983,0.004252124563626185,-0.0023749253882975685,0.027066784367097595,0.03383396802537083,0.029002188334670245,0.06486145353799297,0.017957478165385673,-0.003052108894071973,0.006136819898544678,0.008285284278525124,0.004108552642310531,0.0018908176023093698,0.0,0.0,0.0,0.0,0.0,0.0,0.0,0.0,0.0,0.0
0.021854620492274088,0.030255505143079897,0.02650110790303872,-0.002087708823280378,0.019134161637029273,0.01684415666491296,-0.0014813256308330118,-0.0016064568801781745,0.0042962106288330065,0.004991699025317044,0.02394078549809491,-0.00687726617929268,0.022313729716235416,-0.007314296285052612,0.012125180088017901,-0.0040390882520467035,0.0017790356427924217,0.01019884809052449,0.0036022601098398338,-0.0007095614689347261,0.0,0.0,0.0,0.0,0.0,0.0,0.0,0.0,0.0,0.0
0.03474156519362365,-0.01909927473993506,0.028272414745425266,-0.018301134996641297,-0.009671610384831417,-0.001594492487558025,0.0014335313750610415,-0.0002086713828673544,0.006217698424233717,0.000481833062391199,0.020790961262289864,0.01152754592287613,-0.017379389046136035,-0.00950678849811994,0.012984281745315764,0.0228250987644721,0.015945060361902585,0.004789600872128373,-0.0028112707528487645,-0.0027153623204111675,0.0,0.0,0.0,0.0,0.0,0.0,0.0,0.0,0.0,0.0
-0.010217609148828608,-0.018356059637766344,0.03236186271535032,0.031038557259821617,0.05260967860599124,-0.0025140121370769188,-0.019347374870367844,0.001969515470902278,0.001948815181331135,-0.0022634840373102457,-0.006123204569865601,-0.02812041092059306,0.03208531157216807,0.02528829735657737,0.07801443227190878,-0.0028138501260901463,-0.0005987537922059907,0.014676172657935915,0.002276403335416027,0.0008533903856926069,0.0,0.0,0.0,0.0,0.0,0.0,0.0,0.0,0.0,0.0
-0.0029864225076682393,0.05144254212350862,0.02725385213620337,0.054510275359546,0.05157895765235408,-0.002284533604119575,-0.00034187889517732533,0.0008891789001842198,0.0032292897183483953,5.8591832850595654e-05,0.003913602957485879,0.022474512265981347,0.02665501798873391,0.05204816274502999,0.05781447025978009,0.007034245662656964,0.011323745152790261,0.013668406873701328,0.0013054637982482331,-2.0658272625998726e-05,0.0,0.0,0.0,0.0,0.0,0.0,0.0,0.0,0.0,0.0
0.003957911074133192,0.020605797478606042,0.035414869773736694,0.05755371321059365,-0.0011118243734073033,-0.0007430074773455962,-0.0022622179209416757,0.002202953497812331,0.011905151178775898,-0.004046120933709997,0.011359761933041562,-0.007911406199709812,0.0616666279262912,0.03630225532190798,0.01850563461676226,0.0016955743149771173,0.0074516912103618944,0.005263047658482422,0.001974084260482714,-0.001062899430478128,0.0,0.0,0.0,0.0,0.0,0.0,0.0,0.0,0.0,0.0
0.012577910754845701,0.06065703007481024,0.024800674947089853,-0.01334154618417503,0.02636681251290248,0.0018606493940260375,0.00572244205969026,0.0018555572407968285,0.002158412328614753,-0.0026440392720465905,0.015193186088077449,0.10465676403988589,0.03300840029262024,-0.005230019451887409,0.028718682638728642,-0.0008276149126814159,-1.256207814703927e-05,0.008488910988762772,0.003284366883044894,-0.0008240571555796666,0.0,0.0,0.0,0.0,0.0,0.0,0.0,0.0,0.0,0.0
0.03315665211242137,0.03084503612471694,0.016251545585269967,-0.0062322796148285954,0.04227398344037532,0.0022396490932215843,0.005386983158455217,0.0009905607050873617,0.003930147697307276,-0.0006445050758480638,0.04264113672005508,0.035521770740490594,0.00980789489065834,0.026509962125208588,0.011961226666522568,0.0015533489335911796,-0.00010427322011702625,0.00882902086792944,0.0038432623928920484,0.001855469675240614,0.0,0.0,0.0,0.0,0.0,0.0,0.0,0.0,0.0,0.0
0.005295383861073118,0.02968398817076089,0.023292999988333084,0.031060297570504602,0.004697193152510934,-0.0011256499499561984,-0.0012836106392604915,0.0146008118880417,-0.0006229066357248144,-0.0016226477374589273,0.0245227266609341,0.057534555502136236,0.03493407505686123,0.0672192160252779,0.017929585708911344,-0.0008490066110136622,0.002116872569204032,0.007781781632169911,0.0031568124067323498,0.00039911850033522167,0.0,0.0,0.0,0.0,0.0,0.0,0.0,0.0,0.0,0.0
0.035118964184724176,0.03707107069433122,0.01693870296475517,0.023331289970226415,0.004182583091499587,-0.0008459251230183457,0.0028880503913726887,0.021891424979455485,0.0033159415717233403,0.00105668009941682,0.020424970798325746,7.602482476326628e-05,0.017208327032650395,-0.00918278775255047,0.013542357687171687,0.0009018880732519669,-0.001510441401532865,0.009388038788048976,-0.001994859757305546,0.007501538098238562,0.0,0.0,0.0,0.0,0.0,0.0,0.0,0.0,0.0,0.0
0.034690449530113764,0.0038411942390924286,0.04074817024467381,-0.004863939268311477,0.018108902843581062,-0.001558645704583096,0.0018944690574552985,0.0007516174081727328,-0.0012816926523331281,-0.0011388060841240602,0.018839305400665265,0.0038829109886874607,0.04261424311987645,0.03705425926757009,0.030631917723213425,0.023146392200892697,0.005564678858325791,0.010240445726831143,0.00014952654811547304,0.005406197672458078,0.0,0.0,0.0,0.0,0.0,0.0,0.0,0.0,0.0,0.0
0.018707223215471126,-0.023504699875996016,0.0034013280644738853,-0.02202280145695844,0.002274640732597297,-0.0026559638645149396,0.001330544026254428,0.026633940707086905,-0.000372668255807733,-0.0024177256786967905,0.02748741014924985,-0.00044846430369615257,0.0026392035581156857,-0.02521584835517468,-0.008745144761902095,-0.0004450268164411541,-0.009497488681660945,0.010073081558407693,-0.00181616187383178,-0.0016837809666050943,0.0,0.0,0.0,0.0,0.0,0.0,0.0,0.0,0.0,0.0
0.06681654063254754,-0.005519982062812041,-0.01536759703677006,0.036023004345804716,0.02266687888994414,-0.0008582760159948562,0.00010625761463134965,0.001491772841599127,0.004180402413712385,0.0001689186296284973,0.022988312539518937,0.039764052712517955,0.027232851462362435,-0.023596338578365954,0.06325674147280477,0.027623455326577236,0.020053963485463608,0.013162259216696495,-0.0004713434119473305,-0.00100027735754931,0.0,0.0,0.0,0.0,0.0,0.0,0.0,0.0,0.0,0.0
0.006995100393888683,-0.047222481196175246,0.00786113248258349,-0.0182168948628866,0.006253005210797889,-0.0016323775473748646,0.005134553923978387,-0.0006413658067650793,0.001861109243912728,-0.003684253350225023,0.039794628248870825,-0.015926810821787225,-0.0007854445581650023,-0.04883249732967883,-0.005154469015196303,-0.001876267186306596,-6.230365960630934e-05,-0.007963596121073006,-0.0010398822796567574,-0.00113928864876576,0.0,0.0,0.0,0.0,0.0,0.0,0.0,0.0,0.0,0.0
0.02280737266434197,0.06410843018170913,0.030204247855230116,0.027453073054304198,0.018767085348333594,-0.0015333906004620264,0.002665438293053829,0.0062018437911475,0.0022022844031750156,0.0009701146385667343,0.05056947892990655,0.09775534851603297,0.05567872107681548,0.021664253934415657,0.021587015683181263,7.395641923722626e-05,0.005977064520452373,0.016027586795181965,0.0037592046794616574,0.0017824669362877103,0.0,0.0,0.0,0.0,0.0,0.0,0.0,0.0,0.0,0.0
0.033011445525359,0.053162469554956265,0.04731704257478547,0.0320519360602103,0.02485605662300442,-2.34185721285213e-05,0.0014980502339895728,0.0012763916637005014,0.00451689734474839,0.0013952374479261594,0.010986861276314803,-0.001915846628675488,0.06977253986425365,0.021946531068005915,0.045003913077373454,0.017445608014979793,0.008991536203470636,0.007940290241769316,0.001682309196688054,0.022805746349637883,0.0,0.0,0.0,0.0,0.0,0.0,0.0,0.0,0.0,0.0
0.05813117948623316,0.03701233307806917,0.029355714705858602,0.03970082420170821,0.03861602273750668,0.0011096958137357298,0.0024310362722488885,0.0016724022602692956,0.006289822061012023,0.003159484303364816,0.016041621251325817,0.0013672450800291018,0.027818648199291023,0.06501041250069649,0.04791572613659321,-0.0005241034079483637,0.005517638552356963,0.011753747378753615,0.0011043440936480346,0.00033098493082963325,0.0,0.0,0.0,0.0,0.0,0.0,0.0,0.0,0.0,0.0
0.02178656591272525,0.06198066020912382,0.021355422396014026,0.0597998498376268,0.054708233730254074,0.00012640294896736767,0.005360754529308802,0.0035635101140625153,0.0033541915528752914,0.0004004586125990569,0.028407106103561217,0.06146869390495619,0.0018036569285878985,0.03770442800631106,0.05598879085366099,-0.00018354034566028644,0.004200158473518453,0.015311388477194226,0.004329628837115164,0.0023932552789898407,0.0,0.0,0.0,0.0,0.0,0.0,0.0,0.0,0.0,0.0
0.035949516493503454,-0.04601997735092528,0.02983738479353384,0.023301714974534118,0.03371286405576882,0.04220000597140215,0.0036595447071744104,0.0004974693697035102,0.003546178782404705,-0.0005767892356325332,0.017608092299229158,-0.001745952759093212,0.07552629832681126,0.004384796655883045,0.04358132289479922,0.0020354818691472602,-0.011882063766519374,0.020803231664642468,0.002776863691706294,-0.00047438631770207595,0.0,0.0,0.0,0.0,0.0,0.0,0.0,0.0,0.0,0.0
0.02312901466918502,-0.03463448674267523,0.004897275287068128,0.03199284599227629,0.04101370274621484,0.059871544592857824,0.00032020939613554587,-0.0002074977881313661,0.004364572273287754,0.0012515211948371475,0.00409493040462506,-0.011767234462300583,0.028113934522165696,0.015385248587430837,0.04655924157675725,-0.0020970820910279696,0.0038725315108796344,0.01314098879201991,-0.00039439743132403893,-0.00018526590991073665,0.0,0.0,0.0,0.0,0.0,0.0,0.0,0.0,0.0,0.0
0.013526683408024215,-0.016869506983408476,0.006588108316317764,-0.01854820298065309,-0.007987476666915325,0.0026136569405497087,-0.005188387977634616,-0.0017965413382704152,0.0012066532196124068,-0.007738611029250682,0.017094699103646062,0.004049581045027478,0.009945150153965724,0.0033421765512563514,-0.02135606919647737,-0.00218165346739966,-0.0010543686461577104,0.007889853200454353,-0.019883239014962577,-0.0049309075173517725,0.0,0.0,0.0,0.0,0.0,0.0,0.0,0.0,0.0,0.0
0.039324184498584144,0.05254979831785152,0.03041691508353238,-0.00980460482874369,-0.003227139310229494,0.0011797210714287664,0.0027462239854571663,0.006683737275429174,0.004026582487578477,0.0007905165766565596,0.011041989926927407,0.08266712639228824,0.023378404742284167,0.006015189056414739,-0.005697899605250915,-0.003275836952263718,0.00147841291377252,0.0035183538179147595,0.0028821135848536585,-0.002972191914113529,0.0,0.0,0.0,0.0,0.0,0.0,0.0,0.0,0.0,0.0
0.04456238261295847,0.027039140278501492,0.006019375259397858,0.0458898654880549,0.046190747970261826,0.00031239874933581684,0.0009599371949147234,0.0029677746353667304,0.005874906282724273,-0.000756866239519092,0.037742476204334845,0.034043339918206496,-0.006569221217532362,0.02736074798492402,0.05689691850496694,0.002043316158379658,-0.0003976523781814411,0.009629316259878593,0.00789503577512894,0.0010176576782698879,0.0,0.0,0.0,0.0,0.0,0.0,0.0,0.0,0.0,0.0
0.03147618831371477,0.02704718171755063,0.03706502604882891,0.02609024516684347,0.0007700088554233598,-0.00026265309861693694,0.002314848077665411,0.0006537598600656472,0.0046705975765008855,-0.004495964420027958,0.04337322145564964,0.014082065685947864,0.017386582651285034,0.03615786834528468,0.00506114170985133,0.002927820203425996,-0.0007794851324234147,0.011697957412756652,0.004118492129422123,0.0043666945612266085,0.0,0.0,0.0,0.0,0.0,0.0,0.0,0.0,0.0,0.0
0.04351213221116359,-0.024587531246116456,0.03284484547855488,0.023262459465231627,0.0434327862484353,-0.0015353059474850822,-0.0005426875653247869,0.04173181240741317,0.005483527076797981,0.0003019860253880771,0.013179554691893882,-0.013470593947208393,0.05808159320929258,-0.022224274063444103,0.05164746803429582,0.0023859388090905114,0.0057261521940907886,0.005826071937286169,0.0003368540439749499,-0.0016711919429584189,0.0,0.0,0.0,0.0,0.0,0.0,0.0,0.0,0.0,0.0
0.0044829407979341054,-0.0018417856424001982,0.030849919613526993,-0.016383231828050578,0.022477945691690464,-0.0022421568914274157,0.008770072272740409,0.0009674411609758194,0.003844587512078245,-0.0018772839327579913,0.03278413604202549,-0.016102419011194025,0.02092308524597417,-0.033540342615567875,-0.0005109216295240815,-0.0020384867799372246,-0.005004621214424907,0.0059480345276181085,0.0015143010859569178,0.0007003827151357739,0.0,0.0,0.0,0.0,0.0,0.0,0.0,0.0,0.0,0.0
0.018326991498448072,0.021077911764840133,0.0019194405091382746,0.034867049892861955,0.07344585069874447,0.01795447439986767,-0.0017281702355984529,-0.0011662188617107274,0.007185417854195362,0.0022363944066418413,0.03370806055720387,-0.001037183793567232,0.02882962533190004,0.0013017615208033033,0.009065550811313123,-0.0007058882062546335,0.0031115119259079067,-0.010323269248368258,0.004550079085590153,0.0011022072084142876,0.0,0.0,0.0,0.0,0.0,0.0,0.0,0.0,0.0,0.0
0.04685341766118679,0.017744106814416325,0.02720566180866051,0.007645693192738191,0.0649214284647108,0.037405937353504164,-0.0014229209208695354,0.005184376593807851,0.005456464306347097,0.007833502219547353,0.015058816009468106,-0.0029372156525013745,0.022618389883188872,-0.0011877034355602038,0.03234283132359784,0.0017082491915328649,0.0035576499275737235,0.009306389942498272,0.0005370544506126862,-0.001110532014088981,0.0,0.0,0.0,0.0,0.0,0.0,0.0,0.0,0.0,0.0
0.011334095070447426,0.04262816387690202,0.03361214704914721,0.04787231799098602,0.04591973365328726,-0.0003874303927061362,0.007031066267107567,0.002200789748358351,0.004805391260059802,0.0010917420928480957,0.03377651178863258,0.005463432558517699,0.013335431286756353,0.047995086085516434,0.045913249104103326,-0.002848632616059973,0.004616581578890114,0.016702756475895433,0.0014288492282230065,0.002635344539762914,0.0,0.0,0.0,0.0,0.0,0.0,0.0,0.0,0.0,0.0
0.047336560779246355,0.07061817980196762,0.03633029435282054,0.04965746978313646,0.049498170140527493,-0.00028944274008349915,0.0028916402476455907,0.002818042831219088,0.004453572268624686,0.0027934345360545237,0.01858549904059913,0.026887842932947922,0.03214852463573989,0.05920139012251923,0.058503639656751184,-9.350786058898337e-05,0.007613943939662698,0.011360129696529237,0.002355346896408719,0.0015475941966575264,0.0,0.0,0.0,0.0,0.0,0.0,0.0,0.0,0.0,0.0
0.011397633566637777,0.05313718641241128,0.018410830963544955,0.025454185406161383,0.023017336181227217,0.0015612218732105095,0.0015254267470076396,0.0038317741155996987,0.004476908007926452,0.0009782110522328449,0.02752006443827403,0.06140183063953296,0.007209937284238304,0.026792921421887283,0.010023557363759756,0.004246932730265489,0.0032092675515354332,-0.002108963217721762,0.008804620380248509,0.0028307142023950875,0.0,0.0,0.0,0.0,0.0,0.0,0.0,0.0,0.0,0.0
0.0489824441348006,0.02834733755444793,-0.0033777646246111854,-0.008403909706696352,-6.1084706381445975e-06,-0.000764403070338583,-0.004426948790657962,0.036078236269455784,0.0022949316660315837,0.002693723666136709,0.01944320697932649,-0.0021245743976442597,0.009043724012516892,-0.015809031533978484,-0.004683788277068812,0.027307772305589235,-0.0007845629688533709,0.011737128376099913,0.0010689594543627865,0.021389875612781994,0.0,0.0,0.0,0.0,0.0,0.0,0.0,0.0,0.0,0.0
0.05304739830428213,0.0472341761761919,0.04695776664360188,0.06327220100229435,0.05791935734251544,-0.0006959948643639985,0.00017398778590424393,0.0033588458967008716,0.00225023609616949,0.003036261190388263,0.02290082140157976,0.01306844147962806,0.04728318701053123,0.028256135625330196,0.053792821772907305,6.783565856777726e-05,0.003990798103596128,0.009005065542992245,0.0018183243007082557,0.0019839306508451864,0.0,0.0,0.0,0.0,0.0,0.0,0.0,0.0,0.0,0.0
0.045959533981442445,0.0029491719209294933,0.02273166423795514,0.035431141338532784,-0.026310123557750226,-0.00307427109097279,0.00026217786851539615,0.00359126878193943,0.009901468563977,-0.002323507872123541,0.029404617883636693,0.02655554206248114,0.0027449407262404913,0.04274289578279899,-0.0019394404961776757,0.002087316994591578,0.010233519929746322,0.009364798326220515,0.0013174552673999365,-0.00032633143383553116,0.0,0.0,0.0,0.0,0.0,0.0,0.0,0.0,0.0,0.0
0.044747676687760606,0.06571390390148263,0.024332218405745974,0.04098608768837485,0.04404328992294065,-0.0012565659993153712,0.01963899279840794,0.0006948643282687538,0.0032885546272390645,0.002087645748698122,0.03779926486949451,0.02441641642554206,0.003966487649006367,0.03285460889551374,0.044228123134470686,0.015576920730987898,0.008649203797379577,0.020091663390597796,0.0025274800907842876,-0.0006652399730084219,0.0,0.0,0.0,0.0,0.0,0.0,0.0,0.0,0.0,0.0
0.028861475763699154,0.03400413851351827,0.029489549636676562,0.023199699863748004,0.029831130802837107,0.03184317051408659,6.567311853766615e-05,0.0010744365914119344,0.0017900167522855916,0.0034137852183042947,0.052239738487386146,0.011885456059892413,0.025140046464606207,-0.017529003323188568,0.027188873361479307,-0.0032262251486599434,0.003518766006647841,0.007658454644044445,-0.003785276006366296,-0.0003600681053976255,0.0,0.0,0.0,0.0,0.0,0.0,0.0,0.0,0.0,0.0
-0.003318756760968984,-0.028858442651072416,-0.006277345422164557,0.02106871596248956,0.023391410799264437,-0.0017600983705500953,-0.0007174640197141611,-0.00026348287531489337,0.007343621539601433,-0.005271946970950248,0.0006611435505208072,-0.007246245425141607,-0.0022173160895669545,0.06201298058018084,0.004551587441344627,0.0019272934786409837,0.009441123790254526,0.007175151940667799,0.0005011901376305239,0.04668346714794814,0.0,0.0,0.0,0.0,0.0,0.0,0.0,0.0,0.0,0.0
0.03922646305802856,-0.00035453430962191973,0.09123239503520197,0.00023922480332327786,0.014195312908256732,-0.0034087746510290213,0.012789344243842612,0.00028031033120845235,0.001899361461331992,0.00024666679998031267,0.020684083094338508,-0.006290032910911937,0.04185608403241643,-0.008256740675058659,0.010105422862560002,0.0012117259123238877,0.027549797515670015,0.007006200005083802,0.002730119369360034,-0.0023258358676553695,0.0,0.0,0.0,0.0,0.0,0.0,0.0,0.0,0.0,0.0
0.044479609611961374,0.08756752405636849,-0.006034604997908089,0.026460392264612116,0.03456602083052796,-0.0003878605459469736,0.003856268236739106,0.002136805353319465,0.005480967901135859,-0.00032573950308565573,0.025989677165108877,0.08457814834660096,0.002991993653249722,0.027216032656288313,0.03988003550263695,0.0022860465109588294,0.010579174537957368,-0.03396792140470421,0.0013701901246348262,-1.1631800830632687e-06,0.0,0.0,0.0,0.0,0.0,0.0,0.0,0.0,0.0,0.0
0.02673452380040702,0.01850511542618412,0.03454398779791752,0.029473076141168987,0.026794948987315062,0.029252031730727216,0.0015144993404066882,-0.0006376533478938395,0.003958238547370566,0.028092152480816535,0.018139071057259686,0.03386824516287532,0.013056619994192473,0.036378387285145634,0.03526846919972237,0.0019892856605924895,0.013863270755252857,0.012123727849782632,0.003058233839904084,0.0003276075064018752,0.0,0.0,0.0,0.0,0.0,0.0,0.0,0.0,0.0,0.0
0.03848320360066341,0.039115205748079994,0.017794042865842505,0.09536533300805979,0.012275485626504845,0.0002471265082155514,0.0008409031154080206,0.003775500655046404,0.006194484881310655,-0.0023360822073132427,0.03719476078520769,0.05015986428669575,-0.007648107219586122,0.06908549386398348,0.02223060706675534,0.0017245381356374623,0.0008576638473136893,0.010528089326267068,0.007746831914003522,0.0004410545034412732,0.0,0.0,0.0,0.0,0.0,0.0,0.0,0.0,0.0,0.0
-0.03904288782832995,-0.006655659079316032,0.03918940818805374,0.05828321727669771,0.023547183816630086,-0.00013969377522988222,-0.0036206939974936514,0.030384614479629264,0.007195945046989696,-0.004501000584254921,-0.0006690759939218466,0.012100783035559077,0.016004646157154266,0.038175908791699374,0.053553978482719665,-0.002952946804901809,-0.006814371835524594,0.008061198871194272,0.016386291435876964,0.01281699353231758,0.0,0.0,0.0,0.0,0.0,0.0,0.0,0.0,0.0,0.0
0.04802035147908145,-0.040025733415028936,0.032140051530466826,0.013687431630643338,0.03885576926559175,-0.0023301006571414215,0.005814670261301997,0.0010301272267878596,0.0037372549637676544,-0.0002805545057518372,0.03880141272422522,0.0007224488134371635,0.022162992339959286,-0.005452334597564057,0.049283181486062505,0.003963047375030752,-0.008310910129741698,0.021979218673071937,0.0010377356942353237,-0.0011144630380644923,0.0,0.0,0.0,0.0,0.0,0.0,0.0,0.0,0.0,0.0
0.04739960996072028,0.0357193482429135,0.030651908477924417,-0.005842548985855042,0.01264216959085865,-0.000920153497563944,-0.002238312599840579,-0.00012540153003275865,0.018291664664505245,-0.004266947523924176,0.023816083560919618,0.0028546125175094505,0.03699870731197964,0.06051194253893623,-0.002923550493801778,-0.00047285571923737723,0.004205926256094259,0.012770221668171718,0.004124058126502659,0.0005251145535917404,0.0,0.0,0.0,0.0,0.0,0.0,0.0,0.0,0.0,0.0
0.006412202395650197,0.025201892568468078,0.04436459632647475,0.0706919298382289,0.028851842241563976,0.00028925892137598693,0.003258373198685252,0.009511474099695418,0.0031985380417113404,0.001669412146018993,0.02083642505812104,0.007949327239914025,0.005833645257382601,0.006380737914458703,0.016669161770695846,-0.0005110359708690999,0.002526053287925061,0.006774488473173855,0.001790132400147592,0.017023141911550892,0.0,0.0,0.0,0.0,0.0,0.0,0.0,0.0,0.0,0.0
0.010908060064533404,0.01383554260930411,0.014827789779504406,0.03546057463663157,-0.003093866486818673,-0.0009994688453523757,0.0025433705467332386,0.004940519715873591,0.001000275571362262,-0.0018643612125254293,0.022109689928808293,-0.0037973039149755876,0.015143054278546515,-0.040109633790447366,-0.012513286701996806,-0.004320150035797565,7.338053362839007e-05,0.0046778883121833155,0.0024145447413337472,0.0024849773898444004,0.0,0.0,0.0,0.0,0.0,0.0,0.0,0.0,0.0,0.0
-0.0006717472101918141,0.03367543908695332,0.02424657483066483,0.05418493648889256,0.044697878421505334,-0.0023320578065745717,0.004143422053434631,-0.007404181246536356,0.0009486912737779519,0.0003913120520317506,0.02129990410532031,0.052851433889242364,0.015377893888427441,0.03220231055410546,0.0627168647806172,-0.002190448563731557,0.003028154096139281,0.009063331903357588,0.00201613140182036,0.00025506346594247865,0.0,0.0,0.0,0.0,0.0,0.0,0.0,0.0,0.0,0.0
0.011582536113921012,0.05840031824591624,-0.022533790819337016,0.012095754665557696,0.012044834714432483,-0.0009982177999771403,0.006714546163945101,0.0015067514456360072,0.0033571264861984276,0.00039319714705108124,0.037216950039231395,0.002843809135491042,0.01692812103145201,0.0028126102201995974,0.015456655102316912,-0.003075560189199566,0.006132600994454529,-0.05205193970305389,0.0003982748389094391,0.0013279387447862599,0.0,0.0,0.0,0.0,0.0,0.0,0.0,0.0,0.0,0.0
0.06524526005386769,0.053918975387217315,0.03401443851559181,0.04672187260274829,0.02734528126837136,-0.0014459268955648392,0.03224798514233233,0.010943273401180094,0.005960753118481972,0.0011800763617324653,0.02210675618149204,0.029335999430673294,0.04258449311013426,0.0514922897890848,0.006259909898694103,0.00019704954514099395,0.004452543713805097,0.008004436206894654,0.0033743048924464772,-0.00021817460395161738,0.0,0.0,0.0,0.0,0.0,0.0,0.0,0.0,0.0,0.0
0.006916870390918517,-0.029852163842450447,0.002049440197975592,-0.016409811826862866,0.011575746107426553,-0.0016745365804013734,0.002634796589002677,0.0015756049894099908,0.0051658992081883735,-0.0006051061813118718,0.01206173976613273,0.012431543478630666,-0.0034620693330350344,-0.015574760350111776,0.0006435145267515598,0.0006105389140483459,-0.0014156485113144197,0.002865053458322667,-0.0028057189735308952,-0.007347443789939348,0.0,0.0,0.0,0.0,0.0,0.0,0.0,0.0,0.0,0.0
0.02471148432459306,0.057757685918729935,0.043856511985266876,0.06351079647541552,0.022661710626513957,-0.00042857911232602294,0.0022831964718146185,0.0023970575767666225,0.0015789815212759006,0.001401159483141116,0.039415056657702924,0.014270520998517666,0.028872376060620403,0.028220673468764185,0.025615859522661107,-0.0015512984205614771,0.0018847803339904028,0.009993217530880278,0.0008724093067975572,0.006397996389808404,0.0,0.0,0.0,0.0,0.0,0.0,0.0,0.0,0.0,0.0
0.05061607382743482,-0.021570107188422335,0.0235777819978415,-0.000436004589682764,-0.020846515172192995,-0.00040422484932394197,-0.0009260324400349461,-0.0013828788594960567,0.0026609680669162517,-0.001677946024277333,0.009549959055697884,0.04611603219311013,0.01295886811033799,-0.02648755895780216,-0.01665030149218481,0.01766519621894932,0.02546856383754948,0.015973995967673595,0.000192270580425753,-0.005676543162148675,0.0,0.0,0.0,0.0,0.0,0.0,0.0,0.0,0.0,0.0
0.031036099266454856,-0.04710958495831816,0.028785353228691826,0.031373137303663756,0.03669401520112661,-0.0032397552748273557,0.003315150163923092,0.005331590974823564,0.0028682878557114233,0.001248479104586233,0.016310713093462943,-0.013596665496944424,0.0217611017558556,0.0031036611944962136,0.04366034348917486,0.013963147188587169,0.005450280196855041,0.01267722677114711,5.110432973775166e-05,3.7911732163379224e-05,0.0,0.0,0.0,0.0,0.0,0.0,0.0,0.0,0.0,0.0
0.013822999256963594,-0.007755612131442434,0.005111037662264628,0.034939292458496904,0.007766278162845187,-0.0016991177390034016,-0.0013231513786147934,-0.0012753030108364923,0.001541850804529668,0.00045471676935194665,0.00901332209503831,0.020963723413054997,0.022280374968838623,0.03187687016326555,0.02570244376798238,0.007543884160748714,0.006946670210138386,0.015448279490546864,0.003930576981512323,0.02843246101469057,0.0,0.0,0.0,0.0,0.0,0.0,0.0,0.0,0.0,0.0
0.02560634656453079,0.04034357690226858,0.0320216191767803,0.037355318229743875,0.03266932301121568,-0.00046580196708029075,0.004858776767567604,0.000785905968484039,0.005902049828176371,0.001147250315045367,0.009777498320706166,0.029623328352774727,0.06865978288880384,0.038395817976896736,0.047546975984173845,7.663337300175377e-05,0.007930969139364282,0.008393065651711565,0.0026537453713196594,0.00043941526488684273,0.0,0.0,0.0,0.0,0.0,0.0,0.0,0.0,0.0,0.0
0.032883613698625316,0.00039324020280630175,-0.001662939719808945,0.0010943606488096576,0.008950576458645273,-0.0008029628763924403,-0.0009804105072065284,-0.0008228934752792615,0.003370158218994416,-0.005006677308121905,0.02950659015710046,0.003605821190381385,0.02336129655583133,0.06356510727032534,0.01143040188298943,-0.0025314791440219655,0.0013703672204088207,-0.01040677493857279,0.0013557628538714253,0.005048438730985275,0.0,0.0,0.0,0.0,0.0,0.0,0.0,0.0,0.0,0.0
-0.006963961289373907,0.04713147756948768,0.009752172576299805,0.0244359105594194,-0.018167330864584427,-0.00412658240786912,0.0009560927972448685,0.013755456254963902,0.003288118180114916,0.0007259127539282046,-0.004712154579316472,0.01524899578146987,0.008065498868453737,0.06896357836274725,0.01648557596332429,-0.0034254547750957255,0.0024227932538475423,0.006106025752653755,-0.0002486989051909604,0.0016104133630253279,0.0,0.0,0.0,0.0,0.0,0.0,0.0,0.0,0.0,0.0
-0.01261073490860486,0.037721221597752964,0.0011210611517503868,0.034974783324249484,0.04517079214620695,-0.0022281899873326846,0.0006295452688223605,0.0014919096324827134,0.003101823695510999,0.0029446841425320495,0.007453183768484196,-0.004199837707572166,-0.0062443051925780944,0.05458414590034391,0.041993787984928636,-0.0011226766441477215,0.005165711219561408,0.010766999057476752,0.0006575584550426789,0.000436178962379115,0.0,0.0,0.0,0.0,0.0,0.0,0.0,0.0,0.0,0.0
0.048220615502051645,0.04596816899418965,0.01775364447652456,0.05962783008084954,0.004757111863861743,0.00281355313423999,-0.0015151040633723893,0.003719860415452439,0.003571057212212413,0.0030561969974285674,0.019372310012645118,0.011405659827890595,-0.0007324596730008707,0.0107776133842616,0.027549458121202026,0.00152368914817441,0.0048995533977698675,-0.0012901483058070917,0.04897298258453205,0.0006596591816808207,0.0,0.0,0.0,0.0,0.0,0.0,0.0,0.0,0.0,0.0
0.04701947849680605,0.06886708757204332,0.026492068133594976,-0.015573158041161722,0.012039103902319277,-0.00025194694719366054,0.0024456160539467284,-0.000447726486002901,0.0002435245588137053,0.0015068016015468322,0.03734231007148591,0.014760349986050714,0.060633238832725075,-0.02713465700785957,0.007884428872050283,0.015255565654535697,0.00579209413924097,0.007018272898708992,0.0003441014579726104,-0.002766592560243183,0.0,0.0,0.0,0.0,0.0,0.0,0.0,0.0,0.0,0.0
0.01163833294954601,0.033062367654597996,0.011632480323241504,0.047129794969877,0.054364895661473345,-0.000526885887136131,0.0011820171402538552,0.001256009453708883,0.009920777254320808,-0.0024242027041349447,-0.00017242587575528085,0.017719137586229085,-0.0014946011577432,0.06552783160738745,0.006273713760027808,-0.0008270176245056688,0.0009682197677426651,0.006442848394203739,0.0026108635282336085,-0.0005625596811978983,0.0,0.0,0.0,0.0,0.0,0.0,0.0,0.0,0.0,0.0
-0.0020394388437914752,0.06327440353529486,0.02839006322441258,0.0243784336629803,0.038899861826809636,-0.002164154505113256,0.006623393890905649,0.02874282674458774,0.0016522171671062495,0.0030822058597060843,0.010004027875768496,-0.006439443455311348,0.04420640963113382,0.023264101343210105,0.031106029414228478,-0.004771946329076662,0.0029403089553832217,0.015557071540234094,0.0014663195868015553,0.0017255652516071707,0.0,0.0,0.0,0.0,0.0,0.0,0.0,0.0,0.0,0.0
0.017090090837556596,0.037391533314175024,-0.008453417849522386,0.03913487967912123,0.017485064681311717,0.006953688711168308,-0.0027511216569660792,0.002052532729133136,0.0015519460774316254,-0.0033234152412217888,0.06286700777420266,0.00803546819537689,0.0028711636166695448,0.022385687328360705,0.009636342107734844,0.0028752824704839555,0.008126397962839961,-0.021627638676024203,0.0026480025202380458,0.011354344633478836,0.0,0.0,0.0,0.0,0.0,0.0,0.0,0.0,0.0,0.0
0.02469704955607974,0.013698037410370876,-0.00719297755125727,0.06034832091818802,0.02248381718858455,0.0021568551937776598,-0.002014029901644173,0.006975997858874895,0.004148282581872328,-0.002509393635219556,0.037291189196234996,0.0030970093628251323,0.014853848293418568,0.07691927639412463,0.01868090892218247,-0.0002576632914229341,0.0005039590810564509,0.012739791905646856,0.001796651963413434,0.0028869077684418637,0.0,0.0,0.0,0.0,0.0,0.0,0.0,0.0,0.0,0.0
0.059781632353736354,0.0013462964900585012,0.026124109367481548,0.04247724205150608,0.04078795840276695,-0.0024302670923782546,-0.0011436840644834523,0.014431388496489818,0.005835150834657062,-0.002476847433023878,0.02321802952439348,0.024141357208067565,0.05975527580043634,0.061264082138341065,0.03233327543537158,0.00484841995688314,0.005644708043295339,0.007702116967041495,0.00014874517606546634,-6.73925363338394e-05,0.0,0.0,0.0,0.0,0.0,0.0,0.0,0.0,0.0,0.0
-0.0014467545249105334,0.033497346374776325,0.01915958055272418,0.044008914405900816,0.007821201258241083,0.0017137391138958328,-0.0005421644798502713,0.010628969536520974,0.003533907913687386,-0.0024351366714670903,0.010387044968702661,0.06575162811106866,0.028891141414349366,0.018483328669967013,0.019260557882452917,-0.0005283895217012097,0.002824402457384796,0.007193540157425863,0.002828680905013711,0.00027230069136655884,0.0,0.0,0.0,0.0,0.0,0.0,0.0,0.0,0.0,0.0
0.033769529612052165,0.03581569945518555,0.005290917967258286,0.014865169109514076,0.044726029287759844,0.00011998207578284777,0.0023835166542066476,0.00200223378922941,0.005791869862073607,-0.0017561231855908114,0.044504353687658316,0.06085358297908672,0.038405840104209915,0.03945615379685499,-0.004005959105480355,-0.0007399684527574782,0.0031254850849220367,-0.006734017522499109,-0.0004785527797245332,0.0013258547006271485,0.0,0.0,0.0,0.0,0.0,0.0,0.0,0.0,0.0,0.0
0.015588053871799123,0.053771904827621085,-0.008585653283338992,0.030953006997230793,0.0021955957598109544,-0.0019595248394861224,0.0009083637991075739,0.0022579382531014813,0.0010355372674526707,-0.0016902529961623112,0.018412246967191553,0.00043721871070587085,0.019605075752101492,0.04423170432009347,0.006506973465205085,-0.002222927100113286,0.0018282238952989356,-0.013541300837216965,0.0018341704347708263,-0.005262516049622266,0.0,0.0,0.0,0.0,0.0,0.0,0.0,0.0,0.0,0.0
-0.06507573344492469,-0.01880612603442963,-0.02733342931844516,-0.007650034243596605,-0.018021127274321178,-0.003153501483614636,-0.0025855439810848068,0.0015259042333275747,0.0028442178447042692,-0.00552009890568723,-0.009943268317974324,-0.049194925579769726,-0.03192653574695242,-0.051798073914276106,-0.00347735714245982,-0.005101545377107348,0.001362405265407873,-0.0033553763879026885,-0.0007846558224930213,-0.0007013551528512016,0.0,0.0,0.0,0.0,0.0,0.0,0.0,0.0,0.0,0.0
-0.014541476618686227,0.018256426465434822,0.044456389107017526,0.03490403957730139,0.02843066408579043,-0.002072397677679239,0.002957048243124084,-0.0010897260043977988,0.0012184381731032323,0.0007566519939126136,-0.0021322249408139,-0.014880811569564159,0.03750834679377604,0.008522555877462137,0.024001993235898335,-0.003918973477944823,0.0026312778577380373,0.015500306602691567,0.00242491363336431,0.0021623113467640117,0.0,0.0,0.0,0.0,0.0,0.0,0.0,0.0,0.0,0.0
-0.00531686800246982,0.0206107562787038,0.029880764010663752,0.020389873518671334,0.0011650355871338125,-0.0007149012553694811,0.0009011412816396949,0.015238910323231944,0.0009387942378588863,-0.0017183278258836913,0.019842883093643807,0.010911481343434897,0.030269155260146622,-0.008091808116577653,-0.019343732586557045,-0.0020041073805119186,-0.0005725315319468313,0.010538481567455784,0.005715411857441667,0.0031452096980221617,0.0,0.0,0.0,0.0,0.0,0.0,0.0,0.0,0.0,0.0
-0.007376130190644024,0.024725084897085383,0.0355150579105952,0.01747467009187554,0.0010717320426031174,-0.003782648595515455,0.004599632193839965,-0.0007270470901968119,0.004240236245319465,-0.0007927996014191357,0.001940094250508143,0.027111176720736686,-0.00986688701975467,0.023750883778743955,0.04869064567395771,-0.00036160433622302497,0.004698589132243857,0.004496587526670786,0.005600819861332582,0.00029574572379039636,0.0,0.0,0.0,0.0,0.0,0.0,0.0,0.0,0.0,0.0
0.0304960631189904,0.06704536258715849,0.018847306228721807,0.005820435865861273,0.0017372750744145639,0.00042752491856659966,0.0011521363776147507,0.0006899163038239143,0.00557061147028519,-0.0027057486379320167,0.03561134947754575,0.07231792494805107,0.006463274709143372,0.026902499611635645,-0.019433116289083487,0.001638301238433444,-0.0005521471333392715,0.008374640341083452,0.005850006503761272,-0.00019396291420236656,0.0,0.0,0.0,0.0,0.0,0.0,0.0,0.0,0.0,0.0
0.012042696694668805,-0.00014939278090122247,0.037018239059484426,0.01143545098727682,0.012264395433051549,-0.0026088970972115684,-0.002373704953034248,0.03888163210733099,0.008309590343950438,-0.004177827280841917,-0.004753959499904838,0.006054475325334039,0.054192228312140774,0.0464172832230537,0.0018785620783039287,0.0013830523354216237,0.0032225963748991433,0.004789918295920927,-0.0012924920198245933,0.0011877501812535707,0.0,0.0,0.0,0.0,0.0,0.0,0.0,0.0,0.0,0.0
0.018037991174990983,-0.03420145193829939,0.024140554032031854,0.04866036634656191,0.06763620274390897,-0.0019774290680229225,0.0030830635796433212,0.003389161471753093,0.008771737698632941,0.0019242371410799948,0.02678191324985228,0.013501510562185215,0.010634538940653294,0.03487468542444229,0.07566951123578418,0.004635603786578804,0.012456167260173458,0.01532466792644856,-0.0005972095063837394,0.000975775058356126,0.0,0.0,0.0,0.0,0.0,0.0,0.0,0.0,0.0,0.0
0.039342463107023336,-0.020389362875250606,0.030003160650093053,-0.008629878729622623,0.0204457771255668,0.039832540347924585,0.00466120147407398,-0.001126105294418387,0.0026118360412461282,-0.0004937527842218028,0.043963918079979875,0.02878926033941267,0.011991290942261335,-0.03607503655258133,0.006880481845297455,0.0007545715824992331,0.004336967410434743,0.009274831936250007,0.00044104907793106996,-0.002893616603528589,0.0,0.0,0.0,0.0,0.0,0.0,0.0,0.0,0.0,0.0
0.06485092693116068,0.04370499513203834,0.021859075101245223,-0.0028356020843195613,0.032367755524614,-0.0012966102527687145,-0.0014980796133776317,0.031627608142020654,0.0018995199706576624,0.0019725751900497835,0.0209725570746541,0.0016097521194138329,0.04283742086958472,-0.01859653972809675,0.046854711450200356,-0.00030807333430362045,0.002234691635838778,0.006817085335315544,0.00019503417312363946,0.0010678312130708082,0.0,0.0,0.0,0.0,0.0,0.0,0.0,0.0,0.0,0.0
-0.012305698508878115,0.0665177491516799,0.027462867577340833,0.03521715395760282,0.018140204279785275,-0.0024642999927347985,0.03426062089665717,0.0027499351259407286,0.005032938869965449,0.0006236210108415187,0.02605335913835531,0.04057719820702359,0.0393524243608652,0.035222277704045166,0.03106307189186168,-0.004765412036568136,0.008255994203051049,0.00603490667459862,0.002967648651448222,0.0013072780526654825,0.0,0.0,0.0,0.0,0.0,0.0,0.0,0.0,0.0,0.0
0.02318984348434594,0.017664008020418447,0.028153378688258162,0.010849575328179687,0.020579577767870855,6.917561656224974e-05,0.01129855011630712,0.002510130209502331,0.00843057743438584,-0.002173060950595974,0.04151991360350054,0.05651708456718282,0.007506317119251542,0.012095670266025076,0.01219471257301237,0.0024862261355774198,0.020196426262244674,0.01367931653749318,0.00452859874824347,0.04117684602786305,0.0,0.0,0.0,0.0,0.0,0.0,0.0,0.0,0.0,0.0
0.05543252127677648,0.031938368395370204,0.015034540434755932,0.024287944357128177,0.007388352764994549,-0.0024642782577362315,0.0005768325130628237,0.010655622582814559,0.002986217533242557,0.0018325441168976653,0.02466756661181685,-0.007828530626355726,0.01877586470948176,-0.004897457761474324,0.009415498635299972,0.028453542477327926,0.0013002875455817953,0.009616601178581395,-0.0010598785011242497,0.020878695104067365,0.0,0.0,0.0,0.0,0.0,0.0,0.0,0.0,0.0,0.0
0.00672356547424962,0.0215742456132384,0.05655305020992288,0.04084746421913938,-0.01662802332751799,-0.0016358769446845121,-0.003254943016527294,0.016288682537801007,0.0032335742661973002,-0.003707600182730489,0.01232461008892901,-0.011339260962445153,0.02517756220008526,0.06442268937161186,0.0023561745937611812,-0.0031897145771160704,0.00610180591703618,0.004144757796289792,0.0015176850718424475,-0.0002066091335297491,0.0,0.0,0.0,0.0,0.0,0.0,0.0,0.0,0.0,0.0
0.04142215999964647,-0.026134431918277773,0.040771007663312334,0.008093591287529196,0.03456515899964028,-0.0012960234523658092,0.0003512305315736048,-0.001238921196438348,-0.013810532936800603,-0.002593164297181866,0.020299352458569897,0.016409385942873143,-0.014232698800946872,0.05663206291396025,0.005073161606733334,0.011182881619522739,-0.0008621741951440763,0.008414791120796085,0.0006127536959262107,6.200607744428145e-05,0.0,0.0,0.0,0.0,0.0,0.0,0.0,0.0,0.0,0.0
0.022077654043000584,-0.009699822642769102,0.032731432953059934,0.005918887123288491,0.00888077161093616,0.03147985503204218,0.0020247543643991187,-0.0009512964134177561,0.008293877542813606,-0.001003287848583881,0.008527262360116576,-0.008575933736425394,0.07448955086932217,0.0061623398496177244,0.016590718222666237,0.00698608449299802,-0.001303576724409819,0.00968515643193345,8.992904229603046e-05,0.030107232344042112,0.0,0.0,0.0,0.0,0.0,0.0,0.0,0.0,0.0,0.0
-0.0014452169121595975,0.07911887865386691,0.03323787093720361,0.05615441802935435,0.04633659437432554,-2.658965598417476e-05,0.0027641250682759245,0.004069674107757472,0.002785383112471681,0.00040622494328254485,0.018865371841434185,0.06834281078913534,0.02711388582517283,0.0467672509317938,0.06200907078083061,-0.0013832423105401845,0.007532383497156648,0.013750057171178073,0.0018407163467047244,0.0004819295891118585,0.0,0.0,0.0,0.0,0.0,0.0,0.0,0.0,0.0,0.0
0.017883292857332422,0.031226306532917622,0.03321696144199058,0.0746124329689742,0.01967736150086444,-0.0009315649154229403,-0.002219156628083962,0.01332992988583043,0.008071842618863982,-0.0014634150151969592,0.0248553634525461,0.019648512072421683,0.035754574914515135,0.06348163237812432,0.014367530251970108,-0.000760346961455033,0.006895817400762728,0.008475480401500094,0.0033772577516744135,0.0018040263054147285,0.0,0.0,0.0,0.0,0.0,0.0,0.0,0.0,0.0,0.0
0.03239793194492544,-0.015380911201228684,0.03355678970543017,0.035614124607844876,0.0017108179468532084,0.001568371485518187,0.0041060942166447085,0.004412373195419894,0.010247573250561007,-0.0027652622005222716,0.06441875549681514,0.007093092840001899,0.07431543687118787,0.03758069598792261,-0.01819258929489734,0.004265825813763221,-0.006501388283435177,0.007518162185518258,0.000824688648002814,0.011931013904046063,0.0,0.0,0.0,0.0,0.0,0.0,0.0,0.0,0.0,0.0
0.029684084535557608,0.01100024881963716,0.0016416539591666203,0.007766046731191402,0.023534316107147218,-0.0013385479136802454,0.0015863021585215062,0.0012126047955569965,0.004466084018517329,0.0665226994377758,0.050716507077629695,0.00015409100680986167,0.005728928733033755,0.042567224296692706,0.03306116847232469,0.006982097707813102,0.02180727153105829,-0.01412487786573496,0.0009309119835949544,0.002498926012759412,0.0,0.0,0.0,0.0,0.0,0.0,0.0,0.0,0.0,0.0
0.03928321981079956,0.03679325412596243,0.048536485628732896,-0.020822000195019653,0.010672242030057356,-0.00012532392558284623,-0.0019364133801111911,0.001452848441197292,0.0023574681443500646,0.0010850220881960934,0.03396714722416608,0.013069956918349888,0.030812222370394677,0.04105268514270355,0.008407579118206701,0.01361778258978428,0.003855467663608361,0.013204544547524073,0.006071531994839592,0.006764301884414657,0.0,0.0,0.0,0.0,0.0,0.0,0.0,0.0,0.0,0.0
0.0034459454051873613,0.04692201192346675,0.043207073615732436,0.013579747074922825,0.020267258459813982,-0.0007598511744199107,0.020048283836422574,0.01093093672100989,0.0008822009890394222,0.012942346006742492,0.021845739917148655,0.022779377167616244,0.024175210065651903,0.001903039332918574,0.02909171008656085,-0.0005407405957394964,0.003324557289074131,0.007610352349757735,0.002430318106021512,0.002218322638621545,0.0,0.0,0.0,0.0,0.0,0.0,0.0,0.0,0.0,0.0
0.036250977906771245,-0.004471935925212688,0.05013122244722081,0.07841417388902244,0.046542955927165265,-0.0011067528935673552,0.0004101799124065219,0.0026694442349973657,0.008797886718587401,0.0011472378527151938,0.015219429192354368,0.005012382429099821,0.03181311701219969,0.046017828176895405,0.05248012173237335,0.011335868511412255,-0.00449468772504521,0.010309581608088073,0.0016211451031269604,0.0006214210097600087,0.0,0.0,0.0,0.0,0.0,0.0,0.0,0.0,0.0,0.0
0.02663600939753125,-0.0053631928420023595,0.03191769820968413,0.011820617384208372,0.010580821627709316,-0.0020806147632656652,0.011144123184324336,0.0023226642916499645,0.006335662048084137,-0.00354781158279606,0.026652603473022573,0.00853568902788592,0.10044297199549554,0.01623449056858565,0.0072733834310153974,0.0025681419141581827,0.004894673998826125,0.012733019251379308,0.012452130789781956,0.006163166907385031,0.0,0.0,0.0,0.0,0.0,0.0,0.0,0.0,0.0,0.0
0.014524529440950083,0.04155719383342361,0.02871879350212676,0.016421325357557085,0.018060454163328184,0.0015636299862164791,-0.0005142939739847847,0.0008617718489868692,0.004008492111767979,-0.0044289178871616455,0.027272716768116524,0.021600964160150053,0.05096814906341819,0.04746909864048707,0.02625595477152841,-0.00029261355175922826,0.00525825083509946,0.007148342716348661,0.01757918642846588,0.014688568905304853,0.0,0.0,0.0,0.0,0.0,0.0,0.0,0.0,0.0,0.0
0.04661050559336192,0.0017409315692510003,0.052929854682907056,0.03634706235841972,-0.011819764163538993,0.002238556640197654,0.0017329595899164586,0.0011951528521695583,0.0029475319327604945,-0.0040793410184045385,0.030805018512103724,0.016571096323068957,0.03483592091934581,0.04519596322697834,0.019883317078853553,-0.00010580551033491504,0.005562308206946118,0.00614070132419985,0.0018539036767981777,-3.3357217069803605e-05,0.0,0.0,0.0,0.0,0.0,0.0,0.0,0.0,0.0,0.0
0.026641247627785816,0.021524190855424386,0.00977344860358304,0.0558434365339149,0.01894586874018509,0.0011589258487105902,0.02709645099763813,0.00507532588084191,0.00485623683287005,-0.002023104488418547,0.03111831523503162,-0.009785951923720013,0.03193088695509581,0.08401066061708244,0.015285679886754742,0.0008136813631583953,0.0027200936090752787,-0.0005824502294334082,0.002914454848879877,0.008986441421089394,0.0,0.0,0.0,0.0,0.0,0.0,0.0,0.0,0.0,0.0
0.030514203355147745,0.03689347748227483,0.015471795399025323,0.014395954691946185,0.024684069984200228,-0.0011407503736696604,0.0018630108118483275,0.0007437447310727932,0.002477776055525932,0.048432370068340135,0.03280796148036551,0.03447932745773818,-0.006751027582189352,0.0512780247394444,0.08148296272677939,0.003067073284676153,0.0025197949358976178,0.010111930579320857,0.010794733846005315,0.002177405541797499,0.0,0.0,0.0,0.0,0.0,0.0,0.0,0.0,0.0,0.0
-0.022916052167937337,0.019043666732291863,-0.004335693639261291,0.00408697400911911,0.05757465102345375,-0.0026044363436214693,-0.001961382813977098,-0.0195646400605254,-0.0003254274689846986,0.013470517923039875,0.014512379084660755,-0.010103242409091629,-0.0017142110799595713,0.058344469522606184,0.031223395950091846,-0.0021458866791022034,0.0030363156492108456,0.006526245861136015,-0.0016859860408542948,-0.001740059931924018,0.0,0.0,0.0,0.0,0.0,0.0,0.0,0.0,0.0,0.0
0.030266316067110405,0.04933227025926782,0.03226999278513912,0.04575429724270681,0.03474511880023601,0.016293250052249398,0.0039511911159587606,0.0009220484297992238,0.004160985286434126,0.0013155913434959021,0.028517058148810753,0.02497185620468031,0.067123612747279,0.05008135683131539,0.038045843279412135,-0.00046142971651498023,0.0071957143938600745,0.01248809059355526,0.0033788635347828033,0.001117933789799962,0.0,0.0,0.0,0.0,0.0,0.0,0.0,0.0,0.0,0.0
0.015788924338489222,0.014189658893206279,0.019753442616837612,0.040998890227775836,0.06269884067196589,-8.040311039319751e-05,0.0031857091633831986,0.004143129893726323,0.005719300924479298,-0.00027754997386371285,0.04201423979932959,0.0018681683487759605,0.018026905556314615,0.014492359247822075,0.03857280212104766,-0.0009199745280351378,0.0005645041030274571,0.011349984129423901,0.0009749263266636209,0.0006577383703932171,0.0,0.0,0.0,0.0,0.0,0.0,0.0,0.0,0.0,0.0
0.00149560370722276,0.04489712913147186,0.027898515826579255,0.020110838460625054,0.03250860848933209,0.0014631695530657799,0.0025121459625602896,0.0011203313235783102,0.0032875331284474615,0.03402177876484037,0.00856873260615535,0.050044610539256816,0.0691463705093619,0.05058980871788916,0.016811273723190932,0.0013156873790433358,0.0032086353622328896,0.004754025170500815,0.011641844233701735,-0.0005060171286039183,0.0,0.0,0.0,0.0,0.0,0.0,0.0,0.0,0.0,0.0
0.02443956908289297,-0.01355313410187836,0.032008152819594314,-0.0035213681623423995,0.062484771226974475,-0.0029948232045505876,5.2041768524816606e-05,-0.0017899727756334435,0.004132669074912378,0.007024060254148915,0.01791257443033374,0.006096834496949972,0.04689350295920157,0.0033654230822236252,0.01954724650810505,0.0014929418902328837,0.007754150412244421,0.005850519634391534,0.0028444218255935906,-0.0013179841015486169,0.0,0.0,0.0,0.0,0.0,0.0,0.0,0.0,0.0,0.0
0.01500164832239435,-0.026982438126248245,0.03329327809312095,-0.033999177216689706,0.03801200516600968,-0.003434521400646451,0.007407257338219909,0.0014701639860748772,0.0017462963932554031,0.001295662400091264,0.023036218041338236,0.009418983808550269,0.02977220745372934,-0.03516364572201773,0.047745021251409836,-0.0006965427877634874,-0.0067536852145045415,0.008215498549227039,-2.0173730866791795e-05,-0.0025784352459551976,0.0,0.0,0.0,0.0,0.0,0.0,0.0,0.0,0.0,0.0
0.02628005820590273,-0.030591843381079127,0.037096688267148396,0.015778281224630358,0.030626990573241784,-0.0012797538319687315,0.005791440146210649,0.0011959836810460465,0.0021245932509402973,-0.0014176751937794079,0.058396697691341384,-0.008160551356609319,0.051936457813773804,0.006209446492294279,0.04164130461352373,0.002923570694780244,-0.007478243624520207,0.020651294070242764,0.0010365395341002752,0.0009603182491508333,0.0,0.0,0.0,0.0,0.0,0.0,0.0,0.0,0.0,0.0
-0.0024394785230095945,-0.014739062014072248,-0.004149212258939692,0.04597095735328952,-0.0032116763175610206,-0.002815545394508925,-8.166542251249066e-05,-0.0019022635340322793,0.0027382603672316598,0.0013321230367485623,0.0013877483174830434,0.006557989914314865,0.05220539680305662,0.05251614809378815,0.012452000907418282,0.0076078851377059855,-0.005931263755296151,0.013763152181173249,0.0022064458488236043,0.0202536563792703,0.0,0.0,0.0,0.0,0.0,0.0,0.0,0.0,0.0,0.0
0.03237631478644365,0.03770373277227458,0.027402201523560602,0.0038406002662769107,0.014423873367521713,0.0026886693832381455,0.00629649292485273,0.0029732674889943697,0.0028033450429072442,-0.0015151131797493337,0.03834530229327388,0.06406387659932695,0.09742509600234132,0.030177947757384554,0.033992173158954364,0.0014507605098583037,0.003146755139063182,0.005328614196986924,0.006585170699871663,-0.0007874836130101984,0.0,0.0,0.0,0.0,0.0,0.0,0.0,0.0,0.0,0.0
-0.0064212954066230924,0.02777648009436836,-0.001395049749041618,0.018282129060048693,0.02625763674133949,-0.0013211888722764824,0.002402592901786956,-0.008778945930386303,0.01860445696643158,-0.0014927981966268275,0.00405140881670195,0.007228153336020609,0.020330278124319538,0.0834074150692889,0.028883654105612538,-0.0035578143957105453,0.005306203164032357,0.004655689885640216,0.00222832564327535,0.012274265762169835,0.0,0.0,0.0,0.0,0.0,0.0,0.0,0.0,0.0,0.0
0.029528893220710384,0.040541463237092734,-0.016392701049523156,0.04787719997794573,0.024376121448281426,0.0009345024532086845,-0.0019047789739006756,0.0008729542644987753,0.001703915246560196,-0.002021828238689657,0.026618977334067522,0.10910795023433607,0.03231355126910672,0.03643808608958135,0.041437981569473085,0.008207824017814043,0.004101983745323783,-0.0034273271276502155,0.004121733862271143,0.009285094539863675,0.0,0.0,0.0,0.0,0.0,0.0,0.0,0.0,0.0,0.0
0.029443657560977828,0.057599719550069144,0.0314170891834312,0.05181902396589999,0.042759138269544354,-0.0006240567287456981,0.00332585749329877,0.0037568838120678556,0.003694510870032885,0.0010520670700172614,0.011548697528617433,0.03758197189672103,0.06158553560167672,0.03408093806563957,0.0432004791416744,0.01437002544738902,0.006755230699755242,0.01054938750711564,0.004311967967753159,0.0004934722174347765,0.0,0.0,0.0,0.0,0.0,0.0,0.0,0.0,0.0,0.0
0.03466263683760366,0.05676120421220327,0.042276794654977815,-0.0074772805754758425,-0.006820395358976708,0.0015770887167388282,0.0060030983157141286,0.0009675763539449048,0.0027196923942299244,-0.0014393115776767883,0.03608256224300341,-0.008338668178609808,0.16236383369888632,-0.013177747579034728,0.00405659621282984,0.025099146143581795,0.00415958283109436,0.007401163576368063,0.0009373866358444376,0.0009066375631252522,0.0,0.0,0.0,0.0,0.0,0.0,0.0,0.0,0.0,0.0
-0.013761424554731023,0.028078332267507663,0.00757830747621437,0.013366978757815224,0.025076620956237698,0.00040503351107610235,-0.000818952537688999,-0.024607512809013965,0.0007351505255369492,0.00016432260105017282,0.019122308845252553,0.08359734875838701,0.004280972266212986,0.002864350009375757,-0.01085490948877392,-0.002762458966071839,0.004498643549178291,0.0043759000415363875,0.0005586624258452042,-0.003176076514574095,0.0,0.0,0.0,0.0,0.0,0.0,0.0,0.0,0.0,0.0
0.03202416339721013,0.007043355327409498,0.026013208394793555,0.05281289303927829,0.04618971255590446,0.037676912449411896,0.0024445340527743274,0.004434350524420775,0.005497083765622162,0.0011217296727600598,0.03995931615461424,0.025860994403424986,0.015891928413977564,0.0635819359899852,0.06478782631969121,0.0032179500128771948,0.0070375461993772,0.014420845944495914,0.0025302357514155093,0.0011750747509299477,0.0,0.0,0.0,0.0,0.0,0.0,0.0,0.0,0.0,0.0
0.040280792937313875,-0.03952076005457018,0.03147822665374992,0.009930989773805118,0.03754696182857223,-0.002068551807934275,0.00669206356967958,0.0003037262179788764,0.0030875174781035816,-0.0014271839204944208,0.03053243941073902,-0.006098977832605707,0.0412119800110498,-0.0018453329492585265,0.05191781289308615,0.004413490333283493,-0.00743186137092621,0.01906230843363655,0.0008160105802753587,-0.0001600550651143486,0.0,0.0,0.0,0.0,0.0,0.0,0.0,0.0,0.0,0.0
0.03240971825150581,0.054947951546428286,0.04831443487173647,-0.01070602641647401,0.009958396291204232,-0.001954537743961111,-0.0029520602893438478,-0.00021466746049552055,-0.010938752641143537,-0.0028036795606862994,0.005407035128613484,0.05618835041388603,0.053738210771474344,0.019736951248400074,0.04893571763789049,0.0012885615735978185,0.0068247563634667475,0.0074661636821182825,0.0034959951561438227,-0.00042092170398966885,0.0,0.0,0.0,0.0,0.0,0.0,0.0,0.0,0.0,0.0
0.03440577989802353,0.03390064853745399,0.03249279720615031,0.020463174863656793,0.004650272009445673,0.017577010613194194,0.050291085118003884,0.0008276100155835164,0.0017155781536130742,-0.0022766403790876995,0.022732084418652113,0.0661878173135289,0.04260872185147798,0.047198320624082454,-0.0032135627069430563,0.002456940193194076,0.003528631428657441,0.011509677606909838,0.005820697182056187,0.0008449531727173179,0.0,0.0,0.0,0.0,0.0,0.0,0.0,0.0,0.0,0.0
0.0483186367958831,0.053216345270483245,0.016135130516584648,-0.03410255249485336,0.015863879005613035,-0.00013426600719279285,0.0002980906178699176,-0.0012089126646074684,0.0024995343719761646,-0.0018734179528862697,0.016992649907948694,0.05002740087509677,-0.008788332028315035,-0.03896630514874014,0.014974530873043549,-0.004894248142801814,0.002100694565966922,0.003731121775680666,0.004373347474346498,0.00015826950927471907,0.0,0.0,0.0,0.0,0.0,0.0,0.0,0.0,0.0,0.0
0.020957434948645954,0.05764526787734531,0.04738175638282576,0.04080495129771528,0.030594173378860015,-0.00018414577234212055,9.086596280264065e-05,0.0026843015091325725,0.004566289544119359,0.00017550311747059125,0.015339223331991196,0.020728879439267097,0.0725666655574875,0.038468272982029116,0.043527300943621026,-0.0019780228149399023,0.00795079843188842,0.016504498623792965,0.0029842247233009367,0.000977381893716217,0.0,0.0,0.0,0.0,0.0,0.0,0.0,0.0,0.0,0.0
-0.040524762019947334,0.013240159424079823,-0.015218175013271693,-0.00362424067077642,-0.0016820823925696954,-0.005201393565650134,-0.005985238877112119,-0.021289719627067404,-0.0006378224683723634,0.028290668160698258,0.006071059308811155,-0.021215484016044853,-0.01629013738678075,0.059791983487155136,0.042004559061843756,-0.0012004278782862814,0.0044729305205013685,0.004324655472996301,-0.0008112462155158241,-0.0032114460891427385,0.0,0.0,0.0,0.0,0.0,0.0,0.0,0.0,0.0,0.0
0.03930338971692881,0.08398693507623935,0.038688380571473724,0.002766760967230015,-0.00699936826544222,0.003124020569838806,0.006765200029831235,0.005321309546203008,0.0028420105575851554,0.0044473471190825285,0.015900857992691073,0.020985638520083148,0.021479188779299323,-0.006634157090779016,0.005024831124824018,-0.00198862032938367,0.0007874739852492264,0.006500832858569617,0.0003821183284091895,-0.002331893902036121,0.0,0.0,0.0,0.0,0.0,0.0,0.0,0.0,0.0,0.0
0.02317523253704271,0.029343920031707552,0.002179869580854072,-0.011586125414695048,-0.02207604814375476,-0.0017846673972548262,0.008268493678248626,0.0025057664863124135,0.002763276980540587,-0.0024868179179445998,0.044074098107478706,0.02331938668590857,0.05695375453278653,-0.009530920045077888,-0.03322920864579414,0.00042259053954991866,-0.003224944824096697,0.0032658794448773712,-0.00016169713212056466,-0.0011321852840366655,0.0,0.0,0.0,0.0,0.0,0.0,0.0,0.0,0.0,0.0
0.028951928059704958,0.066954844928768,0.024132172073040248,0.023734993716489218,0.017603989592721584,-0.0023508024273068986,0.001704668158563536,0.00913778270557676,0.0009363377800270351,0.02111427951186488,0.03226161425511564,0.08023832188841772,0.04128503155277517,0.01930063211904901,0.03204375754654204,0.0009016955816595882,0.0031552880343949236,0.008061262759272358,0.0029808836474897217,0.004155157731382695,0.0,0.0,0.0,0.0,0.0,0.0,0.0,0.0,0.0,0.0
0.01852435679386298,-0.011295052447239388,0.03150452061130879,0.04302316214626629,0.05135083619852762,-0.0021125130880653336,0.00614676375206968,0.005252353788592615,0.003919988806944837,0.00048216526677188405,0.044706117218586396,-0.010133731091491857,0.005955064733401696,0.019121598340000347,0.08139686088441545,0.00270215368753962,-0.0023716679133282265,0.013586483667149448,-0.00023083140647481455,0.0018672212122778109,0.0,0.0,0.0,0.0,0.0,0.0,0.0,0.0,0.0,0.0
0.05588736457102729,0.06102560263209538,0.02904578684335788,0.0032933833774689805,0.020289253085238032,-0.0012708290386849676,0.002590330627611544,0.002302263482618832,0.0021013451492045525,0.021503394384242928,0.023938677441675743,0.09183532659800048,0.014022208170597697,0.0035050177832295654,0.03530788496897538,0.0004826921917497906,0.0013034414406459798,0.008082046385327897,0.0059370315209255654,0.0012906459403200397,0.0,0.0,0.0,0.0,0.0,0.0,0.0,0.0,0.0,0.0
0.026685035454248194,0.05206108427684944,0.008137629881131479,0.013449515897235831,0.06637940870754643,0.0014366499144834515,0.001102897420251774,-2.466264662700187e-05,0.011661814929524186,0.00012456552136674707,0.04114458944571098,0.015401109330967581,0.014390708552187007,0.04212596028423288,0.04089455336749141,0.005931695873907212,0.0010171086338961572,0.011907849656941607,0.002663656202372345,0.002230426416655034,0.0,0.0,0.0,0.0,0.0,0.0,0.0,0.0,0.0,0.0
0.035486773694501324,0.04293867694458262,0.034449729130860494,-0.002310419934362895,0.016517091730026145,-0.0010064278050141093,0.004488009285338363,0.005265906952262314,0.0006635928381028833,0.033138270499795515,0.07267953944114698,0.01874564235531538,0.06533147235598556,-0.008388980674142203,0.06693666531818766,0.0030678489040606265,0.0036220607842469763,0.009159454752645776,0.001968395234782199,0.0021373236521311702,0.0,0.0,0.0,0.0,0.0,0.0,0.0,0.0,0.0,0.0
0.0298015399930798,0.05688962105473231,0.042823155420824155,0.03216625465333227,0.009943000307606434,0.0007540319478428517,0.0023539651242970635,0.005305828025908697,0.002236527641075268,-0.00327354888178889,0.035887002402850934,0.002521673423712585,0.011653920920405073,0.030945358155357715,-0.005925671779218608,-0.0009031246668851923,0.0003021390307867679,0.012827360628115557,0.00500583147236259,0.0011326476018098442,0.0,0.0,0.0,0.0,0.0,0.0,0.0,0.0,0.0,0.0
0.02077617432745162,-0.0020319842332426857,0.024944386119282617,0.033111311975699706,0.04849144071753669,-0.0023231870234369217,0.05209257710494765,-0.0018557724923754654,0.0069108468290078025,-0.0044321856801671,0.02714341237414423,0.011277349589308695,0.012536109029380333,0.09519205154799086,0.04811170466928757,0.0037571729380198133,0.010233768091703488,-0.006801927068677439,0.0010893996972965695,0.0004989486072117693,0.0,0.0,0.0,0.0,0.0,0.0,0.0,0.0,0.0,0.0
0.028700995720135593,0.014014667458407595,0.004323803039353591,-0.0017817945672398063,0.013574683136371744,-0.001649921778886969,0.003061645498542591,0.0009460171851360615,0.004413105474680036,0.05797245748327272,0.0370941218913065,0.013173179711875909,0.03538797860982519,0.04575408708323312,0.062170895541230314,0.005165650388868166,0.011699065440954634,0.00051171737884917,0.0017139027179480246,0.0033205647339501114,0.0,0.0,0.0,0.0,0.0,0.0,0.0,0.0,0.0,0.0
0.05758547277414829,0.05957276085717471,0.022243661555023546,-0.022268615923572863,0.01754987915139803,-0.0009718918209646513,0.03334954627436451,-0.0015739608298905878,0.002980073469933566,-0.0013432653269616047,0.042346762242922976,0.042950825384468996,0.00042500471026945234,-0.024130516635494488,0.035415924938375656,0.02710736785718355,0.00458494208934644,0.008639507135158197,0.001911530984451711,-0.000758415868686661,0.0,0.0,0.0,0.0,0.0,0.0,0.0,0.0,0.0,0.0
0.03358306800408116,0.034128760248616385,0.03295562884996555,-0.011940832745534655,-0.0003026171739259667,-0.0011157900817005996,0.00131284919477667,0.0002258098740485545,-0.0015054704757804368,-0.006666388274852164,0.03851229279001273,0.010053298483950045,0.021350858663783227,0.02545553052650286,0.011801716229433136,0.0016003541447226048,0.0007428698786319005,0.010761442962620958,0.001660924169272389,0.0022763201918319918,0.0,0.0,0.0,0.0,0.0,0.0,0.0,0.0,0.0,0.0
0.015363044889081634,0.03663323857716353,0.03382046743093673,0.040977290120558,0.025303516316680038,0.0002643995862465731,0.0056562796630866535,0.0012155553556041315,0.002873060121449658,0.00332487373344578,0.03819679289550021,0.04528786397410222,0.10068932743429167,0.00452827797953681,0.04055679721520486,0.00011823335280571962,0.0038280655580664037,0.009256318648917938,0.0028509150980771183,0.0029772791696156173,0.0,0.0,0.0,0.0,0.0,0.0,0.0,0.0,0.0,0.0
0.015450887791572008,0.039280200985777294,0.031077636845305782,-0.010673849988822563,0.027300449170812133,0.005783576508065391,0.006942684391580529,-0.0004509356310319616,0.0013738760011940286,-0.0047990822187216915,0.026146491580631415,0.04702404220932586,0.06532189770736048,0.028210311630422286,-0.01683288197938336,3.0442841768443894e-05,0.001870730891997633,0.007708068977586947,0.004774561625488742,-0.0018175122205567424,0.0,0.0,0.0,0.0,0.0,0.0,0.0,0.0,0.0,0.0
0.04144221547891571,0.05491554639460739,0.03291952286134887,0.04913109809351453,0.04533410764076832,-0.0021185391977555394,0.006586769088416366,0.021174018414424716,0.0016023895276485588,0.001391638953010874,0.027228446631848223,0.0031410256864835393,0.025475039363549872,0.03292886637080925,0.043741646271653375,-0.0038453103556152874,0.00274360497245202,0.014588477721343428,0.001450481526174827,0.0023693010204865433,0.0,0.0,0.0,0.0,0.0,0.0,0.0,0.0,0.0,0.0
0.02605686528363482,0.06147381856378096,0.02563544105787868,0.04733311673439785,0.05068902417104781,3.990707841055336e-05,0.0007001316628301166,0.0020242683367932535,0.005554353081048166,0.001741970889414212,0.006983766345021643,0.02531043195272369,0.005802094526554603,0.054791275536326546,0.04715311471795547,-0.003983404764297964,0.005483705370987361,0.013831439917472344,0.0007486107914400809,0.0013516658669525453,0.0,0.0,0.0,0.0,0.0,0.0,0.0,0.0,0.0,0.0
0.02248198463260252,0.04756224330092606,0.003019759614888808,0.029436650811002964,0.032266825884419634,-0.0011736808195165437,-0.00018861406817846025,0.00043164425473588144,0.002141605572371749,0.0006895438441357213,0.02242409244200978,0.07969688225766444,0.05348564878429216,0.0287045234505991,0.04093780911275681,0.01896096078122722,0.010643748571245818,0.009676342755589614,0.005244213422533786,0.002279412515064582,0.0,0.0,0.0,0.0,0.0,0.0,0.0,0.0,0.0,0.0
0.042846615031370286,0.04784481490798515,0.049825407460352904,0.039233901151763305,0.07006382411233184,-0.00018673200322755765,-0.0005412482833228186,0.000361336606497771,0.0027473055849595827,0.003228382381400997,0.029602000464331927,0.012531992925223634,0.040576318261910285,0.04458430666635943,0.03764047580134071,0.019112023930405078,0.002710509393536419,0.010891176945038909,0.0019514244702770048,0.0017181588013747404,0.0,0.0,0.0,0.0,0.0,0.0,0.0,0.0,0.0,0.0
-0.001478660406551069,0.05491916341900838,-0.008267248723086837,0.021271164803430755,0.06147012540803895,-0.00119963294141781,-0.005512460210607243,-0.0008207063173271619,0.002427589792930292,-0.00481379940269248,0.012693345449135343,0.0025285104587886523,-0.014594333914889995,0.030731590534379724,0.034597425971400676,0.004126651565123797,0.008559692538994114,-0.03618604997538438,0.00219604861958802,0.0010731804515102957,0.0,0.0,0.0,0.0,0.0,0.0,0.0,0.0,0.0,0.0
-0.009129304980444501,0.011304314841881793,0.019455832589841886,0.017629390195145384,-0.0080047226582957,-0.0021998772180378584,-0.0019565119614536647,-0.004450213855907878,0.003638940729058335,-0.003857732083932011,-0.016948832300099213,-0.0038422412379851296,-0.003995531725964054,0.06885660555423041,-0.005791079190745395,0.0022813827629412334,-0.003310651960029465,0.005939634561874373,0.01758679029505888,0.0005154047632335879,0.0,0.0,0.0,0.0,0.0,0.0,0.0,0.0,0.0,0.0
0.02455555176159144,0.0215735658226893,-0.013640120387510776,0.0695724083145954,0.024289147126657487,-0.0006117935698437473,0.0014619353478722607,0.004813203223736715,0.005094517091757703,-0.003007355118535485,0.046829373904070694,0.019302849938057202,0.006598116606058297,0.08323250441743006,0.016354251344431907,0.0033581210507677662,0.0007108546710472909,0.010131213624321686,7.956524765627467e-05,0.019646394454372672,0.0,0.0,0.0,0.0,0.0,0.0,0.0,0.0,0.0,0.0
0.05038080122174258,-0.003106102139472207,-0.001474431100098234,0.04010298192507923,0.0592065446618101,-0.002781825362463745,0.009291684483668895,0.005125648417975467,0.007221908382316533,0.0010775733785404469,0.03566038429484591,0.026238277527976195,0.016033394769811877,0.018071913677077008,0.07758725215244913,0.001971606745755297,0.033549788284769726,0.018993725595697557,0.0014254273962451811,0.0010400387049220444,0.0,0.0,0.0,0.0,0.0,0.0,0.0,0.0,0.0,0.0
0.0360993433031525,0.07682165809146323,-0.005751694215159107,0.052317327205041814,0.04767190602487215,-0.0009724466719000953,0.0019652453559138453,0.0038073761170824357,0.004153938297577069,0.00042478372014003113,0.022444292377840465,0.07147830394913621,0.008336457284096887,0.03929520358338091,0.04900290919397975,-0.0012274931591803734,0.005735582574629333,0.0181215749120104,0.0032739918258117766,0.0007233373504828139,0.0,0.0,0.0,0.0,0.0,0.0,0.0,0.0,0.0,0.0
0.04437103708563227,-0.0065421568459145705,-0.013408853917086799,0.06318486129530741,0.031931589576542095,-3.30500136483694e-05,-0.001138095048125233,0.0017562046884770713,0.008609787618151687,-0.0017010877864078228,0.01878165082667606,0.04467632395912121,0.0018000884665881716,0.07254654726247296,0.059575242513932494,0.016792819916757216,0.014140912084904431,-0.06134483867710284,0.0004661870199475145,-0.0007435729058535862,0.0,0.0,0.0,0.0,0.0,0.0,0.0,0.0,0.0,0.0
0.020786046926931204,0.04513867569029739,0.025311410593786214,0.019606260789167784,0.022387957595687676,-0.0004196058566348821,0.003894919647255145,0.0012565285172792904,0.0022723274169208518,0.045934644316521,0.02189814840234864,0.06520641507612412,0.03644764734757773,0.05302236141011588,0.05415615690851425,0.0024663782523393534,0.0024482756188980914,0.008098686307334848,0.008411332394090792,0.0015660581058968641,0.0,0.0,0.0,0.0,0.0,0.0,0.0,0.0,0.0,0.0
0.00970849412262625,-0.020551919378148216,-0.0013021948157215012,-0.0019015770718272848,0.023816850093698543,-0.0014664359581310475,0.0016825441381248963,-0.002038844635949799,0.003839092248038027,-0.002552016952117158,0.005492176281632184,-0.036577662112440054,-0.016795906356181382,0.006804032914050195,0.01576946849661271,0.004340988440105041,0.010637007469502044,0.007472660387028736,-0.0020100406326637125,0.048272272851221376,0.0,0.0,0.0,0.0,0.0,0.0,0.0,0.0,0.0,0.0
0.0629205331003129,0.060251251732187004,0.002485511456320093,0.041263209869881974,0.038314674294337145,-0.0016744140420036366,0.0019248416893601317,0.02343498568257591,0.002764090092630304,0.0024871186795994552,0.026940141953470827,0.008166998306299862,0.024571856450211805,0.026894810256004174,0.037171979984908794,-0.005837970674804527,0.003928566884236838,0.015492133808830326,0.0020071515183908016,0.0013831544177018058,0.0,0.0,0.0,0.0,0.0,0.0,0.0,0.0,0.0,0.0
0.023179968966971675,-0.014356191579351727,0.013504245670883198,0.028631738116596132,0.049527988928093306,-0.003959859652204368,0.006884515189404972,-0.0042526698699182144,0.004242762802655022,0.00039329581360481047,0.04601071950551905,0.02422259786050351,0.03493580276856681,0.01847165010728224,0.04525963179884725,-0.000499202754632577,0.03487984945098628,0.010828343917693032,-0.00022559055531240802,0.0029369965324603574,0.0,0.0,0.0,0.0,0.0,0.0,0.0,0.0,0.0,0.0
-0.007213749655834706,0.05937802937953775,0.0047547751444405,0.03370384690530493,0.0017687272349466735,-0.001998701634850537,-0.0014313147236513929,0.0116493068292449,0.003288831406120707,0.0036690838977796077,0.02683144808848384,0.013243041208265657,0.011058861524734493,0.0566468044221862,0.02229314922440337,-0.0007561259022940716,0.005252384262435528,0.006066532210534172,0.0018997921617486758,0.02861687513683488,0.0,0.0,0.0,0.0,0.0,0.0,0.0,0.0,0.0,0.0
0.013952602601239558,-0.035803582206599405,-0.02454800326529562,0.02451982892374469,0.047480951541302205,-0.003576538008118761,0.0016004502254970084,0.0017526861824561086,0.0064568220248869285,-0.0017564338519298482,0.0019334283399259618,0.01588527510348318,-0.0006959233553535081,0.014880240011544027,0.06551165899019273,0.0038426868105142873,0.02932197589440748,-0.049401372753253424,-0.002521483901708207,0.0010553561535177067,0.0,0.0,0.0,0.0,0.0,0.0,0.0,0.0,0.0,0.0
0.02282375403522281,0.024073704296742854,0.02734430578004843,0.041967355523801556,0.009542267320643897,0.0029110719561859224,0.004336404557218816,0.001541259695680409,0.005312126615020439,-0.0043457212548499375,0.03795387736070754,0.036936459659500556,0.01539644535095514,0.06300277590742913,0.0055497418739170025,2.3735011660940387e-05,0.00765225520951427,0.015117336865382724,0.014648163297306028,0.0019342780582827256,0.0,0.0,0.0,0.0,0.0,0.0,0.0,0.0,0.0,0.0
-0.006902439239372616,0.03782651743810396,0.06757436284078576,0.03458978550235639,0.02982854075572067,0.00018091140312570926,0.009023351551789094,0.0007798939992262042,0.0029549779177805665,-0.0010500214421620118,0.0048515193652902515,-0.0019336138641861803,0.10955479157341888,0.021173177724581833,0.02873561293675055,-0.003132596719043086,0.00407983354589204,0.01653141000383895,0.0018020212513811782,0.0015521987678612165,0.0,0.0,0.0,0.0,0.0,0.0,0.0,0.0,0.0,0.0
-0.0026253297250577678,0.029616278454497887,0.03563592785741743,0.062232548224433346,0.06451730733383933,0.0004221844309004764,0.0008608976478381691,0.006356777632078097,0.00624129769866979,0.004142761110839956,0.02569201758229209,0.0042684785929273895,0.04195859890971413,0.05515255636278309,0.07928152423015605,-8.459738224726646e-05,0.005656450173397113,0.006936663675777506,0.002646684793876338,-0.00018743048376044385,0.0,0.0,0.0,0.0,0.0,0.0,0.0,0.0,0.0,0.0
0.013879197593395542,-0.046333273155691086,-0.03276027762215766,0.011048022855723181,-0.0037718585733387848,-0.004237400523203579,0.0005331283431941924,-0.0019399571764488403,0.005401311060674282,-1.3010917329675471e-05,0.006447019473147047,-0.0175028082716535,0.005352268211478905,-0.005144036260202853,0.015384001966681313,0.009721558538035484,0.0045857742624178105,-0.011041999160977832,-0.002131110804018083,0.0336347024530592,0.0,0.0,0.0,0.0,0.0,0.0,0.0,0.0,0.0,0.0
0.018403625360030162,-0.0005762656072027514,0.06788198917377178,0.025319922149519992,0.04870886432541677,0.0019348739990830875,0.005566135005133195,0.004537095225260013,0.0016081386874820093,-0.0009777186754063602,0.03390409995430881,-0.006937230422624209,0.02089522374005332,-0.02739403309052139,0.032804698650036504,-0.0005010089712308342,0.0033088758813512955,0.006880856294141131,0.0030361913952441882,0.03289950614170244,0.0,0.0,0.0,0.0,0.0,0.0,0.0,0.0,0.0,0.0
0.014846590395593735,0.04234349632716666,0.040826613657855164,0.019312750591269762,0.026096609083347985,0.004642156372938636,0.004250100232857328,0.0020283043420247678,0.0031450033946086734,-0.0020403302351348204,0.014287505813275262,0.008858243391399932,0.03625940760874801,0.05847741814625843,0.009558509691051162,0.00046731399978205154,0.0022815944747669693,0.00592774761571237,0.010291300691440006,-0.0019697101345099513,0.0,0.0,0.0,0.0,0.0,0.0,0.0,0.0,0.0,0.0
0.01751852875028021,0.01599753200552659,0.021602834863877932,0.04766633136841023,0.029824253521179737,0.0017253181998793043,-0.001612120500548998,0.002417550644617935,0.006538209844268525,-0.0015632975598724303,0.0015434550044983576,-0.004495495458079237,0.020536710419931797,0.07175581616873525,0.042266960741616934,-0.0005468574255538109,0.0019926928115283635,0.008071435675014237,0.0016058748842391144,0.000875863160818879,0.0,0.0,0.0,0.0,0.0,0.0,0.0,0.0,0.0,0.0
0.020483615597035838,0.012415200116604264,-0.012711669968259403,-0.041281952757584235,-0.015053965743410593,0.01166409120995665,-0.0033022052730526646,-0.0023281948401444497,0.0026197275040789766,-0.006081664697668541,0.01946391048695443,0.09997397186065782,0.03770307848820287,-0.002222518719772031,-0.021752206529937836,-0.0007275877340714269,0.0026849708664310806,-0.008689177046595218,-0.011321543845329343,-0.002814281853724186,0.0,0.0,0.0,0.0,0.0,0.0,0.0,0.0,0.0,0.0
-0.00277207954761745,-0.002457224975585991,0.03309960928063339,0.05105720613867151,0.05478957123147892,-0.002148602878379887,0.002097881092132964,0.004857869192153726,0.006770551250496062,0.0019077446396656502,0.010196888305857372,0.025407499629614298,0.03779543375701464,0.06303213239619018,0.07213942762974138,0.002081780472959491,0.009130193165064077,0.016307933340322055,-0.0004951994850502508,0.0009229824850104084,0.0,0.0,0.0,0.0,0.0,0.0,0.0,0.0,0.0,0.0
0.011361288499524617,-0.018635384329006528,0.05166925348230979,0.04614988140700415,0.05199367094175076,-0.003112841524733937,0.004365568673046855,0.003527844372818771,0.004811086455031382,0.0017424404125417332,0.013819084605841414,0.017043223931368465,0.020209481242992017,0.049383558962499345,0.08505129351667375,0.0013693166533357503,0.00935615356005365,0.01147163687952837,0.0007872130059333325,0.0013578263718588403,0.0,0.0,0.0,0.0,0.0,0.0,0.0,0.0,0.0,0.0
0.027308089451943348,-0.018026384990013734,0.022470238474049345,0.0020739420023258683,0.042959938446730815,0.031151533689177086,-0.00041935782210507225,0.0004930091932695128,-0.007299132185884318,-0.003076200013421924,0.031250680454582076,0.02685071314387451,0.009001579876213037,0.02423972767556262,0.07457680423876846,0.003384330248139478,0.00953911205995854,0.007868889377206499,-0.0003769152113226338,0.02093422851656309,0.0,0.0,0.0,0.0,0.0,0.0,0.0,0.0,0.0,0.0
0.017298428687306355,0.05128184469103011,0.010630338119531053,0.04788534345440558,0.019831912385415346,0.039016261455074586,-0.0016023774243416299,0.0005186420982444212,0.0050073466401327725,0.0018843884028402979,0.028531875659929765,0.003800720899516121,0.036258112862981424,0.039151052832178734,0.032588671209817906,-0.0015336282142066663,0.005435493890747575,0.006435781214556138,0.0026934440400237453,0.0011901863103658036,0.0,0.0,0.0,0.0,0.0,0.0,0.0,0.0,0.0,0.0
0.03739255738905742,-0.047789308894302086,0.04325957298158474,0.0020905502965713895,0.01587756953428533,-0.0019819206937107844,0.012364200326554282,0.001334898561260081,0.005644833243391337,0.0031162473030694753,0.02885566317684739,0.013320267433755374,0.1000506700579103,-0.015700847021498113,0.0054678445919049004,0.02198100586289844,0.0069744718343546725,0.00786650704770202,-0.0015045721564289644,-0.0048986137548351835,0.0,0.0,0.0,0.0,0.0,0.0,0.0,0.0,0.0,0.0
-0.0016795619097977935,0.03942416940546751,0.02671697435561295,0.0012558785546161603,0.012119275633026547,-0.0019088248273252306,4.14847958663027e-05,0.0031578415349645425,0.0007544036389747124,0.0065078671895181265,0.010802329889634523,0.05515785784789701,0.012795493888493884,-0.034006169666006544,0.04261457192946764,0.00136995126073636,0.0020933256270179285,0.004677642459245706,0.002280445606568947,0.00025978868911343217,0.0,0.0,0.0,0.0,0.0,0.0,0.0,0.0,0.0,0.0
0.02083703771651909,-0.03345960290747665,0.043696100635325225,0.012341595982996502,0.0321162640919552,-0.0030852067215106343,0.005927133034816612,0.0006380493313505514,0.0036060396266480877,-0.0011222504855332518,0.020874912124763993,0.002181281809430439,0.01942557332488277,-0.013698333020738878,0.03784363497980257,0.004653994693310593,-0.006202674102075703,0.0218677009935378,0.0018520579188718996,-0.0018440000539306901,0.0,0.0,0.0,0.0,0.0,0.0,0.0,0.0,0.0,0.0
0.01002591348874189,0.04081107864664548,0.029448655041871295,0.07432584286700741,0.029555847983093495,0.0017692506623961997,-0.000382794352157673,0.009070347907445623,0.00380132344766387,-0.002010878132581392,0.030908114618078384,0.06002459468237223,0.018171221466049294,0.07334735762312727,0.004322778008583161,-0.0005146220637164081,0.0024652544379103677,0.013401524269911055,0.004706272907226831,0.010474513610702485,0.0,0.0,0.0,0.0,0.0,0.0,0.0,0.0,0.0,0.0
0.020586470593285937,0.039083718579427516,0.015470315847933699,-0.004288971915395691,0.04089412288123923,-6.446459552803135e-05,0.0012030038893972375,0.0018249518358909465,-0.009305532667956026,-0.006817072860586314,0.02016829432165884,0.009677183527433846,0.01314160584490027,0.034700066157175725,0.01580925091314377,0.0011621110468337836,0.0007103190073858857,0.007918161680267578,0.001960267741904708,0.00573293699236318,0.0,0.0,0.0,0.0,0.0,0.0,0.0,0.0,0.0,0.0
0.024262842341848417,0.06403790225321418,0.029559668031005796,0.008374016398401565,0.01814486304944678,0.0006387201499661847,0.00677810481038128,0.006418631902619954,0.0022866975158920204,-0.0020273206118523886,0.03945372398646756,0.12010150870616951,0.05793231095088839,0.0034404597553491074,0.008097113178574276,0.0016375836969015432,0.003980196645267044,-0.003073622120474247,0.004508311908615519,0.0041698845716891175,0.0,0.0,0.0,0.0,0.0,0.0,0.0,0.0,0.0,0.0
0.03595819546465757,0.014468922357414964,0.07498109819708025,0.07049543377824212,0.026043278541049587,7.977794232602673e-05,0.0029582473017524943,0.0061579137460124975,0.005208873811231362,-0.0012488796522439154,0.0511980545772275,0.007007332124547767,0.029538643899334145,0.07909085232161861,0.017232006895109155,0.002375131762205104,0.00378949786527461,0.010866065727485595,0.0033939635128508077,0.004127186947196425,0.0,0.0,0.0,0.0,0.0,0.0,0.0,0.0,0.0,0.0
0.018334868958477885,0.030650823837661018,0.011751684016658544,0.01664539722609667,0.03761136559078599,0.012247968606370348,-0.0007975632879339362,0.002295388597947738,0.004095643411868734,-0.0024232780895304044,0.018318282841264487,0.06441344792903278,-0.00606053422878881,0.019596928606370804,0.033588657007542634,0.000737944616582001,0.003403190642873012,0.009102572779492038,0.004601323447757271,0.013189726705020104,0.0,0.0,0.0,0.0,0.0,0.0,0.0,0.0,0.0,0.0
0.04940379684852751,0.02374228983555492,0.009682554506655323,0.015339010709426115,0.011897965532478199,-0.0037933640585906653,0.003184776852553707,-0.03609310081285537,-0.0015256578649675081,0.02540903120922956,0.03538228714976323,0.011350621014251982,-0.002807345391132771,-0.014422980225696208,0.021926107284568543,0.0010108352986866811,-0.0005539652961711649,0.007174589876648311,0.0001596282507148608,-0.00016324150409657818,0.0,0.0,0.0,0.0,0.0,0.0,0.0,0.0,0.0,0.0
0.022605106091156405,-0.009566915927744727,0.030066818465351464,0.047884092773190466,0.05086928998542183,-0.0025391383195138726,0.005333160826599846,0.00467931922922873,0.00341403717565109,-2.4810309918317095e-05,0.04310850130770384,-0.01592026314403168,0.007606016999368048,0.018828202824288705,0.07471315012997869,0.003539659059028164,-0.0027164305371711237,0.013354965960310158,0.0004484287709648569,0.0014033753781980906,0.0,0.0,0.0,0.0,0.0,0.0,0.0,0.0,0.0,0.0
0.05424208451115419,0.0012046446882105384,0.008348876971281992,0.033309282998327486,0.012599661253552193,-0.00034987131039222985,0.00017569272222092559,0.00466114933877959,0.003393156317104192,0.030690388446235096,0.030144567650031772,0.024012675620194275,0.02808781142613114,0.08062145436054337,0.037107589863017466,0.015688363825320514,0.008464866579690401,0.011147155006816787,0.0017725235642623387,-0.00043144837203022517,0.0,0.0,0.0,0.0,0.0,0.0,0.0,0.0,0.0,0.0
0.05614389151647433,0.002720283085834266,0.0026223886368425993,0.018435202965708674,0.024389174105685193,0.001619026033880665,0.0017167829527524436,0.0014983804822016821,0.004158935952351237,-0.00018282145868022719,0.03515504742232989,0.03157315705433377,0.0415122110269686,0.012116878663358343,0.06078448587983987,0.023447156722948503,0.0010828342884767026,0.007762819138350974,0.0026882513907223395,0.03447751125999155,0.0,0.0,0.0,0.0,0.0,0.0,0.0,0.0,0.0,0.0
0.05543159876885873,-0.09132203144206323,0.004903325695147072,0.03015802203255268,0.006851862512802182,-0.0031712917059826154,0.008727547542401605,-0.00192186309643097,0.0010328356608328103,-0.0007791963538467822,0.020062060993146988,-0.023001887760054678,-0.010067789766990359,-0.024787803329661073,-0.009192778122036392,-0.0022920928583392377,-0.0017665998448912743,0.007173569129265195,-0.0013833544857099382,-0.000932536448629292,0.0,0.0,0.0,0.0,0.0,0.0,0.0,0.0,0.0,0.0
0.020121240567822767,0.04510143838375144,-0.0029353568653121736,0.051024291802701634,0.04754578634293838,-0.0023044567695816504,-0.0007355799913883602,0.0012698444546716016,0.002988158666315253,0.0008642338375893406,0.0173397311381982,0.0802382229709541,0.013405347934704465,0.037625477840308466,0.04831647539804988,0.017959477508420304,0.008923859235709852,0.012825197759021648,0.003274819639472303,0.000873387266024333,0.0,0.0,0.0,0.0,0.0,0.0,0.0,0.0,0.0,0.0
0.00699410286706134,0.03115364053909282,0.0075763320371679,0.04525518088689659,0.05546841811735204,-0.0012622904032305344,0.005188378760321412,0.0021781742311103125,0.004196141134877412,0.0028212377488425746,0.024523525840947268,0.03988736626441661,-0.009792560379875049,0.02391240014360381,0.07455322328132939,-0.000695483068299183,0.0035514627777902203,0.012642210868483465,0.0037662400261018495,0.0018038954463802138,0.0,0.0,0.0,0.0,0.0,0.0,0.0,0.0,0.0,0.0
0.030003979911768543,-0.03700770337329877,-0.006077188031752527,0.0533274635037857,0.05971079089953497,-0.0031091198248240936,0.0010788184853297272,0.002377171363906469,0.004930690074018071,-0.0004198817588735791,0.035027797487103274,0.006533624800338208,0.00972801861119492,0.045931945588862086,0.07724896662177069,0.019949491939026603,0.009049033902936127,0.0170289365027669,-0.0007720894532115283,0.00034987821007179007,0.0,0.0,0.0,0.0,0.0,0.0,0.0,0.0,0.0,0.0
0.022016224319406717,-0.007133953085530763,0.0390433482478993,0.050332117363916073,0.057415226494600465,-0.0012316503015184926,0.007861641396624859,0.006065364630007297,0.004002010026627422,0.0002882048555129905,0.05306108464795118,0.03427496674976079,0.01186813298337769,0.038585001839026065,0.06568401495480518,0.0024263300398490273,0.002635619745365383,0.015625205695951355,0.0004302388918374243,0.0016414959649840321,0.0,0.0,0.0,0.0,0.0,0.0,0.0,0.0,0.0,0.0
0.036705028708493515,-0.018435743181120928,-0.0027355867892167865,0.044775128408787175,0.01845458275225097,-0.0015333040401777859,0.04029446834009891,0.0005781397073765034,0.0034518668204975653,-0.0019371202434358985,0.03993308149723195,-0.007624451351516943,0.023331899657206695,0.06903601201579496,0.01172067883954851,0.009680060926108004,0.0016171064064603362,0.009706929341568568,0.002260896886901284,0.03444192241751399,0.0,0.0,0.0,0.0,0.0,0.0,0.0,0.0,0.0,0.0
0.03061484841993443,-0.060943790097485045,0.03270413668297576,-0.0016994686105201316,0.023278689719059754,-0.003204313836547431,0.001545438960150024,0.030186969175801777,0.0030530576309022004,0.0014324879600467765,0.0164085067618049,0.00012168866035391206,0.01752064404857334,-0.03151973748740356,0.015178919716007055,0.022342815404071906,-0.013254964510597697,0.012559737319634976,-0.0005517895384253157,-0.0020522792579663585,0.0,0.0,0.0,0.0,0.0,0.0,0.0,0.0,0.0,0.0
-0.015495451754105518,0.051282777982583905,0.00801029684202538,0.03637078470220168,0.03266430648583318,-0.003716682514632064,-0.0005832588184684729,0.013033866402375721,0.0033243745278432216,0.0017569242061461086,0.018527674822544627,0.008895564016356328,0.025989227371017377,0.05941448154687162,0.034996757141162106,-0.003913785978802321,0.005857454469077569,0.005325884519227317,-0.00015043280051562277,-0.00028692395319325595,0.0,0.0,0.0,0.0,0.0,0.0,0.0,0.0,0.0,0.0
-0.012419271629307093,0.04822929759709537,0.018523809406324167,0.016589190512610732,0.014902872840229894,-0.002841956624017764,0.004194373873435242,0.0003575746983398079,0.0031804750777953026,6.925294167429707e-05,-0.0012183011709826586,0.05302242714172918,-0.00864115934034441,0.0021964453305749064,0.04947297215223414,-0.0014794517922104055,0.003535786816207474,0.003155012658554612,0.005363085467092888,0.0005730339539563393,0.0,0.0,0.0,0.0,0.0,0.0,0.0,0.0,0.0,0.0
0.015943750861190095,0.024162240990393238,0.03875672484817335,0.06718417915256081,-0.0029675205868035202,-0.003395419873113302,-0.003573237603378603,0.0015860554657870561,0.003059323751285887,-0.002204865742357172,-3.544693556003659e-05,0.019955231567050744,0.01560026102940181,0.00926713279882459,0.02268758906522291,-0.005474433493700176,0.010941239474594818,0.012656376949204424,0.00198038090733696,-0.002407965505742176,0.0,0.0,0.0,0.0,0.0,0.0,0.0,0.0,0.0,0.0
0.04024174661412396,0.042141113236721116,-0.012907461507327371,0.022786320028284776,0.007423913754147261,0.016329496871153232,5.6111462154892174e-05,-0.00010977935085010183,0.0002713119105099366,-0.0011672121142439938,0.020273782901256962,0.01299093948322026,0.030901273537436998,-0.014004935675788447,0.028837047770671025,0.0029993316423193523,0.00293982394936103,0.0022211020048864753,0.00225021527526906,0.019850094911782058,0.0,0.0,0.0,0.0,0.0,0.0,0.0,0.0,0.0,0.0
0.04621002751317305,0.05016998661108178,0.09221480016359147,-0.01764443782539059,-4.963530054468288e-05,-0.0006411718411425966,-0.0036882823123994433,0.00030770913775895017,0.009795364322173206,-0.0010578399158310062,0.00873808887496365,-0.007366086028678364,0.02372114781718997,0.0018378722438700252,0.021063426556574522,0.029764137497312545,0.005041711116577092,0.008334625533250626,0.0011769846362634309,0.005451566397145595,0.0,0.0,0.0,0.0,0.0,0.0,0.0,0.0,0.0,0.0
0.02134721682454943,0.03892929654101568,0.030085246659072532,0.010246897916242125,-0.00651658352048764,0.009992505600769051,0.0021037859291551833,0.00035487104529156383,0.006025045662577627,-0.0015067617976939798,0.004262768398934244,0.03540475034055259,0.08878752473608122,0.008561164359344536,-0.009270877130326564,0.0023484488410296612,0.004182312024607106,0.00675215441665409,0.00956580350193657,-0.0029339732289339763,0.0,0.0,0.0,0.0,0.0,0.0,0.0,0.0,0.0,0.0
0.05742368607431289,0.03909055568724683,0.009438798355804925,0.0030294001787909658,0.007981497736640288,0.0008474171713897782,-0.0005589083827975125,-0.0005689130621308878,0.0026385752954658486,0.0023187985260793224,0.03896670893354899,0.012160135493534683,0.01846186712609936,0.012203071030336542,0.002223540974652913,0.007377208151395644,0.0030005852007034045,0.009715289604081185,0.007732478423597479,0.0029881686706255796,0.0,0.0,0.0,0.0,0.0,0.0,0.0,0.0,0.0,0.0
0.0024593744722164346,0.049106556367627716,0.01792438492729703,0.03420619463549988,0.011772719816208513,-0.0012892489922417289,0.050549696007543964,0.004023912415422632,0.0015519138976700512,-0.00012192259447146353,0.029971977093346248,0.05893341024748189,0.04067585121811553,0.02219927487703475,-0.0014287804895455481,-0.0005626645981805874,0.006681117574802328,0.0075382767474124176,0.004912330651506571,-0.00038277715437500106,0.0,0.0,0.0,0.0,0.0,0.0,0.0,0.0,0.0,0.0
0.02471687539620422,0.012008254766081788,0.007871540131615184,0.011963462647977771,0.011068980520937534,0.004987712729157673,-0.00035226719363605426,-0.0011428365364380033,0.004643731219396232,-0.0061446333925108485,0.006901981461445205,0.019365159632157427,-0.0014085749285994442,0.016904204557266465,0.004381837671987602,0.0005625116670758158,0.002772085810316299,0.025525388019714636,0.005763689252004815,-0.0016675063117822409,0.0,0.0,0.0,0.0,0.0,0.0,0.0,0.0,0.0,0.0
0.031678623588360814,0.005792950681005985,0.01597691389714316,0.01559832433829576,0.016893876285504754,-0.0008805183598680042,0.005944092537581742,0.0023221826997171712,0.006323370543572484,-0.0022901084610497894,0.05570703794888414,0.007407781968942506,0.0025879228250249085,-0.007892294677614117,0.03640608142894054,0.000955677580207098,0.020688570275159784,0.007495386541175809,0.02798280289482753,0.0019179184828367521,0.0,0.0,0.0,0.0,0.0,0.0,0.0,0.0,0.0,0.0
0.0483421922895376,-0.009780401315793955,0.02239484699972273,0.0361869559476338,0.02681736420073864,-0.0007553230652863911,0.0014488808316750373,0.004311661343223906,0.009037380916261334,-0.0015150205657603827,0.026455182235883,0.02348707079851052,-0.007340666427237286,0.06639570958252246,0.031450456464092044,0.02547223193824068,0.005805653004307947,0.009272070311672365,0.0023540147898435805,0.01888133684058391,0.0,0.0,0.0,0.0,0.0,0.0,0.0,0.0,0.0,0.0
-0.0006959912943155454,0.07840331882411578,-0.0037310758030631793,0.04816123647307828,0.04175799684491581,-0.0017035020240372054,0.005374598695191878,0.003839954828577183,0.004101008933046098,-0.00032776041570843276,0.00815597722017558,0.09527866775814467,0.00436628713023827,0.016065547626050284,0.047778005255264676,-0.0020573742497943057,0.003879912793477629,0.019697175786060478,0.0028006960855192988,0.0009953440829558763,0.0,0.0,0.0,0.0,0.0,0.0,0.0,0.0,0.0,0.0
0.01765661142384034,0.002085567339373062,0.023857907880757694,0.06009641745211115,0.03578517661179386,0.03214767967100319,0.0013909923506152623,0.0034653149548362233,0.006631425863866743,-0.0015718742491716104,0.01445203022439892,0.02579771513539377,0.027521495355133825,0.018103024010067203,0.03539067152205287,0.0018008359379141977,0.004218479365563664,0.008204830138584605,0.0010675937013238598,0.015619702430912508,0.0,0.0,0.0,0.0,0.0,0.0,0.0,0.0,0.0,0.0
0.026734312692595154,0.021277215260186964,0.03181996321956457,0.018205622931583402,0.0376307910333786,0.002191105660088269,0.0016610089259281949,0.0027154170865394647,0.002419605952537584,0.03740086960125682,0.04496871823112445,0.009474672331564411,0.026631000387932747,0.06950290039519046,0.06512325705233335,0.00015170153535746882,0.0026301444517732734,0.008899532387571315,0.018790743854017942,0.003075256225024403,0.0,0.0,0.0,0.0,0.0,0.0,0.0,0.0,0.0,0.0
0.06141789721005693,-0.014254269033189581,0.03128220731083557,-0.010662512079370048,-0.00739647570929741,-3.051929949607287e-05,0.004334740597310063,-0.0003137854015325172,0.0033623472368503288,-0.0020014484672509314,0.010738979100314868,0.005113022711724526,0.010311843139155867,-0.024982488801398705,-0.017000540114084868,-0.0004443185157989956,-0.0033056778171187675,0.0068720359889194145,-0.0028699842714273185,-0.0029878781717456943,0.0,0.0,0.0,0.0,0.0,0.0,0.0,0.0,0.0,0.0
0.03676013188658575,0.05121091830778741,0.028678125701070374,0.04679191204421531,0.04969556882532092,-0.0004409629593750195,-0.0007921514887680147,0.0019296860807516208,0.004598988781252898,-0.00014661794063966017,0.007079149843175521,-0.003285432277774975,0.004024725475801416,0.05914632540950548,0.04750776592253844,-0.006066261670298752,0.005209330256041894,0.01597865985257438,0.00032987629153368494,0.000542126067306302,0.0,0.0,0.0,0.0,0.0,0.0,0.0,0.0,0.0,0.0
0.03978250584025668,0.030995020806768987,0.012079384823622407,0.08583957580494228,0.040674236836889546,-0.0006789389421790967,0.0014460417392722213,0.0021581653913623957,0.006523242119222209,-0.0007926800878549036,0.03174792984170286,0.03919828423459652,0.0022806627476617716,0.06090600554528761,0.04036052093403841,0.0018494871990026415,0.0007522347451548975,0.010527525773321745,0.00868534426011903,0.0005560758472664208,0.0,0.0,0.0,0.0,0.0,0.0,0.0,0.0,0.0,0.0
0.009605442998633185,0.035659742750362926,-0.01006434329533971,0.020256917644570677,0.031181669497759093,-0.0024843789472701874,0.004423032352176728,-0.002445291657164622,0.004124470153976944,0.00099118931024712,0.009258861912969239,0.027320986908486215,0.019976223716662904,0.05369492673188231,-0.0052580770197582895,-0.0023499414590317925,0.003879768312847535,-0.0038139247607176987,0.0018163011599777257,0.002948020809101242,0.0,0.0,0.0,0.0,0.0,0.0,0.0,0.0,0.0,0.0
0.019620044927034844,0.029612698225647098,-0.00010174732476212038,0.0062832067036252765,0.018332921297224507,0.002417286148249398,-0.003169426602276515,-0.0012877715256312105,0.002243504914993183,-0.004629648783596151,0.012153432899407027,0.0875335427268516,0.03484298874145209,0.044422450693787474,0.027209219040165294,0.013729560758334194,0.0049943745879462735,-0.014672659315683017,0.008346557734526644,0.0008410612730751949,0.0,0.0,0.0,0.0,0.0,0.0,0.0,0.0,0.0,0.0
0.013951988441010102,0.01718935236748043,0.03782536044380325,0.07046621756476168,0.030693477465051612,-0.00039506341071174236,-0.0004245741421988515,0.006552813099930433,-0.00022033630047538628,-0.002468547102137932,0.044384644533003746,-0.004781404781162467,0.01261052109696849,0.056046952210759525,0.005807102424338171,-0.002803635407288121,0.0027385823153793713,0.010064370757198984,0.0019069317326116878,-0.00042315618795029763,0.0,0.0,0.0,0.0,0.0,0.0,0.0,0.0,0.0,0.0
0.01428444446565695,0.016751772643198902,0.03156079087101609,0.016997206020498593,0.042606698803918756,-0.0005351449370775106,0.005418291474700226,0.0005758356945681825,0.006588107191653586,0.0003497271926887312,0.03475447431449932,-0.007070737268943588,0.035063260840351926,-0.020580211720041947,0.049682080719573654,0.0007656691977452147,0.004743755110552744,0.01900349287475883,0.0011385538091043567,0.0003748002572078721,0.0,0.0,0.0,0.0,0.0,0.0,0.0,0.0,0.0,0.0
0.0024307704372514825,0.03030559783533936,0.02491129588572302,0.004147952832578476,0.017240585281704614,2.7735322027344872e-05,0.004270823648650305,0.0007267675942800477,0.006492104645925749,-0.0028553979929618668,0.01006721107568492,0.003989764020959932,0.034005457852457455,0.01541300380933996,0.03789272822556647,-0.000216147763878946,0.0038133593324221953,0.0053394791456196425,0.005173401298485029,0.003127346728374322,0.0,0.0,0.0,0.0,0.0,0.0,0.0,0.0,0.0,0.0
0.06430991029135968,-0.05948042158040322,-0.0015636044783510147,0.022413107559137155,0.027156483334037113,-0.0021208769684495955,0.0015870948288255584,0.00019461864106986527,0.002670933363444822,-0.0007158819749625832,0.023375125185394398,-0.015095487711480676,0.019180409980371127,-0.011356709353497854,0.03972989389354395,0.02604143152689865,-0.026406308826446286,0.013784348840505525,0.0011737661615954789,-0.001156235592220821,0.0,0.0,0.0,0.0,0.0,0.0,0.0,0.0,0.0,0.0
0.028647762699838604,0.0475808041824925,0.022303703962771055,0.054990051225673964,0.05269423696495021,-0.0003131675732946068,0.004675963376282505,0.0024719493809748686,0.0030758012689974415,0.0011651678545901985,0.015585562476672005,0.04689346395593288,0.0069393915743515,0.04214687190444639,0.049449442020154,-0.0019325393537985797,0.0038211269323524264,0.013593462297440306,0.004880148940794559,0.0013594406102505423,0.0,0.0,0.0,0.0,0.0,0.0,0.0,0.0,0.0,0.0
0.02666320248030713,0.049475427844509416,0.026998816991026568,0.010080879548842498,0.014769973032524367,0.014501449512557588,0.010843729809982803,0.001206938370184347,0.0052272103939507856,-0.002750372647138538,0.030083072764378348,0.0079736462828347,0.051278306364335405,0.0015656756207944654,0.022327888415609426,-0.0021477293171500277,0.006139122863163159,0.008959250443446249,-0.007942024619788038,0.016215497035006896,0.0,0.0,0.0,0.0,0.0,0.0,0.0,0.0,0.0,0.0
0.029807433123770533,0.03228760220672567,0.05680421262028898,0.09128208380217144,0.0068445687360661886,1.3623034226813364e-06,-0.000151707205932324,0.005982928702184193,0.0014165135716473411,-0.0007730447089208512,0.022783192142210546,-0.002162419108634761,0.004888702926930823,0.05887119465929449,-0.006298668613696583,-0.0003293100453771839,0.00041439358482455406,0.010318705991596908,0.0038626178332360323,0.0005145423634842686,0.0,0.0,0.0,0.0,0.0,0.0,0.0,0.0,0.0,0.0
0.037531585964762824,0.03350444252772746,0.010469120735803309,0.024711146647786234,0.02308600247917188,-0.0014086163053387232,0.0018183665331242204,0.025270526172157533,0.002715214607197009,0.000571363640705874,0.02321000637725246,0.06547819133510072,0.02436935978735101,0.013429616833299155,0.0007507664931107606,-0.0008632650187813085,0.00036594089692114986,0.006567796505474361,0.007487698591416963,0.00026476562177448637,0.0,0.0,0.0,0.0,0.0,0.0,0.0,0.0,0.0,0.0
0.012489277362409684,0.042125800832122695,0.026120187959834444,0.06583145670703654,0.046578064654925394,0.003716449902147038,-0.003600864098587926,-0.00212760482648781,0.004870918208227561,-0.003575204334353672,-0.0012025629273355381,0.0023436268144468022,0.004260741193641694,0.06320072117552851,0.059002901284212574,0.014870823687278753,0.005337675009957147,0.010559167517073153,0.0016174308626760844,0.001302590135619189,0.0,0.0,0.0,0.0,0.0,0.0,0.0,0.0,0.0,0.0
0.01864286712721506,0.0009100140095057828,-0.00921782508018527,-0.02936769589187166,0.022405803522408847,-0.0012525147727376607,0.0055376046166956475,0.0001678399131715821,0.003271835014380201,-0.001038210169760431,0.053319020696949646,0.026029026096214193,0.0027470609678530156,-0.04554825146537362,0.038224278099651655,0.0025789870659617413,0.050945073014041393,0.003949600869815508,-0.002141179240732754,-0.0008644527675358242,0.0,0.0,0.0,0.0,0.0,0.0,0.0,0.0,0.0,0.0
0.04313210721415474,0.061693749849270375,0.03112629865196415,0.017029426788324906,0.0522740955879389,-5.5245112599031136e-05,0.0029136367246210457,-0.0010328180093043151,0.005621317024310132,-0.00020167321911009455,0.028813875483077313,0.06478022884029472,0.006085788382652184,0.01420167035731699,0.04918520914567456,-0.00023141663842633003,0.0013490465683523303,0.00839418186159437,0.010077589293309444,0.0011467704221313259,0.0,0.0,0.0,0.0,0.0,0.0,0.0,0.0,0.0,0.0
0.022471392888465367,-0.03366732563130179,0.024367777536671575,0.0704958255750779,0.013256719110472347,-0.003537079721060648,4.3210362667327526e-05,-0.0002918759713497139,0.004148128979165424,-0.002636894405745563,0.0004957943093925871,-0.0010919967279899453,0.08775692296168273,0.05413554648159403,0.026133463572439723,-0.0074865836969656195,-0.007828500294324674,0.008979769794928693,0.00036440898877270687,-0.0023871069922216967,0.0,0.0,0.0,0.0,0.0,0.0,0.0,0.0,0.0,0.0
0.01683390235698337,-0.009933487303319775,-0.007750261499110098,0.02405961402341177,0.03242482766679931,-0.0012256117273513447,0.0017739012837814806,0.001714570974316403,0.004285872587073953,-0.004753484327935894,-0.00530758127564562,0.009566800524549512,0.005539649740427243,0.01841711921945305,-0.009973967428156457,-0.002929187598236763,-0.001867487465480025,-0.04352096975844871,0.0009575863952384338,0.022992032827198288,0.0,0.0,0.0,0.0,0.0,0.0,0.0,0.0,0.0,0.0
0.022466217004576905,-0.028329408746204137,0.026661234430221,0.04736547151593493,0.06331407985434387,-0.0024134273824829027,0.0046165647028461095,0.004746048046034594,0.00699699531157867,0.001993054722931997,0.006748661984586936,0.023401395758328364,0.016722860497883015,0.04792676428608036,0.08387660717427418,0.0031581524824637972,0.015325213228960423,0.014810667251782865,-0.00025581127097075034,0.0007592846072822776,0.0,0.0,0.0,0.0,0.0,0.0,0.0,0.0,0.0,0.0
0.04671511365952919,0.03494166887925809,0.022914242215695803,0.0355439074672346,0.025329932111965447,-0.0013991636593210855,0.001966872518037565,0.00041375736636891085,0.006003861006187916,0.0006540857881176494,0.02161331387209248,0.060719441045149314,0.00041786498383474414,0.01997344591295308,0.03856489273292251,-0.0002467931684641628,0.002380623469048661,0.0032061119312876054,0.006030557167807064,-0.0008531098392533322,0.0,0.0,0.0,0.0,0.0,0.0,0.0,0.0,0.0,0.0
0.010596173282029,0.0030451603936895192,0.03665762529276354,0.014072089289204604,0.04798749639777778,-0.001642343187717864,0.0048532952748192035,-0.0004201075600673999,0.004979043864815325,-0.001975642721784285,0.022178024221161476,0.008100592583822747,0.07355801127935088,-0.011072036754738408,-0.0022917253364900833,-0.0010052704093839783,0.0037270182296521765,0.01581118040556798,0.0015614310293729356,0.0011706098866102928,0.0,0.0,0.0,0.0,0.0,0.0,0.0,0.0,0.0,0.0
0.01282382728694772,0.0360078793680938,0.03684999746680827,0.04085543919834766,0.033496221119256875,-0.00011767301538702565,0.007982840572803464,0.001795309942105113,0.0035162793669818765,0.0017767705276305465,0.03172236541747598,0.043999773160969965,0.08686621918006057,0.024400757828640946,0.04640435347521458,-0.0006327932695917269,0.004792155517291047,0.013075539993221108,0.0032035512306032676,0.0026511468219033297,0.0,0.0,0.0,0.0,0.0,0.0,0.0,0.0,0.0,0.0
0.03725137546927741,0.003022973252817647,-0.003525830634170786,0.03687598104659062,0.012814171918044442,0.005671890576632865,-0.0030591354191556504,-0.0009535967496424797,0.005612647811312291,-0.0001315258368495105,0.017576936392732317,0.0019734468720187465,0.019618512375857114,0.04447862629831195,0.02514642499842717,0.004546546372058225,0.0021732602932289396,-0.009290852499415423,0.014130105696986204,0.0015958900904238665,0.0,0.0,0.0,0.0,0.0,0.0,0.0,0.0,0.0,0.0
0.018719428433275554,-0.02542233023038266,0.023016185558200616,0.05479160292957969,0.06797734828667129,-0.002217125901332549,0.003938801007832483,0.0040932460973352085,0.007696074011498079,0.001277081177800858,0.021726757895065518,0.020334398787333417,0.013573309956785613,0.037812093916875185,0.07738010318873285,0.0017126297262760818,0.009163890104782392,0.015213599172824202,-0.0007187452295001957,0.0013922811018365936,0.0,0.0,0.0,0.0,0.0,0.0,0.0,0.0,0.0,0.0
0.03987532932971491,0.006330942281854057,0.04826516436028593,0.025938946913036814,0.031226766240807093,0.0002544059413264847,0.011484253972352806,0.0016720653029080657,0.004877428037762128,-0.002236393309684865,0.042624104319322204,0.02650998612650977,0.028230111010208385,-0.00019707529487198998,0.00590615356707146,0.0011104659153263307,0.010543499017779607,0.013057800312812302,0.006024185916432992,-0.0001943007454061189,0.0,0.0,0.0,0.0,0.0,0.0,0.0,0.0,0.0,0.0
-0.02145074758173751,0.026439764017819323,0.013663424829753842,-0.01223536205767705,0.016346324732686175,-0.002034657558961669,0.0005298390289254311,0.0015503138648818259,0.003767073379546761,0.032000977211848414,0.0167395798911659,0.0334061115327171,-0.010374446990111414,-0.03838824113778857,0.04831657800676924,-0.0015524295549971061,0.004581817876192257,0.0023639508962870737,0.002949415774516345,-0.0003154469462882948,0.0,0.0,0.0,0.0,0.0,0.0,0.0,0.0,0.0,0.0
0.019821701073986276,0.02879695589478018,0.037065718231776165,0.08215913895997062,0.017117663532684246,0.0008829247843856607,-0.0009807493382553815,0.008961345675388725,0.0034537315336068014,-0.0006752656966575451,0.06962793761614916,0.007020931149190632,0.023361560589902564,0.06905219230587889,0.020381756142343763,5.767331446946993e-05,0.005219427313529347,0.011973752252726578,0.0023996443864711912,0.003023557398044509,0.0,0.0,0.0,0.0,0.0,0.0,0.0,0.0,0.0,0.0
0.03210473633521347,-0.03543263408221326,-0.013666110587877868,0.035223970681250355,0.05496780794138912,-0.0025164209565708574,-0.0004147441068324156,0.0002827407555494846,0.0057168803594054496,0.0004318952617364826,0.02330701652470749,0.004440011273584117,0.006465063417566207,0.017249322958350563,0.04924190119100061,0.012129888335609714,0.016700500654391923,-0.04454763343718058,-0.0015443587499982335,-0.00024920830862919924,0.0,0.0,0.0,0.0,0.0,0.0,0.0,0.0,0.0,0.0
0.00163462558993251,0.05546739418754163,0.046150452798402616,0.04073310919335661,0.038190158431757,0.00012934761720696328,0.011055689743423684,0.0025914658516139216,0.0030003442582917125,-0.0004178175759778774,0.008854978546962633,0.023367531701428117,0.0927835069510475,0.025353928810005585,0.04853039501453989,-0.0012109632252690038,0.0055424050959948,0.014590930383080705,0.0019241968872699211,0.0018526239061032535,0.0,0.0,0.0,0.0,0.0,0.0,0.0,0.0,0.0,0.0
0.02027657960780034,-0.018620564399119872,0.03547237591504082,-0.015315066409801818,0.0035566966973938144,-0.00040456145826987073,0.003427953838854817,-6.816306110697587e-05,-0.0023884741532498067,-0.0037303388940399915,0.032328139993213996,0.010982894704345585,0.04217866674853686,0.07187338306189742,0.0035988287819962153,0.00695523954383189,0.0025314262960398006,0.010996900907998977,-0.0014127489376001595,0.0014824283366098457,0.0,0.0,0.0,0.0,0.0,0.0,0.0,0.0,0.0,0.0
0.022151697620772216,0.03706312591145139,0.02684357451025581,-0.01759933670226738,0.04373451927776897,0.0006060954781969904,0.007475318356391689,0.0022742550921696983,0.0020795108039961714,-0.0015023240859693102,0.04658494642728409,0.08361568608831868,0.04710485268027095,-0.02480303284401685,-0.0015732151618473506,-0.0026988264722977895,0.0012170640017076788,0.0068358141986860745,0.002792900621088612,0.0015189713184112512,0.0,0.0,0.0,0.0,0.0,0.0,0.0,0.0,0.0,0.0
-0.0054268889378264115,-0.0323480218518105,0.0247393815197924,0.01175636626893754,0.039029063910124694,-0.0004373874468473173,0.0019525962097626567,-0.001417866449755369,0.007983096651691215,0.0005567799091859347,0.015881110768921892,0.0011981687944581313,0.03167222002788394,-0.0130953120672947,0.021994868609144153,0.0008232965759253812,-0.0004249755480536555,0.0044563696783892735,-0.0006110786429915607,-0.0033911625191878035,0.0,0.0,0.0,0.0,0.0,0.0,0.0,0.0,0.0,0.0
0.008545282754667734,0.060905765092580055,0.03818777969649155,0.0520491579199058,0.05065369583121687,-0.0009739748029948207,0.002454125463978368,0.0025730323201600402,0.0045488319214669806,-0.0006785563207907441,0.02606157611342399,0.010862599121164723,0.0170694190343805,0.060660248158998696,0.0581062841936305,-0.0018500698414181892,0.008583164387065289,0.01776429022395208,0.00012966088319004207,-0.00014077543650304415,0.0,0.0,0.0,0.0,0.0,0.0,0.0,0.0,0.0,0.0
0.001138231595831867,0.0427690220341736,0.042015560768049645,0.04373332561780585,0.02346113228074694,-0.0011528205590940078,-0.0033622367294002583,-0.002004396788556618,0.0027099193605397607,-0.0008951851757328501,0.005070668558012898,-0.004746885519298228,0.0017724280621987316,0.04903328748301167,0.027785436858447334,0.01255685320817896,0.008331714362347083,0.010009228437317155,0.0007841278053746526,-0.00028781453958337473,0.0,0.0,0.0,0.0,0.0,0.0,0.0,0.0,0.0,0.0
0.02442759235063942,-0.03522706974910408,-0.011440603501803058,0.02453966334398635,0.03341630935226403,-0.003432198756254832,0.0010782255478164044,0.0007904326497888117,0.004768928307757505,3.347258054579389e-05,0.032368783807250674,0.012354866477423227,0.0007708355883188066,0.019475777678761488,0.05726614902427199,0.018494904262866478,0.022651594938335733,-0.06521939981343393,-0.0015235403351849409,-0.0007040982937931348,0.0,0.0,0.0,0.0,0.0,0.0,0.0,0.0,0.0,0.0
0.025102507489744307,-0.03511794639650366,-0.01628946126609707,0.013825800588864845,0.018945255414707735,0.05216528404401884,-0.0024232445594039847,-0.0015272094113827732,0.0054023927958066304,-4.91050087505595e-05,0.010841137624691263,-0.02438164548547647,0.0010598229907587894,0.008509296664246201,0.04061067854321069,0.0012326127069821672,0.007539579710654929,-0.02778673566295185,-0.0016650419275383286,-0.0022723817352105938,0.0,0.0,0.0,0.0,0.0,0.0,0.0,0.0,0.0,0.0
0.01521965992552011,0.028492117209503804,0.02687814050008886,0.07518646910787977,0.015756378718735323,-0.0004541583382328193,0.024821005766509748,0.005820819573060675,0.0038073502662978997,-0.0013046477960071757,0.0419425040177671,0.04423933345684007,0.007157429063916821,0.07356096733308481,0.02387047495396024,-0.0005913345761899919,0.0024914364874186975,0.008309856303818976,0.006776449422278363,0.001741345724121556,0.0,0.0,0.0,0.0,0.0,0.0,0.0,0.0,0.0,0.0
0.017457831488872137,-0.041298568772019935,-0.02742526920411961,0.017405006767169596,0.02602651830983065,-0.003543753825115636,0.00497067327396761,-0.0007171113328963774,0.0042692504063621805,-0.0010090898426315868,-0.00617300948837241,-0.006908282191651151,0.012218121657465565,0.01030928363942446,0.052116152248123986,-0.004541471098311753,-0.04086867272083175,0.014484004604667325,-0.0017567914337960234,-0.0012932253657660178,0.0,0.0,0.0,0.0,0.0,0.0,0.0,0.0,0.0,0.0
0.01693436088204793,0.0668810175242459,0.012729094963512948,0.004101371596939083,0.0680223492784358,-0.0006441500255982941,0.0029080850756276404,0.014091620819530307,0.004293822220025969,0.004369269857272806,0.019969782733526103,0.015538689638315735,0.011124495954844486,-0.009347502929260803,0.005380809111449333,-0.0014661429985165083,-0.0011514292710614086,0.010905795808657259,0.0033218331775664556,0.0007584237028093148,0.0,0.0,0.0,0.0,0.0,0.0,0.0,0.0,0.0,0.0
0.011064968154345595,-0.009230077484603236,-0.015614446732516349,0.03249370149749164,0.04608455558970167,-0.0026432876876011807,0.003401752880599301,0.003267582543655647,0.0039701924282948145,0.0010790272763991557,0.023565735021495646,0.020611022207628435,0.035834442950874686,0.039567352347102215,0.0687913202960357,0.0008258382683646626,0.010758082219001706,0.02167791905324088,-8.324305622975663e-06,0.0032242405964839653,0.0,0.0,0.0,0.0,0.0,0.0,0.0,0.0,0.0,0.0
0.021448551796163003,0.04002002707570506,0.04445082197374621,0.035023870157053216,0.04277168357928445,7.082323131515107e-05,0.00021301532463649932,0.005617369841734025,0.003829072040598507,-0.0003929642173658242,0.03338454009542971,0.06940830013191926,0.035538914857294865,0.038687181116984694,0.03272344649430069,0.002263653366903256,0.004149663834568139,0.007749275013046058,0.006334544623764709,0.003012048878466274,0.0,0.0,0.0,0.0,0.0,0.0,0.0,0.0,0.0,0.0
0.031760929988470035,0.07364239324355579,-0.018327123580314828,0.05472141698952554,0.04923369597592901,-0.0009288010325068757,-0.0005285137314381339,0.001799976256786194,0.005819258116911553,0.00212179258330978,0.01646088382398466,0.018158194912181964,0.009325330463736186,0.05151273517838306,0.0551253873058944,0.02040630542333786,0.005674593864350181,0.016125430725786503,0.00046168144003047893,0.0011560291724576632,0.0,0.0,0.0,0.0,0.0,0.0,0.0,0.0,0.0,0.0
0.07394504130405335,-0.007707719990383756,0.04736336534558792,0.04150029071687596,0.058197391119280455,0.029686782056792895,-0.0007180219101224456,0.004492440483480401,0.007676647468965534,-0.0004840714808005653,0.014910463303876615,0.020857599946265834,0.03543485884001331,0.0769221103547636,0.018752278546868506,-0.0012009498349623141,0.00667965572871791,0.012578969779075957,0.002072261803749687,0.00034444563344912174,0.0,0.0,0.0,0.0,0.0,0.0,0.0,0.0,0.0,0.0
0.024576214557568313,-0.0006868874972225474,-0.0035349664372963203,0.03807029043982915,0.027580479979305548,-0.0005185124522757105,0.002766309517314057,0.0023765484623234014,0.0053339364820901925,-0.00386557790600489,0.022927623597287772,0.0221739631369097,0.013800286053160658,0.02772698620332172,0.020775456746765085,-0.0002352575800555491,0.0021241102044263567,-0.03891035649727369,0.01248780014473492,0.023753149965462624,0.0,0.0,0.0,0.0,0.0,0.0,0.0,0.0,0.0,0.0
0.02109131157196823,0.00012812343857387582,0.040116782773535926,0.046809763788243974,0.06347323398937682,-0.0012872842146509278,0.007110361593489983,0.004874049794670956,0.005172010886143696,-0.0005777526409926316,0.04807462288710612,0.0320086165161464,0.0018135895231146852,0.04202907379905618,0.08145778376752252,0.0016945064715731234,0.025202759338702353,0.013855529753671941,0.00042867504137479703,0.004530490112437008,0.0,0.0,0.0,0.0,0.0,0.0,0.0,0.0,0.0,0.0
-0.017985821368064488,-0.01610016138531238,0.022932349686624016,0.0005118611038658832,0.05771733334423477,-1.0980285541352078e-05,0.004203993154568397,0.002188538826760745,0.010187417122528944,-0.00010953834548248482,0.011941957244488459,0.023506481016796636,0.008264471353924772,-0.006121014778674193,0.056311535512905506,0.0002591846182243091,0.006921926356644731,0.00837198712333656,0.00011921482610168401,0.05061086199244008,0.0,0.0,0.0,0.0,0.0,0.0,0.0,0.0,0.0,0.0
0.007318344659310353,0.0846435967889163,0.027480666105742752,0.00040169963316813277,0.054207979265197964,0.001960486253027706,0.004166354433027734,0.002274587025706254,0.0076060502002821325,0.007765079040705556,0.019395803694715465,0.013746812128651652,0.05818953569696232,0.009978461210862799,0.041259995780386874,0.0008205973031685838,0.004400333420268648,0.005840321792872392,0.002311584931559517,-4.6692244162395786e-05,0.0,0.0,0.0,0.0,0.0,0.0,0.0,0.0,0.0,0.0
0.009045192941639895,-0.010874469336896259,0.03491035151917273,-0.0011871285477884532,0.030879751857536254,-0.0032153941959277557,-0.0019360886287627715,0.03420891982984441,0.0019697129097685216,-0.0051665002662500265,-0.003900557432934473,0.004761833638691323,0.04627927125875285,0.035260498006189585,0.034587085095215055,0.0027463662225630696,0.009747161021084949,0.0048460868563003625,-0.0006563710393003939,0.01226110043891534,0.0,0.0,0.0,0.0,0.0,0.0,0.0,0.0,0.0,0.0
0.03005574062379042,0.0490412005744876,0.015832085621883547,0.04648932268043163,0.040444217794330564,-0.0021240916921425176,0.032795932936760676,-0.0007601993788596365,0.002155695585819596,0.000998284458308276,0.017385774413878737,0.024562640755474294,-0.0006306305627673046,0.024346878383153844,0.033238861436123625,0.012083639151587647,0.008951413133331863,0.015086520680641147,0.003936558339269299,0.00015307750255281625,0.0,0.0,0.0,0.0,0.0,0.0,0.0,0.0,0.0,0.0
0.011103980662152114,0.049153051792348225,0.02310828244363106,0.013789943336011586,0.01158406179047134,-0.0020379150925836894,0.021386957091794407,0.002033136281424677,0.006282860117558434,-0.003595470478824921,0.042848965789298935,0.021165316790481083,0.01044074310088547,0.03649719091759382,0.027228783698818017,-0.0025034431589337153,0.008360691985872599,0.007972514555982465,0.0023229942309677893,0.01847394716369922,0.0,0.0,0.0,0.0,0.0,0.0,0.0,0.0,0.0,0.0
0.017087119195791117,0.046527175227742065,0.03723047433811734,0.009197005486124251,0.01489158947024517,0.00023758704983201242,0.0030316989859446525,0.00409533071625415,0.0031736672196941065,-0.0038419058978067843,0.024873048616266918,0.002628663926853406,0.014753806825618113,0.03179473579682985,-0.00017643489641723097,-0.0010107511645310518,0.003434830192837725,0.00905143535733248,0.005438728605116503,0.016885981961344877,0.0,0.0,0.0,0.0,0.0,0.0,0.0,0.0,0.0,0.0
0.03293024418970324,-0.01204505177214121,0.008603551154420457,0.0008322428087880237,0.005413801581888887,-0.00397259232139568,0.006059511945943108,0.03675196254662355,0.0039076960972205055,-0.0015022218061748025,0.025315947999191735,0.0040063697410696285,0.0535710685447636,-0.0028637599224461815,-0.000731476669461974,0.0008289895528580377,0.026578405261248488,0.007963611270200415,0.0006762778507341313,0.017058910184815042,0.0,0.0,0.0,0.0,0.0,0.0,0.0,0.0,0.0,0.0
0.029904359368177293,-0.021069396347190537,0.0009536677800921627,0.08169253723225295,0.01758454395237244,-0.0013784277535398059,0.001902435503474698,0.002098400807365073,0.010391117852555797,-0.004619159283735016,0.033108008747062656,-0.00010125608957473877,-0.013678433332675306,0.07106153629263559,0.005294512419989613,0.005067747367092859,0.014441737881244024,0.010038823280233491,0.0014232905730996335,0.017145730858656047,0.0,0.0,0.0,0.0,0.0,0.0,0.0,0.0,0.0,0.0
-0.0143980697850706,-0.02122311847340828,0.043368293643930925,-0.014373261983520168,0.03420520907406961,-0.0017953635526908216,0.0004511853499799761,0.0005445674341444728,0.0009347521390364965,-0.0008918498431913139,0.00089549069728221,0.015749035040580155,0.008760092088200208,-0.004255697961020767,0.03934915037096036,0.00014224265740857368,0.03404529939402032,0.004059639619823688,-0.002040463439344559,-0.003636507010738113,0.0,0.0,0.0,0.0,0.0,0.0,0.0,0.0,0.0,0.0
0.0217343698087867,-0.011165275027722741,0.0397891724900597,0.04144944838918781,0.050419990607889174,-0.0033292420649739056,0.006086262991030277,-0.0024346227319963797,0.002228810024186362,0.00016368361751049887,0.040100350192666195,0.02965037558501655,0.01827609798219144,0.019123525366165406,0.05450385947213254,-0.0008991368091626049,0.0014464270362329781,0.011162779591380966,0.00010808772115474826,0.00220162877691312,0.0,0.0,0.0,0.0,0.0,0.0,0.0,0.0,0.0,0.0
0.012354984296933927,0.0521591473320707,0.03783322097267233,-0.01692922437268889,0.013883190901838224,-3.194399892066424e-05,0.011826099656190844,0.003563259862082946,0.0005762950962102648,-0.002134245478187887,0.04599555368714627,0.016716254886285902,0.09256102930976116,-0.026878961913177152,-0.0062700835873610965,-0.0009649112357932896,-0.0003761973732596268,0.006910690375300738,0.0005507513976425883,0.00012505137463048909,0.0,0.0,0.0,0.0,0.0,0.0,0.0,0.0,0.0,0.0
-0.0019701022492802987,0.06482953196130013,0.047533971890100106,0.025646466610712276,0.032902913390028245,-0.001259233245602333,0.021727238039152146,0.0049162696046909935,0.003928836820077068,-0.0006651825957821784,0.01806390294561858,0.047373330495405215,0.04064775029575194,0.045663575736248206,0.010146651808724401,-0.002692765450006317,0.008255050259860832,0.01018347869786537,0.003998056405140773,0.0006608840404481081,0.0,0.0,0.0,0.0,0.0,0.0,0.0,0.0,0.0,0.0
0.03520059833333576,0.05297256940978022,0.03199072061021879,0.05232888368833404,0.05662238959235603,-0.00033323058393788655,0.005297817740981954,0.0028231124193466204,0.0026614763647026785,-0.0004567551646548111,0.0237333133714622,0.024175814713894964,0.004804105951508912,0.04822381152493065,0.07244345291214391,-0.0016576427517187727,0.002402465224152295,0.014758041775637724,0.0028683717755149983,0.0023875150854394127,0.0,0.0,0.0,0.0,0.0,0.0,0.0,0.0,0.0,0.0
0.0356815574342144,0.03668794516501517,0.015561316187694586,0.04167679493863104,0.023138159440805887,-0.0023466217596895453,0.0016088014092039765,0.01048071901277029,0.006536244283815171,0.003441212833603609,0.025610337848720473,0.0159499834127184,0.033164659216292094,0.012238804069918176,0.03095300009368878,0.0005755485726595539,0.004535531191151783,0.004156479419668147,0.01697171106055176,0.002099413288938023,0.0,0.0,0.0,0.0,0.0,0.0,0.0,0.0,0.0,0.0
0.020578061691247367,0.04833763371586605,0.002028270215442869,0.054796872808086546,0.046801518918683005,-0.0018740744320341364,-0.0008927340179502093,0.002066993805742086,0.00257318332611035,0.0008147943340683585,0.015419520218552491,0.08961489704433058,0.008589670812871122,0.039741431851527655,0.043441544548998436,0.016379874712343468,0.008973280867584567,0.012568518146231986,0.003593416235423597,0.0001689223172460515,0.0,0.0,0.0,0.0,0.0,0.0,0.0,0.0,0.0,0.0
0.02438574108764837,-0.01578122931294142,0.03866825780360745,0.004906612040364211,0.0012404101160523432,0.0185942442241209,-0.0030654747932997726,-0.0021912921426603814,0.002917510307435633,-0.0027146577748654224,0.03466620127406603,-0.003149883111540727,0.025834531026023795,0.010712354221961746,0.011278221094083184,0.0008359313409138608,0.0005335184967278845,0.013232244423234098,0.017865847015282255,0.0049525097841576545,0.0,0.0,0.0,0.0,0.0,0.0,0.0,0.0,0.0,0.0
0.02229725008745591,-0.022144410790873773,0.01609527149988687,-0.004115948042791561,-0.0012716224097168835,-0.0008545200085252829,0.009867243347348969,-0.00020789625655658815,0.0024966599741493402,-0.004274805112631799,0.0432722740491009,-0.011964784530056859,0.0024637466201012704,-0.02842722999635173,-0.013537578471205371,-4.280858357800663e-05,-0.000505911408294903,-0.0009972865324203036,-0.0015414665404109061,-0.0022226886567804477,0.0,0.0,0.0,0.0,0.0,0.0,0.0,0.0,0.0,0.0
0.027359882529737277,0.0676573724595999,0.020469874978527456,0.023009582612634992,-0.002744530555919627,-0.0031523764607185,-0.0003677256924559276,0.005972765569873153,0.001737761232605389,0.0022332320913646445,0.017289596463784057,0.009614116692551609,0.03431630057168141,0.059300464051426735,0.004466946279628447,-0.0007459670930133222,0.00639645682304818,0.007834610187860653,0.0006720664278860583,-0.0006560207708386534,0.0,0.0,0.0,0.0,0.0,0.0,0.0,0.0,0.0,0.0
0.03053602648310454,-0.00477652768931003,0.04605979650395854,-0.012964522674633746,0.0021830655640656307,0.0390466840527569,0.006988599250183766,-0.0009094416553020435,0.0014193621634421359,0.0006916925496416016,0.042558845525894916,0.03142128272155485,0.0637831068973147,-0.022107902980676657,-0.0076917301626527775,0.0015831241648649548,0.0014678065037903,0.011339748786593083,0.00032586838846937396,-0.0022332872726894687,0.0,0.0,0.0,0.0,0.0,0.0,0.0,0.0,0.0,0.0
-0.008121779600288101,-0.010127078524397256,0.027830727978290684,0.040794787121859556,0.009257534602492535,-0.003936994342878499,-0.001844748047014336,0.0017696118167112107,0.01304006277271338,-0.0026146987169566225,-0.015524427512732773,0.0401348591033799,0.020777629810188256,0.07682066140452001,0.007185061081664846,0.00014945049570627095,0.016696027862277415,0.01017662985454418,0.00012753424204145662,-0.003869254281750579,0.0,0.0,0.0,0.0,0.0,0.0,0.0,0.0,0.0,0.0
0.005421605975059884,0.02244358881767732,0.0442648741695417,0.012712319209287889,0.010995527533094903,0.0012848052081963848,0.007076293087664441,0.0004978195913179322,0.0037063874412111802,-0.0033829162578545508,0.011526379464225805,-0.0020685411531491294,0.11074237599351054,0.0016384992880034404,-0.003417559859969814,-0.0013601175232364478,0.0015534969908091846,0.009601413242124256,-0.011965852876129543,0.0054511465766258,0.0,0.0,0.0,0.0,0.0,0.0,0.0,0.0,0.0,0.0
-0.01850317193997786,-0.03298557117436279,0.006737500995156275,-0.04291400258781775,0.0022565587586646525,-0.003062243740551204,-0.0036770165425551,-0.0009558900146751179,0.0018324258355226458,-0.0030912822134273516,0.003344768791325935,-0.012058553470447495,0.006087961367395979,-0.04718562860844557,0.003977446839311413,0.0036453067822395106,-0.0020322708529552356,0.0022545124833016853,-0.006255003706544785,-0.00369424988078543,0.0,0.0,0.0,0.0,0.0,0.0,0.0,0.0,0.0,0.0
0.022986822910118193,-0.003018014216573089,0.04085581958949799,0.011870472611190707,-0.00740165226176425,-0.0016608965816235824,0.004138217676962396,-0.0013835784365518362,0.008708707854665708,-0.0043743844530227125,0.01753718956487352,0.004948873505492714,0.034936631367515,0.06374435126405331,0.005449683073447486,-0.0006336267822361448,0.013079502607082655,0.007397842529910005,0.0037888920613560065,0.0035959682634190025,0.0,0.0,0.0,0.0,0.0,0.0,0.0,0.0,0.0,0.0
0.013110273475654601,0.052033180883930816,0.048573769200265904,0.004280998916220413,0.01763288154999112,-0.0005771943601705166,-0.00339911320514959,0.00032130247030401745,0.0019110250438904121,-0.001093615769685641,0.016737940010361822,0.010236287511861812,0.0416717612609699,0.01409942715033999,0.015604133680641173,0.011872469672927401,0.004328556418683325,0.01010519932841663,0.016204416744935803,0.04006789713598063,0.0,0.0,0.0,0.0,0.0,0.0,0.0,0.0,0.0,0.0
0.016020971730793664,0.06924027671166337,0.034400393817446355,0.021544992814842238,0.0479151836223042,0.0017871916333512066,0.0032108704745017645,0.0019367347036742225,0.005973192679842177,-0.0020037395002571335,0.024287823089213328,0.07330366730823942,0.005749626867749068,0.037927060027711346,0.04536740942180846,0.00014941317735958252,6.403305703945938e-05,0.009698559916964463,0.006799366979341522,0.0003485685867837002,0.0,0.0,0.0,0.0,0.0,0.0,0.0,0.0,0.0,0.0
0.04274590542770047,0.017201764761082906,0.035824692093660744,0.03434903147064775,0.02353432558487233,-0.0012982643006248158,0.011169838334772515,0.001378446749627481,0.002673697969864314,-0.001022062518851529,0.05074202046427627,0.005014514163354754,0.0279252602931395,0.004059269284503031,0.005328522235640142,0.0012815265965483926,0.028540034370388496,0.010081429489987683,0.02676776320024779,0.002067241416816412,0.0,0.0,0.0,0.0,0.0,0.0,0.0,0.0,0.0,0.0
0.015574328507913912,0.04811694128779906,0.03634693899291387,0.04817325115398875,0.019944748906859603,0.00039010123475379037,0.007544878149364221,0.0017899449731683661,0.002003603234653731,0.0014461886656721465,0.0373854854629786,0.018719801536882155,0.10920639617052282,0.00917861724475727,0.03220819529852598,-0.0007831964034203153,0.004284191475685618,0.008207329983482092,0.000782498873941881,0.0032013523699278928,0.0,0.0,0.0,0.0,0.0,0.0,0.0,0.0,0.0,0.0
-0.002585164810657101,0.03466700447429457,0.03322205170804216,0.04951096058957418,0.040790102057375745,-0.001235213135098652,0.003180941098027914,0.001206974276973963,0.004965187664659668,0.0005390414961444309,0.011017489421350913,0.03756884059587309,0.02917767207293937,0.05024389265944227,0.05963468986057357,-0.00024249856688284062,0.0050172015501647104,0.009355256667790395,0.0023936810758529437,0.0002934863639291922,0.0,0.0,0.0,0.0,0.0,0.0,0.0,0.0,0.0,0.0
0.029003666422133142,-0.009752129878039787,0.042400583355249155,-0.02078447032214763,-0.0038508384330285614,-0.002145254419084995,0.01565811584669079,-0.0009213169559328407,0.00431973517500883,0.00025843528863997363,0.035109803651163625,0.021803619552404493,0.0014126427608990642,-0.030281654681556185,0.009358757193345342,0.002879583963653388,0.0497687211460423,0.007791234681894183,-4.0813618975283135e-05,-0.0032668236079877815,0.0,0.0,0.0,0.0,0.0,0.0,0.0,0.0,0.0,0.0
0.030345135178479726,0.029591004267047024,0.0062894744964078955,0.03787255356155426,0.027643146970258593,0.013040431513206822,0.03583025148690623,-0.0007857382290834593,-0.0026882598726119815,-0.0028708434234169912,0.03008675360481678,0.031342989359616276,0.023389819686078464,0.047231447629475,0.047086818718311337,-0.0007261778122019458,0.00404144605300146,0.010568617160285747,0.0059370411197665895,0.00166471399255559,0.0,0.0,0.0,0.0,0.0,0.0,0.0,0.0,0.0,0.0
0.037121412702261804,0.0640549038746287,0.02232916579531294,0.030969055198592495,0.012086991302451493,-0.0016732470325687345,0.00022587347417681624,7.195449306347054e-05,0.0015909457498331882,0.0016185799767744122,0.01925246881601426,0.05824071671609373,0.007326978793736582,-0.001904723863702626,0.015108623421085033,0.023889973652174986,0.005419930511813591,0.008568451365286127,0.0028563052457552555,0.00656723692758669,0.0,0.0,0.0,0.0,0.0,0.0,0.0,0.0,0.0,0.0
0.030292608247585097,0.0011818305369791701,0.04784439099693906,-0.009746031705094966,0.023600107197570375,-0.0019990632639231625,0.011589365984025702,0.002301684517518512,0.0051519971228927005,0.0016857212325503267,0.01607812592448916,0.02608717694186011,0.07094863205855499,-0.011368348565844207,0.007566191635375439,0.0016297522984928573,0.004141730161760048,0.004550677691360198,-0.0013205654848726853,-0.00023893731859742898,0.0,0.0,0.0,0.0,0.0,0.0,0.0,0.0,0.0,0.0
-0.002328333845590344,0.04040750285322437,-0.02866935439100029,0.035905608721881,0.015409993808432526,-0.002431378058347485,0.003956655745948574,0.0003836548289518323,0.003402357179175504,-0.000567804762320063,0.027438558718623798,0.03115085266970398,-0.005797933829151604,0.017574528434968224,0.03764825763083125,-0.0024593335027735305,0.005738362924027847,-0.046054183914644116,-0.00015216081605879455,0.0031657467244887555,0.0,0.0,0.0,0.0,0.0,0.0,0.0,0.0,0.0,0.0
-0.018183622409616598,0.03781831384988206,0.03955578580995702,0.016738805853249408,0.023634925367105486,-0.001452268937039835,-0.0007489517125750508,0.0006436212216082989,0.008042119096398764,0.0028025919388638327,0.02017486402373939,0.06374642936333669,0.016703425513503612,0.022952130099758834,0.04353763244949232,-0.0010533943555868736,0.005335266045832951,0.0021128251085773017,0.005270832633471993,-0.0013274917444071651,0.0,0.0,0.0,0.0,0.0,0.0,0.0,0.0,0.0,0.0
0.014480554096180907,0.02481621499257606,0.010033466744399176,-0.002073581065886767,0.016314866826894613,0.0011214576914841342,0.0009150565875223239,-0.00016418589474576895,0.004094894885322931,-0.00116120843505607,0.01462464343607647,0.03709643198262695,-0.015281137208244639,0.03291711069902423,0.05301643625475913,0.002875065493494364,0.002222561421093511,0.0033220308591735874,0.011790059234012237,-0.0022391414803358636,0.0,0.0,0.0,0.0,0.0,0.0,0.0,0.0,0.0,0.0
0.01604834851203974,0.0528147106543712,0.009925970194818341,0.07288000262196234,0.023549833213280098,0.0011047913327246722,-0.0009485703867052542,0.004056727003636537,0.010473455269340204,0.003027281866142048,0.02485313996192862,0.012295241381600685,0.02259044500827768,0.04531563363097631,0.02214657185221324,0.0017755898695920895,0.00561788551573872,0.007273069879914349,0.004502913986608084,-0.0005814442480879035,0.0,0.0,0.0,0.0,0.0,0.0,0.0,0.0,0.0,0.0
0.025877334064732,-0.03387371042393268,0.004373369922334918,-0.023725904078451453,-0.0013178867253960988,-0.0029034325258181044,0.002412778617205927,0.00041669708849419564,0.002122387314507464,-0.003695466351222395,0.020559937125568806,-0.019847704922549222,0.008061047972487129,-0.014389187859385172,0.01359459057755711,0.0015796579960782426,-0.00574244641878471,0.006582713522907313,-0.0027087527097811046,-0.003316420588376285,0.0,0.0,0.0,0.0,0.0,0.0,0.0,0.0,0.0,0.0
0.03006399057887933,0.07670624038809011,0.02091929350340492,0.02897384592128891,0.005913595042500259,-0.00028373139407328226,0.0023647595294731044,-0.0011345371082026562,0.0014694367741328977,-0.0021877972130674673,0.019597689691594346,-0.0016130433003119114,0.022288273311575266,0.0013376058444393762,0.009005581255381343,-0.003505319935767484,0.001983722112718802,0.011068223265330353,0.004973071391695978,-0.007324306640430883,0.0,0.0,0.0,0.0,0.0,0.0,0.0,0.0,0.0,0.0
0.028692891805517484,0.008465419336169358,0.02959295225039719,0.0669872277268543,0.011412395702538733,-0.00022371071133079357,0.005175281054157487,0.003387812571556749,0.007862778522106966,-0.0012880308788288408,0.06007578100999033,0.02282271986677057,0.0565817949165088,0.06675740834763741,0.020365504107432632,0.003953481716315482,0.008901128141358568,0.008286714034230433,0.001029774115020584,-0.00011772651403181422,0.0,0.0,0.0,0.0,0.0,0.0,0.0,0.0,0.0,0.0
0.02584061862588801,-0.0014702392824395083,0.06091831994445157,0.03280904580292098,0.03889686352294427,-0.0008854563341211731,0.006215125293186901,0.004039907221873708,0.004615694130460668,-0.0006318103467440898,0.04793886261766123,0.01889178659047907,0.027715024958767417,0.02571534219652414,0.025842779546796524,0.0008487784910176494,0.00310267922843338,0.00982093956453868,0.002009197701544043,0.029070379741364616,0.0,0.0,0.0,0.0,0.0,0.0,0.0,0.0,0.0,0.0
0.013636321355992149,0.06441919325034814,0.03710436555616455,-0.004852911432793191,0.016782564861502276,0.02097035558181815,0.027112547449998747,0.0020875995259477596,0.004702666263249986,-0.0018175763633490158,0.0436735908048426,0.03969737531051481,0.09234285641914014,-0.01989659164619954,0.010631823893576359,-0.001901852438543082,0.005364213948974229,0.0075089404836168735,0.0015329971034036484,0.0007921455322473386,0.0,0.0,0.0,0.0,0.0,0.0,0.0,0.0,0.0,0.0
0.013567138310421044,-0.024041277606329018,0.008761573261647518,0.025302004141848987,-0.036347871129448664,-0.004104765684225568,-0.007965467275472414,8.27610819033963e-05,0.006613022586210168,-0.003423938527108521,0.02511661920025481,-0.021238625611709614,0.0012560221123589733,-0.01353525678096766,0.0002779330444166835,0.005334780246320306,0.0013152868429600775,0.007281536938924917,0.001846594686272182,0.00020576937727080326,0.0,0.0,0.0,0.0,0.0,0.0,0.0,0.0,0.0,0.0
0.010408620028667298,0.05609329189957626,-0.007109254095589271,0.033849642680176116,0.03346336640896388,-0.004013343015820659,0.012011382789726329,0.0039010414962137117,0.0024954764064404884,0.0007036319105269918,0.017551795917038517,0.02337576057807108,0.004577607948865156,0.01749871799125461,0.05466287727897662,-0.0029242554647642117,0.009239014309213667,0.021634931169389728,0.0014799896390357823,-0.00017869875559058324,0.0,0.0,0.0,0.0,0.0,0.0,0.0,0.0,0.0,0.0
0.03840788105397287,-0.003519185366508907,0.0330797776224699,0.01322692137177147,0.042898087774926465,0.00021846027803155206,0.009707355444704286,0.0012483648255677605,0.00850055068792548,-0.0022592806075684064,0.031687968294775964,0.03442353048508791,0.010921536313533096,0.003675400172615854,0.05258417102484748,0.0015693471107664373,0.014939404139684084,0.013926705844401208,0.002169181289248298,0.03389766145529524,0.0,0.0,0.0,0.0,0.0,0.0,0.0,0.0,0.0,0.0
0.03146517422377254,0.04308735445059876,0.025873229444510253,-0.015820383857755308,0.04747805431655134,-0.0005923779228231152,0.0027672523751300997,0.0032819109429851807,0.0015640589563753519,-0.00016810329679746216,0.05301813218177232,0.08978121364037575,0.0007354143522283987,-0.011261989538063741,0.039108360471189686,-0.001707561176789914,-4.721261380898498e-05,0.00543291898679903,0.0051346284970795325,-0.00040847731295993246,0.0,0.0,0.0,0.0,0.0,0.0,0.0,0.0,0.0,0.0
0.01947021444803129,-0.009776730302923684,0.04525919149908757,0.02812960821859054,0.04260501310289167,-0.0015669861641414114,0.006836016162406179,0.0038786044909902505,0.0036533058702874774,-0.00010082109563179986,0.05792949212777422,0.019505600266889273,0.012441059005970832,0.006427101983210801,0.054193658435032585,0.0030965022579852288,-0.007187815769475886,0.022810267203084406,0.0011319033711119423,0.0011554403492794179,0.0,0.0,0.0,0.0,0.0,0.0,0.0,0.0,0.0,0.0
0.04350701762596225,0.03505178357563698,0.011455770828269672,-0.039464589282548805,0.01894672925469315,-0.0019855849819965846,-0.001409042595922683,-0.0007289933272629516,0.0022659391053806207,-0.002735761839329055,0.0063182105899098175,0.03544066593242466,-0.022117433068296787,-0.029628117459450952,0.02211385423728624,0.007083596902217688,0.00264406809948774,0.0044828203717130165,0.004197338790501029,0.00017832025997439942,0.0,0.0,0.0,0.0,0.0,0.0,0.0,0.0,0.0,0.0
0.009807486875854856,0.0661965468661015,0.01848455790313507,0.012241321918722809,0.02094578532980337,-0.0011973264440460947,0.043171959029616645,0.002263434127140853,0.004911216669333482,-0.0031472953862230375,0.043541159547844224,0.057676100922668484,0.005487615813404571,0.08610280560255523,0.014347752656742914,0.0001538244216262463,0.00471259748600179,0.006717458791854253,0.003318272850098907,0.032986322138135266,0.0,0.0,0.0,0.0,0.0,0.0,0.0,0.0,0.0,0.0
0.0026921392404417547,-0.01992268107538655,0.06100717509723124,-0.0040242201345498775,0.030268993139017767,-0.002941888001266827,0.03293808346277815,-0.0005969827191652135,0.0026912127524135526,-0.0011851343508838372,0.013579046491606617,-0.010232233993617166,0.032619414987645486,0.03777369045767976,0.047157327189095856,0.0006710188558798585,0.005714436382527768,0.004524246668108228,0.0016469941575599004,-0.000659041486744729,0.0,0.0,0.0,0.0,0.0,0.0,0.0,0.0,0.0,0.0
-0.006603455022714254,0.02400134809971685,0.003073398437962171,-0.00976611196660567,-0.007028499747563175,-0.0018595060820595364,0.0004902923509227572,0.0034025187332236257,0.0009804165249385638,-0.000505032421432555,0.025624227107489513,0.05674066437627406,0.02947858755459265,-0.04104329097411904,-0.0021673182156443016,-0.002349661587130391,0.00099748976016805,0.0019061642077298875,0.0009985511719620963,0.0023508148126581245,0.0,0.0,0.0,0.0,0.0,0.0,0.0,0.0,0.0,0.0
0.03760780293409973,0.04824308942561865,0.010522391973380516,-0.0003934293769513249,0.05033556430496414,0.0012909263887771678,0.005179898626696389,-0.0010664380863431157,0.005986607457273029,-0.002497152803718933,0.03468434689749994,0.005803494052355482,0.016870404090656457,-0.0013962875134113626,0.027633887844357174,-0.0016332213141450143,0.001106447476027459,-0.02818386358505732,0.00248314080357928,0.0011439875247099929,0.0,0.0,0.0,0.0,0.0,0.0,0.0,0.0,0.0,0.0
0.047042241274992555,0.08551149082622159,0.016493442434399642,0.04422482679626535,0.057400427348476196,-0.0005241470309127261,-0.002094276560682954,-0.0002625996934398879,0.0052079708524535966,-0.0032584311251050565,0.015799018824219132,0.0157081509885203,0.005150793095528899,0.06209948887223932,0.001977491286545888,0.0045926460514814265,0.0016108987254374316,0.010536258356349896,0.0018166356551965665,-0.00031072985781639364,0.0,0.0,0.0,0.0,0.0,0.0,0.0,0.0,0.0,0.0
0.046930265629601384,0.043931467286103754,0.021465794625419452,0.04909425710436863,0.05933346158204814,-0.00011703260886823982,0.002643207118745823,0.0015836523323892913,0.003437982786778858,0.0008163747637150267,0.029559131931825352,-0.0031197780452240963,-0.0005055665337285147,0.001464545681838284,0.05180310112333231,-0.0003693959386548142,0.0005836324000152519,0.006530767390472854,0.002998510386113217,0.0030468732764943715,0.0,0.0,0.0,0.0,0.0,0.0,0.0,0.0,0.0,0.0
0.03544339554606211,0.016793895727068346,0.03389930922016199,0.021521597018539684,0.012946518356663068,0.0003165034635385749,-0.00024568998853041236,0.0032306076932162313,0.005712119013469798,-0.0007699593091669664,0.03379079727093407,0.014824538775130519,0.01615415296292424,0.01970645978689775,0.014746122500345668,0.0022958190404394375,0.000803540406423477,0.00874671782068701,0.00970465839497214,0.009100493420593745,0.0,0.0,0.0,0.0,0.0,0.0,0.0,0.0,0.0,0.0
0.014526060016015389,0.048550956273474714,0.04034145161142632,0.06272440219888513,0.05529628745126828,-0.0006441786074896917,0.007215618037236691,0.00482261419102345,0.003278877374914561,0.0009266969428068171,0.02948474891959842,0.019952887838665532,0.009131118004104757,0.0455475384010057,0.06518182105000614,-0.0008462940145644401,0.004643651261768041,0.014805453646033067,0.0016321096577718414,0.00331880520650181,0.0,0.0,0.0,0.0,0.0,0.0,0.0,0.0,0.0,0.0
0.03789445798416688,0.04528991133990677,0.007478991822624549,0.057657121640359,0.05111426314065912,0.00020638534263307047,0.0005880215177568574,0.0032947023036106267,0.004402232742289029,3.170167294226029e-05,0.025304462605686036,0.0881265323450827,0.03657850330986701,0.01633146020891245,0.059562232456847705,0.010184727450368102,0.002602093770524078,0.0056070497641347765,0.005450464872381727,0.001016280829618314,0.0,0.0,0.0,0.0,0.0,0.0,0.0,0.0,0.0,0.0
0.022680373513430975,0.005428486229669852,0.041151481517364204,0.07681024247792728,0.04390401598684517,-0.001089374515684202,0.0029003594051432067,0.007949565356180065,0.006148517098693426,-0.0014319330595375997,0.04743179743000996,0.0013082526983957052,0.024868907959635284,0.08077171576964177,0.014756292462713523,0.00037807497133296534,0.0014439062735981222,0.007379717919892686,0.0016262621900749758,0.00047396377512497667,0.0,0.0,0.0,0.0,0.0,0.0,0.0,0.0,0.0,0.0
0.03419533218358696,0.048149257446152095,0.027996745630519033,0.05803653010883558,0.05361267398168081,0.02550816147305566,-0.001133854918778238,0.0007566614555335907,0.005158199170162169,-4.136341526772108e-05,0.008569075876781917,-0.002944988180276164,-0.004760974148470846,0.0657068175789651,0.048786505768929025,-0.0017742384089180709,0.004280996862682043,0.012798369967661951,0.002409826388399824,0.0014758865374950348,0.0,0.0,0.0,0.0,0.0,0.0,0.0,0.0,0.0,0.0
0.012251554078593635,0.0496059022126286,0.038898161822538094,0.051208881440977544,0.03636485551950941,-0.0012263989738936867,-0.0035173590035531325,0.003729566547101722,0.004118005345937337,0.00024917301483809125,0.013463989375547816,0.020454831943979207,0.05971776865854864,0.036109500659905036,0.06594675927910107,-0.00046602474169270345,0.008402619969008998,0.016586830929378495,0.0017120829425213452,0.00011089609939658123,0.0,0.0,0.0,0.0,0.0,0.0,0.0,0.0,0.0,0.0
0.02189039972894368,0.020585198384810904,-0.0162841279205981,0.050797215780572585,0.07735169641853988,-0.0013679757755244693,-0.005421562649279397,-0.0015809094827980816,0.00367980137272192,-0.002899077323178908,0.04174614970801803,-0.009801259100677702,0.04089821191630608,0.04635611265578372,0.02602962585431587,0.013410277251956612,0.0043494732080879995,0.002040352474322809,0.002624664748971038,0.004317329869075903,0.0,0.0,0.0,0.0,0.0,0.0,0.0,0.0,0.0,0.0
0.02964881843104289,0.05329230384409169,0.018132555139747226,0.04408068850296058,0.04271120507074185,0.028674757264418115,0.0009369280558384943,0.017187611458390258,0.0022795237257972364,0.0006581291569761818,0.029699448765963064,0.05184332818565907,0.03831257531565394,0.03677061975159164,0.0483723603531969,-4.468802349495182e-05,0.0058157594887857005,0.01011079678026079,0.0039761940737836595,0.0012626817789670114,0.0,0.0,0.0,0.0,0.0,0.0,0.0,0.0,0.0,0.0
0.05438074328084897,0.009399637748703399,0.04194338170472857,0.0394936481684256,0.01898784181051916,0.016252684619235465,-0.0012526032462785912,0.0018355345867407421,-0.0029250588446319736,-0.0027103072432467885,0.005791008988930886,0.0353490332228671,0.014630961216431539,0.06361564884075367,0.026196155659967527,0.0009476376289003333,0.013362829609405992,0.016681707132103065,0.0009049614378127219,0.0008361507981536191,0.0,0.0,0.0,0.0,0.0,0.0,0.0,0.0,0.0,0.0
0.03335085280207315,0.029709934282108864,0.009720507941243848,0.05225218126768896,0.04135461965283729,0.03661717862350978,0.0008159926384966324,0.00041402405079991726,0.003707732314206225,0.0001915422140620559,0.047479720062194336,-0.0021902760077613143,0.014189999404802608,0.05083850621022881,0.04807326276325689,-0.0019783602395410335,0.006384108422638654,0.019010300957316494,0.003910663091491086,0.0011431256715276504,0.0,0.0,0.0,0.0,0.0,0.0,0.0,0.0,0.0,0.0
0.041281856851445184,-0.03822898319440277,-0.013883760122765494,-0.0052767427304537705,-0.005005068288222675,-0.0006217668974511816,0.0021694909499099463,-0.0021073179907260043,0.005299061113665102,-0.0014421038113289477,0.017910073468411114,-0.002304315582690074,-0.005208575575238347,-0.01810600170545353,-0.003381523627497778,0.014116303953535097,0.0021161354986703605,-0.011824011241930266,-0.0036748510400216572,-0.00193727456700046,0.0,0.0,0.0,0.0,0.0,0.0,0.0,0.0,0.0,0.0
0.03935914778655239,-0.00884922558311568,0.04983448858706702,0.017806168390523805,-0.030247698302884356,-0.003379216766967716,0.0025743869182770127,0.0001911665370345048,0.004202447350806854,-0.0004860844081297971,0.018068743086986416,0.01636114912034567,0.013380373982389714,0.043879276554851375,-0.03193694802382848,0.0019515565703451404,0.00779102406816241,0.006862614964020528,-0.001506327342680887,-0.00024045047111020498,0.0,0.0,0.0,0.0,0.0,0.0,0.0,0.0,0.0,0.0
0.021588829751417134,-0.007131599979644757,0.03628038756767981,0.022860597833274716,0.04090243085634568,-0.0019555770488851863,0.007678698414593811,0.0015124269051634792,0.004860131311255226,-0.0019715334465587576,0.034841044083116494,0.011173230148358306,0.1140990343422421,0.03431967176855395,0.031656578908282273,0.0017293546544133963,0.005942420011162071,0.006199429934785286,0.004802968010783727,0.0014968048287643484,0.0,0.0,0.0,0.0,0.0,0.0,0.0,0.0,0.0,0.0
0.04321133216627615,0.021283863818820838,0.054132479019711355,0.06255501985048359,0.015240194907847726,0.00304653201358249,-0.0009400146194533316,0.0072517103074551245,0.0031982104783939928,0.0020702574631780374,0.026477694225567953,0.012466455145519022,0.03385759234173498,0.06655664580407851,0.02311803441362268,8.92020006767077e-05,0.0031330854965115544,0.015460174859553054,0.005597911512527989,0.015915215914283277,0.0,0.0,0.0,0.0,0.0,0.0,0.0,0.0,0.0,0.0
-0.00698123509288381,-0.020898852982019604,0.03242203066490132,0.05294626578462475,0.01786198970048799,0.00010864978906961524,-0.00015472868917067292,0.004238825478301231,0.007721321422666638,-0.0029887858707994554,0.009740104714862386,-0.010941835322350019,0.06865773861029907,0.07835703067506265,0.012804561194179645,0.002061593422828422,0.005793577445076181,0.00775379128684446,0.00014625331030430325,0.031242329918167357,0.0,0.0,0.0,0.0,0.0,0.0,0.0,0.0,0.0,0.0
0.049698691741825285,-0.014459553744187474,0.03954195294775766,0.03807303297848092,0.050067187833286335,-0.001435399381222124,0.004722718378784553,0.002210075846503066,0.0053021094523336,0.0010794130064003648,0.0066059674479790964,0.025119697149345473,0.05098273471673175,0.04642844856046847,0.06215555908197196,0.0030199402000458987,0.01818369618594667,0.016114384870454627,0.00019426644724608529,0.00011667340022001247,0.0,0.0,0.0,0.0,0.0,0.0,0.0,0.0,0.0,0.0
-0.0008088197651018326,0.04363176992508184,0.006462606879551029,0.030129347280420878,0.009029098903341016,0.0005353331531609911,-0.0022380776471393328,0.006710220939560717,0.0002502597194535906,0.033496446331582296,0.01697663462388488,0.021802663553890836,0.009887596663613768,0.0626151556092122,0.02280502707554056,0.001775070705181135,0.006563176764963215,0.0031370312575537667,0.0027290992539087114,0.0008141979878888966,0.0,0.0,0.0,0.0,0.0,0.0,0.0,0.0,0.0,0.0
0.041627260594994143,0.07998716367386496,0.02576222393086361,0.0034230708136672406,0.06180454925723681,0.001951948641023498,0.0018530445475091549,-0.0004070190822334635,0.009080981562389496,0.0025093424987678963,0.01707101065638581,0.023030127125579867,0.018352937203810378,-0.006208530197926252,0.015215281037323319,0.02837071666513771,0.0032682614906333705,0.007655718393085452,0.0029252890888974013,0.0014482192193606826,0.0,0.0,0.0,0.0,0.0,0.0,0.0,0.0,0.0,0.0
0.018942823327446963,-0.011312799086414265,0.01944298240124026,0.02098961239344244,0.014253779326520383,0.03930063220081195,0.0025158321460646694,0.02191391301772861,0.0009602758950666505,0.012166350130698141,0.02955779930140765,0.01584046751619134,0.02922882405398891,0.01238416722172815,0.024031122336894653,0.0007528494497848183,0.0070096296756235145,0.005089777082102134,0.0006090668543789311,4.449187566550695e-05,0.0,0.0,0.0,0.0,0.0,0.0,0.0,0.0,0.0,0.0
0.03548163388660879,0.0677849114960545,-0.003219490975917817,0.024654744448403737,0.02027648230278917,0.0005640223063108111,0.0007779817608281524,0.002897710554193374,0.004352547597651339,0.00023017007291450573,0.006593633856718518,0.06431197009946249,0.0016343907172828357,0.040127131592257004,0.045450015007260515,0.002993362110818621,0.008550719442942601,-0.00631344855388577,0.005205439469884988,0.017029561045271823,0.0,0.0,0.0,0.0,0.0,0.0,0.0,0.0,0.0,0.0
0.029087691464948343,0.057809252667339044,0.00352586144081123,-0.0160599010382368,0.018138107469881763,-0.0006286102477570383,-0.0011855644920486445,-0.0014927274334950273,0.0067188873268224005,-0.002332831415256489,0.005281635446080582,0.032085131482670094,-0.009473292909390548,0.004014769312209968,0.019734845934735457,0.007769570825250223,0.0022063355435330725,0.004470828988653931,0.00576911776801667,-0.0017175110143980987,0.0,0.0,0.0,0.0,0.0,0.0,0.0,0.0,0.0,0.0
0.023917838575839775,-0.03021143122835134,0.0018664978828011973,0.0021004147646413967,0.021416278456683147,-0.002718576334874433,0.004497680935132842,-0.00013138374044814607,0.0018370819544336774,-0.0013554619974883945,0.02545359355051214,-0.00955262355547199,0.022445506124033142,-0.024305324311538274,0.038792674662336664,-0.00019602860904610985,-0.017125957251641268,0.02296155101773617,0.0009351860216159229,-0.0007368914564540629,0.0,0.0,0.0,0.0,0.0,0.0,0.0,0.0,0.0,0.0
0.0363872582411879,0.03788599938212215,-0.00638290482855418,0.019999680954917644,0.02827660470982891,0.0037436581017659606,-0.001338567506652121,0.00566401197395194,0.0036009101005930666,0.0354381007670656,0.04462405311425869,0.007069953324566847,0.014820037282577908,0.06442506417083595,0.01980580053974518,0.0032490515217672568,0.006411318967024415,-0.013228867322312371,0.0016468489667801412,0.004205826754079037,0.0,0.0,0.0,0.0,0.0,0.0,0.0,0.0,0.0,0.0
0.039009340787759715,-0.015214293224398238,0.016268348410962155,0.013944711772112917,0.017527040688805093,-0.0014653367123017584,0.049499506237458114,-0.0014695671661331166,0.0012566664144921518,-0.00423546932863318,0.02637697728163385,0.010799459668743778,0.009211139702494516,0.043162713772515564,0.03730126577046666,0.005755833537385403,0.007243835592912252,0.0021476458263532173,-0.0006419002711895319,-0.0009147835546223672,0.0,0.0,0.0,0.0,0.0,0.0,0.0,0.0,0.0,0.0
-0.0036225934717650714,0.057333813260384336,0.036088023498170495,0.03822182398805423,0.0192765476504652,-0.002269193956684954,0.04405289952365796,0.004444503843381277,0.0042268845023714,-0.0017876656670976058,0.012723376168253597,0.02240675230826307,0.03831989308285576,0.0619031822285944,0.015313862418136993,-0.0021802792681947106,0.008233095082284498,0.003685900805697299,0.003619901419062611,-0.001269130295520156,0.0,0.0,0.0,0.0,0.0,0.0,0.0,0.0,0.0,0.0
0.030551509667710978,0.03830392645590987,0.04462456141082766,-0.0003970635699476084,0.021613761787479636,-0.0005843817412429814,0.003617175059521422,0.004404621563812197,0.001275079842210991,0.03708171495194005,0.07240932357240311,-0.009824815676628186,0.021287528874178868,-0.013728901436468252,0.08626092366061869,0.0012245283341490538,0.0026890273116535104,0.0077097400092012505,0.002746559327096552,0.0062080481512039815,0.0,0.0,0.0,0.0,0.0,0.0,0.0,0.0,0.0,0.0
0.019521258614308954,0.011872686900993724,0.020101030704084945,0.034057469094890054,0.020744139361530845,0.005413019036376234,-0.003311122301780225,0.0004976482971944101,0.0034884225077167186,-0.005236375537291761,0.017630629718104727,0.00878050691424654,0.0037455743117516148,0.05110538802473795,-0.002654729338157004,0.0011728245909751337,0.0031104482818946635,0.006613724932741336,0.0017936650281050327,0.03527538797794819,0.0,0.0,0.0,0.0,0.0,0.0,0.0,0.0,0.0,0.0
0.013864845489430774,0.07743689977310633,0.022265967776573272,0.024680186159546324,0.011945070322830407,-0.0015882695112984665,0.006256606878937282,0.0033377252765609,0.0012603787413576282,0.02770804005722052,0.01567221003735794,0.06153673086507348,-0.004612315979162335,-0.022570198615048227,0.050227774334271925,-0.00046705622474145964,0.0036201458563287544,0.005459214215464814,0.004326366012412594,0.0009435177493257573,0.0,0.0,0.0,0.0,0.0,0.0,0.0,0.0,0.0,0.0
0.04173513118770354,-0.02178891321487572,-0.004282586497418626,0.03272966468503077,-0.00017230244754600234,-0.001840201612898613,2.0928065073565765e-05,-0.012501123783217981,0.0024920333190983223,-0.002551176660216234,0.019544449681774996,-0.016796582163384272,0.0211454121047283,-0.006004952815221142,0.02257111226356609,0.0017750375282286274,-0.000987462968708075,0.0084655484306833,0.00018185286489739248,-0.0016815107721105328,0.0,0.0,0.0,0.0,0.0,0.0,0.0,0.0,0.0,0.0
-0.015942663009166445,0.044782073645421874,0.019411213739374964,0.03997561683181172,0.0335678730452652,-0.0032628982024309346,0.002279484469198242,-0.0004063031986969215,0.0014346795382532555,0.00024940381953284,-0.010386928318649893,-0.015267355624695637,-0.007875695835419772,0.010713624169460778,0.04056600799672888,-0.0025970531321438312,0.0002459937973044742,0.0152930334911852,0.0022422140831832743,0.0028419375850111017,0.0,0.0,0.0,0.0,0.0,0.0,0.0,0.0,0.0,0.0
0.04291535277182244,0.04364543122069324,0.025658748057216147,0.006606477352437086,0.02465888888536488,-0.00011830461465512484,-0.0010026497028409493,-5.2703944606997257e-05,0.0047168223832634365,-0.0013892499545438725,0.007566519732468435,0.06732676308036312,0.040529639153453006,0.035697049175493406,0.03361314174406439,0.0010787680252409221,0.0041312938625066116,0.004490185188945639,0.005591966535287826,-0.0019425418316019658,0.0,0.0,0.0,0.0,0.0,0.0,0.0,0.0,0.0,0.0
0.012268062577501062,-0.0322048707113163,0.026284497236908635,-0.016734854978869097,-0.014308383583176999,-0.0010402029057590227,0.00695301561075691,0.002863263574441343,0.0018453101893431839,-0.004529252153374458,0.02956434622282274,-0.010778891458577586,0.1153508833673476,0.003995843084138871,-0.012375506612733213,0.0014168063572171747,0.0017200863558499628,0.007809549700842144,-0.00038952785545859884,0.0002444756809058505,0.0,0.0,0.0,0.0,0.0,0.0,0.0,0.0,0.0,0.0
0.006153085004110644,0.05303010591173635,0.041555000386394106,-0.004158903568378133,0.017643900747318756,-0.0016400203847679177,-0.004967128805271446,0.0004391440011947665,0.00623382115013044,-0.0007075623042849979,0.01316953784217434,0.03253757579658576,0.08951621810911826,-0.004644099683107231,0.015723538856919118,-0.0009914781970657253,0.003408131897698918,0.006401792523838063,0.005320713528925913,-0.0003017756928983626,0.0,0.0,0.0,0.0,0.0,0.0,0.0,0.0,0.0,0.0
0.025256399420726477,-0.013643926307533513,0.04233635155390105,0.03651612421089958,0.05222657360517676,-0.000606679882680159,0.008017396114131024,0.004993276482395372,0.0032322648088609946,-0.00043009588515515145,0.047921045889961766,-0.009449284146723773,0.051219620215757065,0.02021880061764932,0.07350562562513616,0.0013312850687340343,0.0013822843906995312,0.014453795313539613,-2.919192504395135e-05,0.002659587122353531,0.0,0.0,0.0,0.0,0.0,0.0,0.0,0.0,0.0,0.0
0.03116896718899806,-0.018472674098500074,0.002013517297878526,0.01415313906891681,0.00214153079719589,-0.001393930131191161,0.003676156576713645,0.0005625714791202542,0.004446512015117323,-0.0018208643663640224,0.036589660875812446,0.023356519169817874,0.015653643606155804,-0.018370429309969606,0.004219652248992276,0.004735366033751239,0.03797293669536957,-0.012023417475385023,0.001939806550895899,0.013172932897043167,0.0,0.0,0.0,0.0,0.0,0.0,0.0,0.0,0.0,0.0
-0.04708681043449614,-0.007094308690800299,-0.014260708212284295,-0.031036014304565995,-0.03996637319918102,-0.004862371129521588,-0.008180424449684543,-0.004254931161455064,-0.00019431257291148494,-0.006510119545563375,-0.04821390568348381,-0.03395274591695277,-0.03004646588681788,-0.016645054138277583,-0.029773632949431743,-0.021609829990497605,-0.0019321745699214725,0.004475247594532481,-0.0028139720588900743,-0.0073194955794233935,0.0,0.0,0.0,0.0,0.0,0.0,0.0,0.0,0.0,0.0
0.02617750005260792,0.04108662326086009,0.030970192126087186,0.006956106150404865,0.009827474350465406,0.02182266323402954,0.002911677188993158,-0.001445249542302016,0.007384495456637192,-0.001806284813862461,0.007352057220942767,0.048254390119793836,0.10104551841891247,0.0325057249216638,0.0010103890710162031,-0.0002249998698983345,0.00726745788055309,0.006929191800408532,0.007481661137036542,-0.0017849910439793214,0.0,0.0,0.0,0.0,0.0,0.0,0.0,0.0,0.0,0.0
0.001416429736162873,0.05090322353482595,0.030199657391978156,0.05442667598070941,0.01563050119461488,0.000807111601724923,0.025246527909553167,0.005272369021145476,0.008156155716916774,-0.0009125008566518622,0.030436479409208916,0.02895860122509451,0.07206844981569956,0.07223617824775797,0.00958968162639922,-0.00021013222905020925,0.008366758167246148,0.005836592784115087,0.0034701059912506903,0.026822730851671337,0.0,0.0,0.0,0.0,0.0,0.0,0.0,0.0,0.0,0.0
0.030297883925075302,0.004663516544785295,0.0519578768660398,0.03762985944746378,0.029136306746014112,-0.0022729576192904192,0.003717122910713591,0.0012232271860272495,0.005006035034334789,0.00025111950913785515,0.008759354629796141,0.028506644692607067,0.053837806793643826,0.014208086333823278,0.04443877325416512,0.003562326201576719,0.005000803215148256,0.00793242330536986,-0.0007291465515318764,0.0027635630355529643,0.0,0.0,0.0,0.0,0.0,0.0,0.0,0.0,0.0,0.0
0.001064238831162826,0.08615665360726403,-0.030841809341039136,0.019933963019578168,0.018580646937576845,-0.003200411548973678,-0.0051302943567915656,0.0010844481676707432,0.0017332020082680007,0.0001541125669938424,0.022797665317203588,0.011982695574027405,0.019696374685544835,-0.0008605281791176013,0.03681589024301944,-0.00203672869062914,0.0065368695278772235,0.016429166573448225,0.0013331491034637487,0.0014922930738239556,0.0,0.0,0.0,0.0,0.0,0.0,0.0,0.0,0.0,0.0
0.03192877421793792,-0.009498720289715868,0.019667132106869458,0.03209886818269781,0.012593188612833078,-0.0022226098534517424,0.0005626914080238058,-0.0013506983195485831,0.0050580772099339255,-0.001158581007713442,0.012230397020826341,-0.0030471419431062573,0.027677353061907325,0.020425498660432383,0.03181430772704006,0.000858382426665556,0.010232708182383912,0.007820419785886006,0.009391812781648386,0.02363973714882108,0.0,0.0,0.0,0.0,0.0,0.0,0.0,0.0,0.0,0.0
0.029984754524641544,0.007562803729074638,0.04610962607728109,0.03083692552981327,-0.0351251164864427,0.005667708645791183,0.0016228532891728372,0.0026115541044813497,-0.00490194885208872,-0.003797124025187371,0.048456244863254276,0.02527483802187971,0.032009072147121495,0.056163015565983916,-0.0029613901440370613,-0.001243717456064269,0.010233078525068563,0.008673234188187723,0.001754447321324606,-0.00020926244888449873,0.0,0.0,0.0,0.0,0.0,0.0,0.0,0.0,0.0,0.0
0.05960666079293448,-0.011127564640079869,0.02423537595640795,0.015256412300260655,0.01955177792848804,-0.0023218169058403246,0.004435522328523108,-0.0014160200638121726,0.006507191840445808,0.0009142006663495209,0.017192608313619566,-0.01389565837921394,0.03218984751051466,-0.013466967218315844,0.0156327255338869,-0.0009571108349496602,0.005288114752109448,0.004833685027828232,0.017445674775871032,-0.00118306256465647,0.0,0.0,0.0,0.0,0.0,0.0,0.0,0.0,0.0,0.0
0.028447702161767546,-0.0016320656135034935,-0.01937588613318537,0.02406882017919071,0.04218345730594124,-0.0023027921840753987,0.006547228208371384,0.004470764868087852,0.006222772585194271,-0.0014481270720308017,0.04625185080151921,0.0282546755523196,0.0005899277185694285,0.012533224327011386,0.061148137973568134,0.0036840727586680204,0.03664501189957502,-0.04861595449018847,-1.9551188558514725e-05,0.0029633233604057616,0.0,0.0,0.0,0.0,0.0,0.0,0.0,0.0,0.0,0.0
0.029154376427577584,0.021661469779338492,0.009783751055748458,-0.0005334387786114346,0.051300192810228906,0.001054465325532025,0.0032710993686877847,0.0032040751118533176,0.0054610349612038925,-0.0006979692008803903,0.04251995668142116,0.019758569203294826,0.02445574240804436,-0.00758258121182695,0.06704068377136069,0.0027742775452836064,0.022037125771835746,0.006642751727485526,0.00026972386960270124,0.037146290493189724,0.0,0.0,0.0,0.0,0.0,0.0,0.0,0.0,0.0,0.0
0.04450536012159395,-0.011299462304288152,0.025380951775712892,0.041266764508381897,0.022800995584629218,0.001384399507876408,0.0052989873517820295,-0.0013703793587070512,0.008570525602722227,-0.003274429142988754,0.014418610800906834,0.007649600615331115,-0.007951740735253851,0.06678054098041994,0.024870909794639028,0.02618723131404749,0.002532009665790494,0.009218906668569813,0.021967054505174586,0.024784759864030705,0.0,0.0,0.0,0.0,0.0,0.0,0.0,0.0,0.0,0.0
0.022019353911497546,0.037141242562185636,0.015526369570178503,0.014069786640671107,0.03984776202630702,0.0027364353940284377,0.010189894267131499,0.000127769666797083,0.0035042514719271774,-0.003352731689097075,0.04627472200130313,0.016330013747825847,0.027689697982028236,0.06048411435616867,0.0187724357280092,0.0006232979160221681,0.016135335904201333,0.009583758882930853,0.010650550149067782,0.00036753663118594565,0.0,0.0,0.0,0.0,0.0,0.0,0.0,0.0,0.0,0.0
0.04711801355668272,-0.0392527983302026,0.02766901558078098,0.008715634785765952,0.01840351749112087,0.03526981669702186,0.0036073322520105847,0.0004392388765919881,0.003995378876109428,0.030039858138854587,0.02666820964200085,0.006115371954378635,0.06397333076363064,-0.03303359144260139,0.01972599688080082,0.003711534031588863,0.003952195922245682,0.011484392095955708,0.00041985350331327027,-0.0003007041556774762,0.0,0.0,0.0,0.0,0.0,0.0,0.0,0.0,0.0,0.0
0.023917716120598325,-0.040849551005579215,0.03877786924800254,0.039528705967331865,0.05254857236109466,-0.0021243352836537205,0.006346500081889861,0.004021158919507668,0.005537215711470868,0.00048490214498404577,0.02287819715058519,0.02444620483167929,0.07784327882506596,0.01797125884701585,0.05760373231718441,0.004273583827636989,0.006985374412108005,0.014094214479862182,-0.00043736212938180166,-0.00012563970703156153,0.0,0.0,0.0,0.0,0.0,0.0,0.0,0.0,0.0,0.0
-0.004452295938590222,0.054882262180110705,0.03862469518758528,0.05487114584669547,0.04892486924087299,-0.0013545933089024618,0.006573570050778794,0.004019815622728461,0.001265515331278438,-0.0003755745727371848,0.008467845998514738,0.027513799366934228,0.026666827893603636,0.03184235271593978,0.06827054065175714,-0.002545407153118957,0.004480906632835824,0.01483916386911952,0.00198463887172061,0.003266851857233556,0.0,0.0,0.0,0.0,0.0,0.0,0.0,0.0,0.0,0.0
0.06303568827289506,0.014701426505757998,0.04846076011792195,0.005972336683169103,0.011255989023559383,0.0008057091996416281,0.003399285959812842,0.002451078495547402,0.005648500864890023,0.0016468520333148716,0.037051042052353794,0.038592080271832044,0.0372076835594198,-0.003823483381762694,0.010426760451195647,0.036011883434663716,0.013616642307399129,0.013391936484147904,-0.0004538524660207262,-0.005676722749366098,0.0,0.0,0.0,0.0,0.0,0.0,0.0,0.0,0.0,0.0
0.016534527988433412,0.015576481522454808,0.030734004442138974,0.021745219979667635,0.012775848011255945,-0.0023428517123027454,0.010603712264207617,-0.00039794964292097474,0.006944918924953796,-0.0026124867997364826,0.01605688634455263,0.008100222996565843,0.07332080603393476,0.027173371245719346,0.007929052503594883,0.0023713425786096335,-0.00047497586308489775,0.006598502339299886,-0.004450807521589618,-0.0003004967806509622,0.0,0.0,0.0,0.0,0.0,0.0,0.0,0.0,0.0,0.0
0.013452662948263248,-0.022049185852745973,0.005658985730103303,0.02337765020586394,0.037645277171376834,0.058882521237870314,0.001627657606514391,0.019937138655602305,0.0041296193075431205,0.00013399927303518963,0.03578144802966934,0.015282791786739282,0.026210494029632256,-0.002028136955325614,0.04212486486938426,-0.003058406092439808,-0.015999494889606933,0.02209621107416845,0.0010593936745529257,-0.0005438946898290161,0.0,0.0,0.0,0.0,0.0,0.0,0.0,0.0,0.0,0.0
0.01009259656228143,0.018711564984610136,0.02790291536219459,0.00537980820882403,0.008779773986594762,-0.0022722799397062055,-8.840123168898768e-05,0.03479549045788023,0.0020794403607514254,-0.002690392618537629,0.03029014758798908,0.07626544257493655,0.06419644624619499,0.03274656672375659,0.0007189513714355391,-0.0009998857125333277,0.0014437891153334984,0.00557220795677493,0.003970428689500834,0.0018269864337766798,0.0,0.0,0.0,0.0,0.0,0.0,0.0,0.0,0.0,0.0
0.007455598409390774,0.05269199382775768,0.009737718187670111,0.05106124226365562,0.015798151704911906,-0.0008062672840085498,0.03728163661392822,0.004828774773352011,0.0005518004240220824,0.025463213420748726,0.021955675233351107,0.03616677466012194,0.02565315431863115,2.3972279616933567e-05,0.040489705118164555,0.0007427661314446338,0.007166377483272987,0.005793741208159744,0.001427389746558989,-0.002179579305202951,0.0,0.0,0.0,0.0,0.0,0.0,0.0,0.0,0.0,0.0
0.015249690832793837,-0.018405641565450315,-0.003917080406512806,0.03293632799836566,0.047721244925757716,-0.0033285144304371645,0.0021753405443087825,0.0061860330898572844,0.006808054084960285,3.0498701492485074e-06,0.0011790772875299148,0.021395421204437787,0.025380774427503305,0.015846313655465228,0.0625856040179503,-0.0023650570061602896,0.021522046626773872,0.023505889180560603,-0.0006401543538650525,0.0010522054764636243,0.0,0.0,0.0,0.0,0.0,0.0,0.0,0.0,0.0,0.0
0.015488633480433662,0.051955724415369914,0.017829875968093205,0.07123211977717078,0.03581721141722147,-7.199586786616548e-05,-0.0007153970131431952,0.002998985808541626,0.007694427399362939,-0.001595901801010572,0.00428765651027585,0.0102101392149564,0.0035828718899014187,0.05687317547270908,0.07797633645264272,-0.0008702649453997304,0.0035116673945424664,0.006020807492433825,0.002564864916756819,-0.0010693408626191274,0.0,0.0,0.0,0.0,0.0,0.0,0.0,0.0,0.0,0.0
0.03872322542510452,0.005865321925998753,0.021343888828612947,0.05330231701160908,0.020453279181325494,-0.0006224061879349557,0.003993595785201163,0.002199989828654124,0.0035084963867494474,0.04514563724728321,0.05562484728593131,0.010795312456890999,-0.004267830862336166,0.056200307814573455,0.0713563862629946,0.006315938004360916,0.004543195052981773,0.007692825279471837,0.0008974143168126107,0.003232098171263766,0.0,0.0,0.0,0.0,0.0,0.0,0.0,0.0,0.0,0.0
-0.024784598276356633,0.07527551988424806,0.004827890607122765,0.05844657949320771,0.016519196874692457,-0.002949252316068564,-0.0014617621725509752,0.002073512414756587,0.0030276889554840558,-0.0005083755258399214,0.009059805534884958,0.010563308529870776,-0.005799959691076828,0.014773209682210362,0.03609968853823191,-0.0022878947983383494,0.005948476259630958,0.005041532626267107,-0.0003377904115777656,0.0013638492516534764,0.0,0.0,0.0,0.0,0.0,0.0,0.0,0.0,0.0,0.0
0.010716404798160188,0.04233005097913755,0.02237649657319949,0.012389268953886555,-0.00752023624988776,-0.0005678175394010134,0.002004816061691937,0.0031917981435690386,0.0038842806334849584,0.0011156284383672247,0.036282781550562616,0.058502626072856986,0.006393203151010478,0.010666127038490188,0.03106564131364607,-0.00015698425981959343,0.002635491274061135,0.011804072271657626,-0.016996751696055887,0.0011869417069299514,0.0,0.0,0.0,0.0,0.0,0.0,0.0,0.0,0.0,0.0
0.013136012429975185,0.032216810866706684,0.019778800469325796,0.007808940921539722,0.03918564014641452,0.004758883633590568,-0.000764117789419768,2.621998473220057e-06,-0.004622233807476204,-0.004970416064660946,0.02993781838110596,0.009445169037717136,0.006865938440218558,0.0827260403513575,0.018413413772690273,-0.00036711267858417627,0.0012570513100699447,-0.007748519248089146,0.003756821947173262,0.00524208968240528,0.0,0.0,0.0,0.0,0.0,0.0,0.0,0.0,0.0,0.0
0.04096798505417429,-0.01943008686803141,0.08860487886870771,0.03415444104781874,0.007462918818630366,-0.001237667869354229,0.0012866335674714953,0.00046180386413736377,0.0056674051712185276,0.0024331147303873484,0.02768640574687294,0.014398501966527687,0.05074144625045393,-5.491819397935536e-06,0.013002739199306487,0.021009715854417417,0.004357782644016988,0.010086179085724373,0.00042825084736978125,0.01403429613233217,0.0,0.0,0.0,0.0,0.0,0.0,0.0,0.0,0.0,0.0
0.0010922959571047133,0.0763554963070174,0.02330881553542766,-0.0072854194193101,0.02119674426502587,0.0014270289599266446,-0.0006147541793019168,-0.00031014504564042433,0.0033682585857341568,-0.0009372377666448485,0.041457718283895606,0.08735859135607738,0.0014358824008013887,-0.03325465752231568,0.01645763583662784,0.0006998873967031671,0.00458392291214114,0.0221287382043558,0.0013301624026930397,0.016504874745230397,0.0,0.0,0.0,0.0,0.0,0.0,0.0,0.0,0.0,0.0
0.037513747809036636,0.0024460723763805752,0.027637159839123092,-0.017927264805355978,0.02442920793582001,6.229104274261797e-05,0.008010431172581337,0.0021111716413924394,0.003913489560825598,-0.001381496822552048,0.07674833967853056,0.02584947517463669,0.0007148270998123952,-0.019456757773666403,0.03324724328441606,0.0022559776444309306,0.03825686963033115,0.00713600031708976,-0.0009691598602210892,1.8968073292720077e-05,0.0,0.0,0.0,0.0,0.0,0.0,0.0,0.0,0.0,0.0
-0.022658295029539515,0.03765401521674768,0.05330128960634228,-0.00428187981418325,0.05065697543216459,-0.003549505717160846,-0.0021056607385476355,-0.0004763395102449478,-0.0026958135716583383,-0.0034873555768344866,0.0018879850229978122,0.08826019928739061,0.04525147391022123,0.02083521746292846,0.03426393305208214,-0.0005874901741059117,0.005358643550291747,0.003679881961082511,0.0027931700402905506,0.004621152710107203,0.0,0.0,0.0,0.0,0.0,0.0,0.0,0.0,0.0,0.0
0.020275755392698366,0.02213931621119538,0.03285717966212168,0.06482789126859749,-0.038058005932556815,-0.001696680268628674,-0.0036551575314493546,0.011641034280335768,0.008492333314834982,-0.002732702972423369,0.02752368819019341,0.008525203784796424,0.026083974736482104,0.04690755473089205,0.003111679772502232,0.0013645706020281906,0.007735008367049395,0.007507085690538349,0.003008099010020842,0.0004460109063216802,0.0,0.0,0.0,0.0,0.0,0.0,0.0,0.0,0.0,0.0
0.02224265726531711,0.032250250308725935,-0.01093692696549793,-0.01828776603831816,-0.017884400368896745,-2.3891646419580548e-05,-0.006076135206658272,-0.0007871062059805018,0.003880420843505527,-0.0024404524638914206,0.009350618224856343,-0.00034333707603479124,0.02854116905343615,-0.010379270861668516,0.018484463206264585,0.026912652992113456,-0.0007743552259891643,0.008646554796082177,-0.0010361833973725127,-0.0022629609220422083,0.0,0.0,0.0,0.0,0.0,0.0,0.0,0.0,0.0,0.0
0.037049066528739356,0.023643112509006227,0.04539610363758334,0.058767571838370655,0.03181956974240079,0.004871616743414506,0.0010823929470564614,0.0061974685411934965,0.005088121016449471,0.0034114073990645583,0.04406969686394895,-0.007331779513906028,0.027140115476625194,0.057978955705010875,0.03736505565187469,0.004655690548941269,0.005269327156482863,0.011743204855461962,0.0035684367064102896,0.01968482683524959,0.0,0.0,0.0,0.0,0.0,0.0,0.0,0.0,0.0,0.0
-0.004452295938590222,0.054882262180110705,0.03862469518758528,0.05487114584669547,0.04892486924087299,-0.0013545933089024618,0.006573570050778794,0.004019815622728461,0.001265515331278438,-0.0003755745727371848,0.008467845998514738,0.027513799366934228,0.026666827893603636,0.03184235271593978,0.06827054065175714,-0.002545407153118957,0.004480906632835824,0.01483916386911952,0.00198463887172061,0.003266851857233556,0.0,0.0,0.0,0.0,0.0,0.0,0.0,0.0,0.0,0.0
-0.017167943728042347,0.051193864493473,0.0518189572123824,0.031216126306141005,0.029270595533032146,-0.002558573827722375,0.006529598167439875,-0.0006661299620130845,0.000526217938997718,-0.00019137505972694884,-0.003921522043933639,0.022540813195564693,0.04007068350466298,0.01280765259466065,0.03885488993125492,-0.004410085450559773,0.004198570854566265,0.019251293379808188,0.004379749543004717,0.0024673137142989542,0.0,0.0,0.0,0.0,0.0,0.0,0.0,0.0,0.0,0.0
0.03649564766581223,-0.0025447495870062455,-0.0037530083575513127,0.03709137757181914,0.057492557528532495,0.00024736834090283003,-0.0028840538770703666,-0.003266308867076095,0.006239277736902979,-0.004121833977830207,0.016955920682492312,-0.004642019629564007,0.03839899460142822,0.051438086178852066,0.03873064697964286,0.007199362682877991,0.008608644794598531,-0.0018697156116337693,0.012246414416826256,0.0006589878474154719,0.0,0.0,0.0,0.0,0.0,0.0,0.0,0.0,0.0,0.0
0.048871890615842434,0.046185897841454944,0.02890125939875596,0.07879365650409458,0.05495511329810544,8.245207300749786e-05,-0.0006590161180732612,0.002841015551352798,0.006857871519023451,0.00018958991796958974,0.010821978816181833,0.020680084243680088,0.006883054651833016,0.06207264094530414,0.06035156579588875,0.0022213279825096335,0.00294985578223866,0.011091235516482133,0.0037964531769267462,0.0008336696077948344,0.0,0.0,0.0,0.0,0.0,0.0,0.0,0.0,0.0,0.0
0.00487999547437711,-0.05970785925941173,0.01602484469934304,0.014816173501088326,0.03381333595575073,-0.0039130502331167155,0.0022524521846100736,0.0017184077203212327,0.0041899302658071425,-0.0002480919288171541,0.02488368569944179,0.004191617470630931,0.017657633078854307,-0.003953117309301793,0.061231272129385714,0.0015770767598062502,-0.02050040987255087,0.023302341768353572,-0.0012819409368921867,-0.002212700047308253,0.0,0.0,0.0,0.0,0.0,0.0,0.0,0.0,0.0,0.0
0.02062863194419719,0.031248231863033285,0.027785603927826783,0.05476280681178123,0.03600784550886609,0.0021791533689304214,0.003025151576218582,0.005941132223663943,0.004124879404389939,-0.001212128548142752,0.034103289926728,0.0019029259977698134,0.10331307981316352,0.046796592965679715,0.04902106395648495,0.001040470790648665,0.00385871130850725,0.0075579311442580555,0.0017663018615575918,-0.00013007872519103447,0.0,0.0,0.0,0.0,0.0,0.0,0.0,0.0,0.0,0.0
0.00799814045370391,0.045889604960115515,-0.006594131894496269,0.04998865167942417,0.04171447194164521,-0.0014982359992793271,0.0040857924054460495,0.00381335447266965,0.0021083241791568993,0.00038718383871801977,0.0004613701002333489,0.07615971265903991,0.008685489948391068,0.031274908314944574,0.04694160912944018,-0.003052904025155014,0.003951116904457724,0.006822200934495163,0.0022680458284138065,0.00231689128900685,0.0,0.0,0.0,0.0,0.0,0.0,0.0,0.0,0.0,0.0
0.023293981372559464,0.004533758623211701,0.03348360333543507,0.049847193105449814,0.05991290605947676,-0.0016214099528742006,0.006760111890624848,0.005212145061384545,0.006233283690506096,0.000334006607991941,0.049499080614559814,0.03231543356752713,0.004974543749053859,0.03734198854783407,0.07873064628927626,0.0024058901362014333,0.02356235210638461,0.013230366292860958,0.0004305645966954157,0.004356721954463412,0.0,0.0,0.0,0.0,0.0,0.0,0.0,0.0,0.0,0.0
0.042781216415200954,0.055302017242940656,-0.007929973197776954,0.04791272541369103,0.0464182574423434,-0.0014218365326396384,-0.0010554890430843334,0.0018501761795866988,0.005289988346364607,0.0004121183657207349,0.018694044518707476,0.007464731992163791,0.012363779158282873,0.05058302978997273,0.05599386630904992,0.024429332479989317,0.00546806801099522,0.01943625561723451,0.00026056256741237147,0.0009147354338857944,0.0,0.0,0.0,0.0,0.0,0.0,0.0,0.0,0.0,0.0
0.05714373541722797,0.04492474676126818,0.03788810290433282,-0.03090589616568392,-0.012939749913754163,-0.0016611332118936552,-0.0008527260269247127,0.00010431378298095658,0.0004340666263999558,-0.0012222444346847684,0.023927815999067396,0.014666097641268893,0.03158542778253384,-0.01954621352230321,0.00769191260874415,-0.0002370108434776797,0.0022512926162210675,0.008606999054370464,-0.0006243227975331684,-0.001344588817710289,0.0,0.0,0.0,0.0,0.0,0.0,0.0,0.0,0.0,0.0
0.03680457326720857,0.046891976288232155,0.03573893412142565,0.04410655104349464,0.04512319151464486,1.008028425465374e-05,0.004714854218019693,0.002806252610231654,0.005420205733074891,0.0004971560202532062,0.009851788427865542,0.0027689356236798445,0.025717586862902545,0.058136022986474446,0.058717592850958816,-0.0013427026931315405,0.005164965330468428,0.0144583734905155,0.0018139902254337313,0.0009177232915615057,0.0,0.0,0.0,0.0,0.0,0.0,0.0,0.0,0.0,0.0
0.047903345506736146,0.04436976858722886,0.002279041285107169,0.028169774448896925,0.0028824769491921074,0.008018611067657869,-0.001373783608575603,0.0033531631669387264,0.0039043988090143376,-0.003809453747512679,0.01559586001062603,0.020058193558511444,0.015537087419353989,0.03104695387028013,0.013118744518261172,0.003864278782593042,0.008350558009991389,0.009830846096033706,0.0024189523799227203,0.010785022105291642,0.0,0.0,0.0,0.0,0.0,0.0,0.0,0.0,0.0,0.0
0.031322848398379476,0.08255721983777452,0.016409538459239998,0.05649114207133287,0.0541782857078943,0.0003110259922535764,5.502647522413591e-06,0.001955679456212557,0.006104372449739156,0.0021233835843353977,0.014429610126756288,0.020069311768203077,0.008800209371568477,0.047319667583562014,0.05418094575733107,0.02079376353475448,0.005815045248825434,0.014297225547387328,0.0006037654689650334,0.000953054108335195,0.0,0.0,0.0,0.0,0.0,0.0,0.0,0.0,0.0,0.0
0.04220005872162452,0.07896873509652096,-0.023885032890752993,0.02890842247029721,0.034793762955832974,-0.0028303425363696484,0.003471860210926535,0.0009596875570655829,0.0020568103863785,-0.0006416960129877079,0.014306813775598334,0.021502693047202866,0.017745705175541148,0.01165932578641048,0.045055934222540645,-0.0017446605924043921,0.00648446481857522,0.00583972657156714,0.002720980192805155,0.001148348163999263,0.0,0.0,0.0,0.0,0.0,0.0,0.0,0.0,0.0,0.0
-0.008236454338295679,0.06041078133755047,0.05016893477689749,0.057020458866525965,0.04602775596595065,-0.00017049913560655407,0.0016940293725470816,0.0037421568296307646,0.0024340473906505665,0.0010658648316636743,0.014986779480876298,0.04907197415907474,0.02563180598211845,0.040869930001765524,0.050131434964353426,-0.0011587908170066113,0.008053065041708943,0.009384546421092344,0.00210127571412738,0.0004925002747470491,0.0,0.0,0.0,0.0,0.0,0.0,0.0,0.0,0.0,0.0
0.015508020906548884,0.0466712761485254,0.019142929578874073,0.03090550252516518,0.060563550962592715,0.001451499936654906,0.000356629613690125,0.0020372459182313803,-0.0028170410847753375,-0.0017753480007143146,0.04081657392723555,0.0639711309890988,-0.004948259145586758,0.04088089032245003,0.046100100225905855,-0.0005395397204320032,0.004126122535208562,0.008352298863402389,0.00511233170148185,0.022805680916813346,0.0,0.0,0.0,0.0,0.0,0.0,0.0,0.0,0.0,0.0
0.013001378881282883,0.03082375497198231,0.034406794956409026,0.020003577579225936,0.03857308813742873,-0.000575246348409285,0.00156234898173685,0.010217220710076058,0.0015315186278300997,-0.002500156467556231,0.03593014668005044,0.0044944784236961915,0.03611139326333764,0.0013400515184292929,0.05681431889391327,-0.0015611401931648755,0.0026360120035012996,0.012289516786294934,-0.0037107971400729997,0.027253635629718456,0.0,0.0,0.0,0.0,0.0,0.0,0.0,0.0,0.0,0.0
0.01179813708407375,0.04208412762926077,0.04136789877869877,-0.0031489268072936714,0.013324120111308695,-4.6569175998167484e-05,0.010401374106914427,0.003445188798587688,0.005582336539956057,0.002278723239955442,0.008914061064500298,0.00208948656544724,0.10679026028093419,7.152110366664315e-05,0.005296771277825484,-0.001358036746241963,0.0037185480979096157,0.006993788584726628,0.001248165995099436,0.031332199084124324,0.0,0.0,0.0,0.0,0.0,0.0,0.0,0.0,0.0,0.0
0.03238152885895416,0.022102864363321654,0.018040916719241403,-0.0016132973710703596,0.026482974961476176,0.00043092570647421043,0.0002313769605949408,0.008082242886048113,0.00038164630488590556,0.015544354386916225,0.06400879333772083,-0.0057292040296423275,0.024574237402189465,-0.016929874116675164,0.05569341295033125,0.0022780502483706016,0.002399669001478385,0.006473026554281501,0.0011132235166971115,0.0021073841488719793,0.0,0.0,0.0,0.0,0.0,0.0,0.0,0.0,0.0,0.0
0.012926339710274012,-0.02032602644215899,-0.02674446731016789,0.06725358396806795,-0.01717233296938009,-0.0014545786440692337,-0.003223130791115491,0.0006661747866346656,0.0040070097161960475,-0.00608547516856005,0.019398208992034816,-0.02017867221866661,-0.017532251242174172,0.05074308311412538,-0.02925168506364267,0.010050343364907911,0.003551370252843302,-0.03676460190875791,-0.0018729566537260764,-0.0013038532652380334,0.0,0.0,0.0,0.0,0.0,0.0,0.0,0.0,0.0,0.0
0.016020532351827956,-0.015736187147718485,0.03520338030036668,0.023122992935645473,0.01344455587269406,-0.001515146237514271,0.0005702416623534407,0.017864640534755415,0.003016916307524625,-0.004830509202231746,0.02943048070483922,-0.004348873515197491,0.03769298156825786,0.006105119234266132,0.04626754256147862,-0.0017109539070190975,0.0017127737380734454,0.009142238280587626,0.004940753805085376,0.019586472727798215,0.0,0.0,0.0,0.0,0.0,0.0,0.0,0.0,0.0,0.0
0.017121053259239013,0.04656548101555323,0.032220478346169805,0.0371648380975977,0.0026969518152304616,0.02298884248966627,0.038524811187631576,0.004764233140651556,0.004184583174228603,-0.0018262079759354245,0.03684984905846047,0.0376724758357682,0.018733520104566245,0.0065498746826616544,0.005020228285858263,0.00038395824638427436,0.0008340380806480082,0.010458672694639388,0.002477015723155029,0.030336899858197996,0.0,0.0,0.0,0.0,0.0,0.0,0.0,0.0,0.0,0.0
0.054497345722901915,0.05770943759016004,0.020090724640347793,0.025516510237725592,0.02857519280464764,0.009008168683783752,0.0011541754008654057,0.00047355306967251356,0.0029050945380990475,-0.0017255111063478631,0.014261254725061666,0.08771177175461164,-0.006758619873413688,-0.020842088113021566,0.00559067598276311,-0.00015834552973380508,0.001551903138450428,0.009448270843251384,0.0021844588497235205,0.002527623760821701,0.0,0.0,0.0,0.0,0.0,0.0,0.0,0.0,0.0,0.0
0.028122600763071194,-0.025320987470643236,-0.010691583169362287,0.10255597951893382,0.014544564939168822,-0.000644050976573953,0.0021620017036761384,0.0021926129898775302,0.0031738781565776026,-0.0038788065473643087,0.03278244606383662,-0.020750194064490208,0.01218559090146761,0.08515787315988083,-0.007655700555576574,0.0033955867826479086,-0.00020281182762081125,0.011346677777873964,0.0010151371198423007,0.0006267834659403522,0.0,0.0,0.0,0.0,0.0,0.0,0.0,0.0,0.0,0.0
0.018037272686072473,-0.04444365340762935,0.003690070513238901,-0.02142751866033356,-0.014513851152589824,-0.0045325075511061545,-0.004787748559007967,-0.011311653818291668,-0.025064246389233862,-0.0052517305654115765,-0.009645012523767002,-0.000801920098988197,0.0023185675442506225,-0.004787215342238871,-0.010540162260150634,-0.004632831027151064,-0.016783987644565266,0.009184004329736121,-0.0022951040349655466,-0.006299519745083079,0.0,0.0,0.0,0.0,0.0,0.0,0.0,0.0,0.0,0.0
-0.026240495856188494,-0.0020317032609397257,0.03185767379955498,-0.009302133154625967,0.029454393012664764,-0.0009971885197782547,-0.0010239261698409116,0.0006539249586661176,0.001615765418722497,-0.005737155962211356,0.004254751000562595,0.02658342620946068,0.0328817413305362,0.07069734319162976,0.01616756799078927,-0.0016372367498927536,-0.0009582735427466645,0.013827104414815914,-0.0007010302572283746,-0.0006429507335784418,0.0,0.0,0.0,0.0,0.0,0.0,0.0,0.0,0.0,0.0
0.028795915805952678,0.07803643643611172,-0.02780056518491142,0.038727736690426964,0.03388339882054287,-0.0013348685815204734,-9.58383545292688e-05,-1.8349332130119377e-05,0.004667793458745036,0.000994779904421354,0.018652047601427503,0.020599028220046146,-0.006006608026534182,0.03778007598871243,0.041594986943188174,0.025464688800217995,0.005604850934062584,-0.06614146824212573,-0.00018763499348591238,0.0005051902317533891,0.0,0.0,0.0,0.0,0.0,0.0,0.0,0.0,0.0,0.0
-0.00221342560763068,0.04731226166127829,0.03710380248677648,0.03264657123645395,0.03124022916387404,0.0011824857506428288,0.04611866430316028,0.007454706429965209,0.002749676358021855,0.034595052653054806,0.012421282296108596,0.03491982247570934,0.03365092477791812,0.06576447299195749,0.025050209809250903,0.0008418400813411075,0.009827468859829339,0.004482738339819517,0.0025991268020409564,0.0009736862507985265,0.0,0.0,0.0,0.0,0.0,0.0,0.0,0.0,0.0,0.0
0.043244064136674795,-0.006280268787554393,0.02986095774473623,0.008723236069433038,0.04527712657960389,0.016251159028647166,0.0010788357997826398,0.0011063163062157136,0.008100022077599993,-0.00023996183915369842,0.010881848259086332,0.017329752518879752,0.00667225707905508,-0.0022710938067175223,0.06566142191345813,-0.0008750816409858886,0.007016383910013248,0.012366781193584118,0.0031534131189294248,0.03424666955425967,0.0,0.0,0.0,0.0,0.0,0.0,0.0,0.0,0.0,0.0
0.006179354163445718,-0.021974612186416168,0.020782440747321333,0.04523391756221039,-0.001123248475620073,-0.0034449621296335766,0.00012869709918395336,0.00022863047886638536,0.004160930318154686,0.0005589614940880918,0.021677182551547887,0.0006217230040088849,0.05498533701274502,0.033014282713733335,0.011675207386140068,0.004941223575453792,0.005858641534836525,0.0099929791914255,0.0010300424912371832,0.029194868587640817,0.0,0.0,0.0,0.0,0.0,0.0,0.0,0.0,0.0,0.0
0.03426908490472767,0.05793684789880691,0.013286974839067192,0.03824908923972161,0.049631632375659866,-0.001769134717100598,0.0038835651856367636,0.015410095691219265,0.0026155203762779533,0.0005700568411983074,0.017915530757960412,0.05025514386709714,0.03981131725509208,0.020209908909014397,0.045444007626975945,-0.0010023906712334537,0.0031571049214548915,0.012437012714352028,0.0036580959899234398,0.002479844967095247,0.0,0.0,0.0,0.0,0.0,0.0,0.0,0.0,0.0,0.0
0.029632149401528588,0.012064630363256853,0.04934658534903008,0.05888146842345625,0.05188422061540491,-0.0011657688915459826,0.008612908543824082,0.005079361753419395,0.0028657986372138317,0.0009765609399735456,0.033443044324627504,0.029977273557416688,0.02038030454309658,0.04663420354576349,0.08044365567309908,0.0010022783840657342,0.004314605495828258,0.015011096528520803,0.0009259043896620768,0.005749372222891918,0.0,0.0,0.0,0.0,0.0,0.0,0.0,0.0,0.0,0.0
0.02454095850524855,0.01658242251624848,-0.0016740545702522206,-0.008051788671606094,0.009343576541864577,-0.0009849270744838308,0.0004613444111516407,-0.0009215152661968491,0.005829876052450356,-0.004991885353246606,0.05573551103561344,0.017307666958835698,0.0397594161162552,0.04097435596091693,0.01217250789433878,0.003146788476728444,0.0050758672498869215,0.003396858512815161,8.491042219708065e-05,0.004446884386940655,0.0,0.0,0.0,0.0,0.0,0.0,0.0,0.0,0.0,0.0
0.03483230664300411,0.0062092034282457305,0.030743552386280737,0.019581344829233283,0.023897864821430984,-0.001415079233190005,0.0038563205294168397,0.022884810243729493,0.007030572500008574,-0.0028159219700467654,0.04217571789463054,0.005146173553825878,0.05605834915098889,0.03806173376761741,0.021683197404584,0.0022014475752380126,0.01682011788117622,0.007166383752179272,0.0011876165952716651,0.0024470518073458165,0.0,0.0,0.0,0.0,0.0,0.0,0.0,0.0,0.0,0.0
0.013368041414539353,-0.012559275955400805,0.027517086986617104,0.015847369243821536,0.03289127144502023,-0.0027765021865213146,0.006942286044923533,0.011596113213489882,0.0020953893863411275,0.0004427196516371486,0.049821047146214256,0.010017761979354898,0.019856783157452432,-0.0029407796896797887,0.03542966007048488,-0.0011819333949529363,-0.011241390911969573,0.017946441513127114,-0.00010431083781634173,0.0007538188436873323,0.0,0.0,0.0,0.0,0.0,0.0,0.0,0.0,0.0,0.0
0.029724735576578058,0.05532972211890837,-0.009570991169026228,0.02909786068843015,0.01336356032513399,0.0010887745656664614,0.00047966604047626254,0.0014253876121648296,0.0014630645391305638,-0.00015077892002215046,0.02901664277259649,0.12268380311031937,0.03998946207880626,-0.016067500984304126,0.022078437420496262,0.00744529313257679,0.003253012667778661,-0.0035108741886012286,0.003407071026054891,0.003175248707206315,0.0,0.0,0.0,0.0,0.0,0.0,0.0,0.0,0.0,0.0
0.02860797856292753,0.0399704348230331,0.026808892939524417,0.05117308819322447,0.03934989376646759,0.023171774096164745,0.0023355489503561824,0.00043999352386019016,0.003884957822205813,0.0010188159016021924,0.03270412963763035,0.02868760252910116,0.01558684995659371,0.05733165675396376,0.0412020161684517,-0.00027340684995399924,0.005050951064737948,0.012630248648825806,0.003243678176785836,0.00129322059288233,0.0,0.0,0.0,0.0,0.0,0.0,0.0,0.0,0.0,0.0
0.046572349767487926,0.05307918990403313,0.036901371314538176,-0.01920079131997179,0.013414540558890685,-3.938293549162113e-05,0.008156788899386104,0.002342303267295277,0.0019608084089188633,0.005362533962984749,0.03376464416208954,0.0033222842448471907,0.00613040875404256,-0.025153053100728056,0.029318738980416474,0.0010501507309596772,-0.0008004916705885079,0.00838005945130309,0.005022014622097168,0.004770917502931325,0.0,0.0,0.0,0.0,0.0,0.0,0.0,0.0,0.0,0.0
0.04388352146475987,0.06629981019313312,-0.0072150695080231975,0.06001387748239127,0.021710539471789653,-0.000168145010490967,-0.0011740183802564927,0.022704638345939585,0.003703662410732711,0.00314191645788903,0.011893465217562195,0.017445940099533645,0.025738029172963375,0.015936605409721392,0.03160501974418817,0.0140634418531585,0.0029464109072461146,0.008525698775381386,0.0012057935455580915,0.0014604594671939284,0.0,0.0,0.0,0.0,0.0,0.0,0.0,0.0,0.0,0.0
0.011652286835337476,0.047044527747102,0.027167028656903316,-0.010217051558418256,0.008043271147389083,-0.003253254111919088,0.0002887997922042362,-0.000373033836408192,-0.009707370302796347,-0.007196047277334205,0.015362995743826921,0.010433655300910886,0.00034130234221912503,0.027202701223943887,0.03595773019868435,-0.00024554890535161724,0.0026538045108460283,0.008278742335856721,0.002438019751632597,-8.519394151990533e-05,0.0,0.0,0.0,0.0,0.0,0.0,0.0,0.0,0.0,0.0
0.017851633093120413,0.028207965915725528,0.027225543884913127,0.025153145589089595,0.0010313554151237696,0.021595735685231217,0.043746618099942236,0.0036415595956864025,0.0032092793247525853,-0.002132723699862695,0.03309117044225478,0.03832002059373854,0.013173488534745684,0.011893100845872728,0.014707870816162861,-0.00024396761729924375,0.0013794592702492778,0.009819390175463516,0.002986369433943864,0.03164682381669473,0.0,0.0,0.0,0.0,0.0,0.0,0.0,0.0,0.0,0.0
0.0028900604711852673,0.023079487275369844,0.031209586611749295,0.0513891207014146,0.013535368979362786,0.000694242792220159,0.0015795189937982822,0.008412572825601379,0.002306149529529183,0.02197448567100843,0.032701822394312866,0.0702047233320111,0.019530604272597264,0.022884941536931824,0.031581933691608575,0.00048399794373953943,0.0029663723416014738,0.007138793441872268,0.004725643704365782,0.0020144127052694446,0.0,0.0,0.0,0.0,0.0,0.0,0.0,0.0,0.0,0.0
0.04328367180560158,0.005383470290386244,0.002961900627392736,0.05703831719118811,0.07351528761341353,-0.0016026901033823712,-0.0010110821566575627,0.0008925579405035945,0.002733662571969908,0.0005736050617890769,0.0389917884983795,0.010038756357865242,0.05401112436176909,0.02905302571278978,0.053907276225936315,0.023205345538992377,0.008382639637749484,0.017512040412810636,0.0024203948792389015,0.0024305046526361834,0.0,0.0,0.0,0.0,0.0,0.0,0.0,0.0,0.0,0.0
0.02091448621128601,0.07720385750255104,0.020723349197992767,0.05485101246418156,0.04407994496694232,-0.00046252929784862867,0.0010951313760702327,0.0054520220489113515,0.004883694185833592,0.0009845530839875261,0.006341960343638621,0.06096886545722595,0.004347607810167136,0.04594458433477007,0.05086035482401303,-0.002086690063708943,0.005802846273956704,0.014537368250930853,0.002945632953997247,0.000903549726511804,0.0,0.0,0.0,0.0,0.0,0.0,0.0,0.0,0.0,0.0
0.029243631540514157,0.07131276040013687,0.02674545587746004,-0.006893945287138693,0.010800099224998146,-0.00178885625194027,0.0031986491488840314,0.002521396085269944,0.004443800265213194,-0.00190979883304757,0.022964922309589277,0.06322352823280582,0.01952965824085029,-0.02408142607101013,0.006600853796885215,-0.002870790817543186,-0.0011445913024500161,0.00884290108871182,0.006307299863405121,0.034258291703954696,0.0,0.0,0.0,0.0,0.0,0.0,0.0,0.0,0.0,0.0
0.036306249495260526,0.030090310688847297,0.0052711039879683045,0.02101731577748314,0.01871002191783196,-0.0003746566541434923,0.0005642186537281178,0.0020723404978256667,0.006005832103898282,-0.003312508583793648,0.025383488697653195,0.0008299656745647315,0.0016871869143378349,0.02440028742579172,-0.004975745261029587,0.0003060614166785919,0.004898881647639425,0.008362570850583366,0.013440969195847476,-0.001962297326601793,0.0,0.0,0.0,0.0,0.0,0.0,0.0,0.0,0.0,0.0
0.0433667120144364,0.011289412697571586,0.04511624136613594,0.0269786397404801,0.007856029716480526,0.002059817320723907,-0.0030226151189872647,-0.0007267158762589264,0.004936351639205894,-0.003524418965222725,0.01022703255158897,-0.007168904848094176,0.017740135312015178,0.026854175357848332,0.046461304859921435,0.004954360488751179,0.00444480202343816,0.00888781376257049,0.022359160863536297,0.018067015215427147,0.0,0.0,0.0,0.0,0.0,0.0,0.0,0.0,0.0,0.0
0.020665104556393126,-0.015146689961467421,0.0016280189902398614,0.035121663909523725,0.008369718723089349,0.002256483032293871,0.0006544581449924326,0.0007965134889755517,-0.012189597616597865,-0.00452493895500465,0.03155270025316127,0.02800703184658876,-0.003936481564494374,0.0656887491478723,0.0027041800507612845,-0.0006660712797576385,0.009109751631563296,-0.034256535647740616,0.0041943966572464035,-0.001306858287267458,0.0,0.0,0.0,0.0,0.0,0.0,0.0,0.0,0.0,0.0
0.026288595597936674,0.005433123917322219,0.016632143663231853,0.014633456162944074,0.05231389496501595,0.020169628966713458,0.0005471440083058663,-0.001091668102963256,0.008267182499267382,-0.0035125043540578382,0.008453381522144855,0.0027735230297237976,0.002589768245446746,0.045193789783242275,0.04380546972639912,0.0031253813791482605,-0.006310137005177071,0.007189765556915276,0.008317210687087254,0.01390244687172469,0.0,0.0,0.0,0.0,0.0,0.0,0.0,0.0,0.0,0.0
0.0024534806250138368,-0.014536958159635516,0.044046915261903,0.043577708264140466,0.061733763740389296,-0.00289477905450446,0.0032670387329053045,0.0029766663443824976,0.005071598617475271,0.0008654563658860074,0.0036618095606101445,0.02720979349718631,0.009248027841569634,0.056496089509175666,0.08915609431088299,0.0027496192120865944,0.019666956784905255,0.015694983115236157,-0.0005514393433909242,-0.0003588397984811593,0.0,0.0,0.0,0.0,0.0,0.0,0.0,0.0,0.0,0.0
-0.0027350784095667756,0.07658501718347624,-0.012069155568998204,0.05631275340652578,0.05053097821206919,-0.0025560263984618927,0.0013303969695389686,0.003906606230480484,0.004570879658590194,-0.00041744640470385227,0.022835803234744184,0.017313401937748184,0.010951895645584278,0.061418883473544204,0.067354363579844,-0.0009848919971824593,0.009438037281236796,0.014938264576814297,0.00013781326949355787,0.0010281295796741778,0.0,0.0,0.0,0.0,0.0,0.0,0.0,0.0,0.0,0.0
0.02814430058173889,0.05640645539895137,0.01238188882465074,0.012096205777424974,0.03234988496921112,0.0009935899423484111,-3.075365378094967e-05,-0.0003382511867537238,0.003989140477088678,0.00012532844895587393,0.017479032003633235,0.06201624126847218,-0.0017975485942493118,0.023695342193061988,0.015089409582951394,0.007095820896597727,0.00264511002538414,-0.015475415784643842,-0.00266009074031414,0.01451590668964282,0.0,0.0,0.0,0.0,0.0,0.0,0.0,0.0,0.0,0.0
0.03847654108666034,0.0082355671471612,0.047849700587126814,0.011578685607552635,0.006249622279130599,0.0020829532833000824,-0.003331863401575362,0.001046489708757893,0.003671810957254904,0.0022452317373979984,0.02875441108390583,0.0006025719596645635,0.025923870144989196,-0.003156038783909009,0.018602268718297944,0.028580787602037208,0.0014356904792715787,0.011997350552756716,0.0015414605786877437,0.025619136862591593,0.0,0.0,0.0,0.0,0.0,0.0,0.0,0.0,0.0,0.0
0.03268715677482869,-0.0071092019103552746,0.029662104830084954,0.001777306716035049,0.010121666645312447,0.038698157684487276,0.0007280921656144795,-0.001780759026993633,-0.0026976535996083967,-0.0027472995384992633,0.030966440085163766,0.021809185760515878,0.008181235853481619,0.07651503083367037,0.00022584258326767274,0.003591697749683896,0.0018720806563620185,0.01275866025138153,0.0015375006613765538,0.0007143437411182335,0.0,0.0,0.0,0.0,0.0,0.0,0.0,0.0,0.0,0.0
0.011312671771104569,0.013851152142318612,0.02727774894278885,0.040664491626741024,0.022080793999330744,0.004125527107393458,0.0020343508250117727,0.0009206077051624082,-0.008612367615677251,-0.0009091504074769059,0.056847961262950344,0.040029994306739015,0.02815577238343666,0.0437640637815525,0.033361595320210366,0.00030075925770404126,0.0019729429334640904,0.007570809061638411,0.003867567409473242,0.00010430530650233287,0.0,0.0,0.0,0.0,0.0,0.0,0.0,0.0,0.0,0.0
0.017197402932210826,0.04267677965830047,0.03580921363908056,0.06429769859911467,0.05136750117097981,-0.0010723494507399838,-0.0013485069757733234,-0.00018132462921840098,0.001916948118828942,0.000578213774699008,0.009242691479639346,-0.006400231579141392,0.03782389280393188,0.036825716961566037,0.040655687101973426,0.012401470967905396,0.008841783144322737,0.012188638349546197,0.0025821967268220623,0.0003324276938464368,0.0,0.0,0.0,0.0,0.0,0.0,0.0,0.0,0.0,0.0
0.006400095809411852,-0.017861517154459484,0.016072360997659848,0.005545503379475137,0.04107088891909274,0.0314926294251714,-0.0010475074417743047,-0.0007839755729873679,0.006025471799080382,0.0012302769921540384,0.03545786361562756,0.0274356225819054,0.008943678454393023,-0.015494499590101716,0.032992512269757884,-0.0015049407373773738,0.02244041407011725,0.008248356060817726,0.0016309064286872887,-0.0019903010911036865,0.0,0.0,0.0,0.0,0.0,0.0,0.0,0.0,0.0,0.0
0.02685391045723489,-0.004723986342823495,-0.016196384248301787,0.037934322210041053,0.052833453998942514,-0.002085358626660473,0.0011403311163632373,0.005894341133613286,0.0037964786530930335,-0.000782998629223045,0.011034559776561117,0.016823719335624376,0.029692582558504266,0.029762038385128562,0.06348599806417052,-0.00036182627240588934,0.008176697790060042,0.024987300817024136,-0.0010344520391830099,0.002659897322690055,0.0,0.0,0.0,0.0,0.0,0.0,0.0,0.0,0.0,0.0
0.012982080052261437,0.020844982826820666,0.043840975208240415,0.088588698530084,0.0697909435454662,-0.0006533328171023405,0.001981948923812016,0.007647037650690609,0.0022627892555879027,0.002094526430846557,0.02265425452088058,-0.00047408069703364764,0.030518457142024284,0.0164020383704031,0.06479618518918687,0.00019056242656079008,0.00014300506826106765,0.009970221713310133,0.0019467209217195129,0.0031935828583516293,0.0,0.0,0.0,0.0,0.0,0.0,0.0,0.0,0.0,0.0
0.016676994242880668,-0.003138125694013926,0.03984202881244295,0.026746150313449565,0.001132092501358672,-0.0009209490705253246,0.03623904137542911,-0.003113262943997862,0.002266187720883397,-0.0018082640927518838,0.020282147597784187,-0.009666930597029968,0.03249871985359821,0.041080659413129904,0.03136814257693985,0.006687975660278613,0.00811342473054676,0.009061500099072419,0.016234939695787987,0.00913912492510844,0.0,0.0,0.0,0.0,0.0,0.0,0.0,0.0,0.0,0.0
0.032872395478294715,0.059166538481454416,0.011774970448866582,0.024402283780317436,0.040069084111231605,-0.001021360901546963,-0.001149455564611678,0.0021036735266674136,0.003765021932175834,0.03951399387611773,0.019340885493545335,0.09699665705349536,0.007689738395789886,0.014242527302479926,0.042152735735033885,0.003783178554118235,0.0038684728713215765,0.009221405748938934,0.003906966891820521,0.0010218839048615144,0.0,0.0,0.0,0.0,0.0,0.0,0.0,0.0,0.0,0.0
0.04041635163213219,0.019398703525007787,0.013283845488598569,0.024739258068750658,0.041866675921522996,0.0021869011263325904,-0.00022656978496744635,-0.0012915445336949126,0.006467637415206109,3.7417276537440002e-06,0.035058875861617156,0.005483646451575371,0.016060419358488943,0.005272672935117729,0.04011063811724096,0.023489635737284787,0.002673929879998237,0.010789713725011519,0.0035802233688810537,0.024264631196921606,0.0,0.0,0.0,0.0,0.0,0.0,0.0,0.0,0.0,0.0
0.014629625416421987,0.029028090491135188,0.06741012387219762,0.02337833597156237,0.04476544627146696,-0.0014105008855065224,0.003691255324956093,0.004779491476967248,0.0015489483317407205,-7.914061978408728e-05,0.034162315756806255,-0.006791227560581704,0.022344305377890394,0.037064410062729744,0.01240145687810857,-0.0033479059096307748,0.0021788943486507717,0.005358808431020086,0.002355749014040805,0.0059150061876574525,0.0,0.0,0.0,0.0,0.0,0.0,0.0,0.0,0.0,0.0
0.016222795469342407,0.031167695599869774,0.008483132507949609,0.0040938871285551345,0.013849102390616758,-0.0015651348516495407,-0.002324162770762245,0.00039639771333284325,0.006247796466885202,-0.0026155139190166205,0.020388729075485047,0.0443671057589369,-0.014294689006741332,0.01258914249360146,0.03376976692279104,0.0010693017539691555,0.009474861891204578,0.0010433852451004829,0.005693162109139084,-0.0017529227630611115,0.0,0.0,0.0,0.0,0.0,0.0,0.0,0.0,0.0,0.0
0.011888994008727552,0.0637409171133512,0.014682204706465125,0.020958530747907014,0.0435898177030746,0.0005556721479658406,0.0028014555351023353,0.00309167787240962,0.0052814745064084,-0.001986770978130533,0.020608199683637324,0.0755963261994524,0.010685806451428024,0.026291719179752544,0.04504928366499538,-0.0008972749013391667,-0.0002228503192367405,0.011042425066705388,0.006305502870253693,0.00032037697892078827,0.0,0.0,0.0,0.0,0.0,0.0,0.0,0.0,0.0,0.0
0.03960268369957962,0.08103946891494736,0.018130981295755112,0.05177322636201042,0.05303703083011251,0.0008460723193857222,0.0012380285475810885,0.001141986302122475,0.005604219351693554,0.0024564287233947864,0.027323139366582858,0.023548242039120124,0.01055208815896862,0.03957748512579469,0.052001697943148434,0.026501399531329253,0.005781281754021366,0.01592163858497429,0.0012966081740905249,0.0013478900957577555,0.0,0.0,0.0,0.0,0.0,0.0,0.0,0.0,0.0,0.0
0.04676336748583635,-0.018173871079254205,0.031033357937976385,0.008386483005008348,0.004544958494713632,-0.002191977909898121,0.006201466273485649,0.00046976230133514627,0.0018483105845277647,0.02804015822123879,0.01052956525851115,0.01945925469289508,0.06770493307423073,-0.03181250182073753,0.03235481288119267,0.007332421442551582,-0.005084377920137481,0.0059387008405498405,-0.0004357775158281384,-0.002713169702983324,0.0,0.0,0.0,0.0,0.0,0.0,0.0,0.0,0.0,0.0
0.029531529795407976,-0.025517132425550287,0.008379121479426533,-0.00866404944770224,0.0057652494785921694,0.029715885594502674,0.0016599494588697735,-2.414595708202145e-05,0.003591069674612332,0.03974159669304647,0.0317658919440896,-0.0011492000610244502,0.008404072313992891,-0.01903195244563729,0.04726999444068629,0.006746646415082078,0.0018307227190016554,-0.00813485967509373,-0.0007110765759060141,-0.0006167968413835035,0.0,0.0,0.0,0.0,0.0,0.0,0.0,0.0,0.0,0.0
0.01544398073328992,0.046454505497666325,0.031243538649951795,0.028668406575760134,0.06056812149351064,-0.000608459173927237,-0.0033969484369986477,-0.0011764749198680505,-0.0007805620964729989,-0.002944669037575495,0.004671234440046112,0.01532976562059437,-0.006259856762611192,0.05115454136655245,0.03877374983068363,0.015146523030032253,0.007655330028184128,0.009565776021419468,0.0023363885282820596,0.0018767057318516934,0.0,0.0,0.0,0.0,0.0,0.0,0.0,0.0,0.0,0.0
0.013330129539006296,-0.02164234896587651,-0.009433852230498396,0.05394204673477648,0.03914980197113315,-0.00419675781641734,0.0014238443597766673,0.015774424151366866,0.004189109166064509,0.0005389695489312017,0.0158315871187213,-0.002774086590496199,0.02132954132361264,0.006720227312614907,0.04726035409032874,0.0011206044160779595,0.025774468160517348,0.006665206633673184,-0.0008596054555728995,-0.0004220663473680255,0.0,0.0,0.0,0.0,0.0,0.0,0.0,0.0,0.0,0.0
0.029289100771265782,-0.034760056586906854,0.04426073765796102,0.08748405650264243,-0.004764043983168456,-0.0001249838737266869,0.0073522755013806845,0.0027509442288634347,0.0010382004224642443,-0.002310359421825608,0.015456052206375236,-0.0047705102519766465,0.01726394806891626,-0.047796970472723736,0.029580800674125385,-0.0015421646614107345,-0.003957171282510219,0.007269773450845353,-0.0005633098627295298,0.00023749915422434828,0.0,0.0,0.0,0.0,0.0,0.0,0.0,0.0,0.0,0.0
0.010707450544248773,0.035913421618566456,0.015746385105685816,0.01145240021559019,0.008688321831246806,0.0002733115669947684,-0.0002937771361888786,0.0035216382723526132,0.0013664071002516848,-0.0016608577033392473,0.03625032395367926,0.07701522254924291,0.006228035765134645,0.000692637652162506,0.013508304148890293,-0.000401772093740191,-0.0014217489965907975,0.008976256796366952,0.00907217801656121,0.00042551459341806175,0.0,0.0,0.0,0.0,0.0,0.0,0.0,0.0,0.0,0.0
0.0028849552489865387,0.006154186052379673,0.0024028583393169638,0.03497518076900142,-0.004091531845262677,-0.0014070146775797053,-0.001211175198444235,-0.0030677339908633202,0.010203829825950377,-0.004471499278828539,0.0009740472234638546,0.013973719927648922,0.0006329287248592878,0.05006671489974383,0.009356556304793009,0.006909365690471165,0.028619086231812158,-0.02021815122900136,0.01731817356797907,-0.0006210083485776612,0.0,0.0,0.0,0.0,0.0,0.0,0.0,0.0,0.0,0.0
0.014933724483835705,0.05674955157878933,0.016640932187082208,0.043993672473437696,-0.001441236168406233,0.015506656302890031,0.0012920689983261845,0.00030083141608315523,-0.00019041618748573188,-0.000974077463897115,0.038180528646315486,0.03714612988056841,0.021973156539191914,0.05541178771887399,-0.01152770029035019,-0.0012514962402340938,0.004493271431489742,0.009243014303125583,0.004073182251873111,-0.0008319847411369805,0.0,0.0,0.0,0.0,0.0,0.0,0.0,0.0,0.0,0.0
0.047648764047823436,0.04696385401831642,0.005540124563892877,0.017046092860343573,0.020335418023597864,0.002137711799458807,0.028351605244034534,-0.0002201176382535939,0.0028350670562276837,-0.0037091426573243116,0.02464853676201943,0.06133700780155279,0.013520605130014747,0.05781060678246912,0.02173522386156863,0.018649888308956822,0.0031368528006977935,0.008638550381927585,0.008225221055901481,-0.0009102730828546562,0.0,0.0,0.0,0.0,0.0,0.0,0.0,0.0,0.0,0.0
0.025832734896517894,0.03324518320395681,0.03047800131360542,0.0054119315958840826,0.0336506451046479,0.0011383957932401502,0.0054297409604076785,0.0002776025341523302,0.003443906872480915,-0.002536232517551564,0.05552782798845457,0.048813338772583925,0.10081714964141088,0.041710130996764974,-0.0073072191999997895,-0.001287675230391354,0.0029458145482665152,0.00892209751713723,0.006559879260838762,0.0006483430679633552,0.0,0.0,0.0,0.0,0.0,0.0,0.0,0.0,0.0,0.0
0.0025284619638009953,0.03863736967012024,0.037571142906099,0.024980591563202443,0.0035770553738706944,0.0011260866337942084,-0.001960347503010076,0.0040203390755805864,0.0037464855054564162,-0.0013266338493462654,0.006531104166034683,0.08846962901111581,0.0071374710107639785,0.04229234285721777,-0.004958041999636305,0.00048486738261663265,0.002088426300261895,0.004286495693538939,0.003754971409000313,-0.0030971917100282094,0.0,0.0,0.0,0.0,0.0,0.0,0.0,0.0,0.0,0.0
0.030981737581129928,-0.03289768888448017,0.04363648009557028,0.019734468345130197,0.004898648168386852,0.04997184257946713,0.0037426097426031413,-0.0007916552101217602,0.004558716608521153,-0.0004752600594627388,0.004433361381329664,0.01941305125586906,0.03951169451417296,0.011796499665697771,0.011572799541357988,0.0021932628143012042,0.008534072626988284,0.0071196003227049255,-0.0005163111022670552,9.365893002764815e-05,0.0,0.0,0.0,0.0,0.0,0.0,0.0,0.0,0.0,0.0
0.03624973021104064,0.030942780265554796,0.0379221218173302,0.0017002838676941643,0.019650539769923717,-0.0004072165019647298,0.006234615183647859,0.0005495859291038802,0.006366242653818584,-0.00018266347808369336,0.023160572257291824,0.016643498971389704,0.10634403888030478,0.005557749569237126,-0.006165575532685085,-0.0011314443926844918,0.005683927175648939,0.0065700070439629644,-0.010532457268575105,-0.0014347393015849796,0.0,0.0,0.0,0.0,0.0,0.0,0.0,0.0,0.0,0.0
-0.0018977879532082636,0.046491759029057174,0.026570089727693712,0.05643036736767358,0.05106785235878482,-0.0015716392883427276,2.3012479610906463e-05,7.231049589757695e-05,0.0036260645075601138,0.0014232563405979458,0.0017044137850105786,0.022915743417929665,0.014951400565583917,0.05554111580913266,0.05350424893463143,0.00447548287334068,0.009907547341177911,0.011921996719644331,0.0010224871076766895,0.0005418755009187962,0.0,0.0,0.0,0.0,0.0,0.0,0.0,0.0,0.0,0.0
0.03804666999571434,0.026836140458411123,0.005035531720521853,0.004716895701705685,0.018051634711903117,-0.0009376849894898262,0.0003841374407326316,-0.001132249442313171,0.005477443581250623,-0.0024145442960436816,0.021671627857086925,-0.005785775849807217,-0.009340006832622526,0.002517889965866265,0.019176857085317755,-0.0018353983450081145,0.003578283948073671,-0.004880903043635411,-0.006655432686516046,0.0037927222344010005,0.0,0.0,0.0,0.0,0.0,0.0,0.0,0.0,0.0,0.0
0.033061156224471665,-0.0024821886168044298,-0.01868048075955387,0.021783021669001187,0.03681142528441864,-0.004020029996480681,0.0058004838576103685,0.003379111356753583,0.004723391636201822,-0.0007401084751599965,0.04446195428724229,0.0373111414525833,-0.0013317754872674897,0.009680122361104455,0.0454119528342618,0.002128755926265962,0.004274863462944628,-0.06924880710680184,0.0008528959448506168,0.0005447112647295614,0.0,0.0,0.0,0.0,0.0,0.0,0.0,0.0,0.0,0.0
0.035195046952687416,-0.01448860238567585,1.767757051013314e-06,0.03882348093420322,-0.01346831653376016,-0.0024387795415595076,0.0016104090176182215,0.0030763984423428413,0.002436056488565272,0.0005612410865581924,0.03455201362375593,-0.0018820369596981592,0.049174927755770356,0.027708670632542544,-0.011165354962438282,0.0038266980276483293,0.010064855411821477,0.021518736015537287,-0.0005840593347984334,0.004198444692201299,0.0,0.0,0.0,0.0,0.0,0.0,0.0,0.0,0.0,0.0
-0.01379004574186704,-0.0008032728434595942,0.04477153484765302,-0.025134640098192194,0.0032926428120575667,-0.002452037214575772,0.003306011424830933,0.0027201678146303522,-4.664031781892112e-05,-0.000613652107288038,0.01633183175956282,0.017905839353724837,0.02796072594887066,-0.006001463354528238,-0.0005247751558179877,0.0005545471821073711,-0.0015663937894832035,0.005375426022138329,-0.0005496189324066218,-0.005845562149685251,0.0,0.0,0.0,0.0,0.0,0.0,0.0,0.0,0.0,0.0
-0.00486281234320972,0.03729560240625081,0.03107099317918916,0.05104064977671425,-0.010325782207662112,-0.002822951021118463,0.0028444415747196222,-0.0014660465624403813,0.002942100868963168,0.00015741325239346165,0.005865937028734444,0.009383163056732086,0.04045119668621062,0.030153458941436385,0.01790071220540043,-0.0028235991055190427,0.0020817312843628144,0.006675642589856431,0.001892305128464012,0.0018700799656100687,0.0,0.0,0.0,0.0,0.0,0.0,0.0,0.0,0.0,0.0
0.010505577077390419,0.0029234188688376473,-0.03230646417855309,0.02122612226435529,0.031691642396038285,-0.005290851348525432,0.004651852478247047,0.001645447856104735,0.004537222641229954,-0.0018100507985111289,-0.0031741574894668958,0.029728191043891985,-0.014207348119102523,0.012441963540885479,0.047234917154701205,0.0011269565415816388,0.003728438888674137,-0.061905516260095536,-4.604509827351279e-06,0.0018334946742443777,0.0,0.0,0.0,0.0,0.0,0.0,0.0,0.0,0.0,0.0
0.02270367073246422,0.03372024683637759,0.04101318405008781,0.040136197302045894,0.03411086544253444,-0.0020575065617365698,-0.001862928763782654,0.013818645732790623,0.0058815357937917695,-0.001449955661487292,0.033090393481292876,0.01832974184970179,0.03155583094605759,0.041976047930521405,0.01861292401418377,0.000320538193903663,0.00465944138454992,0.012373643465468785,0.0033550915101273355,0.0010162315366547196,0.0,0.0,0.0,0.0,0.0,0.0,0.0,0.0,0.0,0.0
0.020839794502703044,0.051209299632165674,0.023666751327348787,0.005490164935212143,0.034713887310964565,0.0002612548281077338,-0.0018029300253305548,0.000842771658919662,0.007733196058571677,0.023507491342882558,0.0040464018382549835,0.053423743843160405,0.033577837144396314,0.06600398129011836,0.04398045722868211,0.006820706351617474,0.004410678197139522,0.008748480032330246,0.0035359384172953885,0.0027116912058316855,0.0,0.0,0.0,0.0,0.0,0.0,0.0,0.0,0.0,0.0
0.02034460990565178,0.06917075144074515,0.003131447882647721,0.03367971556328596,0.02810032653851966,0.03148522460793697,0.0014671250849843933,0.0008476480899477458,0.004127203365835413,-0.0013625001744660397,0.04625947755367898,0.07201786187214125,0.0037191857941127255,0.03976863505138566,0.04172377671793852,0.0023528463066291305,0.007643607897563156,-0.04853247281507099,0.005016671923730627,0.0005088185821809654,0.0,0.0,0.0,0.0,0.0,0.0,0.0,0.0,0.0,0.0
-0.0027837789263587503,0.02449175599810068,0.02497368937833408,0.04846698949597885,0.04366704673930056,-0.0003365569704546757,0.0028983798002817176,-0.0017231957630204746,0.008383363665817314,-0.0035224755802481713,-0.00155338809930535,0.038773839531615124,0.010872804572803535,0.055527985045641305,0.028748947584922854,-0.0004985648029537516,0.01023953166405869,0.008123382748971914,0.005134460721893716,-0.001162619685007955,0.0,0.0,0.0,0.0,0.0,0.0,0.0,0.0,0.0,0.0
0.0012094530681516858,0.05495382655624299,0.0391044247821168,0.05002512733561893,0.044762467312804574,-0.0011039411346437933,0.001979442928298432,0.0020587455853848706,0.0036508797675466192,0.00033047220647908665,0.0198309943452625,6.822289075104175e-05,0.03826479438933081,0.060998844114612386,0.057050619804660654,-0.0014110054459581585,0.0069218127704683535,0.014267050794235705,0.001166327420127975,0.0010794966161458434,0.0,0.0,0.0,0.0,0.0,0.0,0.0,0.0,0.0,0.0
0.013187786953579339,-0.029055822748894757,-0.010753361902022076,0.005365259592149444,0.0181263423720751,-0.004521597001774651,0.020546589572430173,0.0010573076657079338,0.0022076584387498216,-0.0022185480442551194,0.025476160393677057,-0.0022487336101609883,-0.0028581270479853724,-0.00024134451400261556,0.047295831560011034,-0.0019970345893082675,0.013849160775928232,-0.05123874797428025,-0.0013392745775821977,-0.0019179081936699723,0.0,0.0,0.0,0.0,0.0,0.0,0.0,0.0,0.0,0.0
0.04071769664419932,-0.00043919020577209804,0.006327403357492041,0.03592698283242818,0.048424614819208345,-0.0022882679132060265,0.02707504440316778,0.001221008091718137,0.003096476051933717,0.0007940048500930553,0.04890032011696367,-0.004629831897222458,0.0385903026767748,0.020178521559698105,0.064773861305979,0.022659004035994055,0.012178242468550657,0.019391626256911675,0.003943501896866502,0.0018802757685928188,0.0,0.0,0.0,0.0,0.0,0.0,0.0,0.0,0.0,0.0
0.05264029925446774,0.08675599642195503,0.02004824903237315,0.047472827872722556,0.050773920231661725,0.00018294896920049763,0.0017669301058927964,0.0002051591954901785,0.005955505507791745,0.00018027876080038853,0.028534526650390385,0.014698503033424347,0.007486597840229367,0.038931907430256506,0.023154765823042243,0.0015954207926361182,0.015638493441015304,-0.0001103743964192217,0.0034870442449873784,-0.000677403091546952,0.0,0.0,0.0,0.0,0.0,0.0,0.0,0.0,0.0,0.0
0.030471726390426453,0.06250050995169232,0.0004381438799342151,0.04885668631392683,0.04600795743255247,-0.0008631808517143404,0.0019459458265224572,0.005011144462010767,0.003585529354549812,0.0009625162388476368,0.02302713577221986,0.07608463508147068,0.037463988992547825,0.032781255739460696,0.04922060734343901,0.011861834240342203,0.007649885786085063,0.011451345963483787,0.00388045753236272,0.001383471670210621,0.0,0.0,0.0,0.0,0.0,0.0,0.0,0.0,0.0,0.0
0.024987369892711865,0.06727891408152749,-0.0072114050669436535,0.012931048863761844,-0.012276799203945516,-0.0027602679674406322,-0.0004826280442051377,0.001324295356807907,0.0013902299528114992,-0.0013537990246052596,0.05148078539813234,0.02376848162725138,0.002210451631718307,0.015282582955905188,-0.009179153177001362,-0.0025661689742968565,0.002721898974329217,0.007721227588599296,0.001154330248717101,0.0023002020065358312,0.0,0.0,0.0,0.0,0.0,0.0,0.0,0.0,0.0,0.0
-0.026601673333825515,0.04496046997764334,0.017015315767071652,0.0322975134767077,0.035020712007741775,-0.0014551887940881187,-0.0004147081338762295,0.0033603138120575885,0.001850944853559043,0.017209082327971022,0.01688938365835359,0.0684429971944521,0.004389814939797047,-0.005668194770017148,0.03268325348171813,-0.0007024017063904248,0.0063903080973682766,0.003477951242872756,-0.00021759109564317166,0.0012133433892447215,0.0,0.0,0.0,0.0,0.0,0.0,0.0,0.0,0.0,0.0
0.030474793310275118,0.01126636541365629,-0.03086472477155994,0.06704405751094891,0.0498018959182922,-0.0008166794139348562,-0.0003308781176361454,7.724526880004071e-05,0.0055319959213700615,-0.0009673861921378424,0.02689957499285081,-0.005615267507120106,0.008004474406956815,0.048851292809531745,0.08656256618361648,0.01592438573326716,0.0030415549539449093,-0.01103558046643558,0.0018290794207029247,0.003042831744982922,0.0,0.0,0.0,0.0,0.0,0.0,0.0,0.0,0.0,0.0
0.01091099923428753,0.05625166900070548,-0.011341596427100068,0.03377727727246538,0.03309800982372473,-0.002761307057289087,-0.00047250341812149043,-0.0003427624295698065,0.002983237707362977,5.557656801300903e-05,0.019656124988303412,0.1082451967826743,0.0005220859118338527,0.028617916656076058,0.03027673965108063,0.016075501299388235,0.009356264231634137,-0.04921145713338968,0.0023067811633521508,0.0007178432949403452,0.0,0.0,0.0,0.0,0.0,0.0,0.0,0.0,0.0,0.0
0.07789026594545398,0.027082167655544602,0.03286748089361813,0.03764317023711668,-0.0067224554407085265,0.00042504035971402713,-0.003936739709682957,0.0026961308961435705,0.0038497053669122234,-0.001822906974292034,0.011840399778931546,0.0035049956284005806,0.014120423332973865,0.013887448113833108,0.012963384117457493,0.0014284708163689913,0.0018832408952117225,0.003875418085869541,0.0006208980537790078,-0.0034321296533811963,0.0,0.0,0.0,0.0,0.0,0.0,0.0,0.0,0.0,0.0
0.03003743495601264,0.017546711921334533,0.011774532464723694,0.014175734872766497,-0.0010714716477265881,-0.002195105196267705,0.002556186142301341,0.02271285505721619,0.0015846987494013425,-0.0031110320880157988,0.02706956081444674,-0.02866585742352137,0.016360442262105715,-0.005460109594594531,-0.012288065805895088,-0.0032483051062865602,-0.002093276858932126,0.0072794210997963885,0.004832623462213474,0.0018689347763460424,0.0,0.0,0.0,0.0,0.0,0.0,0.0,0.0,0.0,0.0
0.031982498079317516,0.03896766277351523,0.034116020175806415,0.028595342830530952,0.015262966992693883,0.00034316617487903833,0.005714658314928317,0.003227994946963562,0.008879769922831886,-0.0015595716461306794,0.046568752747498686,0.025678372569219402,0.0037354870734607136,0.02419091406903073,0.026206460242398928,0.0040092955350168255,0.026660452773161744,0.010969162698464987,0.0022374099840444636,0.030610925347739754,0.0,0.0,0.0,0.0,0.0,0.0,0.0,0.0,0.0,0.0
0.024519735672200258,0.043180517279093264,-0.0035678107385673555,-0.004922385765401738,0.01618241586948658,-0.0012318822074479042,-0.0003653718335834255,-0.0012389199571869877,0.0036526788786270794,-0.0009093666693326787,0.029697114264853396,0.08969447470905274,0.04274796709541441,-0.013553684624643526,0.02288452923851427,0.01158916920543598,0.0066402123973938135,-0.008721179727458913,0.004047346263992676,0.0033960377699299195,0.0,0.0,0.0,0.0,0.0,0.0,0.0,0.0,0.0,0.0
0.0665272129417643,-0.014981536204161936,-0.016616796553559555,0.03488663305925568,0.006198022419814375,-0.002683873489831632,-0.0001327629226630033,0.0008446933086004065,0.004561732731146978,0.00045084479418627837,0.027344182086611234,0.038681129957659925,0.02629825172235425,-0.004467904294143841,0.04593199923199777,0.022820066208400352,0.0067665361697166766,0.016322724085248593,0.00041694515931907817,-0.00044650329134640295,0.0,0.0,0.0,0.0,0.0,0.0,0.0,0.0,0.0,0.0
0.0033113201680454187,0.005402353413720535,-0.012791820793360555,0.040500300440588416,0.02106771263563217,0.0016198718533757817,0.0001856124157290062,0.0007427699164737863,0.004139630361114611,-0.004815896575913587,0.027750228993287707,-0.002129665906149775,-0.013324796033661374,0.015118970314596051,0.0488389093282432,0.0001593329576874416,0.003802772398447646,-0.016753229264160032,0.01174019804834381,0.001739264543508515,0.0,0.0,0.0,0.0,0.0,0.0,0.0,0.0,0.0,0.0
0.030350761628510078,0.05286732620168553,0.03610428967188207,2.4945004838474977e-06,0.05008043185692808,-0.002086978428366383,0.0348746627588099,-0.0012706646633942247,0.002384821162383012,8.516756655416898e-05,0.015216455550677204,0.03586569517051154,-0.009677258806662672,-0.025388284744051196,0.031518558913605076,0.008359727881553139,0.007744261555978379,0.00708840886842224,0.003716890722956065,0.000884829751906589,0.0,0.0,0.0,0.0,0.0,0.0,0.0,0.0,0.0,0.0
0.015489884351374585,0.03684007193608232,0.022730074603852565,-0.00044645460970950396,0.03159024906055857,0.00046454676215393294,-0.0031474321031040977,-0.0021037987879032557,0.00641636364108309,-0.0019080275273789015,0.007361884869826802,0.069558005835791,-0.006881168760546258,0.04780598632112947,0.018868353897285525,0.021255240680658406,0.004351332409880652,0.008385803695732212,0.005761790567455108,0.001328890276149819,0.0,0.0,0.0,0.0,0.0,0.0,0.0,0.0,0.0,0.0
0.00913133108667887,0.03328719692143729,0.006268716474785729,0.04562855526051801,0.04574469941566412,-0.0011194999425114443,0.003921999062383673,0.0011669900506044097,0.003859567921502178,0.0021027201639501358,0.028029441076653828,0.041353395214627706,-0.003982993049286958,0.028847452146079925,0.0629586362050735,-0.001027741559058538,0.0034363534111764528,0.015946848686326263,0.0037927903758292465,0.0021235022669429805,0.0,0.0,0.0,0.0,0.0,0.0,0.0,0.0,0.0,0.0
-0.018526952388247392,-0.07849826982538603,0.04959914074060506,0.012154338150923571,0.02467261958405155,-0.004598426926057766,0.0013698937884380413,-0.0007771085428818277,0.0017401114065071796,-0.0005441239022478193,0.003024313277874725,-0.012749061980904839,0.015478112112707674,0.0035802265743280354,0.05056685981183576,0.001718701368078697,-0.030455164354537607,0.022267054899243226,-0.0008449829339768087,-0.0027073196709752703,0.0,0.0,0.0,0.0,0.0,0.0,0.0,0.0,0.0,0.0
-0.010850673937144095,-0.0580779118524097,0.03085716647990097,0.02443442453197903,0.037248206518509096,-0.003224959946029494,-0.00019971949859357013,-0.001008856055622266,0.0028444882030774373,0.0011065551223608785,0.005601297179414412,-0.008649973368114348,0.06334614599741643,-0.015040420694002023,0.04536282224988154,0.0058736867714307365,-0.014012076399009426,0.019736926089980966,0.0008720024772107509,-0.0024975327498656394,0.0,0.0,0.0,0.0,0.0,0.0,0.0,0.0,0.0,0.0
0.023917838575839775,-0.03021143122835134,0.0018664978828011973,0.0021004147646413967,0.021416278456683147,-0.002718576334874433,0.004497680935132842,-0.00013138374044814607,0.0018370819544336774,-0.0013554619974883945,0.02545359355051214,-0.00955262355547199,0.022445506124033142,-0.024305324311538274,0.038792674662336664,-0.00019602860904610985,-0.017125957251641268,0.02296155101773617,0.0009351860216159229,-0.0007368914564540629,0.0,0.0,0.0,0.0,0.0,0.0,0.0,0.0,0.0,0.0
0.03025001824430037,-0.011971485640931374,0.034320716390149365,-0.0010637913097930338,0.061139717333216784,-0.0024902513770351437,-0.00044898685781707905,-0.0006438820180478601,0.0033892385596305105,0.0015926742188274528,0.019951940895770234,0.030584269830643374,0.03923542391191573,-0.026471515621672544,0.007454730939581526,0.0032798791224288902,0.005748831936769924,0.010354966995996346,0.007246515931735001,-0.002737414365296535,0.0,0.0,0.0,0.0,0.0,0.0,0.0,0.0,0.0,0.0
0.034514170283139314,0.023658617402214737,-0.008464380480118213,-0.005871561634079587,0.01705252290669582,0.027252094997605433,0.0008522280655679964,-0.0019370073276453526,0.007112427094646651,-0.000776957888757925,0.019928121824932813,0.017221552603820973,0.027287844997040886,-0.025084972130359456,0.013218214564606041,0.004222676431900961,0.04031855659586194,0.011754172637685452,-0.000915571188876399,0.031051304908495433,0.0,0.0,0.0,0.0,0.0,0.0,0.0,0.0,0.0,0.0
0.013457790563722436,0.03715397764334741,0.03473914110215909,0.018902717845453734,0.023438424497774623,-0.0028082443591455524,-0.0011383828655626995,-0.0020298253440865235,-0.003986052781162396,-0.0032389528239047853,0.011043383001233179,0.06928820591187089,0.05377130515786603,0.03943122348421389,0.028806915908085606,-0.0010291749067089621,0.004419691980544931,0.0044970820270367915,0.0035773949475571293,0.00042497613007622695,0.0,0.0,0.0,0.0,0.0,0.0,0.0,0.0,0.0,0.0
0.01011249916069147,-0.0644744254037802,0.032162268442042466,0.01236567287372414,0.02657219857718295,-0.0034662699079791902,-0.001141041917784107,-0.001537960270843649,0.001564995794204974,-9.962341730805461e-05,0.026119423631556744,-0.016118013346100718,0.022968418228235248,-0.029124370810581425,0.012511208088959603,0.020777913655971522,-0.023963761790965783,0.01770620469669917,0.003856395409233617,-0.0030701345727876988,0.0,0.0,0.0,0.0,0.0,0.0,0.0,0.0,0.0,0.0
-0.014911659439205275,0.027225471294518067,0.009704482335111331,-0.009926984276827974,0.024879421950308605,-0.0035031314616099612,0.008286978191545221,0.0013359924241767667,0.0024640909740127645,-0.0011834117698314869,0.0038774224938939623,0.013706804435785544,0.006574620331706761,-0.020583072539249007,-0.011169106036799301,-0.006355309421248054,0.00021105680971965625,0.0013877071459978026,0.006017473082916909,-0.004317249404550346,0.0,0.0,0.0,0.0,0.0,0.0,0.0,0.0,0.0,0.0
0.03789839698607033,0.05342366471401928,-0.018501775773454632,0.026833033789050185,0.030736588683056263,-0.0024516108096675248,0.0027162698791787366,-6.61048652487339e-05,0.0037831622388109307,-0.0008997632775536152,0.007139320580799874,0.08346202088457394,0.0036219011393929263,0.013033737373525454,0.032954646410083825,-0.0005876744457381449,0.003904126041345718,-0.05745101424683251,0.0027939247150176147,0.0013787471039431298,0.0,0.0,0.0,0.0,0.0,0.0,0.0,0.0,0.0,0.0
-0.024528534030981996,-0.001257569066796087,0.03385158657846288,0.06150649171512151,0.04200784204158831,-0.0021621238898047023,-0.0012910896006987818,0.004274729972842058,0.007902415903173305,-0.003261733277670895,0.017209817261645208,0.009105227928361409,0.03006428563246819,0.053863451802414274,0.025258601469740825,-0.002149399230579486,0.011470207627753993,0.004542908160044548,0.0006653744572961596,-0.0007686522388314676,0.0,0.0,0.0,0.0,0.0,0.0,0.0,0.0,0.0,0.0
0.01241535015267757,0.05967022543192197,0.05213307794846458,0.03897677490790743,0.036103375181796404,-0.0022675583283073234,0.00947126701782037,0.00386363474205826,0.002862926638222882,0.002158740172970931,0.01838246011694787,0.02633861853010933,0.03280559011682732,0.028560619186553615,0.05967198459138571,-8.830821031619253e-05,0.00837336456047422,0.017268196991232353,0.0024650899867131376,0.0006372915287304532,0.0,0.0,0.0,0.0,0.0,0.0,0.0,0.0,0.0,0.0
0.0198763035405806,-0.03678132854679449,0.008282470598725411,0.023273617384635032,0.05000556563991823,-0.00337888998044222,0.0012733502187993963,-0.0010560249770044778,0.0035032773535440954,0.00011942142964686532,0.022708741202879048,0.005974124567205875,0.03659139330718162,0.018876542116609246,0.0458436758525492,0.010510482020510074,0.0032726586183131462,0.011933562298177623,-0.00014509955564218308,0.0011017782693371122,0.0,0.0,0.0,0.0,0.0,0.0,0.0,0.0,0.0,0.0
0.05246345248041051,0.04941823526373302,0.015709774598166595,0.055793935467226996,0.044826561704169335,-0.0012192891772029898,0.0020653151657293186,0.0009616782562788582,0.001953259332323144,0.0021772228147374085,0.028137458254897222,0.05166047283899755,0.013642549849014026,0.0061564629675816,0.028492495948762943,-0.0015076209733629316,0.0028960464014721713,0.007265903116050075,0.004687347072509245,0.0007225778340546783,0.0,0.0,0.0,0.0,0.0,0.0,0.0,0.0,0.0,0.0
0.024541812757178292,0.05305757081086711,0.020191355834763558,0.008325076089369164,0.04048547888513081,5.91184465353232e-05,0.01825670821065306,0.0020380493899436218,0.002730324187162114,-0.0017054434155870837,0.030733803716858115,0.033362781060790166,0.027744754314601012,0.0014883673153242806,0.04051406930360106,1.942033806022649e-05,0.0059251236683945194,-0.000991573292103183,0.006541077606802414,0.022985963987203324,0.0,0.0,0.0,0.0,0.0,0.0,0.0,0.0,0.0,0.0
0.034588684813052634,0.004186229294035579,-0.008230950797225545,0.010584988891691302,5.040378359606948e-05,0.0009083165078198225,0.006021222109634089,-0.0006447609887032138,0.0033675025109843925,-0.00297291785912484,0.04268951589911546,0.014854887789622004,0.012306059842352142,0.02958430907757467,0.02589563162985813,-0.0006455446999845568,0.00033424106830826306,-0.008847447876546403,0.005170867525358589,0.012102600694129995,0.0,0.0,0.0,0.0,0.0,0.0,0.0,0.0,0.0,0.0
0.0324517833642306,0.03540786603042372,0.029877518906741923,0.006904405831435299,0.04153463870504094,0.03207057531289463,0.0019982298018238463,-0.0019271816202565215,0.004191381221124758,-0.0004447082113834148,0.01056607897081355,0.024116532087849862,0.025156031649827246,0.03530168505394799,-0.0012252040275249182,0.0009374522636484129,0.001823765725963228,0.011310999324524649,-0.0002900374938111589,-0.0010402157769431376,0.0,0.0,0.0,0.0,0.0,0.0,0.0,0.0,0.0,0.0
0.008789894737606212,0.06283072816824384,0.01400915362219257,0.05675565916172197,0.03496409304445615,0.0013724903221685072,0.0013794866588593554,0.0027274289703679237,0.0035245201494334905,-0.0023022367435136994,0.02791225454201598,0.04130184717482789,-0.00253277704692102,0.04841048764524522,0.04549526273145901,0.0003735416575604419,0.0009915429759332173,0.015943615862403244,0.005874151591300277,0.0009004518950092629,0.0,0.0,0.0,0.0,0.0,0.0,0.0,0.0,0.0,0.0
0.033607130612533,0.08851227209196733,0.03952337614213004,-0.01720808880066855,-0.020277872999407132,0.0019166988232791615,0.0021656439910485493,0.001459928949760225,0.003763403887537942,-0.000214968558483587,0.04370835194357323,0.01465984234315043,0.02015155518594293,-0.0015826611024402013,-0.010727749122644575,-0.002715986262430625,-0.002701185186699074,0.010515477206876596,0.0018769112029617275,-0.0003724265474530774,0.0,0.0,0.0,0.0,0.0,0.0,0.0,0.0,0.0,0.0
-0.020790352918928633,-0.01327127898848512,-0.016740582406852802,0.033763350933483975,0.04673450148065347,-0.003185723333525645,0.0011050352819047835,0.0029026687926454395,0.003270245146460363,-0.000643738738554045,0.006091313411495151,0.02368364584803245,0.027345869559667727,0.04398746728501576,0.0658740602774586,0.00016186588367213996,0.011763573540785806,0.02066144055061564,-0.0009673452475743823,0.0019755807624006463,0.0,0.0,0.0,0.0,0.0,0.0,0.0,0.0,0.0,0.0
0.03052119465169719,0.05215483160514927,0.045804392418095835,-0.016640537759525804,-0.007915310395994218,0.00036560901164260813,-4.891624113558898e-06,0.005011491552641356,0.0008449009485617534,0.0069552116804737045,0.024481413496338127,0.0025593360810734806,0.0310725691453487,-0.010010717327593214,0.041309965104622606,0.0008728565905242335,-0.0003595151309174592,0.007992670652451185,4.229844984570419e-05,-0.0013361720299499991,0.0,0.0,0.0,0.0,0.0,0.0,0.0,0.0,0.0,0.0
0.001877317487281667,0.06179471854919395,0.03404477551809172,0.04388812404713741,0.0433661487678448,-0.002824129849148769,0.002975797199633004,0.014482386627674333,0.002655380767831798,-0.0005071206478555817,0.014354629429723497,0.00025036956662093595,0.02110476066558557,0.06301509184757054,0.04935961232247417,-0.0036234421358889084,0.008479937539110244,0.012973643821116139,0.000624648180220487,-6.1018955816198166e-05,0.0,0.0,0.0,0.0,0.0,0.0,0.0,0.0,0.0,0.0
0.04134256215497345,0.024123003166416582,0.013883341086926123,0.013176149434977491,0.009989744116798985,-1.4553674687793333e-05,0.00028113302807102725,-0.0019655575387587275,0.005751911289255235,-0.00481557335649653,0.025362507299186852,0.009689266951702151,-4.130248053697889e-05,-0.013441918115296448,0.016586549408275482,-0.0025317682186410855,0.0031011098714359667,0.007450593748683837,0.009199379188127065,-0.0008227381448632034,0.0,0.0,0.0,0.0,0.0,0.0,0.0,0.0,0.0,0.0
0.008433520142629583,0.061248404563243576,0.022379410444310993,0.03567194671712313,0.042725527531909814,-0.0018778280540339989,0.008823932160632632,0.017588970008250153,0.0016737544581979806,0.0025514939935528417,0.022942919865197968,0.02392442251657228,0.03216496132536161,0.03986120167090821,0.042251146622553505,-0.003239237803758828,0.004192315137428648,0.014854086939800558,0.0011880843234886307,0.0036551147100068863,0.0,0.0,0.0,0.0,0.0,0.0,0.0,0.0,0.0,0.0
0.05394667033162338,-0.03185526982559145,-0.01781072225842884,0.01900780367730073,0.03638993058985247,-0.0032551718976160143,0.0034994144257684398,0.001278600442552112,0.004620211442244884,-0.0010893467083805534,0.00883171660160003,0.025385097136605222,0.002415467661808771,0.011534175682140555,0.0597997202116218,0.002065485293690618,0.04016835548799829,-0.04697089838977916,-0.0018984514895268969,-0.001172162955030754,0.0,0.0,0.0,0.0,0.0,0.0,0.0,0.0,0.0,0.0
0.008963522648895031,-0.031780485769253575,0.026550992329081275,0.047947898466092854,0.058484443783718115,-0.0022576774241907,0.0021792491534643964,0.006406759290583469,0.00604283685226258,0.0013859195022168347,0.011505789118106019,-0.0005864733587749219,0.024387441974160866,0.05778094747516258,0.08371741207797463,0.0008360050206588759,0.008247873183123979,0.021198334697014022,-0.0010717239550277226,-0.001217467944896863,0.0,0.0,0.0,0.0,0.0,0.0,0.0,0.0,0.0,0.0
0.014102769087595024,0.0400242422427194,0.027733136542593975,0.011251778527278215,0.00036958759995556396,0.0020433912924575663,-0.0007009746435663796,3.0817674081693004e-05,0.006333538111140795,-0.0016088814936790227,0.022246175830552824,0.03286952218231601,-0.007102149704720476,0.005917979624782806,0.011675292759400975,0.003303301901197899,0.003734392870805621,0.007833635726055643,0.02124589370284314,0.00431314318483677,0.0,0.0,0.0,0.0,0.0,0.0,0.0,0.0,0.0,0.0
0.013731057717309751,0.011958497568679732,-0.0045678536465158966,0.09245177203704447,0.016155886053453444,-0.000629507526371429,-0.0014347955312294033,0.005069125087424025,0.0025089920732542207,-0.002050719086966244,0.009908778138657117,0.01945282452410741,0.03487464225498174,0.062373491479536705,0.004603481001194291,0.0017620396436595037,0.009812584600865423,0.01294332451908639,0.001116251825166279,-0.00014924727288532548,0.0,0.0,0.0,0.0,0.0,0.0,0.0,0.0,0.0,0.0
0.02710561613410784,-0.043337285160742076,0.007650264119343565,-0.0005671119181245277,0.015715643951129513,-0.00316753996723882,0.004943122040373296,0.0002795731425222648,0.004744721336455139,-0.0028529255692594764,0.05139263694438843,0.03981171324962717,-0.0032518372303270973,-0.017582118721035798,0.0003835413368484916,0.0014552595510583272,0.01120988022768525,0.011337862069782134,0.0033260361257731546,-0.00229321244681696,0.0,0.0,0.0,0.0,0.0,0.0,0.0,0.0,0.0,0.0
0.011576926111267996,0.039256948384439945,-0.01200210718998244,0.003321389560874949,0.039395973450455195,0.0007357366692276621,0.0004605627325202735,0.0005173742829058318,0.0029389899857385953,-0.0019139083120426434,0.024449382450810915,0.0862135447739716,0.021837063475837287,0.03427284136040188,0.05618201392147349,0.0009831460761589759,0.006405630169255261,-0.01567621472558511,0.0033591469729351447,0.013989399064883678,0.0,0.0,0.0,0.0,0.0,0.0,0.0,0.0,0.0,0.0
0.03645938775804371,0.033559387586923506,0.0011134761388552367,0.0327005439937361,0.01913234452387151,-0.0011871543334884382,0.004314037557069138,0.0005848122803424978,0.006302141021258474,-0.0034056398200825334,0.05211936167799632,-0.014503980460773024,0.01419989759253561,0.013261257289753624,0.01863671734075885,0.0025502236782070213,0.02403845533553289,0.008619667683862447,0.0013857469636359122,0.0025117611919854878,0.0,0.0,0.0,0.0,0.0,0.0,0.0,0.0,0.0,0.0
0.012372233686455804,0.040705157039458845,0.04117471874728896,0.07730272157705692,0.024025582086269735,0.001070030709458906,0.024933292249491246,0.007163143695660192,0.006248391592208622,-0.0012251035738361758,0.029287234777405892,0.043783928683168924,0.016706938814827217,0.0802890976551674,0.0149284836479849,-0.0014651466001724186,0.003441133612625996,0.008710251889813954,0.005448755215960483,0.011402993709251545,0.0,0.0,0.0,0.0,0.0,0.0,0.0,0.0,0.0,0.0
0.00578176467055566,0.033327404268554725,0.015022324502543845,0.008982182355445505,0.029280908645009953,0.0007807414127609243,0.001967816888267374,0.003303912736599393,0.002546763712142447,0.0020313995681073694,0.03274191587684731,0.06071548654051997,-0.004839077637293896,0.0072552296936489544,-0.00020385120946242327,0.0013165915847162333,0.0008970553128512939,0.011128349490178407,-0.003355349545723926,4.002825410249306e-05,0.0,0.0,0.0,0.0,0.0,0.0,0.0,0.0,0.0,0.0
0.004084648368181148,0.048125734673738166,-0.011360334729158428,0.046561937376107664,0.04631196873400148,-0.002573368280300655,0.0028314641588006017,0.004053647970945526,0.00431098347095995,0.0017778487396260957,0.016683468772087734,0.05794716516960808,0.011017224114647289,0.025621586676137145,0.062497829635072666,-0.0005566498282192954,0.006214633043101837,0.012453338257824501,0.0022688985969955134,0.00044957220021526464,0.0,0.0,0.0,0.0,0.0,0.0,0.0,0.0,0.0,0.0
0.02989517808679922,0.009427856924149536,0.01956198758169187,0.07442409317305705,0.016443067131612667,-0.00010644475843176016,-0.0008805093905142881,7.729402065651524e-05,0.004073737603762163,-0.003578711109100886,0.007856599984584173,0.023270109877665576,0.012817540814801572,0.06083719677774388,0.013099622128330475,0.006652813229786673,0.03070953345526072,-0.003345185007998737,-0.0018209454017460898,-3.134688426264471e-05,0.0,0.0,0.0,0.0,0.0,0.0,0.0,0.0,0.0,0.0
0.026323735115834027,0.02612013169493073,0.027078187436816607,0.0032817883286309197,0.021903521834953192,-0.0009404583290102707,0.0016059247971011359,0.0031436652042583298,0.0046416748837752545,0.017156497580335814,0.017949828145943786,0.052043057436599774,0.045899523182204145,-0.025982538794794445,0.03112152423769233,-0.0013630570332812402,0.004364565880563844,0.003008190455873304,0.003361209079343472,-1.395736995390266e-05,0.0,0.0,0.0,0.0,0.0,0.0,0.0,0.0,0.0,0.0
0.034102729465226675,-0.016134421471513713,0.007077536316082594,0.05290987641684742,0.059543378402200774,0.04123763516736408,0.00272403598484808,0.0027781041034421784,0.0073344673957882,-0.00029198781843817873,0.028887782463622825,0.016008449676942874,0.0020923545926276235,0.04626724337633611,0.07905725415635714,0.004894587421059348,0.01647207675591776,0.015936147916631335,0.0017218452684116007,0.00038715260130678473,0.0,0.0,0.0,0.0,0.0,0.0,0.0,0.0,0.0,0.0
0.0034500989608725182,0.06703245737331644,0.010849359526869174,0.006203034082991161,0.0008799965793961842,0.002075036257923311,-0.0012771960027758928,-0.00012925320072325504,0.005238461261681117,-0.004461350152792037,0.024699607384485133,0.07093892276547484,-0.005486811535606571,0.021906081123881146,0.006129142895821138,0.002086129460801206,0.001781041441502595,-0.018030730795939382,0.0037583703745036456,0.0010791993186884464,0.0,0.0,0.0,0.0,0.0,0.0,0.0,0.0,0.0,0.0
0.05327291849253887,0.06401568297528834,0.022676824276538513,0.026015649783637098,0.03751853685074162,-0.0022350601817220277,0.018418113234104222,0.010467428728440701,0.002788200857497057,0.0022750363501757454,0.02242679760125708,0.03440547764261248,0.03250735219619444,0.017207692616844145,0.03730843325857333,0.02379961399001503,0.006720036588252433,0.016998331529532024,0.002099603568796917,3.492676105255491e-05,0.0,0.0,0.0,0.0,0.0,0.0,0.0,0.0,0.0,0.0
0.04172069116461398,0.04873487959292388,0.02124903946189662,0.042042749684614564,0.03886902051346345,-0.001495593973472588,0.00049620548119973,0.0014814630395187183,0.004028951774770053,0.0013821079502340239,0.012704683147302595,0.030544013515038267,0.00959182048797555,0.004893364545053438,0.023904593482878645,-0.0017105921426242101,0.0026630069690552357,0.0062705051568605384,7.731994176211329e-05,0.001273367327308253,0.0,0.0,0.0,0.0,0.0,0.0,0.0,0.0,0.0,0.0
0.02065820253190601,0.014365791893616892,0.03695973925838452,0.03927454754376233,0.004665649932374165,-3.012693341165974e-05,-0.0007199436015546527,0.0013628976473799481,0.004746225652138156,-0.0034934904105670393,0.016636864074978892,0.049826521488135996,0.01848100885493566,0.044388273764690324,0.01002795628174006,0.002757881171053258,0.017822670438501075,0.018721433933481166,0.027514725669296115,-0.00024523207046997286,0.0,0.0,0.0,0.0,0.0,0.0,0.0,0.0,0.0,0.0
0.0037569224641991954,0.046287195002618436,0.027825517231364214,0.03467946103492655,0.03899516928964663,-0.0019373880155106513,0.008539361372588844,0.014457641968529495,0.0025864240178542068,0.0016664038067749297,0.023734107736011,0.02340099602265636,0.020370380976238646,0.03956924013964678,0.03816666638609548,-0.0028963412172941876,0.0036897014872828014,0.011916845744078336,0.001213904877417336,0.003361277912725975,0.0,0.0,0.0,0.0,0.0,0.0,0.0,0.0,0.0,0.0
0.037740818845991446,0.025346972827881124,0.0024148750440254295,-0.02784625351212129,-0.028119381728118793,0.04038688883472815,-0.002461946895682019,-0.002370953325504575,0.0005993172756877187,-0.0007958571486877302,0.0439907540081459,0.009008780028153324,-0.005025136990093998,-0.05485987578253095,-0.0018567416176583711,-0.001303571647591208,0.001381015134397758,0.010031558087452893,0.002665165105570858,-0.00020482942367534257,0.0,0.0,0.0,0.0,0.0,0.0,0.0,0.0,0.0,0.0
0.015363044889081634,0.03663323857716353,0.03382046743093673,0.040977290120558,0.025303516316680038,0.0002643995862465731,0.0056562796630866535,0.0012155553556041315,0.002873060121449658,0.00332487373344578,0.03819679289550021,0.04528786397410222,0.10068932743429167,0.00452827797953681,0.04055679721520486,0.00011823335280571962,0.0038280655580664037,0.009256318648917938,0.0028509150980771183,0.0029772791696156173,0.0,0.0,0.0,0.0,0.0,0.0,0.0,0.0,0.0,0.0
0.03930539207691763,0.0222093443432174,0.019572690669229606,0.021966219781205047,0.01109448969800801,0.011416508285442039,-0.0009988715774486806,-0.00037163932725960575,0.0029472031958880313,0.03519104304807959,0.003891333578272928,0.01793050706943973,0.020749297504658093,0.06205686703746562,0.03762528585763257,0.004213850371417604,0.0051811271977399926,0.008949752012235879,0.013293097169813388,8.034122359352615e-05,0.0,0.0,0.0,0.0,0.0,0.0,0.0,0.0,0.0,0.0
0.02211924277803125,0.035801805601372076,-0.0008570565563838818,-0.0037157962623602355,-0.012893103953422995,-0.0021372825933335584,-0.0016571569988353995,0.0024497297905068565,8.418972797027007e-05,-0.00388763097033247,0.023495740666381323,-0.015559549440784295,0.017306289151000513,-0.03868540473397015,-0.03218898123630318,-0.003160612443713159,0.001887478721908096,-0.009278130204478735,0.001962005885485,-0.0023641798083655604,0.0,0.0,0.0,0.0,0.0,0.0,0.0,0.0,0.0,0.0
0.006738227876711904,0.042794671555615345,0.028829130961900765,-0.03582295942076171,-0.011130228393718817,0.0002997057623007471,0.002030782986412983,0.0009053167242241879,-0.00025346140925292925,-0.00403700470176641,0.03819632827415574,-0.004884145200030376,0.0006770723287741893,-0.04333454706772843,-0.02815435727058817,-0.0028898858498727677,-0.0019878480196855617,0.004732913740043186,6.313171087410974e-05,0.0009487525327648564,0.0,0.0,0.0,0.0,0.0,0.0,0.0,0.0,0.0,0.0
-0.0021647234932422057,-0.005829697182517365,0.03096260914494834,0.03627241968608178,0.04252253263951795,-0.0004788267321277545,0.00800344620272005,0.0011978758016031874,0.003998295189977443,-0.0007819089503362629,0.0034741755037343692,0.021093231616125387,0.09312766197443048,0.003664711094838887,0.0510663343422512,0.00175174620623024,0.004963159991024748,0.01109486394864152,0.03126625729603066,-0.0014825671595610982,0.0,0.0,0.0,0.0,0.0,0.0,0.0,0.0,0.0,0.0
0.023531160813785493,0.004218851459599209,-0.024364226142134994,0.023566355684232432,0.03713917301360495,-0.003400133860099987,0.008810742534073622,0.002789027495606633,0.005463411164699643,-0.0001937437639333225,0.03406523152577333,0.034229801140326616,-0.004537417853652991,0.002005816513980982,0.05194077247086502,0.0022436232400454867,0.04098487441559169,-0.05535652788828041,8.002844627827214e-05,0.0023997726082863797,0.0,0.0,0.0,0.0,0.0,0.0,0.0,0.0,0.0,0.0
0.022252482473856795,0.03038165874962765,0.012071661637870974,0.04014877981440412,0.03152369801190255,0.0009134015277374426,0.0043967786261267525,0.0009953478549301392,0.0061940717618388964,-0.002868589851192887,0.029182544906421796,0.027474221696787888,0.013911739688923824,0.04753163697316296,0.013656628033903618,0.0042317975286547,0.03160895779764119,-0.02302435598848969,0.024864109764054645,0.003936917229685713,0.0,0.0,0.0,0.0,0.0,0.0,0.0,0.0,0.0,0.0
0.043111724558780595,-0.043768329410032975,0.029039369556430737,0.0645469302457831,0.031146860481632156,-0.002426193308030585,-0.0006806829203734414,0.0013165743366577753,0.00480563255469534,-9.186869544891595e-05,0.0008292878364025864,-0.018642835978272022,-0.005862936413322807,-0.00021743526826859238,0.053778961500304055,0.0017961660919924754,0.003286780680477486,0.008878625227969695,-0.0011657869846613193,-0.0004976162768988538,0.0,0.0,0.0,0.0,0.0,0.0,0.0,0.0,0.0,0.0
0.03509722888818631,0.04118504481622528,0.016271456044002576,0.03413035207862081,0.04006731531056121,-0.0008507514119125236,0.004590043739621276,0.0007655050838264841,0.0019162147406832416,0.00029697441849258453,0.028878884647952997,0.027734136677692284,0.014374972494213347,0.0012971194069605226,0.02064828386383987,-0.0028508337808221844,0.001314189520297833,0.007501909940624425,0.0013986785231111854,0.0018498680164709996,0.0,0.0,0.0,0.0,0.0,0.0,0.0,0.0,0.0,0.0
-0.02444783442872282,0.045286726256229065,0.0424825650167259,0.043753247042051,1.9882114296846178e-05,-0.0018916890505080595,-0.0014438258739929107,-0.0003861698458385715,0.0024586313762922844,0.0005926624163526492,0.00350417746671609,-0.006062280279947093,0.0507076547419428,0.016147670473555965,0.020049895452606787,-0.0029063616471727807,0.0045154823334293,0.006953389054255191,0.00020787520362853534,0.0006259086881428664,0.0,0.0,0.0,0.0,0.0,0.0,0.0,0.0,0.0,0.0
0.025526764679343138,0.005553177237612777,0.04532036415886691,0.04081591659664782,0.048936591854921,-0.0004712821205444846,0.011873611086493761,0.0036244920229151225,0.0046185309933981095,0.0011192377680981594,0.031841357196892475,0.028215358965460537,0.08851000131743951,0.03563929070167482,0.06252693678766429,0.0005506945209038275,0.0068471301368071115,0.014330148192400523,0.0006412920909347822,0.0038710112725213667,0.0,0.0,0.0,0.0,0.0,0.0,0.0,0.0,0.0,0.0
0.01834628495589418,0.032384461952858705,0.04553241105707431,0.033982745711014006,0.01847445669747768,0.001567249760975884,0.00023182605205054118,0.003282222708166639,0.007271860056697884,-0.0018557532206843247,0.01282584582118952,-0.023507807995859525,0.12439612972563949,0.047454255559349956,0.004607950103797368,-0.0006019024565532366,0.005100522641708448,0.004505454956572532,0.0022847381572255084,0.017089701400840304,0.0,0.0,0.0,0.0,0.0,0.0,0.0,0.0,0.0,0.0
0.01979844419135044,0.04829599532603593,0.036140992286120645,0.043348486679819935,0.060658597262020233,-0.003003258798957078,-0.0016618983594138847,0.012846454811739984,0.0034877981763004346,-0.0010605659059964659,-0.0039411570317893965,0.006018464734313479,0.0308851524440834,0.04091557803139345,0.04996972370619916,-0.0005293853336351326,0.005612428200418477,0.005018289073217727,0.0014643308101664968,-0.0005428731830155686,0.0,0.0,0.0,0.0,0.0,0.0,0.0,0.0,0.0,0.0
0.027378143785810584,0.01965317943044858,0.017876874999389128,0.011372188999765385,0.0011825805271715062,0.035334812546062466,-0.00014967419862320827,-0.0001926537328983566,0.006152052325675238,-0.003126446644554112,0.007597578165929089,-0.0065329791539408075,0.009347325592709677,0.03744667779686002,0.011771189491728139,0.005331729901701738,0.012441253887831192,0.010003067923237768,0.03876341037315954,-0.0006441160287604397,0.0,0.0,0.0,0.0,0.0,0.0,0.0,0.0,0.0,0.0
0.02695244283606577,-0.025597870214470637,0.009487248081959962,0.10435519535697539,0.014587420691871586,-0.0017058296596107689,0.0005649275409013298,0.003076610847239704,0.003100661324732759,-0.0038227808099154156,0.054041308411715845,-0.0049099194278116095,-0.0004843660320421526,0.073797604202897,0.022027869585814083,0.00408709180734952,-0.00017561362450063263,0.009312352806901507,-0.0005735537599433253,-0.0006496557504728745,0.0,0.0,0.0,0.0,0.0,0.0,0.0,0.0,0.0,0.0
-0.0027007243059357683,0.04451244391087624,0.026077324671899996,0.002267518453968158,0.016903772984061326,-0.0007920942655981242,0.041492196683154924,0.0018644896274986845,0.0020169263338867213,-0.0045369317774613714,0.018349901273268493,0.06162376250273707,-0.0013803051796065344,0.032731649889639176,-0.004055059936171036,-0.0006685093731609719,0.003881352840835324,0.006319866176718538,0.004116932484122925,0.0006970841256386635,0.0,0.0,0.0,0.0,0.0,0.0,0.0,0.0,0.0,0.0
0.03774397937912007,-0.01633848137581493,0.03453878253131949,-0.010386944404034612,0.0004627834363981768,0.0010167998548267269,0.01267126254130935,-0.0003038021658527563,0.005912872169405882,0.001509289453227391,0.044427856103240744,0.028894843865245635,0.004215531826944521,0.0018363614375779395,0.009891679939950637,0.003392783604661691,0.0495940996110481,0.01062082604693776,-4.0592686138620516e-05,-0.0036889349595615457,0.0,0.0,0.0,0.0,0.0,0.0,0.0,0.0,0.0,0.0
0.030649914605333003,0.05483571975019323,0.042260371713675936,0.03890219707855565,0.0389020444855841,0.0008776335731125238,0.007405289387798787,0.0010371900941244779,0.0036589612000410567,0.0012019733512777786,0.020204524564730784,0.02845052760706624,0.08354684593598093,0.030711325538129462,0.03775606773380864,-0.0015036374599957012,0.005251946248949153,0.01316835797264631,0.002280223008372615,0.002061827348012018,0.0,0.0,0.0,0.0,0.0,0.0,0.0,0.0,0.0,0.0
0.05445208333609138,0.06980434778040479,0.025570491414216592,0.02619250961087318,0.044752678079191865,-0.002265623072800969,0.021123664427140355,0.0011797758823601221,0.002917554562098818,0.0012496069709472617,0.025208677915366406,0.03333358931893797,0.04250335332906556,0.025801757120306187,0.03927986729871194,-0.002268899566868176,0.0067546337096273425,0.009525191568967256,0.0031143823840706604,0.0004919550516624052,0.0,0.0,0.0,0.0,0.0,0.0,0.0,0.0,0.0,0.0
0.04468277796391288,-0.013402405137256226,0.04257399522646103,0.03215995364394662,0.014274843408755549,0.0012430539589620598,-0.00037432214154289585,0.002216887579732215,0.01777857311502564,0.04193937721640773,0.016511733462645225,-0.012648908344072327,0.03820428730470307,0.08646958518121958,0.05501660544930927,0.007625616961260441,0.00397974492851448,0.008217395626534672,0.00046699713195086443,0.0017858045839010265,0.0,0.0,0.0,0.0,0.0,0.0,0.0,0.0,0.0,0.0
0.02937063821119912,-0.004154442313376761,0.032813224798193555,0.05171996419392085,0.06208098018921933,-0.0011626662859461165,0.008554953954218064,0.004691232239052367,0.006518110529095633,0.001254251312370178,0.05634805653892279,0.03009660045050077,0.007374648072951929,0.03951392408797755,0.07168841279336723,0.004341951876875274,0.02254051231734869,0.014234316235425206,0.0013008883344879612,0.0014910354828456412,0.0,0.0,0.0,0.0,0.0,0.0,0.0,0.0,0.0,0.0
0.0056964696338358016,0.04687476812286266,0.039476129865865066,0.058499175073392334,0.0416108071748331,-0.0011776347562696624,0.004461095415439282,0.0038983337825466125,0.0013095361809276722,-0.0004447152274038638,0.02568814017821808,0.019236572931406282,0.009453471121320906,0.03828361198778365,0.056698222517931066,-0.0027147826171753596,0.0035173786527883176,0.015297824140793137,0.0012548608831618828,0.004191987230528732,0.0,0.0,0.0,0.0,0.0,0.0,0.0,0.0,0.0,0.0
0.014162194485662439,-0.010737803147875856,0.07795240240894787,0.020448465307812334,0.009883641092776077,-0.0026449089581901076,-0.005479939318848832,0.002293824577884132,0.001675336529147161,-0.0031132673303054643,0.05937120694022668,-0.010578218473654736,0.026384316116605057,0.058691374741666934,0.0034528522384537448,0.0017530005860630694,0.003320014899488452,0.007787632861365946,0.003838071944259423,0.00026139961888626856,0.0,0.0,0.0,0.0,0.0,0.0,0.0,0.0,0.0,0.0
0.029359255970271607,-0.011704820820138514,-0.001487128325077724,0.07504450202030334,-0.003588446524425887,-0.0007540510813861713,0.003585944011725978,0.006079831898713528,0.004240515663547386,-0.004312749465409236,0.024600198306227103,0.002121038319579565,0.0084815139047326,0.03190256699410069,-0.018649039169602078,0.006971508345069353,-0.0028176862125191115,0.007862422524442464,-0.0010616136823562996,8.198064464654637e-05,0.0,0.0,0.0,0.0,0.0,0.0,0.0,0.0,0.0,0.0
-0.010031417087884329,0.008679535250417923,0.018649683616627832,-0.007778875626072632,0.07333066640746377,-4.925693173381393e-06,-0.0018826146769206464,0.0003793870227456777,0.0021412473126795045,-0.005358752331767799,9.490121006585545e-05,0.0059561030877325555,0.013212518580873838,-0.0018926043030896517,0.013776188798010512,-0.001441793915877797,0.0012009947429607814,0.0030566302828120514,-0.005164922937383983,-0.003200352619850394,0.0,0.0,0.0,0.0,0.0,0.0,0.0,0.0,0.0,0.0
0.038931078580792644,0.003853784820154401,0.0011429409723638377,0.04016122855879087,0.045172327794394576,-0.003417587737447956,-0.0011887955752090664,-0.0007912001649520053,0.007638634365497164,-0.002462073188376801,0.013198297014315647,0.003949119788303246,0.05505235838756263,0.0468696926043491,0.008349714359164278,0.0041222887540149295,-0.01339150816451051,0.01069358919526707,0.0007964878082297968,0.0012102472877478778,0.0,0.0,0.0,0.0,0.0,0.0,0.0,0.0,0.0,0.0
0.018060868095564044,-0.008720815476083416,0.0013205370537020939,0.049711034656719326,0.059174401570837684,-0.002005540294906052,0.004733815746850655,0.004308555918876582,0.0032441336886897773,0.000273630287272591,0.036380806771640274,0.011703739525029826,0.011355376331251001,0.03780461185567933,0.07962292596453738,0.0017344893224043071,0.00333926604672859,0.014631020946989409,-0.00023387884364124654,0.003451646292310523,0.0,0.0,0.0,0.0,0.0,0.0,0.0,0.0,0.0,0.0
0.012647106372424706,0.0368866449695213,0.03274149704019613,0.03273982087575771,0.019715485542478598,-0.000643676162820216,0.0033351094397096608,0.0035748297919944733,0.0032487289422525093,0.01780662154731012,0.02347486135703553,0.035478537341385986,0.07306636591968436,0.06899059466778847,0.02989588166199933,0.00015070513436859698,0.004143568031973626,0.0057266926732750315,0.00512192278579241,0.0006202991882428871,0.0,0.0,0.0,0.0,0.0,0.0,0.0,0.0,0.0,0.0
0.0064538878800994666,0.01793509300456333,0.01884889756874381,0.03066302297495351,0.0205227492896981,-0.0017032980179064836,0.0024162335384411153,-0.0006362698182970744,0.002431528715070185,0.006349206440390456,0.043012756896374765,0.024039325385830736,-0.006476316688714573,-0.004426082929826261,0.03964866452051485,-0.0014082707441861312,0.001416219666279259,0.009779422541762749,0.003308580438821612,0.0015462464577569342,0.0,0.0,0.0,0.0,0.0,0.0,0.0,0.0,0.0,0.0
0.03961921859454247,0.031455356459936384,0.010362573437656624,0.023846203283389947,0.02784710029351968,0.03185592797952354,-0.001413190077651073,0.0012237747139056696,0.004113597528730789,-0.0026231972859470667,0.04131595097053124,0.00481293316145478,0.005581631449947331,0.030448996252312358,0.03869589789968033,0.001233990145939441,0.005397554158297932,-0.008055743286414336,0.005466145775369053,0.00011911776082411632,0.0,0.0,0.0,0.0,0.0,0.0,0.0,0.0,0.0,0.0
0.047135168384890735,-0.007476827105457885,-0.013864194942959597,0.042708538070283374,0.068611759139661,-0.002747860394060746,0.007394328184002013,0.003880625701207712,0.0059262847990574075,-0.0004621085937492488,0.03360811847613746,0.011348692218430571,0.009048065966392928,0.03212204386561819,0.08248524274509263,0.0027522136497693957,0.028811852044226583,0.016870519152263067,0.0009558887638669759,0.0015082428939760006,0.0,0.0,0.0,0.0,0.0,0.0,0.0,0.0,0.0,0.0
0.03011046666537097,0.034368206169812794,-0.020325260765674005,0.03266977876453564,0.008229749390907693,-0.0019345675003694853,0.001504742311378216,0.0021420300801871374,0.006812875716841453,-0.0028406683176815067,0.04458756017911586,0.010681429494730598,0.029391310126911388,0.06191439689683939,-0.00013548439767080206,0.0032137952356169836,0.027902595008820093,-0.0032020005657582965,0.0011262777610781443,-0.0001575784544582551,0.0,0.0,0.0,0.0,0.0,0.0,0.0,0.0,0.0,0.0
0.02597316947987517,0.022897179982129083,-0.013679295047564023,0.035723768698706804,0.048642132673242335,-0.0028915746704678857,0.012104580399414387,0.005475034093024833,0.003683202318687431,0.0007617910485431215,0.035440462647541984,0.03062015195116249,0.029139543468623852,0.02830379062844549,0.06425850500509805,0.00034556252873069605,0.006044792649432731,0.020328831820257593,-7.297400851135222e-05,0.005622941453997805,0.0,0.0,0.0,0.0,0.0,0.0,0.0,0.0,0.0,0.0
0.008251653969806434,0.04770723972586399,0.01842579251942558,0.05561487860351614,0.05575310841726741,-0.00041678339231010584,0.006135751601494045,0.0033136761580779927,0.0033715582084488036,0.0016740064591519088,0.02221628730706543,0.056654976871379416,-0.002080498035438122,0.031107335117045207,0.059353356769173554,-0.0015951546118159194,0.004506347848531187,0.013347689539002066,0.00428827206406565,0.0010921019806208793,0.0,0.0,0.0,0.0,0.0,0.0,0.0,0.0,0.0,0.0
0.028925635169066235,-0.03832768918030023,0.04071580259858396,0.014679520942390532,0.03280138281809826,-0.0016359347892513712,0.007986138876555868,0.0014444750377504791,0.0031976308497199905,-0.00020734762461094048,0.0474230093334463,-0.006930845651629884,0.0845356366705423,-0.0001791488096353626,0.04056945420883725,0.003423524113494973,-0.004193641298414091,0.017809097723501505,0.001389188868408011,0.0002957072638171916,0.0,0.0,0.0,0.0,0.0,0.0,0.0,0.0,0.0,0.0
0.0071526659606653276,0.06650812844374011,0.01632565245490642,0.052045654400668315,0.046198388090135024,0.0001566371671024155,0.0038493941249448833,0.0030794126565143872,0.003199333195156162,0.0011265650475110302,0.019434677043673694,0.061932866260980476,0.00444188234323661,0.03248883296233674,0.055535235953433,-0.0011098095984033076,0.0037043777503794613,0.019443659111766612,0.0033126191490069623,0.0026437886716236445,0.0,0.0,0.0,0.0,0.0,0.0,0.0,0.0,0.0,0.0
-0.0013398002269613622,0.03606927117208325,0.031123475966103986,-0.002691458878213621,0.046782539481044445,-0.0007580178148181066,0.002878828289745173,0.0014590065712967479,0.005233904053630862,0.0002579047342420133,0.006481081979681741,0.009183763390564979,0.014226833560761707,-0.004006591437645832,0.019170103947809637,-0.0013591711229836568,0.0020554852412856136,0.0030693139701502654,0.0020207997881838274,-0.001135675545590679,0.0,0.0,0.0,0.0,0.0,0.0,0.0,0.0,0.0,0.0
0.05122520097951959,0.07464723944750226,0.02250049990178721,-0.0030075040060075675,0.019613737302066992,-3.8002583125891845e-05,0.002593912231670572,-0.001376331520015804,0.0036458004385754657,0.0011269907639146625,0.03237009764295471,0.05082280001392205,0.018116718635154738,-0.023864035078704673,0.023290797323170555,0.02567584538826241,0.007250584956370992,0.010402023282120502,0.0037819253728467376,0.0049432966283855986,0.0,0.0,0.0,0.0,0.0,0.0,0.0,0.0,0.0,0.0
0.04813620757246547,0.06978301599809103,0.030864072190534532,-0.015233108430892298,0.06403035922370093,0.0003932081627346063,0.0005927987651208707,-0.000366320389881385,0.00494130704189015,0.00780124314734294,0.016838855011418775,0.014802908809037412,-0.0032234213369109646,-0.026004749018808414,0.05544198416783359,0.0021828244923471113,0.00043131683780654213,0.006994545849739172,0.0015363443731080297,-0.0005599042288279385,0.0,0.0,0.0,0.0,0.0,0.0,0.0,0.0,0.0,0.0
0.023906351668514528,-0.036693563415125884,0.027925333756375247,0.0020417813531460093,0.016826615842351744,0.047857142368576876,0.0167970156587725,-0.0008725518980665484,0.0021297833123950383,0.00010953226640594808,0.07704842203014103,-0.023385273339368514,0.013716571570985782,-0.012750563063486594,0.01503187096568425,-0.0027174590942724854,0.0013492565753353118,0.006974946690736591,0.0009245339632170086,-0.004915907996767722,0.0,0.0,0.0,0.0,0.0,0.0,0.0,0.0,0.0,0.0
0.019647635702817776,-0.04849867921558268,0.025601872755140462,0.04612538071438921,0.056487823308852284,-0.0027942177386847864,0.002125569715393693,0.004394760962157962,0.009050858813667639,0.0018991933723566208,0.008487419109116458,0.016500975547547595,-0.006241795449951273,0.035786980948014586,0.06338850165821697,0.005735548172257786,0.012128686398269601,0.011552883582527238,-0.0005643199815027967,-0.000523476723596481,0.0,0.0,0.0,0.0,0.0,0.0,0.0,0.0,0.0,0.0
0.024135507419716574,0.011277682908469805,-0.0013758684491375721,0.02968415909901414,0.01731981056905563,-0.0023813797015984376,-0.001048229453984911,-0.0018578301355083743,0.011798511887930484,0.0007842464665612991,0.011439019451239247,0.01002393976553311,-0.00745018075403726,0.027756468731614137,0.00747106474494598,0.022817023233553814,-0.0050561461971535306,0.004779074425771449,0.023133119199066934,0.00047160390931879796,0.0,0.0,0.0,0.0,0.0,0.0,0.0,0.0,0.0,0.0
0.016014983398697565,-0.043627623709554815,-0.01324526950260317,0.01888735125374709,0.03332124919278725,-0.0026243260475322908,0.002673036785789635,-0.0004678617228000989,0.003568290355413576,-0.0006477283500576169,-0.003205868762063922,0.005921667140258369,0.024554089361084032,0.005236395798154162,0.05609716180991075,-0.004516722107618275,-0.037711060220667295,0.017024047397452596,-0.0019233316186342557,-0.0016068833313915443,0.0,0.0,0.0,0.0,0.0,0.0,0.0,0.0,0.0,0.0
0.03185443789465952,0.04162161431788974,0.0394720075554712,0.06504119555642482,0.02028559730738191,0.0011523080405295987,-0.0010892326816504172,0.003908737238694623,0.0058707630372828775,-0.0010998104933640795,0.010406792611138782,0.016102971822751055,0.013666249837652402,0.07307959757168983,0.025449450415659304,0.0004063922752584262,0.004300986305472108,0.011991622088283353,0.003401092009574842,0.022898824409569977,0.0,0.0,0.0,0.0,0.0,0.0,0.0,0.0,0.0,0.0
0.031488770268391274,0.01650742996508504,-0.0019398657624817852,0.02124393463456389,0.015046237537508174,-0.0003783969659721099,-0.000237104817347223,0.005410646521207589,0.001241824967147308,0.034220550636158274,0.033862463806177356,-0.009069317168416118,0.011857135990673607,0.003911118618070803,0.06155406533139162,0.002441784528476152,0.002731318392798416,-0.023349445330510973,0.0015872117988680143,0.00317347626375915,0.0,0.0,0.0,0.0,0.0,0.0,0.0,0.0,0.0,0.0
0.01613394796392114,0.049349873379401284,0.03016166753122884,0.012611712838919062,0.030801733687525507,-0.001912034087294874,0.04489202266680635,0.01179185459004061,0.0015386449738705706,-0.0018035637040175279,0.021854204798765237,0.03551026797027162,0.05757307428614586,0.04176608241409082,0.030281388903580807,0.0010783706701213626,0.006887059289657435,0.009595483641190962,0.002825741891627879,-0.00032094068720353634,0.0,0.0,0.0,0.0,0.0,0.0,0.0,0.0,0.0,0.0
0.026706827565145117,0.03580119522037662,0.033003611078341995,0.0025013515051156097,0.05140808205869791,0.0010601962800948512,0.0022881146229632924,0.0002475297748949112,0.005769785844754613,-0.0012200689583623128,0.026889989443874513,0.02103912048971451,0.07495442034213749,0.028787553043900117,0.0653051352849766,0.005777280040489576,0.005791544226327874,0.011054292512672393,0.007857873483384887,0.01869776326087011,0.0,0.0,0.0,0.0,0.0,0.0,0.0,0.0,0.0,0.0
0.007692352885288653,0.05044288836920015,-0.0061166467748731855,0.03844885197247628,0.03829688674931922,-0.0019633071979669975,0.008600076799745345,0.0005545904945180553,0.0035067603342968687,-0.00020571350763944198,0.029986960171737364,0.0038332625162594805,0.018995197124097002,0.044987272724780654,0.055863770956751005,-0.0027653123326166038,0.01249420352236191,0.006235076897922852,0.0012476797304618566,0.0013864330598572527,0.0,0.0,0.0,0.0,0.0,0.0,0.0,0.0,0.0,0.0
-0.0055886855395546955,0.07506724805701619,-0.004262661517916343,0.04753542717563386,0.04571679704174572,-0.001410589334854004,0.0022013453846768654,0.0027549914821109536,0.003213899454432663,-9.831206286713953e-05,0.02394554815216569,0.07254506969972507,0.016642715024766247,0.03831304644311329,0.051927828842800616,-0.0019818023438006103,0.00926879420027155,0.0001674906052408594,0.0015055127770650669,0.0012579335785985247,0.0,0.0,0.0,0.0,0.0,0.0,0.0,0.0,0.0,0.0
0.027485675168517434,0.04038559591689141,0.04694346330924701,0.015405277812359907,0.025058054420640418,0.025190044193651322,0.001281480609939721,0.0011738644509561341,0.008427627639294404,-0.0004742005518078524,0.017830166015169027,0.0219118216155883,0.0287407074667183,0.042998201840087,0.02530974622581652,0.0013935193880864776,0.004698764053324375,0.018169246689465294,0.004349717093890193,0.027442823762536737,0.0,0.0,0.0,0.0,0.0,0.0,0.0,0.0,0.0,0.0
0.012443142271914828,0.05838402547360133,0.02814578559676331,0.03709717540334383,0.019152509208302096,-0.0005060538545333924,-0.00014158161279569898,3.191613195974109e-05,0.008553699755376518,-0.0015941951724225435,0.006738439906048416,0.07301632308351844,-0.0026037127606600634,0.02577583367614458,0.02958185975170717,-0.00044282684562071874,0.0029398254929208917,0.0037912963966809147,0.004268769622401907,-0.0009106344042806146,0.0,0.0,0.0,0.0,0.0,0.0,0.0,0.0,0.0,0.0
0.023858563075521384,-0.0549198776610156,-0.012903124042610646,-0.029485128734559208,-0.038234434363331696,-0.002976406079822565,0.0027014916773485027,-0.0017477389504136618,0.0010893563430703697,-0.004964925664145577,0.012355044033281694,-0.02222197154473487,-0.007322539841987227,-0.05798263895117714,-0.04362604837043806,-0.0014107111463810896,-0.004751354513676673,0.00482111219256595,-0.004758823332803524,-0.003271094797035594,0.0,0.0,0.0,0.0,0.0,0.0,0.0,0.0,0.0,0.0
0.04369553038935276,0.04942842155767993,0.0020710663732858813,0.009085367920394183,0.0021874343461297605,-2.7597403738068175e-05,-0.002110729109923089,0.001005661777328515,0.002956013668236824,0.0034926371711539272,0.018396808819139996,-0.008688234236005699,0.0054083586578323,-0.01012672529872363,0.024338349162192324,0.026229964115465604,0.0011659844824511909,0.008621249098298261,6.311850211629451e-05,-0.0014423734380273282,0.0,0.0,0.0,0.0,0.0,0.0,0.0,0.0,0.0,0.0
0.03328571147266712,-0.011767578142315367,0.01980172800775832,0.0032386112069555275,0.014887007841129687,-0.0022281712764801094,0.002330986778053385,0.003992306442848337,-0.0004166611117138251,0.05170241713446729,0.023458659869153693,0.018854686132159893,0.007365305357822333,0.05523103104611134,0.044805716857292774,0.013077812524210072,0.006563924963391758,0.01027705439343499,0.0006492575548975468,-0.00021918159139289287,0.0,0.0,0.0,0.0,0.0,0.0,0.0,0.0,0.0,0.0
0.03284574281335786,0.07126308702808971,0.03070799973347367,0.05325005356207526,0.05634544653646962,-8.573087139590986e-05,0.0023911085293162647,0.0034777792088756285,0.004994057392993084,0.002943959339401162,0.02647481714282802,0.01814966592159933,0.010892657173878884,0.04739941388293303,0.05340915306558495,0.026247414514532167,0.006358508973654121,0.015764561422037814,0.0009550965219300355,0.0007820302561788238,0.0,0.0,0.0,0.0,0.0,0.0,0.0,0.0,0.0,0.0
0.03615581318342886,0.08415068525416186,0.03166337634058603,0.03522963341613656,0.031743323481881615,-0.00224456549521877,0.009791040141956163,0.001838845514351251,0.0016763130830578976,0.00010424743791811894,0.014530030968812191,0.01594425146456689,0.027866366552807813,0.014905076795324776,0.041855349278986376,-0.0002731702546651091,0.00682466718399429,0.016497357789319957,0.0035357044932914656,0.0008446428987603507,0.0,0.0,0.0,0.0,0.0,0.0,0.0,0.0,0.0,0.0
0.024898374077442595,0.027696464144160583,0.034805309052980245,0.033497066758146586,0.041708625687233554,0.0024011052704620566,0.007537077979192198,-9.851484918400293e-05,0.006186271301890058,-0.004136996754430755,0.019801158110361372,0.017702782692548723,0.0068268652303152,0.06356274925777283,0.026932531834371033,0.003371419869185648,-0.0014413504641218487,0.009231769319900442,0.014290174231777008,0.0013383695427817493,0.0,0.0,0.0,0.0,0.0,0.0,0.0,0.0,0.0,0.0
-0.025248380903765355,-0.0120307620048945,0.05149280282298298,0.026368680042561578,0.03327596380098021,-0.003921118796023288,0.0017822089716668444,0.0017254288576331548,0.002931993550945801,-0.0005090804866345362,-0.0026310337614137867,0.01304710188493302,0.0089708935112377,0.01706091110667505,0.061904906187777664,0.0016495908597109793,-0.01370912858350386,0.022497184881698815,-0.0006555043555455687,-0.0018905455626440331,0.0,0.0,0.0,0.0,0.0,0.0,0.0,0.0,0.0,0.0
0.020427440819406173,-0.06386760006762698,-0.01106930750887068,0.012257067025375878,0.044923710959000766,-0.0038447709150210303,-9.238042332333665e-05,0.00047348588942812707,0.0022836993564847486,-0.0018589277987522607,0.008830641438682799,0.015254663375001453,0.006010423908989937,0.021612707804017188,0.02484126422278625,-0.0013488243480626345,0.004118522000259094,0.009205002844399564,-0.002293237051520682,-0.0021419844102818475,0.0,0.0,0.0,0.0,0.0,0.0,0.0,0.0,0.0,0.0
0.015223730367836582,0.01486881568029474,0.033375140506459684,0.06234861130925347,0.03255507156406673,0.0032230083371772643,0.0018534100455816196,0.0033673586086698545,0.003933783185469804,-0.001990800939774625,0.02648970563897821,0.001376522285076922,0.09129368137278687,0.04330726770898634,0.01880557479407116,0.00012037679489385296,0.0015494405433165981,0.013010550111446785,0.001994192779165088,0.0020161564266143305,0.0,0.0,0.0,0.0,0.0,0.0,0.0,0.0,0.0,0.0
0.016075779543681088,0.03670330213463291,0.019047500388960796,0.023642969335738572,-0.004548483071051857,-0.00042352734473862874,0.0030380012728074093,0.004689916489401971,0.0037208122124765554,0.0001438572042827572,0.03312275739956436,0.058051893250790444,0.0075694987128908245,0.021569759073797195,-0.011526351800556958,-0.001724406216810919,0.0010728321446251319,0.008709867722798376,-0.006061468186635144,0.0008470868537156306,0.0,0.0,0.0,0.0,0.0,0.0,0.0,0.0,0.0,0.0
0.020551507019077573,-0.020983593415348476,0.027344468790324195,0.032774342488158976,0.01018035992322574,0.031100004279136912,0.014284085107264838,-0.001737027184582484,0.0033459456098166676,-0.002089292856592441,0.05272442006796401,-0.002325510329327041,0.003380961834084891,0.04387761503289585,0.03969308346449384,-0.0002825969708815937,0.008001046876757213,0.007199793463142263,0.0022420269798715605,0.01702219903606589,0.0,0.0,0.0,0.0,0.0,0.0,0.0,0.0,0.0,0.0
-0.008647892419702506,-0.011357394056055084,0.11772836124258546,-0.02601797251614718,0.0012306881161432029,-0.0002418982850995262,-5.345689022542984e-05,0.0038730568860610385,0.00038273323071441536,0.00040839611929160085,0.011518942364420229,-0.00970373719245726,0.015709277503346462,-0.012338921613214798,-0.0032803802673376844,-0.0016976344137491735,0.002344693641414129,0.004347350729117881,-0.00013567486583030387,-0.004177911852824815,0.0,0.0,0.0,0.0,0.0,0.0,0.0,0.0,0.0,0.0
-0.02274230282437599,-0.015172492949404868,0.023401559728431838,0.025897031064859535,0.023993787706566776,-0.0015781738351511104,0.000326204586333013,0.0014248135176877469,0.00875912709936958,-0.0029708534102142925,0.010282186392700607,0.03283532017578739,0.02101983913851724,-0.012083643950159043,0.022022063903186905,0.0004996384198799335,0.0018792105191390977,0.007306359228607566,-0.0018473372751660402,-0.006948498021046934,0.0,0.0,0.0,0.0,0.0,0.0,0.0,0.0,0.0,0.0
0.03454884861757824,0.04429000770706151,0.034286784934092984,-0.008671351533195395,-0.010858969919895992,0.00250212537592658,-0.0026215732731310116,-0.0011945426369816112,0.003692673093336151,-0.0018394463049313066,0.017364858845868206,0.011444525781335504,0.020423851860656792,-0.009687143321075413,-0.006404434192463576,0.043243846675925075,0.00169598991655166,0.00800913156933002,-0.0008460819250160287,-0.000303100959438016,0.0,0.0,0.0,0.0,0.0,0.0,0.0,0.0,0.0,0.0
0.027588624582594014,-0.002968039230115095,0.010467152321083277,-0.01979993580880209,0.0228643842989353,-0.0019047676352253566,0.0024579002991817808,0.003118994676312772,0.0018591809142612487,-0.0024422406571860855,0.045627797779107665,0.005960182263727055,0.05974450532464784,-0.02796142298265746,0.03630194712351723,-0.0011570377943868444,0.0027458743730461653,0.018830099156035326,-0.001581282345197802,0.001990077951028982,0.0,0.0,0.0,0.0,0.0,0.0,0.0,0.0,0.0,0.0
0.05108403452384091,0.0038456994549421067,0.006938480386412688,0.034086086330859425,0.034744285157908096,0.0010267082804269788,0.0002828841259841313,0.003673029677523277,0.007298202456355943,-0.0016351870264563484,0.034195137830804676,0.027237455904009333,0.016766918343019063,0.04941905717471561,0.03589237628120493,0.025220320873192096,0.008666617052675565,0.010601320358797808,0.003033934879363448,0.01823923095306766,0.0,0.0,0.0,0.0,0.0,0.0,0.0,0.0,0.0,0.0
-0.004233285120615193,0.049227619704361195,0.011142929992102623,0.03831119394438054,0.011765240303249908,0.0004095009652731487,-0.003229384280192992,0.0003354130627852267,-0.00846457690731657,-0.004670868024685393,0.015366327116174874,0.005478247729771278,-0.0007160464048811602,0.024531221674264452,0.01563786763099229,0.000983709603721967,0.007510991947839488,0.005164041293880103,0.0004944771011580833,-0.0013230242118925106,0.0,0.0,0.0,0.0,0.0,0.0,0.0,0.0,0.0,0.0
0.010700790578823638,0.03839046066195385,0.02681816000856717,0.046001957324309575,0.03556371822439355,0.0001943316362730737,0.0038624751593507294,0.002233248813732248,0.0017883180720807681,0.0014925518432697708,0.050197787206327595,0.058089714338888904,0.03662342878144255,0.0015576094979896306,0.03174350149680464,-0.00011497974318224652,0.002827931182591495,0.008979889688171268,0.003969686064101454,0.0028010162844818295,0.0,0.0,0.0,0.0,0.0,0.0,0.0,0.0,0.0,0.0
0.04045227177681123,0.022947300917302554,-0.004701881166008712,0.05300109103326688,-0.01034766102051239,0.003160075538147143,-0.00046076515304156046,0.0014934737593965688,0.0009965950496992335,-0.0030636753033507704,0.029297176895637274,0.030506615432040498,0.03355774529409149,0.04146297875230917,0.004826007766341445,0.0066227517000394575,0.007162368034942976,0.0071152902006582424,0.0009261081772485368,0.007957155264971665,0.0,0.0,0.0,0.0,0.0,0.0,0.0,0.0,0.0,0.0
0.02423433568925054,-0.01572080855772991,0.032873805195624974,0.0429554823561223,0.06310277728322826,-0.0016917962431145293,0.007348777464920576,0.007006913601671205,0.0035680122239369655,0.00111473787681839,0.047968987795287625,-0.01670024972629559,0.01965084122891363,0.030006454249987248,0.07569317151821735,0.001529571233373385,0.0019461239407717135,0.01701628863797505,0.0005384116586365072,0.0012797596927760018,0.0,0.0,0.0,0.0,0.0,0.0,0.0,0.0,0.0,0.0
0.02275541625844984,0.04977994303216053,0.05101865559473238,0.05029873438108035,0.04600710383500215,-0.00014581455852720997,0.003798832012680942,0.003752173407322312,0.0015408449769458979,0.0003293536335093023,0.030096307120100543,0.07226682601989341,0.018755411296043672,0.024768674306286678,0.0496295784215714,-0.0012851446273369,0.004250368413791572,0.010969375586261935,0.0043681494378849575,0.001783102881159348,0.0,0.0,0.0,0.0,0.0,0.0,0.0,0.0,0.0,0.0
0.004083495012827249,-0.030493955992910358,0.025343040952356802,-0.034437851757607114,-0.024503314832412918,-0.004393783094359848,0.0019916056900679394,0.0009550999938022077,-0.0006973442624755807,-0.0012578541549727903,0.020019106249392838,-0.017804518688169586,0.009806040638496931,-0.04830230906761114,-0.024286229153848697,-0.004103895610271815,-0.0030129108784497306,0.004018595358898661,-0.0017565739692260753,-0.006275816973075902,0.0,0.0,0.0,0.0,0.0,0.0,0.0,0.0,0.0,0.0
0.0007905649613877219,0.042392401190087366,-0.014893125618671512,-0.004678013818640819,0.05236340743473739,-0.0005262654772445624,-0.0015251015946891359,0.0008915205388296464,0.0015954581376503262,0.03981307916971542,0.016156729166446948,0.004270491387843205,-0.006075033403327711,-0.033168012703344435,0.05804324546259179,-0.0018985722212931252,0.0037004613591629554,0.004386734579863479,-0.0004121693240777482,-0.0011980446556422168,0.0,0.0,0.0,0.0,0.0,0.0,0.0,0.0,0.0,0.0
0.016764951970945605,0.06108119256220044,0.0635654202088535,-0.013837133873183905,0.03864355982177613,-0.0003294677824516454,-0.0009146073212392686,0.0007544207997837916,-0.008596097171851606,-0.00034549993690984987,0.038383035151831786,0.04844326888777583,0.03732988781759969,0.024535334373580835,0.02906612684522443,0.00878921901410637,0.005400160689667668,0.010805632727687831,0.004358131977789955,-0.00017593964281650926,0.0,0.0,0.0,0.0,0.0,0.0,0.0,0.0,0.0,0.0
0.024189108182157276,0.052889634592816565,0.03455922277047522,0.029061496755739807,0.008987008316287712,0.00048749824047748276,0.004093092499210053,0.002642888981128072,0.0034779921305953007,-0.002896988105071336,0.04111125219871041,0.008022727257303722,0.009968706665769583,0.04316476854418449,-0.008709867067490946,0.0020298639495665684,0.0019099543094975753,0.01190750380379271,0.002903608016075211,-0.0005298234762411881,0.0,0.0,0.0,0.0,0.0,0.0,0.0,0.0,0.0,0.0
0.000673701323903608,0.04715959580718684,0.030895479628960925,0.015226510232720068,0.05335892785982723,0.0010889397128628242,0.0039059806424968156,0.0012067192222627744,0.00606629004540137,-0.0013163833051879716,0.006287520082542685,0.045748346691094524,0.06091601915020207,0.03360042607168162,0.04275900435079685,0.0011825532089609128,0.004820120618766521,0.005644728505795029,0.008030905332003846,0.018804268618255435,0.0,0.0,0.0,0.0,0.0,0.0,0.0,0.0,0.0,0.0
0.07039032682101513,0.04472861523420438,0.024109174265924085,0.017245419027836845,0.03849329017443728,-0.002085113658356791,0.016441453156515025,0.018844797853538722,0.0032840594724751777,0.0032382380976068523,0.015307911351982404,0.03817039081301457,0.03512889889407133,0.021287569637191056,0.023211913460973378,0.025039123483304965,0.0049446402718983035,0.009373328248566105,0.0021261916066742433,-0.0005586310925022617,0.0,0.0,0.0,0.0,0.0,0.0,0.0,0.0,0.0,0.0
0.00045791169376422833,0.05040652611539193,0.05238578492225595,0.034308383679395676,0.03165640728572946,0.0004963386599194907,0.009522191610342066,0.0009008932263942855,0.003327336351575917,0.000718728326490205,0.004555093446869661,0.02875434905851153,0.09536433558961735,0.021614820068099373,0.03513602901727312,-0.002176863878121105,0.004502881999431926,0.014945912276675084,0.0018635537902265918,0.0017571626991610943,0.0,0.0,0.0,0.0,0.0,0.0,0.0,0.0,0.0,0.0
0.04851550761122189,-0.03556350862862265,-0.004836967383223171,0.0010353673347000642,0.02994392032939209,-0.0018389435381852056,0.0017322508296930823,0.0007859177112554091,0.0017530707608770682,-0.0007143583662874819,0.0010880187036579967,0.01362664465656479,0.008178873272572504,-0.02032509590494793,0.021471981060737732,-0.00019998020741294914,0.03176294802910116,0.006130162408541862,-0.0016590247082030251,-0.003703608357977986,0.0,0.0,0.0,0.0,0.0,0.0,0.0,0.0,0.0,0.0
0.034796451505321346,0.046474421841598564,0.024999171487799666,0.008240591945677436,0.04098815377848055,0.0018431717993295906,0.0010092948360979315,0.0010477080624137114,0.0064381305091761815,0.007710735405180752,0.033397406628750084,0.010999776510862251,0.019050884948110077,0.000132248791372701,0.05411106877778092,0.015075754195523818,0.004848455390734583,0.010942420468657513,0.0014162655946569989,0.034612615467018305,0.0,0.0,0.0,0.0,0.0,0.0,0.0,0.0,0.0,0.0
0.029940787486179905,-0.014753798035715,0.009240869646848443,0.09013874707599466,0.016473571459044014,-0.0019660365889896617,0.0030896520687140943,0.0026352967928818705,0.008882102279457548,-0.00451595460842397,0.03788666438581734,0.018504524799947266,-0.012235295145542582,0.06865431426392445,0.007805443779559924,0.005945706458055116,0.018151087448672377,0.009566492331096646,0.00050429841838913,0.0016601950449825647,0.0,0.0,0.0,0.0,0.0,0.0,0.0,0.0,0.0,0.0
0.008793431958257259,-0.08198136102125589,-0.016007467488683164,-0.01817708468873718,-0.039906209675098926,-0.004363777199364,7.84852370311431e-05,-0.003010188441130483,0.003069950000571708,-0.002809468566050881,0.0023613035196475593,0.004680048568738342,-0.01672389431533323,-0.026898072108234135,-0.019797018689874827,0.0022002252250171144,0.013567560045550014,0.0026831014679193086,-0.0036161497060056683,-0.0054218170025928155,0.0,0.0,0.0,0.0,0.0,0.0,0.0,0.0,0.0,0.0
-0.014793755936534361,-0.030928379098777495,-0.013709083127544477,0.00789314397841212,0.02656829031829173,-0.002972547545681918,0.0014694114375468597,0.002052323607401055,0.0029748997604989273,-0.0007896569410267896,0.016698987109830112,-0.020176351849920903,-0.003064467908582533,-0.01338352998796582,0.027367629352561172,-0.00015231105068403992,5.2181029968229755e-05,0.004826326953024617,-0.0007398595436590348,0.025697374903293435,0.0,0.0,0.0,0.0,0.0,0.0,0.0,0.0,0.0,0.0
0.045269547505152184,0.03677203810181604,-0.006987312374000734,0.034107232238507076,0.011372559696362928,-0.000342626675674846,0.0006234349963328722,0.0025739214478655657,0.002862775387490287,-0.004080712259153182,0.035847664682228594,-0.00659191061733632,0.002928627868510639,0.054587571129287485,-0.003910886917253675,0.001190936104159631,0.001643163106658192,-0.010461011193622178,0.001398502244629028,0.0012418648833701774,0.0,0.0,0.0,0.0,0.0,0.0,0.0,0.0,0.0,0.0
0.02459245591961299,0.015560018506944837,0.02936209530864407,0.014690529841664971,0.007348162779955957,-0.0012484640891523094,0.009453860768043297,0.0021307082384036135,0.005907296959849605,-0.0015277641109894735,0.04517911575175856,-0.007592571299365246,0.0671241195553008,0.023152464217165866,0.018607015756548193,0.005175966098016129,0.008546163855808345,0.012032123691868695,0.011657632487688323,0.01857066688260361,0.0,0.0,0.0,0.0,0.0,0.0,0.0,0.0,0.0,0.0
0.03413723934146426,-0.017333661511732237,-0.020344519378513497,0.017344957376646025,0.04549470722975578,-0.0028839757668671843,0.006506505952261172,0.0022016074526786337,0.0058406633017769926,-0.0010664608095925642,0.02152946793794845,0.02919514309661753,-0.0002552503530638589,0.007401635871069232,0.058601092568102114,0.0022717086847857944,0.005682309119676152,-0.07523142077300118,0.00024341753338584843,-0.000613569753028203,0.0,0.0,0.0,0.0,0.0,0.0,0.0,0.0,0.0,0.0
0.0266050137330926,0.1028337404882945,0.027092589423982686,0.044891239037613336,0.012725187466601836,0.0002917518443087473,0.000548972519863515,0.0022010905371084586,0.003475333292945548,-0.00029531514156066704,0.01335865260919594,0.06280237468030556,0.01577008746715273,0.0378162324286346,0.0026310787546144207,0.0008599406603009436,0.0069721650564247345,0.009713204907010498,0.002944488039990031,0.00048376931449103396,0.0,0.0,0.0,0.0,0.0,0.0,0.0,0.0,0.0,0.0
0.045967103422147305,0.04050035499436963,0.0440109587241759,0.017179778712296482,0.02450814992703378,-0.0005703801908552132,-0.002665245874294372,0.0009330751844125799,0.00586767045609676,-0.0015170963373926515,0.01590819923946945,0.008092345071681809,0.04688275168978633,0.03125928927009395,0.0060051281205311495,-0.002213418680636733,0.004524308924457074,0.006438277481218816,0.0032990071006487047,-0.0006886601148711104,0.0,0.0,0.0,0.0,0.0,0.0,0.0,0.0,0.0,0.0
0.002268513618697336,0.022576085330210462,0.018890452064896944,-0.002714323007577921,0.038547843383705,0.000879782639950507,0.006391133674479422,0.0012838551470507162,0.002049200834425227,-0.002159352666457579,0.01298829286883241,0.019438338142051873,0.032203627015950906,0.003638966430817137,0.030163475973233364,-0.003149420190770535,-0.0014389355836007213,0.006123883245858126,0.0025045314023821458,0.0009840108652429513,0.0,0.0,0.0,0.0,0.0,0.0,0.0,0.0,0.0,0.0
0.02290360295681157,0.054799707943759934,0.022230975308207994,0.05253569117984467,0.03843687326553687,0.020928988619717523,0.002756074545226966,0.0023279343766867892,0.002819837771265963,-0.00038630998123950837,0.028021565407830254,0.057911975970922555,0.022622589193680404,0.05080327008511038,0.04880502435138753,0.0009768216589260926,0.004343251282822876,0.013019342471189447,0.004717138126400227,0.0008956066552899856,0.0,0.0,0.0,0.0,0.0,0.0,0.0,0.0,0.0,0.0
0.007741358701275916,0.05442089603796105,-0.027887185149594297,0.01533482317710856,0.0094590037134779,-0.001943640059284269,0.006966899110582507,0.0011574306769868105,0.0030133251174452344,0.0010572307585130516,0.04117199416478574,-0.0016530889338294415,-0.006725318339350836,-0.004069203451542358,0.014612471761363658,-0.0035843615351115804,0.0046308012549847125,-0.05945206381062227,0.00014707370518542135,0.0011540696775962978,0.0,0.0,0.0,0.0,0.0,0.0,0.0,0.0,0.0,0.0
0.07289834235860135,0.0518505384088538,0.021322197687702254,0.05616570774440448,0.03856542642216422,-0.0012766257468444634,-0.0003333972516532963,-0.000417529212973824,0.004405161996290683,0.0042628969964176025,0.01257620210676627,0.012149184017907726,0.0062205130211205484,0.04060390657392315,0.019944760046696194,-0.00047875197852491016,0.00363609360157301,0.007575848187831101,0.003118628895802735,0.0015806897075788117,0.0,0.0,0.0,0.0,0.0,0.0,0.0,0.0,0.0,0.0
0.02281014395602861,0.041272688284174075,0.02070455346918802,0.04627903599904973,0.044828136351558835,0.03570182619867604,0.000813239549341478,0.020605078706407404,0.0018609489177149317,0.0025955453020113156,0.017593135424913805,-0.005236555881278863,0.03120033723063407,0.0490137108110123,0.03683361309802407,-0.0017433381258876819,0.004901667483083544,0.012227823016024588,0.0027552112058352725,0.0005997920221368263,0.0,0.0,0.0,0.0,0.0,0.0,0.0,0.0,0.0,0.0
0.07258008040885894,-0.019532297398581935,0.057144816010409494,0.04670785658759359,0.007219012645393025,-0.001247201524953209,0.002919010039104895,0.0011599655657509858,0.0027057052576694982,0.0004163581278337764,0.01905342461677842,0.03616598937409059,0.022374562377579264,0.0008729496846152778,-0.004123763758290841,9.90418944700712e-05,0.004499105048349681,0.016034431862043286,0.00023593361768243893,-0.0015633833160262195,0.0,0.0,0.0,0.0,0.0,0.0,0.0,0.0,0.0,0.0
0.00825436658536067,0.028271582413288823,0.01598131833310457,0.0018979596512269565,0.06421312594951413,-0.0017702903662537772,0.00671586970102844,0.0013869422743099792,0.005284386721874473,-0.001095769704665483,0.009116632609869509,0.04344071557244737,0.028457280956992032,0.013728791754506857,0.04667321253646109,0.00036898838266236403,0.003004544083981409,0.007984502100296206,-0.02066894073369945,0.026393770707152774,0.0,0.0,0.0,0.0,0.0,0.0,0.0,0.0,0.0,0.0
0.027501166713381115,0.05944856050206108,0.032322964331468695,-0.03429018553378719,-0.0028671403955262786,-0.0010643004350592493,0.001898080367819254,-0.0010157958756332177,0.0007968971176653667,-0.0031630554126114204,0.012825512676419874,0.08268320936733643,0.005205221967113304,-0.04085056707179451,-0.0037987144507034567,-0.0083661368275016,-0.000455068133290946,0.005689499677217516,0.005623713636033571,0.0005977348997637885,0.0,0.0,0.0,0.0,0.0,0.0,0.0,0.0,0.0,0.0
0.051848877318956314,0.009028212390162486,0.018136220223986727,0.0036784204274007432,0.012082657304311052,-0.002056953730176098,-0.0037191139677367722,0.038303808404282644,0.005001399154003505,-0.0023307212641375265,0.045286163540654505,-0.00953862314075101,0.027417767010441785,0.045097392659230386,0.033517612339188645,0.015211708583660872,0.006730945659365592,0.00575061045807264,0.0023284491227144573,0.0031157929668216952,0.0,0.0,0.0,0.0,0.0,0.0,0.0,0.0,0.0,0.0
0.0026550567866612407,-0.002743510006413527,0.025552026101537135,0.03873454786532981,0.04200840451752875,-0.0037584070304180527,0.0065013522158539755,0.004637493907484568,0.0035429297148962544,-0.0001984001783629244,0.002089884185329962,-0.013857072484191163,0.005040415318335303,0.011264409497166703,0.06776914882908437,0.0013270693851448654,-0.003866033746657166,0.01381994591758534,0.000750614159113404,0.0005002080294499824,0.0,0.0,0.0,0.0,0.0,0.0,0.0,0.0,0.0,0.0
0.0026042730330632113,0.05879418669203193,0.009964885602660045,0.024930001697441882,-0.0009795715222839843,-0.0028197406826830115,0.050720971091183044,0.0036275971211319645,0.0008282317072194558,-0.003328757317703687,0.016656966647312553,0.07519918992851415,0.00015547245054846852,0.0364442789124314,0.010264205851475746,0.0012375376962404949,0.0033923690624664076,0.006109905397242987,0.00321647726158886,-0.003296883509510892,0.0,0.0,0.0,0.0,0.0,0.0,0.0,0.0,0.0,0.0
0.029490310369554913,-0.03168344676948025,-0.015020275452344571,0.052405562919290154,-0.0032662814681653214,-0.004067254246570291,0.005093647142666292,0.00018241477474264706,0.003895916059261799,-0.0025294740517911797,0.013711428965374478,0.00841883067529139,-0.005663666531466791,0.0034005962020205336,0.023674152659228655,0.0060841895458939735,0.00435173545185783,-0.015466659949365937,-0.0006037967178587877,0.0013136675422367114,0.0,0.0,0.0,0.0,0.0,0.0,0.0,0.0,0.0,0.0
0.061435095307243705,0.0006046374604446711,-0.0012031607606237808,0.007945581144116835,0.05525036832658256,-0.0019338052892162287,0.002081725892959708,-0.001954663989777069,0.003954108856237967,7.969021771558291e-05,0.014511622242027363,0.006986977038299981,0.033543325975269385,-0.026490541871024044,0.02995087977412195,0.0009448362849473092,0.004450012709157043,0.007706730830730571,0.00032133383078262535,0.0005368431403750113,0.0,0.0,0.0,0.0,0.0,0.0,0.0,0.0,0.0,0.0
0.02673407435117959,0.05796390686243386,0.0205616906752989,0.011233558532301409,0.034918275278189935,0.001061501714516239,0.002633023345366352,0.004422333874610136,0.003028227020412889,0.0012313594941230376,0.028242534127528893,0.08489071352175183,0.03769136977226153,-0.004320537984676214,0.05556973396073843,0.0011674652214579485,0.005972259879263845,-0.0009819239501887103,0.0026631105914360796,0.0190389208323656,0.0,0.0,0.0,0.0,0.0,0.0,0.0,0.0,0.0,0.0
-0.002450526095677805,-0.005815839655537555,-0.005990039509027816,0.0016832251649080102,0.027195519252672946,-0.0025880833211701297,0.00017310995072727467,0.0019027255136564376,0.003436280414922115,-0.0023389045761039173,0.020832512623730547,-0.04104656501811373,-0.000451193246808787,-0.012033537407364507,0.0037162762981113274,0.0012881967905221485,-0.001032194238944158,0.004782722530295201,-0.002850318830892545,0.06922562288955326,0.0,0.0,0.0,0.0,0.0,0.0,0.0,0.0,0.0,0.0
0.04161132768304493,0.042473288723618025,-0.016064899472657213,0.044697698185874005,0.048223145820686084,-0.00019015431429668733,-0.002040109533518728,0.001634039224244656,0.0047316901075034005,-0.0022504084239845555,0.02757876124855087,0.005076351447139612,0.006179883314992237,0.042543524216700226,0.02699653292370813,0.0015564642659459894,0.004474167446702823,-0.04269634675091084,0.002501558798365744,0.001685082208660653,0.0,0.0,0.0,0.0,0.0,0.0,0.0,0.0,0.0,0.0
0.008575954857422958,0.04144168849219856,0.03385110548531989,0.051521383577722096,0.05222057448096571,-0.00045630227549805244,0.005020516649865121,0.003996978924351526,0.003690553726456199,0.002384895138919041,0.03908259057687264,0.07328568749138073,0.009676170668754735,0.02707207627914446,0.06870852306390458,-0.00046763621398318654,0.003183625955127854,0.012081294501173359,0.0026193503083835894,0.003109440950485518,0.0,0.0,0.0,0.0,0.0,0.0,0.0,0.0,0.0,0.0
0.015400908974996935,0.0010276791407698854,0.021604846443507134,0.011751401356453228,0.04248707824868131,-0.0036963515759363265,-0.0009525957995624603,0.045460910848484457,0.006792783979544606,-0.0038146238714249743,0.012357807529742382,0.005349527889358711,0.034205450185681836,0.028868459263210338,0.0018369891172826587,-0.0008340132021907328,0.00323907953599701,0.003371646751210043,-4.5347667281629926e-05,0.0016480166520088262,0.0,0.0,0.0,0.0,0.0,0.0,0.0,0.0,0.0,0.0
0.02629057363793517,-0.04955682069568786,0.00821707851777831,0.011040611404672666,0.02993636693821854,-0.004533334037351081,-0.0018535020822789702,0.039341339568777625,0.002624783808167885,0.0004929332262184269,0.01989914817890675,-0.004909886636593609,0.027815187680362504,-0.027039427557796127,0.018069972612621974,0.0182074128545503,-0.017269339567731,0.02139442399294093,0.0035557154619005665,-0.003001640185241457,0.0,0.0,0.0,0.0,0.0,0.0,0.0,0.0,0.0,0.0
0.015294705670785641,0.0679365264066385,0.03008852036852781,0.04454140743763798,0.03751255044117477,-0.0016628595081076979,0.0005860089440928876,0.0036736375446154864,0.0046331785931163,-5.685984174120073e-05,0.030956065530245068,0.06843960259401752,-0.0003465340989522737,0.02215565024858081,0.006672177225276104,0.000910087890427304,0.013534627250293746,0.014198603439148944,0.004235054753442214,0.00041944623115152817,0.0,0.0,0.0,0.0,0.0,0.0,0.0,0.0,0.0,0.0
