model,auc_roc_mean,auc_roc_std,auc_pr_mean,auc_pr_std,issr_10_mean,issr_25_mean
GCN (2-layer),0.6534785341342217,0.009692218860769104,0.8464582591626659,0.011168322233711031,0.8526315789473683,0.8653061224489796
"GAT (2-layer, 4-head)",0.6088325706643056,0.04467851590112796,0.835150906334769,0.011303634953674226,0.8947368421052632,0.8571428571428571
