{
  "threshold": 0.3559,
  "overall_precision": 0.7337367624810892,
  "overall_recall": 0.9897959183673469,
  "overall_f1": 0.842745438748914,
  "min_subgroup_f1": 0.8329297820823244,
  "method": "RandomForest",
  "feature_mode": 30,
  "selection_objective": "maximize minimum subgroup F1, then overall F1, then recall"
}