metric,rf_cv_mean,rf_cv_std,xgb_cv_mean,xgb_cv_std
auc_roc,0.753626799557032,0.0326055380119473,0.7062422311117138,0.015822958553611068
auc_pr,0.849725119964613,0.02565196372612543,0.815376426465013,0.021796580737060176
issr_10,0.8571428571428571,0.10101525445522108,0.8142857142857143,0.08571428571428572
issr_25,0.8514285714285714,0.02138089935299391,0.8342857142857143,0.02138089935299391
