fold,subgroup_key,subgroup_value,n_samples,n_positive,n_negative,auc_roc,auc_pr,issr_10,issr_25,precision_10,recall_10,ndcg_10,precision_25,recall_25,ndcg_25,method
1,overall,all,914,628,286,0.6947574718275356,0.821700588398011,0.9120879120879121,0.8421052631578947,0.9120879120879121,0.1321656050955414,0.9212923025482199,0.8421052631578947,0.3057324840764331,0.8594588627899347,RandomForest
1,virus,CMV,100,77,23,0.849802371541502,0.9436093636141751,1.0,0.96,1.0,0.12987012987012986,1.0,0.96,0.3116883116883117,0.9688900263377135,RandomForest
1,virus,DENV,97,97,0,,,,,,,,,,,RandomForest
1,virus,EBV,32,25,7,0.6114285714285714,0.853213241343421,0.6666666666666666,0.875,0.6666666666666666,0.08,0.7653606369886218,0.875,0.28,0.8735286486161715,RandomForest
1,virus,HBV,71,36,35,0.6623015873015873,0.7355949430619104,1.0,0.8235294117647058,1.0,0.19444444444444445,1.0000000000000002,0.8235294117647058,0.3888888888888889,0.8696421664578887,RandomForest
1,virus,HCV,38,25,13,0.7292307692307692,0.8108935792284164,0.6666666666666666,0.7777777777777778,0.6666666666666666,0.08,0.7653606369886218,0.7777777777777778,0.28,0.8083286100076827,RandomForest
1,virus,HIV-1,36,22,14,0.6688311688311688,0.7580348948142841,1.0,0.7777777777777778,1.0,0.13636363636363635,1.0,0.7777777777777778,0.3181818181818182,0.807843361168721,RandomForest
1,virus,HPV,11,0,11,,,,,,,,,,,RandomForest
1,virus,HPV16,20,20,0,,,,,,,,,,,RandomForest
1,virus,HPV18,7,4,3,,,,,,,,,,,RandomForest
1,virus,IAV,41,21,20,0.6916666666666667,0.7283917095324832,0.75,0.7,0.75,0.14285714285714285,0.8318724637288825,0.7,0.3333333333333333,0.7624164915943118,RandomForest
1,virus,RSV,3,3,0,,,,,,,,,,,RandomForest
1,virus,SARS-CoV-2,458,298,160,0.6473573825503356,0.7701815678032005,0.8888888888888888,0.8070175438596491,0.8888888888888888,0.1342281879194631,0.9050795574259144,0.8070175438596491,0.3087248322147651,0.829917344591152,RandomForest
1,protein,BARF1_EBVG,3,3,0,,,,,,,,,,,RandomForest
1,protein,BRLF1_EBVB9,1,1,0,,,,,,,,,,,RandomForest
1,protein,BZLF1_EBVB9,1,1,0,,,,,,,,,,,RandomForest
1,protein,DPOL_EBVG,1,1,0,,,,,,,,,,,RandomForest
1,protein,EAD_EBVG,1,0,1,,,,,,,,,,,RandomForest
1,protein,EBNA1_EBVB9,1,0,1,,,,,,,,,,,RandomForest
1,protein,EBNA1_EBVG,1,1,0,,,,,,,,,,,RandomForest
1,protein,EBNA3_EBVB9,2,2,0,,,,,,,,,,,RandomForest
1,protein,EBNA4_EBVB9,1,1,0,,,,,,,,,,,RandomForest
1,protein,EBNA6_EBVG,2,1,1,,,,,,,,,,,RandomForest
1,protein,GB_EBVG,1,1,0,,,,,,,,,,,RandomForest
1,protein,ICP27_EBVB9,3,1,2,,,,,,,,,,,RandomForest
1,protein,LMP1_EBVB9,1,1,0,,,,,,,,,,,RandomForest
1,protein,LMP2_EBVB9,6,5,1,,,,,,,,,,,RandomForest
1,protein,LTP_EBVG,1,1,0,,,,,,,,,,,RandomForest
1,protein,RIR2_EBVG,1,1,0,,,,,,,,,,,RandomForest
1,protein,SYNTH_AADLDDFSKQL,1,1,0,,,,,,,,,,,RandomForest
1,protein,SYNTH_AALLADKFPV,1,0,1,,,,,,,,,,,RandomForest
1,protein,SYNTH_AEHVNNSY,1,1,0,,,,,,,,,,,RandomForest
1,protein,SYNTH_AEIPKEEVKPF,1,0,1,,,,,,,,,,,RandomForest
1,protein,SYNTH_AFAKYLWEW,1,0,1,,,,,,,,,,,RandomForest
1,protein,SYNTH_AFPFTIYSL,1,0,1,,,,,,,,,,,RandomForest
1,protein,SYNTH_AGAAAYYVGY,1,0,1,,,,,,,,,,,RandomForest
1,protein,SYNTH_AGDSGFAAY,1,0,1,,,,,,,,,,,RandomForest
1,protein,SYNTH_AGLPYGANK,1,0,1,,,,,,,,,,,RandomForest
1,protein,SYNTH_AIFQCSMTK,1,0,1,,,,,,,,,,,RandomForest
1,protein,SYNTH_AIFQSSMTK,1,0,1,,,,,,,,,,,RandomForest
1,protein,SYNTH_AIHVSGTNGTK,1,0,1,,,,,,,,,,,RandomForest
1,protein,SYNTH_AIIRILQQL,1,1,0,,,,,,,,,,,RandomForest
1,protein,SYNTH_AIKLDDKDP,1,1,0,,,,,,,,,,,RandomForest
1,protein,SYNTH_AIMTRCLAV,1,1,0,,,,,,,,,,,RandomForest
1,protein,SYNTH_AISDYDYYR,1,1,0,,,,,,,,,,,RandomForest
1,protein,SYNTH_AISGTNGTK,1,0,1,,,,,,,,,,,RandomForest
1,protein,SYNTH_AIVSTIQRK,1,0,1,,,,,,,,,,,RandomForest
1,protein,SYNTH_AIYGAAFSGV,1,1,0,,,,,,,,,,,RandomForest
1,protein,SYNTH_ALDPLSETK,1,1,0,,,,,,,,,,,RandomForest
1,protein,SYNTH_ALFFFDIDL,1,1,0,,,,,,,,,,,RandomForest
1,protein,SYNTH_ALFNQLVFTA,1,1,0,,,,,,,,,,,RandomForest
1,protein,SYNTH_ALNLGETFV,1,1,0,,,,,,,,,,,RandomForest
1,protein,SYNTH_ALNTPKDHI,1,1,0,,,,,,,,,,,RandomForest
1,protein,SYNTH_ALPLKMLNI,1,1,0,,,,,,,,,,,RandomForest
1,protein,SYNTH_ALSEGVYRI,1,1,0,,,,,,,,,,,RandomForest
1,protein,SYNTH_ALSGVFCGV,1,1,0,,,,,,,,,,,RandomForest
1,protein,SYNTH_ALSTGLIHL,1,1,0,,,,,,,,,,,RandomForest
1,protein,SYNTH_ALWYVWQVK,1,1,0,,,,,,,,,,,RandomForest
1,protein,SYNTH_ALYPEYIYTV,1,1,0,,,,,,,,,,,RandomForest
1,protein,SYNTH_ALYYPSARI,1,1,0,,,,,,,,,,,RandomForest
1,protein,SYNTH_AMASASTSA,1,0,1,,,,,,,,,,,RandomForest
1,protein,SYNTH_AMQTMLFTM,1,1,0,,,,,,,,,,,RandomForest
1,protein,SYNTH_APATVCGPK,1,1,0,,,,,,,,,,,RandomForest
1,protein,SYNTH_APGQTGKIA,1,0,1,,,,,,,,,,,RandomForest
1,protein,SYNTH_APRITFGGP,1,1,0,,,,,,,,,,,RandomForest
1,protein,SYNTH_APTLVPQEHYV,1,1,0,,,,,,,,,,,RandomForest
1,protein,SYNTH_APTRVVAAEM,2,2,0,,,,,,,,,,,RandomForest
1,protein,SYNTH_APYLRDTL,1,1,0,,,,,,,,,,,RandomForest
1,protein,SYNTH_AQFAPSASAF,1,1,0,,,,,,,,,,,RandomForest
1,protein,SYNTH_AQPKRRRHR,1,1,0,,,,,,,,,,,RandomForest
1,protein,SYNTH_ASCMGLIYNR,1,1,0,,,,,,,,,,,RandomForest
1,protein,SYNTH_ASFSTFKCY,1,1,0,,,,,,,,,,,RandomForest
1,protein,SYNTH_ASGKQMWQA,1,1,0,,,,,,,,,,,RandomForest
1,protein,SYNTH_ATAEAELAK,1,0,1,,,,,,,,,,,RandomForest
1,protein,SYNTH_ATDALMTGF,1,1,0,,,,,,,,,,,RandomForest
1,protein,SYNTH_ATPSDFVRA,1,0,1,,,,,,,,,,,RandomForest
1,protein,SYNTH_ATTFLQTMLR,1,0,1,,,,,,,,,,,RandomForest
1,protein,SYNTH_ATVQGQNLK,1,1,0,,,,,,,,,,,RandomForest
1,protein,SYNTH_AVASKILGL,1,1,0,,,,,,,,,,,RandomForest
1,protein,SYNTH_AVDLSHFLK,1,0,1,,,,,,,,,,,RandomForest
1,protein,SYNTH_AVFDKNLYDK,1,1,0,,,,,,,,,,,RandomForest
1,protein,SYNTH_AVILRGHLR,1,0,1,,,,,,,,,,,RandomForest
1,protein,SYNTH_AVLDMCASLK,1,0,1,,,,,,,,,,,RandomForest
1,protein,SYNTH_AVMYMGTLSY,1,0,1,,,,,,,,,,,RandomForest
1,protein,SYNTH_AYFKDCVFK,1,0,1,,,,,,,,,,,RandomForest
1,protein,SYNTH_AYLGLSKKL,1,0,1,,,,,,,,,,,RandomForest
1,protein,SYNTH_AYQKRMGVQM,1,0,1,,,,,,,,,,,RandomForest
1,protein,SYNTH_CFAYYFMRF,1,1,0,,,,,,,,,,,RandomForest
1,protein,SYNTH_CILHCANFNV,1,0,1,,,,,,,,,,,RandomForest
1,protein,SYNTH_CLAVHECFV,1,1,0,,,,,,,,,,,RandomForest
1,protein,SYNTH_CLGGLITMV,1,1,0,,,,,,,,,,,RandomForest
1,protein,SYNTH_CPACHNSEV,1,1,0,,,,,,,,,,,RandomForest
1,protein,SYNTH_CPTQGEATL,1,1,0,,,,,,,,,,,RandomForest
1,protein,SYNTH_CTELKLSDYH,1,0,1,,,,,,,,,,,RandomForest
1,protein,SYNTH_CTLSEQLDFI,1,0,1,,,,,,,,,,,RandomForest
1,protein,SYNTH_CVMYASAVV,1,1,0,,,,,,,,,,,RandomForest
1,protein,SYNTH_DDKDPNFKD,1,1,0,,,,,,,,,,,RandomForest
1,protein,SYNTH_DDKDPQFKD,1,1,0,,,,,,,,,,,RandomForest
1,protein,SYNTH_DEFVVVTV,1,1,0,,,,,,,,,,,RandomForest
1,protein,SYNTH_DELRRKMMYM,1,1,0,,,,,,,,,,,RandomForest
1,protein,SYNTH_DIYRIFAEL,1,1,0,,,,,,,,,,,RandomForest
1,protein,SYNTH_DKVFRSSVL,1,0,1,,,,,,,,,,,RandomForest
1,protein,SYNTH_DLCGSVFLV,1,1,0,,,,,,,,,,,RandomForest
1,protein,SYNTH_DLDFGDLLKY,1,1,0,,,,,,,,,,,RandomForest
1,protein,SYNTH_DLFMRIFTI,1,1,0,,,,,,,,,,,RandomForest
1,protein,SYNTH_DLLFNKVTL,1,0,1,,,,,,,,,,,RandomForest
1,protein,SYNTH_DLMRRGDLPV,1,1,0,,,,,,,,,,,RandomForest
1,protein,SYNTH_DLPLIIQRL,1,1,0,,,,,,,,,,,RandomForest
1,protein,SYNTH_DLPQGFSAL,1,0,1,,,,,,,,,,,RandomForest
1,protein,SYNTH_DPIPYDPKF,1,1,0,,,,,,,,,,,RandomForest
1,protein,SYNTH_DPNNMDRAV,1,0,1,,,,,,,,,,,RandomForest
1,protein,SYNTH_DVLLPLTQY,1,1,0,,,,,,,,,,,RandomForest
1,protein,SYNTH_DYEPVPRKF,1,0,1,,,,,,,,,,,RandomForest
1,protein,SYNTH_DYKHWPQIAQF,1,1,0,,,,,,,,,,,RandomForest
1,protein,SYNTH_EDMNLPGRW,1,0,1,,,,,,,,,,,RandomForest
1,protein,SYNTH_EEATALGREL,1,1,0,,,,,,,,,,,RandomForest
1,protein,SYNTH_EEDLTMTRN,1,1,0,,,,,,,,,,,RandomForest
1,protein,SYNTH_EFFWDANDI,1,1,0,,,,,,,,,,,RandomForest
1,protein,SYNTH_EILGTVSWNL,1,1,0,,,,,,,,,,,RandomForest
1,protein,SYNTH_EILPVSMTK,1,0,1,,,,,,,,,,,RandomForest
1,protein,SYNTH_EKEENLVNSL,1,1,0,,,,,,,,,,,RandomForest
1,protein,SYNTH_ELEGVWQPA,1,1,0,,,,,,,,,,,RandomForest
1,protein,SYNTH_ELKGMSYAM,1,1,0,,,,,,,,,,,RandomForest
1,protein,SYNTH_ELKSRYWAI,1,1,0,,,,,,,,,,,RandomForest
1,protein,SYNTH_ELMRRGDLPV,1,1,0,,,,,,,,,,,RandomForest
1,protein,SYNTH_ELPDEFVVV,1,1,0,,,,,,,,,,,RandomForest
1,protein,SYNTH_ELYSPIFLI,1,1,0,,,,,,,,,,,RandomForest
1,protein,SYNTH_ELYSPIFLIV,1,1,0,,,,,,,,,,,RandomForest
1,protein,SYNTH_EPKEGTKKLM,1,1,0,,,,,,,,,,,RandomForest
1,protein,SYNTH_EQYIKWPWYI,1,1,0,,,,,,,,,,,RandomForest
1,protein,SYNTH_EQYIKWPWYIW,1,1,0,,,,,,,,,,,RandomForest
1,protein,SYNTH_ETALALLLL,1,1,0,,,,,,,,,,,RandomForest
1,protein,SYNTH_EWSMATYYLF,1,0,1,,,,,,,,,,,RandomForest
1,protein,SYNTH_EYHDVRVVL,1,1,0,,,,,,,,,,,RandomForest
1,protein,SYNTH_EYLVSFGVW,1,1,0,,,,,,,,,,,RandomForest
1,protein,SYNTH_EYLVSFGVWI,1,0,1,,,,,,,,,,,RandomForest
1,protein,SYNTH_FAFADLTVV,1,0,1,,,,,,,,,,,RandomForest
1,protein,SYNTH_FAMQMAYRF,1,1,0,,,,,,,,,,,RandomForest
1,protein,SYNTH_FAPSASAFF,1,1,0,,,,,,,,,,,RandomForest
1,protein,SYNTH_FASEAARVV,1,1,0,,,,,,,,,,,RandomForest
1,protein,SYNTH_FASTEKSNII,1,0,1,,,,,,,,,,,RandomForest
1,protein,SYNTH_FAVSKGFFK,1,1,0,,,,,,,,,,,RandomForest
1,protein,SYNTH_FCNDPFLGV,1,1,0,,,,,,,,,,,RandomForest
1,protein,SYNTH_FDIDLLLQR,1,1,0,,,,,,,,,,,RandomForest
1,protein,SYNTH_FEPSTQYEY,1,1,0,,,,,,,,,,,RandomForest
1,protein,SYNTH_FFASFYYVW,1,0,1,,,,,,,,,,,RandomForest
1,protein,SYNTH_FFFDIDLLL,1,0,1,,,,,,,,,,,RandomForest
1,protein,SYNTH_FFFDIDLLLQ,1,0,1,,,,,,,,,,,RandomForest
1,protein,SYNTH_FFSYFAVHF,1,1,0,,,,,,,,,,,RandomForest
1,protein,SYNTH_FGDDTVIEV,2,2,0,,,,,,,,,,,RandomForest
1,protein,SYNTH_FGLVAEWFLA,1,1,0,,,,,,,,,,,RandomForest
1,protein,SYNTH_FIAGNSAYEYV,1,1,0,,,,,,,,,,,RandomForest
1,protein,SYNTH_FIDTKRGVY,1,1,0,,,,,,,,,,,RandomForest
1,protein,SYNTH_FIPMDSTVKNY,1,1,0,,,,,,,,,,,RandomForest
1,protein,SYNTH_FISSKHTL,1,1,0,,,,,,,,,,,RandomForest
1,protein,SYNTH_FLAFVVFLL,1,1,0,,,,,,,,,,,RandomForest
1,protein,SYNTH_FLAFVVFLLV,1,0,1,,,,,,,,,,,RandomForest
1,protein,SYNTH_FLAHIQWMV,1,1,0,,,,,,,,,,,RandomForest
1,protein,SYNTH_FLARGIVFMC,1,0,1,,,,,,,,,,,RandomForest
1,protein,SYNTH_FLCWHTNCY,1,1,0,,,,,,,,,,,RandomForest
1,protein,SYNTH_FLEGETLPT,1,1,0,,,,,,,,,,,RandomForest
1,protein,SYNTH_FLGVYYHKNN,1,0,1,,,,,,,,,,,RandomForest
1,protein,SYNTH_FLHVTYVPA,1,1,0,,,,,,,,,,,RandomForest
1,protein,SYNTH_FLIGCNYLG,1,1,0,,,,,,,,,,,RandomForest
1,protein,SYNTH_FLKKDAPYI,1,0,1,,,,,,,,,,,RandomForest
1,protein,SYNTH_FLLAQFTSAI,1,0,1,,,,,,,,,,,RandomForest
1,protein,SYNTH_FLLPSLATV,1,0,1,,,,,,,,,,,RandomForest
1,protein,SYNTH_FLLSLGIHI,1,1,0,,,,,,,,,,,RandomForest
1,protein,SYNTH_FLNMTTRLVV,1,0,1,,,,,,,,,,,RandomForest
1,protein,SYNTH_FLNRVCGVSA,1,0,1,,,,,,,,,,,RandomForest
1,protein,SYNTH_FLPADFFPSI,1,1,0,,,,,,,,,,,RandomForest
1,protein,SYNTH_FLPADFFPSV,1,1,0,,,,,,,,,,,RandomForest
1,protein,SYNTH_FLPFAMGII,1,1,0,,,,,,,,,,,RandomForest
1,protein,SYNTH_FLPGVYSVI,1,1,0,,,,,,,,,,,RandomForest
1,protein,SYNTH_FLPHDFFPSI,1,1,0,,,,,,,,,,,RandomForest
1,protein,SYNTH_FLPHDFFPSV,1,1,0,,,,,,,,,,,RandomForest
1,protein,SYNTH_FLPNDFFPSA,1,1,0,,,,,,,,,,,RandomForest
1,protein,SYNTH_FLPNDFFPSV,1,1,0,,,,,,,,,,,RandomForest
1,protein,SYNTH_FLQSINFVRI,1,0,1,,,,,,,,,,,RandomForest
1,protein,SYNTH_FLTENLLLYI,1,1,0,,,,,,,,,,,RandomForest
1,protein,SYNTH_FLVQAGNVQL,1,0,1,,,,,,,,,,,RandomForest
1,protein,SYNTH_FLWEWASAR,1,0,1,,,,,,,,,,,RandomForest
1,protein,SYNTH_FLYENAFLP,1,1,0,,,,,,,,,,,RandomForest
1,protein,SYNTH_FLYENAFLPF,1,0,1,,,,,,,,,,,RandomForest
1,protein,SYNTH_FLYIIKLIFL,1,0,1,,,,,,,,,,,RandomForest
1,protein,SYNTH_FMIDVQQWG,1,1,0,,,,,,,,,,,RandomForest
1,protein,SYNTH_FMIDVQQWGF,1,0,1,,,,,,,,,,,RandomForest
1,protein,SYNTH_FMMNRRRLL,1,1,0,,,,,,,,,,,RandomForest
1,protein,SYNTH_FMMNRRRLLA,1,0,1,,,,,,,,,,,RandomForest
1,protein,SYNTH_FMYSDFHFI,1,1,0,,,,,,,,,,,RandomForest
1,protein,SYNTH_FNATRFASVY,1,1,0,,,,,,,,,,,RandomForest
1,protein,SYNTH_FNFNGLTGT,1,0,1,,,,,,,,,,,RandomForest
1,protein,SYNTH_FPGKTVWFVP,1,1,0,,,,,,,,,,,RandomForest
1,protein,SYNTH_FPNITNLCPF,1,0,1,,,,,,,,,,,RandomForest
1,protein,SYNTH_FPQSAPHGVVF,1,1,0,,,,,,,,,,,RandomForest
1,protein,SYNTH_FPQSNAVIQD,1,1,0,,,,,,,,,,,RandomForest
1,protein,SYNTH_FPRGQGVPI,1,1,0,,,,,,,,,,,RandomForest
1,protein,SYNTH_FPVTPQVPL,1,1,0,,,,,,,,,,,RandomForest
1,protein,SYNTH_FQFCNDPFLG,1,1,0,,,,,,,,,,,RandomForest
1,protein,SYNTH_FQMIILSIGR,1,1,0,,,,,,,,,,,RandomForest
1,protein,SYNTH_FQSASKIITL,1,0,1,,,,,,,,,,,RandomForest
1,protein,SYNTH_FQYSDRRWCF,1,1,0,,,,,,,,,,,RandomForest
1,protein,SYNTH_FRRLTSREVL,1,1,0,,,,,,,,,,,RandomForest
1,protein,SYNTH_FSAVGDICY,1,1,0,,,,,,,,,,,RandomForest
1,protein,SYNTH_FSAVGNICY,1,1,0,,,,,,,,,,,RandomForest
1,protein,SYNTH_FSECNALGSY,1,1,0,,,,,,,,,,,RandomForest
1,protein,SYNTH_FSMELPSFGV,1,0,1,,,,,,,,,,,RandomForest
1,protein,SYNTH_FSYFAVHFI,1,0,1,,,,,,,,,,,RandomForest
1,protein,SYNTH_FTDNVRFSV,1,1,0,,,,,,,,,,,RandomForest
1,protein,SYNTH_FTISVTTEI,1,0,1,,,,,,,,,,,RandomForest
1,protein,SYNTH_FTRFFYVLGL,1,0,1,,,,,,,,,,,RandomForest
1,protein,SYNTH_FTSDYYQLY,1,1,0,,,,,,,,,,,RandomForest
1,protein,SYNTH_FTSQYRIQGKL,1,1,0,,,,,,,,,,,RandomForest
1,protein,SYNTH_FTVLCLTPVY,1,0,1,,,,,,,,,,,RandomForest
1,protein,SYNTH_FTYASALWEI,1,0,1,,,,,,,,,,,RandomForest
1,protein,SYNTH_FVANFSMEL,1,1,0,,,,,,,,,,,RandomForest
1,protein,SYNTH_FVDGVPFVVS,1,1,0,,,,,,,,,,,RandomForest
1,protein,SYNTH_FVFFVLLPLV,1,1,0,,,,,,,,,,,RandomForest
1,protein,SYNTH_FVFLVLLPL,1,1,0,,,,,,,,,,,RandomForest
1,protein,SYNTH_FVFPTKDVA,1,1,0,,,,,,,,,,,RandomForest
1,protein,SYNTH_FVLGGCRHKL,1,0,1,,,,,,,,,,,RandomForest
1,protein,SYNTH_FVNEFYAYL,1,1,0,,,,,,,,,,,RandomForest
1,protein,SYNTH_FVSNGTHWF,1,1,0,,,,,,,,,,,RandomForest
1,protein,SYNTH_FVVSTGYHF,1,1,0,,,,,,,,,,,RandomForest
1,protein,SYNTH_FYLTNDVSF,1,0,1,,,,,,,,,,,RandomForest
1,protein,SYNTH_FYVYSRVKNL,1,1,0,,,,,,,,,,,RandomForest
1,protein,SYNTH_GAMDTTSYR,1,0,1,,,,,,,,,,,RandomForest
1,protein,SYNTH_GAMLFLISGK,1,1,0,,,,,,,,,,,RandomForest
1,protein,SYNTH_GGKKKYQL,1,0,1,,,,,,,,,,,RandomForest
1,protein,SYNTH_GGKKRYKL,1,1,0,,,,,,,,,,,RandomForest
1,protein,SYNTH_GILGFIFTL,1,1,0,,,,,,,,,,,RandomForest
1,protein,SYNTH_GILGFVFTL,1,1,0,,,,,,,,,,,RandomForest
1,protein,SYNTH_GILGFVFTLT,1,1,0,,,,,,,,,,,RandomForest
1,protein,SYNTH_GKISHIMLD,1,1,0,,,,,,,,,,,RandomForest
1,protein,SYNTH_GLIAIVMVT,1,1,0,,,,,,,,,,,RandomForest
1,protein,SYNTH_GLITLSYHL,1,1,0,,,,,,,,,,,RandomForest
1,protein,SYNTH_GLLAHIPAL,1,1,0,,,,,,,,,,,RandomForest
1,protein,SYNTH_GLLGFAAPF,1,1,0,,,,,,,,,,,RandomForest
1,protein,SYNTH_GLMWLSYFI,1,1,0,,,,,,,,,,,RandomForest
1,protein,SYNTH_GNYNYLYRLF,1,1,0,,,,,,,,,,,RandomForest
1,protein,SYNTH_GPKVKYLYF,1,1,0,,,,,,,,,,,RandomForest
1,protein,SYNTH_GPRLGVRAT,1,1,0,,,,,,,,,,,RandomForest
1,protein,SYNTH_GPWHLGKLEM,1,1,0,,,,,,,,,,,RandomForest
1,protein,SYNTH_GSEHSLAEY,1,1,0,,,,,,,,,,,RandomForest
1,protein,SYNTH_GTASQETLLK,1,1,0,,,,,,,,,,,RandomForest
1,protein,SYNTH_GTDLEGNFY,1,0,1,,,,,,,,,,,RandomForest
1,protein,SYNTH_GTFEFTSFFY,1,1,0,,,,,,,,,,,RandomForest
1,protein,SYNTH_GTSGSPIADK,1,1,0,,,,,,,,,,,RandomForest
1,protein,SYNTH_GTSGSPIIDK,1,1,0,,,,,,,,,,,RandomForest
1,protein,SYNTH_GVEGEGLHK,1,1,0,,,,,,,,,,,RandomForest
1,protein,SYNTH_GVMTRGRLKA,1,1,0,,,,,,,,,,,RandomForest
1,protein,SYNTH_GVSSVTLLK,1,1,0,,,,,,,,,,,RandomForest
1,protein,SYNTH_GVWIRTPTA,1,1,0,,,,,,,,,,,RandomForest
1,protein,SYNTH_GVYFASIEK,1,1,0,,,,,,,,,,,RandomForest
1,protein,SYNTH_GVYFASTEK,1,1,0,,,,,,,,,,,RandomForest
1,protein,SYNTH_GYLQPRTFLL,1,0,1,,,,,,,,,,,RandomForest
1,protein,SYNTH_GYPALMPL,1,0,1,,,,,,,,,,,RandomForest
1,protein,SYNTH_GYPALMPLY,1,1,0,,,,,,,,,,,RandomForest
1,protein,SYNTH_HADQLTPTW,1,1,0,,,,,,,,,,,RandomForest
1,protein,SYNTH_HALLATSIF,1,1,0,,,,,,,,,,,RandomForest
1,protein,SYNTH_HETGVYQMW,1,1,0,,,,,,,,,,,RandomForest
1,protein,SYNTH_HFISNSWLM,1,1,0,,,,,,,,,,,RandomForest
1,protein,SYNTH_HFQRALIFIL,1,1,0,,,,,,,,,,,RandomForest
1,protein,SYNTH_HIVQKIKMCFK,1,0,1,,,,,,,,,,,RandomForest
1,protein,SYNTH_HLKDGTCGL,1,1,0,,,,,,,,,,,RandomForest
1,protein,SYNTH_HLVDFQVTIA,1,1,0,,,,,,,,,,,RandomForest
1,protein,SYNTH_HNPAVFTWP,1,1,0,,,,,,,,,,,RandomForest
1,protein,SYNTH_HPLADNKFAL,1,1,0,,,,,,,,,,,RandomForest
1,protein,SYNTH_HPNPKGFCDL,1,0,1,,,,,,,,,,,RandomForest
1,protein,SYNTH_HPRVSSEVHI,1,0,1,,,,,,,,,,,RandomForest
1,protein,SYNTH_HPVAEADYFEY,1,1,0,,,,,,,,,,,RandomForest
1,protein,SYNTH_HPVGQADYFEY,1,1,0,,,,,,,,,,,RandomForest
1,protein,SYNTH_HSDKFTDGV,1,1,0,,,,,,,,,,,RandomForest
1,protein,SYNTH_HSNLNDATY,1,1,0,,,,,,,,,,,RandomForest
1,protein,SYNTH_HSRKKCDEL,1,1,0,,,,,,,,,,,RandomForest
1,protein,SYNTH_HTLWKAGILYK,1,1,0,,,,,,,,,,,RandomForest
1,protein,SYNTH_HTWDRHDEG,1,1,0,,,,,,,,,,,RandomForest
1,protein,SYNTH_HVDTDLTKPY,1,1,0,,,,,,,,,,,RandomForest
1,protein,SYNTH_HWPQIAQF,1,1,0,,,,,,,,,,,RandomForest
1,protein,SYNTH_IAIPTNFTI,1,0,1,,,,,,,,,,,RandomForest
1,protein,SYNTH_IAMACLVGL,1,1,0,,,,,,,,,,,RandomForest
1,protein,SYNTH_IFFITGNTL,1,1,0,,,,,,,,,,,RandomForest
1,protein,SYNTH_IFVDGVPFVV,1,0,1,,,,,,,,,,,RandomForest
1,protein,SYNTH_IGMNSRSTSL,1,1,0,,,,,,,,,,,RandomForest
1,protein,SYNTH_IILEFFLMV,1,1,0,,,,,,,,,,,RandomForest
1,protein,SYNTH_IINKRKKTSL,1,1,0,,,,,,,,,,,RandomForest
1,protein,SYNTH_IINNTVYTK,2,0,2,,,,,,,,,,,RandomForest
1,protein,SYNTH_IITTDNTFV,1,1,0,,,,,,,,,,,RandomForest
1,protein,SYNTH_IIWVATEGA,1,1,0,,,,,,,,,,,RandomForest
1,protein,SYNTH_IKRGLRTLIL,1,1,0,,,,,,,,,,,RandomForest
1,protein,SYNTH_IKWPWYIWLGF,1,0,1,,,,,,,,,,,RandomForest
1,protein,SYNTH_ILAGYGAGV,1,0,1,,,,,,,,,,,RandomForest
1,protein,SYNTH_ILAYCNKTV,1,1,0,,,,,,,,,,,RandomForest
1,protein,SYNTH_ILCVPNAVIL,1,1,0,,,,,,,,,,,RandomForest
1,protein,SYNTH_ILDSFEPLR,1,0,1,,,,,,,,,,,RandomForest
1,protein,SYNTH_ILGFVFTLTV,1,1,0,,,,,,,,,,,RandomForest
1,protein,SYNTH_ILHCANFNVL,1,0,1,,,,,,,,,,,RandomForest
1,protein,SYNTH_ILKEPVHGV,1,1,0,,,,,,,,,,,RandomForest
1,protein,SYNTH_ILKGKFQTA,1,0,1,,,,,,,,,,,RandomForest
1,protein,SYNTH_ILRSFIPLL,1,1,0,,,,,,,,,,,RandomForest
1,protein,SYNTH_ILSPFLPLL,1,1,0,,,,,,,,,,,RandomForest
1,protein,SYNTH_ILTSLLVLV,1,1,0,,,,,,,,,,,RandomForest
1,protein,SYNTH_IMAKNEVFCV,1,1,0,,,,,,,,,,,RandomForest
1,protein,SYNTH_IMAVGMVSI,1,1,0,,,,,,,,,,,RandomForest
1,protein,SYNTH_IMNRRKRSV,1,1,0,,,,,,,,,,,RandomForest
1,protein,SYNTH_IPIPSSWAF,1,0,1,,,,,,,,,,,RandomForest
1,protein,SYNTH_IPIPSSWAFAK,1,0,1,,,,,,,,,,,RandomForest
1,protein,SYNTH_IPITAAAWYL,1,1,0,,,,,,,,,,,RandomForest
1,protein,SYNTH_IPLTTSSKL,1,1,0,,,,,,,,,,,RandomForest
1,protein,SYNTH_IPMSTYGWNL,1,1,0,,,,,,,,,,,RandomForest
1,protein,SYNTH_IPMTFVDRDSL,1,1,0,,,,,,,,,,,RandomForest
1,protein,SYNTH_ISEHDYQIGGY,1,0,1,,,,,,,,,,,RandomForest
1,protein,SYNTH_ISGHVLKAV,1,1,0,,,,,,,,,,,RandomForest
1,protein,SYNTH_ISWDIQDEK,1,1,0,,,,,,,,,,,RandomForest
1,protein,SYNTH_ITDVFYKENSY,1,1,0,,,,,,,,,,,RandomForest
1,protein,SYNTH_ITEIALDRY,1,1,0,,,,,,,,,,,RandomForest
1,protein,SYNTH_ITNFKSVLY,1,1,0,,,,,,,,,,,RandomForest
1,protein,SYNTH_ITYSTYCKF,1,1,0,,,,,,,,,,,RandomForest
1,protein,SYNTH_IVDTVSALV,1,1,0,,,,,,,,,,,RandomForest
1,protein,SYNTH_IYNDKVAGF,1,0,1,,,,,,,,,,,RandomForest
1,protein,SYNTH_KAYNVTQAF,2,1,1,,,,,,,,,,,RandomForest
1,protein,SYNTH_KDPQFKDNV,1,1,0,,,,,,,,,,,RandomForest
1,protein,SYNTH_KEIDRLNEV,1,1,0,,,,,,,,,,,RandomForest
1,protein,SYNTH_KIAEIPKEEV,1,1,0,,,,,,,,,,,RandomForest
1,protein,SYNTH_KIFPPTEPK,1,1,0,,,,,,,,,,,RandomForest
1,protein,SYNTH_KIFVDGVPFV,1,1,0,,,,,,,,,,,RandomForest
1,protein,SYNTH_KISHIMLDV,1,1,0,,,,,,,,,,,RandomForest
1,protein,SYNTH_KLDDKDPNF,1,1,0,,,,,,,,,,,RandomForest
1,protein,SYNTH_KLFAAETLK,1,0,1,,,,,,,,,,,RandomForest
1,protein,SYNTH_KLFAAETLKA,1,0,1,,,,,,,,,,,RandomForest
1,protein,SYNTH_KLIEYTDFA,1,0,1,,,,,,,,,,,RandomForest
1,protein,SYNTH_KLIGTDNSV,1,1,0,,,,,,,,,,,RandomForest
1,protein,SYNTH_KLLEQWNLVI,1,0,1,,,,,,,,,,,RandomForest
1,protein,SYNTH_KLMGHFAWWT,1,1,0,,,,,,,,,,,RandomForest
1,protein,SYNTH_KLMSTNLCT,1,0,1,,,,,,,,,,,RandomForest
1,protein,SYNTH_KLNEEIAII,1,1,0,,,,,,,,,,,RandomForest
1,protein,SYNTH_KLSDYEGRL,1,1,0,,,,,,,,,,,RandomForest
1,protein,SYNTH_KLSGLGINAV,1,1,0,,,,,,,,,,,RandomForest
1,protein,SYNTH_KLSGLGLNAV,1,1,0,,,,,,,,,,,RandomForest
1,protein,SYNTH_KLSYGIATV,1,1,0,,,,,,,,,,,RandomForest
1,protein,SYNTH_KLVALGLNAV,1,1,0,,,,,,,,,,,RandomForest
1,protein,SYNTH_KLVNKFLAL,1,1,0,,,,,,,,,,,RandomForest
1,protein,SYNTH_KLYISWCLW,1,1,0,,,,,,,,,,,RandomForest
1,protein,SYNTH_KMLNIPSIN,1,1,0,,,,,,,,,,,RandomForest
1,protein,SYNTH_KNLSDRVVFV,1,1,0,,,,,,,,,,,RandomForest
1,protein,SYNTH_KPANNSLKI,1,0,1,,,,,,,,,,,RandomForest
1,protein,SYNTH_KPGTSGSPIV,1,1,0,,,,,,,,,,,RandomForest
1,protein,SYNTH_KPIDDRFAN,1,1,0,,,,,,,,,,,RandomForest
1,protein,SYNTH_KPRQKRTAT,1,1,0,,,,,,,,,,,RandomForest
1,protein,SYNTH_KPSGTWLTY,1,1,0,,,,,,,,,,,RandomForest
1,protein,SYNTH_KQLIKVTLV,1,1,0,,,,,,,,,,,RandomForest
1,protein,SYNTH_KQLSSNFGA,1,1,0,,,,,,,,,,,RandomForest
1,protein,SYNTH_KQMWQARLTV,1,1,0,,,,,,,,,,,RandomForest
1,protein,SYNTH_KREDQWCGSL,1,1,0,,,,,,,,,,,RandomForest
1,protein,SYNTH_KRVDWTIEY,1,1,0,,,,,,,,,,,RandomForest
1,protein,SYNTH_KSAAEASKK,1,1,0,,,,,,,,,,,RandomForest
1,protein,SYNTH_KSAGFPFNK,1,1,0,,,,,,,,,,,RandomForest
1,protein,SYNTH_KSLFNTIATL,1,1,0,,,,,,,,,,,RandomForest
1,protein,SYNTH_KSLFNTVATLY,1,1,0,,,,,,,,,,,RandomForest
1,protein,SYNTH_KSLYNTIATL,1,1,0,,,,,,,,,,,RandomForest
1,protein,SYNTH_KSLYNTVATL,1,1,0,,,,,,,,,,,RandomForest
1,protein,SYNTH_KSLYNTVAVL,1,1,0,,,,,,,,,,,RandomForest
1,protein,SYNTH_KTAYSHLSTSK,1,1,0,,,,,,,,,,,RandomForest
1,protein,SYNTH_KTFPPTEPK,1,1,0,,,,,,,,,,,RandomForest
1,protein,SYNTH_KTMNQVVMPK,1,0,1,,,,,,,,,,,RandomForest
1,protein,SYNTH_KTNCCRFQEK,1,1,0,,,,,,,,,,,RandomForest
1,protein,SYNTH_KTSERSQPR,1,0,1,,,,,,,,,,,RandomForest
1,protein,SYNTH_KVDGVDVEL,1,1,0,,,,,,,,,,,RandomForest
1,protein,SYNTH_KVFRSSVLH,1,0,1,,,,,,,,,,,RandomForest
1,protein,SYNTH_KVGNFTGLY,1,0,1,,,,,,,,,,,RandomForest
1,protein,SYNTH_KVKYLYFIK,1,0,1,,,,,,,,,,,RandomForest
1,protein,SYNTH_KVLLDILAGY,1,0,1,,,,,,,,,,,RandomForest
1,protein,SYNTH_KVLVVLLLF,1,0,1,,,,,,,,,,,RandomForest
1,protein,SYNTH_KVTKYLPLDK,1,1,0,,,,,,,,,,,RandomForest
1,protein,SYNTH_KYCDPNVLL,1,0,1,,,,,,,,,,,RandomForest
1,protein,SYNTH_KYEQYIKWP,1,1,0,,,,,,,,,,,RandomForest
1,protein,SYNTH_KYEQYIKWPW,1,1,0,,,,,,,,,,,RandomForest
1,protein,SYNTH_KYTKTIYWW,1,0,1,,,,,,,,,,,RandomForest
1,protein,SYNTH_KYTSFPWL,1,1,0,,,,,,,,,,,RandomForest
1,protein,SYNTH_KYTSFPWLL,1,1,0,,,,,,,,,,,RandomForest
1,protein,SYNTH_LAIPPTAGVL,1,1,0,,,,,,,,,,,RandomForest
1,protein,SYNTH_LAKRFSRGL,1,1,0,,,,,,,,,,,RandomForest
1,protein,SYNTH_LARNLVPMV,1,1,0,,,,,,,,,,,RandomForest
1,protein,SYNTH_LATNNLVVM,1,1,0,,,,,,,,,,,RandomForest
1,protein,SYNTH_LCWGELMNL,1,0,1,,,,,,,,,,,RandomForest
1,protein,SYNTH_LEDKAFQL,1,1,0,,,,,,,,,,,RandomForest
1,protein,SYNTH_LEENMEVEIW,1,1,0,,,,,,,,,,,RandomForest
1,protein,SYNTH_LFFSDVTWF,1,1,0,,,,,,,,,,,RandomForest
1,protein,SYNTH_LFLAFVVFLL,1,1,0,,,,,,,,,,,RandomForest
1,protein,SYNTH_LFLLPSLATV,1,1,0,,,,,,,,,,,RandomForest
1,protein,SYNTH_LGFGAYMSK,1,0,1,,,,,,,,,,,RandomForest
1,protein,SYNTH_LGFIAGLIA,1,1,0,,,,,,,,,,,RandomForest
1,protein,SYNTH_LGKYEQYIK,1,0,1,,,,,,,,,,,RandomForest
1,protein,SYNTH_LHPSLIFDI,1,0,1,,,,,,,,,,,RandomForest
1,protein,SYNTH_LIDGISLGL,1,1,0,,,,,,,,,,,RandomForest
1,protein,SYNTH_LIDLQELGKY,1,0,1,,,,,,,,,,,RandomForest
1,protein,SYNTH_LIEDFDIYV,1,1,0,,,,,,,,,,,RandomForest
1,protein,SYNTH_LIIPNVTLAH,1,1,0,,,,,,,,,,,RandomForest
1,protein,SYNTH_LILSISTYA,1,0,1,,,,,,,,,,,RandomForest
1,protein,SYNTH_LITGRLQSL,1,0,1,,,,,,,,,,,RandomForest
1,protein,SYNTH_LIYSTAALGV,1,0,1,,,,,,,,,,,RandomForest
1,protein,SYNTH_LKGMSYAMCL,1,1,0,,,,,,,,,,,RandomForest
1,protein,SYNTH_LKKLKKSL,1,1,0,,,,,,,,,,,RandomForest
1,protein,SYNTH_LKRRVVFNGV,1,0,1,,,,,,,,,,,RandomForest
1,protein,SYNTH_LLAPGAKQNV,1,0,1,,,,,,,,,,,RandomForest
1,protein,SYNTH_LLCPAGHAV,1,1,0,,,,,,,,,,,RandomForest
1,protein,SYNTH_LLCPSGHVV,1,1,0,,,,,,,,,,,RandomForest
1,protein,SYNTH_LLESELVIGA,1,0,1,,,,,,,,,,,RandomForest
1,protein,SYNTH_LLFLYLPMM,1,0,1,,,,,,,,,,,RandomForest
1,protein,SYNTH_LLILCVTQV,1,1,0,,,,,,,,,,,RandomForest
1,protein,SYNTH_LLIQWNQFMM,1,0,1,,,,,,,,,,,RandomForest
1,protein,SYNTH_LLIVNNATNV,1,0,1,,,,,,,,,,,RandomForest
1,protein,SYNTH_LLKDCPAVAK,1,0,1,,,,,,,,,,,RandomForest
1,protein,SYNTH_LLLDRLNKL,1,1,0,,,,,,,,,,,RandomForest
1,protein,SYNTH_LLLGTLNIV,1,1,0,,,,,,,,,,,RandomForest
1,protein,SYNTH_LLMPILTLT,1,1,0,,,,,,,,,,,RandomForest
1,protein,SYNTH_LLPRRGPRL,1,1,0,,,,,,,,,,,RandomForest
1,protein,SYNTH_LLSVCLGSL,1,1,0,,,,,,,,,,,RandomForest
1,protein,SYNTH_LLYDANYFL,1,0,1,,,,,,,,,,,RandomForest
1,protein,SYNTH_LMDALKLSI,1,0,1,,,,,,,,,,,RandomForest
1,protein,SYNTH_LMGHFAWWTA,1,0,1,,,,,,,,,,,RandomForest
1,protein,SYNTH_LMIERFVSL,1,1,0,,,,,,,,,,,RandomForest
1,protein,SYNTH_LMMMLPATL,1,1,0,,,,,,,,,,,RandomForest
1,protein,SYNTH_LMMRTTWAL,1,1,0,,,,,,,,,,,RandomForest
1,protein,SYNTH_LMMTTIGIVL,1,1,0,,,,,,,,,,,RandomForest
1,protein,SYNTH_LMNVLTLVY,1,1,0,,,,,,,,,,,RandomForest
1,protein,SYNTH_LMYKGLPWNV,1,0,1,,,,,,,,,,,RandomForest
1,protein,SYNTH_LPDTIETLM,1,1,0,,,,,,,,,,,RandomForest
1,protein,SYNTH_LPDTIETLML,1,1,0,,,,,,,,,,,RandomForest
1,protein,SYNTH_LPEEQDQNY,1,1,0,,,,,,,,,,,RandomForest
1,protein,SYNTH_LPESLETLML,1,1,0,,,,,,,,,,,RandomForest
1,protein,SYNTH_LPETLETLLL,1,1,0,,,,,,,,,,,RandomForest
1,protein,SYNTH_LPFDKTTVM,1,0,1,,,,,,,,,,,RandomForest
1,protein,SYNTH_LPFDRPTIM,1,1,0,,,,,,,,,,,RandomForest
1,protein,SYNTH_LPFERATVM,1,1,0,,,,,,,,,,,RandomForest
1,protein,SYNTH_LPGCDGGSL,1,1,0,,,,,,,,,,,RandomForest
1,protein,SYNTH_LPHERHREL,1,1,0,,,,,,,,,,,RandomForest
1,protein,SYNTH_LPIGINITRF,1,0,1,,,,,,,,,,,RandomForest
1,protein,SYNTH_LPIRYQTPA,1,1,0,,,,,,,,,,,RandomForest
1,protein,SYNTH_LPIRYQTPAI,1,1,0,,,,,,,,,,,RandomForest
1,protein,SYNTH_LPKGIMMNV,1,1,0,,,,,,,,,,,RandomForest
1,protein,SYNTH_LPNNTASWF,1,1,0,,,,,,,,,,,RandomForest
1,protein,SYNTH_LPPAYTNSF,1,1,0,,,,,,,,,,,RandomForest
1,protein,SYNTH_LPQGFSAL,1,1,0,,,,,,,,,,,RandomForest
1,protein,SYNTH_LPQGFSALEPL,1,1,0,,,,,,,,,,,RandomForest
1,protein,SYNTH_LPSDFFPSV,1,0,1,,,,,,,,,,,RandomForest
1,protein,SYNTH_LPSFGVSGI,1,1,0,,,,,,,,,,,RandomForest
1,protein,SYNTH_LPYPDPSRIL,1,1,0,,,,,,,,,,,RandomForest
1,protein,SYNTH_LQAGFFLLTR,1,0,1,,,,,,,,,,,RandomForest
1,protein,SYNTH_LQLPQGTTL,1,1,0,,,,,,,,,,,RandomForest
1,protein,SYNTH_LQNNELSPV,1,1,0,,,,,,,,,,,RandomForest
1,protein,SYNTH_LSVIWMMWY,1,0,1,,,,,,,,,,,RandomForest
1,protein,SYNTH_LTDEMIAQYT,1,1,0,,,,,,,,,,,RandomForest
1,protein,SYNTH_LTDYGALTL,1,1,0,,,,,,,,,,,RandomForest
1,protein,SYNTH_LTENLLLY,1,0,1,,,,,,,,,,,RandomForest
1,protein,SYNTH_LTIKKPNEL,1,1,0,,,,,,,,,,,RandomForest
1,protein,SYNTH_LTSHTVMPL,1,1,0,,,,,,,,,,,RandomForest
1,protein,SYNTH_LTYHGAIKL,1,1,0,,,,,,,,,,,RandomForest
1,protein,SYNTH_LTYTGAIKL,1,1,0,,,,,,,,,,,RandomForest
1,protein,SYNTH_LVASIKNFK,1,0,1,,,,,,,,,,,RandomForest
1,protein,SYNTH_LVFLFVAAI,1,1,0,,,,,,,,,,,RandomForest
1,protein,SYNTH_LVLSVNPYV,1,1,0,,,,,,,,,,,RandomForest
1,protein,SYNTH_LVLSVNPYVC,1,0,1,,,,,,,,,,,RandomForest
1,protein,SYNTH_LVQQESPFV,1,0,1,,,,,,,,,,,RandomForest
1,protein,SYNTH_LVRSAMGGKY,1,0,1,,,,,,,,,,,RandomForest
1,protein,SYNTH_LVSDGGPNLY,1,1,0,,,,,,,,,,,RandomForest
1,protein,SYNTH_LVSFGVWIR,1,1,0,,,,,,,,,,,RandomForest
1,protein,SYNTH_LVYRPTTGR,1,1,0,,,,,,,,,,,RandomForest
1,protein,SYNTH_LWPVTLACF,1,1,0,,,,,,,,,,,RandomForest
1,protein,SYNTH_LYAAVTNFLL,1,1,0,,,,,,,,,,,RandomForest
1,protein,SYNTH_LYALVYFLQ,1,1,0,,,,,,,,,,,RandomForest
1,protein,SYNTH_LYDKLVSSF,1,1,0,,,,,,,,,,,RandomForest
1,protein,SYNTH_LYLEMLLKAL,1,0,1,,,,,,,,,,,RandomForest
1,protein,SYNTH_LYLQYIRKL,1,0,1,,,,,,,,,,,RandomForest
1,protein,SYNTH_LYPSLIFDI,1,1,0,,,,,,,,,,,RandomForest
1,protein,SYNTH_LYSSMSSTW,1,0,1,,,,,,,,,,,RandomForest
1,protein,SYNTH_LYVFVGTKF,1,0,1,,,,,,,,,,,RandomForest
1,protein,SYNTH_MADQAMTQMY,1,0,1,,,,,,,,,,,RandomForest
1,protein,SYNTH_MADSNGTITV,1,0,1,,,,,,,,,,,RandomForest
1,protein,SYNTH_MAILGDTAW,1,1,0,,,,,,,,,,,RandomForest
1,protein,SYNTH_MAMTCIAVG,1,1,0,,,,,,,,,,,RandomForest
1,protein,SYNTH_MANEMGFLEK,1,1,0,,,,,,,,,,,RandomForest
1,protein,SYNTH_MASSVLLWM,1,1,0,,,,,,,,,,,RandomForest
1,protein,SYNTH_MCDIRQLLF,1,1,0,,,,,,,,,,,RandomForest
1,protein,SYNTH_MFLARGIVF,1,0,1,,,,,,,,,,,RandomForest
1,protein,SYNTH_MGSLEVMPM,1,0,1,,,,,,,,,,,RandomForest
1,protein,SYNTH_MIAGVFFTF,1,1,0,,,,,,,,,,,RandomForest
1,protein,SYNTH_MISAGFSLWV,1,0,1,,,,,,,,,,,RandomForest
1,protein,SYNTH_MLFTMLRKL,1,1,0,,,,,,,,,,,RandomForest
1,protein,SYNTH_MLICGPANT,1,0,1,,,,,,,,,,,RandomForest
1,protein,SYNTH_MLKRERNRV,1,1,0,,,,,,,,,,,RandomForest
1,protein,SYNTH_MLKRVRNRV,1,1,0,,,,,,,,,,,RandomForest
1,protein,SYNTH_MLLALIAVL,1,1,0,,,,,,,,,,,RandomForest
1,protein,SYNTH_MLNIPSINV,1,1,0,,,,,,,,,,,RandomForest
1,protein,SYNTH_MLVKQGDDYV,1,0,1,,,,,,,,,,,RandomForest
1,protein,SYNTH_MMATIGIAL,1,1,0,,,,,,,,,,,RandomForest
1,protein,SYNTH_MMWFWGPSL,1,1,0,,,,,,,,,,,RandomForest
1,protein,SYNTH_MMWYWGPSL,2,2,0,,,,,,,,,,,RandomForest
1,protein,SYNTH_MPAMKRYSAP,1,1,0,,,,,,,,,,,RandomForest
1,protein,SYNTH_MPILTLTRAL,1,0,1,,,,,,,,,,,RandomForest
1,protein,SYNTH_MPLKAPKEI,1,0,1,,,,,,,,,,,RandomForest
1,protein,SYNTH_MPLSAPTLL,1,1,0,,,,,,,,,,,RandomForest
1,protein,SYNTH_MPVTHSSAA,1,1,0,,,,,,,,,,,RandomForest
1,protein,SYNTH_MPVTVASAAQ,1,1,0,,,,,,,,,,,RandomForest
1,protein,SYNTH_MPYFFTLLL,1,1,0,,,,,,,,,,,RandomForest
1,protein,SYNTH_MQLFHLCLI,1,0,1,,,,,,,,,,,RandomForest
1,protein,SYNTH_MQRKHGGML,1,1,0,,,,,,,,,,,RandomForest
1,protein,SYNTH_MQVESDDYI,1,1,0,,,,,,,,,,,RandomForest
1,protein,SYNTH_MRPHERNGF,1,1,0,,,,,,,,,,,RandomForest
1,protein,SYNTH_MSAFAMMFV,1,1,0,,,,,,,,,,,RandomForest
1,protein,SYNTH_MSDNGPQNQ,1,1,0,,,,,,,,,,,RandomForest
1,protein,SYNTH_MSDVKCTSV,1,1,0,,,,,,,,,,,RandomForest
1,protein,SYNTH_MTATFLSKK,1,0,1,,,,,,,,,,,RandomForest
1,protein,SYNTH_MTSCCSCLK,1,0,1,,,,,,,,,,,RandomForest
1,protein,SYNTH_MWSFNPETNI,1,1,0,,,,,,,,,,,RandomForest
1,protein,SYNTH_MYASAVVLL,1,1,0,,,,,,,,,,,RandomForest
1,protein,SYNTH_NCYFPLQSYGF,1,0,1,,,,,,,,,,,RandomForest
1,protein,SYNTH_NFKDQVILL,1,0,1,,,,,,,,,,,RandomForest
1,protein,SYNTH_NIFDLSEMV,1,0,1,,,,,,,,,,,RandomForest
1,protein,SYNTH_NILSPFIPLL,1,1,0,,,,,,,,,,,RandomForest
1,protein,SYNTH_NILSPFMPLL,1,1,0,,,,,,,,,,,RandomForest
1,protein,SYNTH_NIQTAINQV,1,1,0,,,,,,,,,,,RandomForest
1,protein,SYNTH_NIVNVSLVK,1,1,0,,,,,,,,,,,RandomForest
1,protein,SYNTH_NLAPFFTFK,1,0,1,,,,,,,,,,,RandomForest
1,protein,SYNTH_NLDESLIDL,1,1,0,,,,,,,,,,,RandomForest
1,protein,SYNTH_NLHPDSATL,1,1,0,,,,,,,,,,,RandomForest
1,protein,SYNTH_NLLLLFVTV,1,1,0,,,,,,,,,,,RandomForest
1,protein,SYNTH_NLLMNGQQI,1,1,0,,,,,,,,,,,RandomForest
1,protein,SYNTH_NLNESLIDL,1,0,1,,,,,,,,,,,RandomForest
1,protein,SYNTH_NLNVSIPWTHK,1,0,1,,,,,,,,,,,RandomForest
1,protein,SYNTH_NLPGCSFSI,1,1,0,,,,,,,,,,,RandomForest
1,protein,SYNTH_NLQSNHDLY,1,1,0,,,,,,,,,,,RandomForest
1,protein,SYNTH_NLSDRVVFV,1,1,0,,,,,,,,,,,RandomForest
1,protein,SYNTH_NLSWLSLDV,1,0,1,,,,,,,,,,,RandomForest
1,protein,SYNTH_NLVPMVAT,1,1,0,,,,,,,,,,,RandomForest
1,protein,SYNTH_NLVPMVATV,1,1,0,,,,,,,,,,,RandomForest
1,protein,SYNTH_NLVPMVATVQ,1,1,0,,,,,,,,,,,RandomForest
1,protein,SYNTH_NLWNTFTRL,1,1,0,,,,,,,,,,,RandomForest
1,protein,SYNTH_NMLRIMASL,1,1,0,,,,,,,,,,,RandomForest
1,protein,SYNTH_NMMVTNNTF,1,1,0,,,,,,,,,,,RandomForest
1,protein,SYNTH_NPANNAAIV,1,1,0,,,,,,,,,,,RandomForest
1,protein,SYNTH_NPITLTAAL,1,1,0,,,,,,,,,,,RandomForest
1,protein,SYNTH_NPKASLLSL,1,1,0,,,,,,,,,,,RandomForest
1,protein,SYNTH_NPWMEDKTH,1,1,0,,,,,,,,,,,RandomForest
1,protein,SYNTH_NQLESKMSG,1,0,1,,,,,,,,,,,RandomForest
1,protein,SYNTH_NRRRRTAGV,1,1,0,,,,,,,,,,,RandomForest
1,protein,SYNTH_NSASFSTFK,1,1,0,,,,,,,,,,,RandomForest
1,protein,SYNTH_NVFAFPFTI,1,1,0,,,,,,,,,,,RandomForest
1,protein,SYNTH_NVIPTITQM,1,1,0,,,,,,,,,,,RandomForest
1,protein,SYNTH_NVLTLVYKV,1,1,0,,,,,,,,,,,RandomForest
1,protein,SYNTH_NYDYLYRLF,1,1,0,,,,,,,,,,,RandomForest
1,protein,SYNTH_NYKERMVTF,1,1,0,,,,,,,,,,,RandomForest
1,protein,SYNTH_NYKNLYEKVK,1,0,1,,,,,,,,,,,RandomForest
1,protein,SYNTH_NYKYLYRLF,1,1,0,,,,,,,,,,,RandomForest
1,protein,SYNTH_NYNYMYRLF,1,1,0,,,,,,,,,,,RandomForest
1,protein,SYNTH_NYTPGPGIRY,1,1,0,,,,,,,,,,,RandomForest
1,protein,SYNTH_PFFSNVTWF,1,1,0,,,,,,,,,,,RandomForest
1,protein,SYNTH_PFMPLLPIF,1,0,1,,,,,,,,,,,RandomForest
1,protein,SYNTH_PFVMMSAPPA,1,0,1,,,,,,,,,,,RandomForest
1,protein,SYNTH_PRVTGGGAM,1,1,0,,,,,,,,,,,RandomForest
1,protein,SYNTH_PTDQSFYIV,1,1,0,,,,,,,,,,,RandomForest
1,protein,SYNTH_PTLDIELLK,1,1,0,,,,,,,,,,,RandomForest
1,protein,SYNTH_PVNRPIDWK,1,1,0,,,,,,,,,,,RandomForest
1,protein,SYNTH_PVTLACFVL,1,1,0,,,,,,,,,,,RandomForest
1,protein,SYNTH_PWYIWLGFI,1,1,0,,,,,,,,,,,RandomForest
1,protein,SYNTH_PYRVVVLSF,1,0,1,,,,,,,,,,,RandomForest
1,protein,SYNTH_PYSWEQEL,1,0,1,,,,,,,,,,,RandomForest
1,protein,SYNTH_QAIRETVEL,1,1,0,,,,,,,,,,,RandomForest
1,protein,SYNTH_QAWQPGVAM,1,1,0,,,,,,,,,,,RandomForest
1,protein,SYNTH_QEFFWDAND,1,1,0,,,,,,,,,,,RandomForest
1,protein,SYNTH_QEIRTFSFQL,1,1,0,,,,,,,,,,,RandomForest
1,protein,SYNTH_QFAPSASAFF,1,1,0,,,,,,,,,,,RandomForest
1,protein,SYNTH_QLEQALDCEIY,1,1,0,,,,,,,,,,,RandomForest
1,protein,SYNTH_QLRSVIRAL,1,1,0,,,,,,,,,,,RandomForest
1,protein,SYNTH_QMFLGTVKI,1,0,1,,,,,,,,,,,RandomForest
1,protein,SYNTH_QSAPHGVVFL,1,1,0,,,,,,,,,,,RandomForest
1,protein,SYNTH_QTFFKLVNK,1,0,1,,,,,,,,,,,RandomForest
1,protein,SYNTH_QTFSVLACY,1,1,0,,,,,,,,,,,RandomForest
1,protein,SYNTH_QVVDMSMTY,2,2,0,,,,,,,,,,,RandomForest
1,protein,SYNTH_QYDPVAALF,1,1,0,,,,,,,,,,,RandomForest
1,protein,SYNTH_QYDPVAALFF,2,2,0,,,,,,,,,,,RandomForest
1,protein,SYNTH_QYIFTGQPL,1,1,0,,,,,,,,,,,RandomForest
1,protein,SYNTH_QYIKWPWYIW,1,1,0,,,,,,,,,,,RandomForest
1,protein,SYNTH_QYIKWPWYIWL,1,0,1,,,,,,,,,,,RandomForest
1,protein,SYNTH_QYILGADPL,1,0,1,,,,,,,,,,,RandomForest
1,protein,SYNTH_RARLVSPKL,1,1,0,,,,,,,,,,,RandomForest
1,protein,SYNTH_RASANLAATK,1,1,0,,,,,,,,,,,RandomForest
1,protein,SYNTH_RENAGVALY,1,1,0,,,,,,,,,,,RandomForest
1,protein,SYNTH_RIDKVLNEK,1,0,1,,,,,,,,,,,RandomForest
1,protein,SYNTH_RKKARSTPF,1,1,0,,,,,,,,,,,RandomForest
1,protein,SYNTH_RLANECAQV,1,1,0,,,,,,,,,,,RandomForest
1,protein,SYNTH_RLFARTRSM,1,1,0,,,,,,,,,,,RandomForest
1,protein,SYNTH_RLRPGGKKK,1,0,1,,,,,,,,,,,RandomForest
1,protein,SYNTH_RLRPGGKKR,1,0,1,,,,,,,,,,,RandomForest
1,protein,SYNTH_RLVFQTSK,1,0,1,,,,,,,,,,,RandomForest
1,protein,SYNTH_RMVLASTTAK,1,1,0,,,,,,,,,,,RandomForest
1,protein,SYNTH_RMYIFFASFY,1,0,1,,,,,,,,,,,RandomForest
1,protein,SYNTH_RNALDNLAVL,1,1,0,,,,,,,,,,,RandomForest
1,protein,SYNTH_RPLKEKEENL,1,1,0,,,,,,,,,,,RandomForest
1,protein,SYNTH_RPMTFKAAL,1,0,1,,,,,,,,,,,RandomForest
1,protein,SYNTH_RPQGLPNNTA,1,1,0,,,,,,,,,,,RandomForest
1,protein,SYNTH_RPTEPVPFQL,1,1,0,,,,,,,,,,,RandomForest
1,protein,SYNTH_RPTEPVPLQL,1,0,1,,,,,,,,,,,RandomForest
1,protein,SYNTH_RPTFAAGLLL,1,1,0,,,,,,,,,,,RandomForest
1,protein,SYNTH_RPTPRGTVM,1,1,0,,,,,,,,,,,RandomForest
1,protein,SYNTH_RPWKPGQRV,1,1,0,,,,,,,,,,,RandomForest
1,protein,SYNTH_RQIAPGQTGN,1,0,1,,,,,,,,,,,RandomForest
1,protein,SYNTH_RQLLFVVEV,1,1,0,,,,,,,,,,,RandomForest
1,protein,SYNTH_RQLLFVVEVV,1,0,1,,,,,,,,,,,RandomForest
1,protein,SYNTH_RQYDPVAAL,1,1,0,,,,,,,,,,,RandomForest
1,protein,SYNTH_RSASFCGSPY,1,1,0,,,,,,,,,,,RandomForest
1,protein,SYNTH_RSFIEDLLFNK,1,0,1,,,,,,,,,,,RandomForest
1,protein,SYNTH_RSLFNTVATL,1,1,0,,,,,,,,,,,RandomForest
1,protein,SYNTH_RSLYNTIATLY,1,1,0,,,,,,,,,,,RandomForest
1,protein,SYNTH_RSLYNTIAVLY,1,1,0,,,,,,,,,,,RandomForest
1,protein,SYNTH_RSRNSSRNL,1,1,0,,,,,,,,,,,RandomForest
1,protein,SYNTH_RTATKAYNV,1,1,0,,,,,,,,,,,RandomForest
1,protein,SYNTH_RTIKGTYHW,1,1,0,,,,,,,,,,,RandomForest
1,protein,SYNTH_RTQSPRRR,1,0,1,,,,,,,,,,,RandomForest
1,protein,SYNTH_RVCCQLDPAR,1,0,1,,,,,,,,,,,RandomForest
1,protein,SYNTH_RVDPNLRNR,1,1,0,,,,,,,,,,,RandomForest
1,protein,SYNTH_RVVRSIFSR,1,0,1,,,,,,,,,,,RandomForest
1,protein,SYNTH_RVYANLGER,1,0,1,,,,,,,,,,,RandomForest
1,protein,SYNTH_RWPYLHSRL,1,0,1,,,,,,,,,,,RandomForest
1,protein,SYNTH_RYDDESWRPL,1,0,1,,,,,,,,,,,RandomForest
1,protein,SYNTH_RYTKTTYWW,1,1,0,,,,,,,,,,,RandomForest
1,protein,SYNTH_SALGPFVGK,1,1,0,,,,,,,,,,,RandomForest
1,protein,SYNTH_SALILRGSV,1,0,1,,,,,,,,,,,RandomForest
1,protein,SYNTH_SALWEIQQVV,1,1,0,,,,,,,,,,,RandomForest
1,protein,SYNTH_SANNCTFEY,1,0,1,,,,,,,,,,,RandomForest
1,protein,SYNTH_SEFSSLPSY,2,2,0,,,,,,,,,,,RandomForest
1,protein,SYNTH_SELVIGAVI,1,1,0,,,,,,,,,,,RandomForest
1,protein,SYNTH_SETKCTLKSF,1,1,0,,,,,,,,,,,RandomForest
1,protein,SYNTH_SGKQMWQAR,1,1,0,,,,,,,,,,,RandomForest
1,protein,SYNTH_SIIAYTMSL,2,2,0,,,,,,,,,,,RandomForest
1,protein,SYNTH_SILSPLYAFA,1,0,1,,,,,,,,,,,RandomForest
1,protein,SYNTH_SISGVLWQV,1,0,1,,,,,,,,,,,RandomForest
1,protein,SYNTH_SLETIQITI,1,0,1,,,,,,,,,,,RandomForest
1,protein,SYNTH_SLFDMSKFPL,1,1,0,,,,,,,,,,,RandomForest
1,protein,SYNTH_SLFNAVATL,1,1,0,,,,,,,,,,,RandomForest
1,protein,SYNTH_SLFNAVAVL,1,1,0,,,,,,,,,,,RandomForest
1,protein,SYNTH_SLFNTVATLY,1,1,0,,,,,,,,,,,RandomForest
1,protein,SYNTH_SLFNTVATV,1,1,0,,,,,,,,,,,RandomForest
1,protein,SYNTH_SLFYRAVAL,1,1,0,,,,,,,,,,,RandomForest
1,protein,SYNTH_SLIYSTAAL,1,1,0,,,,,,,,,,,RandomForest
1,protein,SYNTH_SLLMPILTLT,1,0,1,,,,,,,,,,,RandomForest
1,protein,SYNTH_SLLQVMAQQV,1,0,1,,,,,,,,,,,RandomForest
1,protein,SYNTH_SLMAFTASV,1,0,1,,,,,,,,,,,RandomForest
1,protein,SYNTH_SLNFLGGAPK,1,0,1,,,,,,,,,,,RandomForest
1,protein,SYNTH_SLPSYAAFA,1,0,1,,,,,,,,,,,RandomForest
1,protein,SYNTH_SLSSTASAL,1,1,0,,,,,,,,,,,RandomForest
1,protein,SYNTH_SLYNAIATL,1,0,1,,,,,,,,,,,RandomForest
1,protein,SYNTH_SLYNAVATL,1,0,1,,,,,,,,,,,RandomForest
1,protein,SYNTH_SLYNLVAVL,1,0,1,,,,,,,,,,,RandomForest
1,protein,SYNTH_SLYNTVATLY,1,1,0,,,,,,,,,,,RandomForest
1,protein,SYNTH_SLYNTVAVLY,1,1,0,,,,,,,,,,,RandomForest
1,protein,SYNTH_SLYTHLQCL,1,0,1,,,,,,,,,,,RandomForest
1,protein,SYNTH_SMIEAESSV,1,0,1,,,,,,,,,,,RandomForest
1,protein,SYNTH_SMWALIISV,1,1,0,,,,,,,,,,,RandomForest
1,protein,SYNTH_SNQNGERSGAA,1,1,0,,,,,,,,,,,RandomForest
1,protein,SYNTH_SPDDQIGYY,1,1,0,,,,,,,,,,,RandomForest
1,protein,SYNTH_SPHPPTSVFL,1,1,0,,,,,,,,,,,RandomForest
1,protein,SYNTH_SPKRLATAI,1,1,0,,,,,,,,,,,RandomForest
1,protein,SYNTH_SPKRLSAAI,1,1,0,,,,,,,,,,,RandomForest
1,protein,SYNTH_SPRLCTREEF,1,1,0,,,,,,,,,,,RandomForest
1,protein,SYNTH_SPRRARSVA,1,1,0,,,,,,,,,,,RandomForest
1,protein,SYNTH_SPRWYFYYL,1,0,1,,,,,,,,,,,RandomForest
1,protein,SYNTH_SQDLSVVSK,1,1,0,,,,,,,,,,,RandomForest
1,protein,SYNTH_SRGDTPVLP,1,1,0,,,,,,,,,,,RandomForest
1,protein,SYNTH_SSFYSQIAR,1,0,1,,,,,,,,,,,RandomForest
1,protein,SYNTH_SSGDATTAY,1,1,0,,,,,,,,,,,RandomForest
1,protein,SYNTH_SSPDDQIGYY,1,1,0,,,,,,,,,,,RandomForest
1,protein,SYNTH_SSPDDQIGYYR,1,1,0,,,,,,,,,,,RandomForest
1,protein,SYNTH_SSWEDVPYL,1,1,0,,,,,,,,,,,RandomForest
1,protein,SYNTH_STDTVVEHV,1,1,0,,,,,,,,,,,RandomForest
1,protein,SYNTH_STEGVPKSMR,1,0,1,,,,,,,,,,,RandomForest
1,protein,SYNTH_STGPCALR,1,0,1,,,,,,,,,,,RandomForest
1,protein,SYNTH_STLPETAVVRR,1,1,0,,,,,,,,,,,RandomForest
1,protein,SYNTH_STLPETTVVR,1,1,0,,,,,,,,,,,RandomForest
1,protein,SYNTH_STLQGPPGTGK,1,0,1,,,,,,,,,,,RandomForest
1,protein,SYNTH_STNVTIATY,1,1,0,,,,,,,,,,,RandomForest
1,protein,SYNTH_STQLGIEFLK,1,0,1,,,,,,,,,,,RandomForest
1,protein,SYNTH_STYGWNIVK,1,1,0,,,,,,,,,,,RandomForest
1,protein,SYNTH_SVAALTNNV,1,1,0,,,,,,,,,,,RandomForest
1,protein,SYNTH_SVFNICQAV,1,1,0,,,,,,,,,,,RandomForest
1,protein,SYNTH_SVIDQQLTR,1,0,1,,,,,,,,,,,RandomForest
1,protein,SYNTH_SVIYLYLTF,1,1,0,,,,,,,,,,,RandomForest
1,protein,SYNTH_SVLNDIFSRL,1,1,0,,,,,,,,,,,RandomForest
1,protein,SYNTH_SVLNDILSRL,1,1,0,,,,,,,,,,,RandomForest
1,protein,SYNTH_SVQRNLPFDR,1,0,1,,,,,,,,,,,RandomForest
1,protein,SYNTH_SVSSAPLNK,1,1,0,,,,,,,,,,,RandomForest
1,protein,SYNTH_SVTTEILPV,1,0,1,,,,,,,,,,,RandomForest
1,protein,SYNTH_SVYYTSNPTTF,1,1,0,,,,,,,,,,,RandomForest
1,protein,SYNTH_SWAFAKYLW,1,0,1,,,,,,,,,,,RandomForest
1,protein,SYNTH_SWLSLLVPF,1,0,1,,,,,,,,,,,RandomForest
1,protein,SYNTH_SWMESEFRV,1,1,0,,,,,,,,,,,RandomForest
1,protein,SYNTH_SWMIRILIGF,1,1,0,,,,,,,,,,,RandomForest
1,protein,SYNTH_SWPDGAELPF,1,1,0,,,,,,,,,,,RandomForest
1,protein,SYNTH_SYAYIYTTYL,1,0,1,,,,,,,,,,,RandomForest
1,protein,SYNTH_SYFIASFRLF,1,0,1,,,,,,,,,,,RandomForest
1,protein,SYNTH_SYFIASFRLFA,1,1,0,,,,,,,,,,,RandomForest
1,protein,SYNTH_SYINRTGTF,1,0,1,,,,,,,,,,,RandomForest
1,protein,SYNTH_SYINRTGTFEF,1,0,1,,,,,,,,,,,RandomForest
1,protein,SYNTH_SYPIILNVEL,1,0,1,,,,,,,,,,,RandomForest
1,protein,SYNTH_SYSTGALASCM,1,0,1,,,,,,,,,,,RandomForest
1,protein,SYNTH_SYVVTNQYL,1,0,1,,,,,,,,,,,RandomForest
1,protein,SYNTH_TCDGTTFIY,1,1,0,,,,,,,,,,,RandomForest
1,protein,SYNTH_TCDGTTFTY,1,1,0,,,,,,,,,,,RandomForest
1,protein,SYNTH_TEKSNIIRGW,1,1,0,,,,,,,,,,,RandomForest
1,protein,SYNTH_TFEYVSQPF,1,0,1,,,,,,,,,,,RandomForest
1,protein,SYNTH_TFSVQRNLPF,1,0,1,,,,,,,,,,,RandomForest
1,protein,SYNTH_TFTSQYRIQ,1,1,0,,,,,,,,,,,RandomForest
1,protein,SYNTH_TIAMELIRMIK,1,1,0,,,,,,,,,,,RandomForest
1,protein,SYNTH_TIEVNSFSGY,1,1,0,,,,,,,,,,,RandomForest
1,protein,SYNTH_TILDKILNV,1,1,0,,,,,,,,,,,RandomForest
1,protein,SYNTH_TILTSLLVL,1,1,0,,,,,,,,,,,RandomForest
1,protein,SYNTH_TIYTELEPP,1,0,1,,,,,,,,,,,RandomForest
1,protein,SYNTH_TKQTGSASSM,1,1,0,,,,,,,,,,,RandomForest
1,protein,SYNTH_TLATHGLAAV,1,1,0,,,,,,,,,,,RandomForest
1,protein,SYNTH_TLDSKTQSL,1,1,0,,,,,,,,,,,RandomForest
1,protein,SYNTH_TLDSKTQSLL,1,1,0,,,,,,,,,,,RandomForest
1,protein,SYNTH_TLKEYVLDL,1,0,1,,,,,,,,,,,RandomForest
1,protein,SYNTH_TLLALHRSYL,1,0,1,,,,,,,,,,,RandomForest
1,protein,SYNTH_TLLALHRSYLT,1,0,1,,,,,,,,,,,RandomForest
1,protein,SYNTH_TLLFLMSFT,1,1,0,,,,,,,,,,,RandomForest
1,protein,SYNTH_TLNAWVKVV,1,1,0,,,,,,,,,,,RandomForest
1,protein,SYNTH_TLNDFNLVA,1,1,0,,,,,,,,,,,RandomForest
1,protein,SYNTH_TLNDLNETL,1,0,1,,,,,,,,,,,RandomForest
1,protein,SYNTH_TLVTMPLGYV,1,1,0,,,,,,,,,,,RandomForest
1,protein,SYNTH_TLWKAGILYK,1,0,1,,,,,,,,,,,RandomForest
1,protein,SYNTH_TMTDDIGMGV,1,1,0,,,,,,,,,,,RandomForest
1,protein,SYNTH_TMVMELIRMIK,1,1,0,,,,,,,,,,,RandomForest
1,protein,SYNTH_TPCSFGGVSV,1,0,1,,,,,,,,,,,RandomForest
1,protein,SYNTH_TPGPGIRYPL,1,1,0,,,,,,,,,,,RandomForest
1,protein,SYNTH_TPGPGTRYPL,1,0,1,,,,,,,,,,,RandomForest
1,protein,SYNTH_TPKGPKVKYL,1,0,1,,,,,,,,,,,RandomForest
1,protein,SYNTH_TPLLKRLPL,1,1,0,,,,,,,,,,,RandomForest
1,protein,SYNTH_TPRDLGACI,1,1,0,,,,,,,,,,,RandomForest
1,protein,SYNTH_TPRMCTREEF,1,1,0,,,,,,,,,,,RandomForest
1,protein,SYNTH_TPRVTGGGAM,2,2,0,,,,,,,,,,,RandomForest
1,protein,SYNTH_TPRYTGGGAM,1,1,0,,,,,,,,,,,RandomForest
1,protein,SYNTH_TPSKLIEY,1,1,0,,,,,,,,,,,RandomForest
1,protein,SYNTH_TPTWNRKEL,1,1,0,,,,,,,,,,,RandomForest
1,protein,SYNTH_TQLNVQTLV,1,0,1,,,,,,,,,,,RandomForest
1,protein,SYNTH_TSAMQTMLF,1,1,0,,,,,,,,,,,RandomForest
1,protein,SYNTH_TSDPTTFHL,1,1,0,,,,,,,,,,,RandomForest
1,protein,SYNTH_TSETHFGNY,1,1,0,,,,,,,,,,,RandomForest
1,protein,SYNTH_TSGSPIIDK,1,1,0,,,,,,,,,,,RandomForest
1,protein,SYNTH_TSSGDATTAY,1,1,0,,,,,,,,,,,RandomForest
1,protein,SYNTH_TSYNQTYEK,1,0,1,,,,,,,,,,,RandomForest
1,protein,SYNTH_TTDPSFLGRYM,1,1,0,,,,,,,,,,,RandomForest
1,protein,SYNTH_TTEELPDEF,1,1,0,,,,,,,,,,,RandomForest
1,protein,SYNTH_TTFLQTMLRK,1,0,1,,,,,,,,,,,RandomForest
1,protein,SYNTH_TTIKPVTYK,1,0,1,,,,,,,,,,,RandomForest
1,protein,SYNTH_TTLDSKTQSL,1,0,1,,,,,,,,,,,RandomForest
1,protein,SYNTH_TTLEISTFLK,1,0,1,,,,,,,,,,,RandomForest
1,protein,SYNTH_TVAYFNMVY,1,1,0,,,,,,,,,,,RandomForest
1,protein,SYNTH_TVIRRRGR,1,0,1,,,,,,,,,,,RandomForest
1,protein,SYNTH_TVNAHQILPK,1,1,0,,,,,,,,,,,RandomForest
1,protein,SYNTH_TVSCLPFTI,1,1,0,,,,,,,,,,,RandomForest
1,protein,SYNTH_TVYEKLKPV,1,1,0,,,,,,,,,,,RandomForest
1,protein,SYNTH_TYACWHHSI,1,1,0,,,,,,,,,,,RandomForest
1,protein,SYNTH_TYKLNVGDYFV,1,0,1,,,,,,,,,,,RandomForest
1,protein,SYNTH_TYKPNTWCI,1,0,1,,,,,,,,,,,RandomForest
1,protein,SYNTH_TYNKEWPLL,1,0,1,,,,,,,,,,,RandomForest
1,protein,SYNTH_TYNRLTLLNL,1,0,1,,,,,,,,,,,RandomForest
1,protein,SYNTH_VAAGLEAPF,1,1,0,,,,,,,,,,,RandomForest
1,protein,SYNTH_VAATMANEM,1,1,0,,,,,,,,,,,RandomForest
1,protein,SYNTH_VAGDSGFAAY,1,0,1,,,,,,,,,,,RandomForest
1,protein,SYNTH_VATSRTLSY,2,1,1,,,,,,,,,,,RandomForest
1,protein,SYNTH_VCWGELMNL,1,1,0,,,,,,,,,,,RandomForest
1,protein,SYNTH_VDRKGKVVGL,1,1,0,,,,,,,,,,,RandomForest
1,protein,SYNTH_VFLLVTLAI,1,1,0,,,,,,,,,,,RandomForest
1,protein,SYNTH_VFNGVSFSTF,1,0,1,,,,,,,,,,,RandomForest
1,protein,SYNTH_VFSDMETKL,1,1,0,,,,,,,,,,,RandomForest
1,protein,SYNTH_VFSDMETKV,1,1,0,,,,,,,,,,,RandomForest
1,protein,SYNTH_VGLSPTVWL,1,1,0,,,,,,,,,,,RandomForest
1,protein,SYNTH_VGYLQPRTF,1,1,0,,,,,,,,,,,RandomForest
1,protein,SYNTH_VIDLDPIPY,1,1,0,,,,,,,,,,,RandomForest
1,protein,SYNTH_VINGDRWFL,1,1,0,,,,,,,,,,,RandomForest
1,protein,SYNTH_VLEETSVML,1,1,0,,,,,,,,,,,RandomForest
1,protein,SYNTH_VLFGLMALTL,1,1,0,,,,,,,,,,,RandomForest
1,protein,SYNTH_VLHKRTLGL,1,0,1,,,,,,,,,,,RandomForest
1,protein,SYNTH_VLLAPLLSA,1,1,0,,,,,,,,,,,RandomForest
1,protein,SYNTH_VLLFLAFVV,1,1,0,,,,,,,,,,,RandomForest
1,protein,SYNTH_VLNEKCSAYTV,1,0,1,,,,,,,,,,,RandomForest
1,protein,SYNTH_VLPKVLHK,1,0,1,,,,,,,,,,,RandomForest
1,protein,SYNTH_VLSDRELHL,1,0,1,,,,,,,,,,,RandomForest
1,protein,SYNTH_VLVPHVGEI,1,0,1,,,,,,,,,,,RandomForest
1,protein,SYNTH_VMHANYIFW,1,1,0,,,,,,,,,,,RandomForest
1,protein,SYNTH_VMVELVAELE,1,0,1,,,,,,,,,,,RandomForest
1,protein,SYNTH_VPVAIHADQL,1,0,1,,,,,,,,,,,RandomForest
1,protein,SYNTH_VQQLTKRFSL,1,1,0,,,,,,,,,,,RandomForest
1,protein,SYNTH_VSLVKPSFYV,1,0,1,,,,,,,,,,,RandomForest
1,protein,SYNTH_VTDVTQLYL,1,0,1,,,,,,,,,,,RandomForest
1,protein,SYNTH_VTFQSAVKR,1,0,1,,,,,,,,,,,RandomForest
1,protein,SYNTH_VTVPVSVEK,1,0,1,,,,,,,,,,,RandomForest
1,protein,SYNTH_VVFDEISMA,1,0,1,,,,,,,,,,,RandomForest
1,protein,SYNTH_VVFLHVTYV,1,1,0,,,,,,,,,,,RandomForest
1,protein,SYNTH_VVHPTLVFDI,1,0,1,,,,,,,,,,,RandomForest
1,protein,SYNTH_VVIPDYNTYK,1,0,1,,,,,,,,,,,RandomForest
1,protein,SYNTH_VYDPLQPEL,1,1,0,,,,,,,,,,,RandomForest
1,protein,SYNTH_VYFLQSINF,1,1,0,,,,,,,,,,,RandomForest
1,protein,SYNTH_VYIEVLHL,1,0,1,,,,,,,,,,,RandomForest
1,protein,SYNTH_VYIGDPAQL,1,1,0,,,,,,,,,,,RandomForest
1,protein,SYNTH_VYSSANNCTFE,1,1,0,,,,,,,,,,,RandomForest
1,protein,SYNTH_VYSTGSNVF,1,0,1,,,,,,,,,,,RandomForest
1,protein,SYNTH_VYSVIYLYL,1,0,1,,,,,,,,,,,RandomForest
1,protein,SYNTH_VYYPDKVF,1,1,0,,,,,,,,,,,RandomForest
1,protein,SYNTH_WLGNIIMYA,1,1,0,,,,,,,,,,,RandomForest
1,protein,SYNTH_WLMWLIINL,1,1,0,,,,,,,,,,,RandomForest
1,protein,SYNTH_WMESEFRVY,1,1,0,,,,,,,,,,,RandomForest
1,protein,SYNTH_WMNRLIAFA,1,1,0,,,,,,,,,,,RandomForest
1,protein,SYNTH_WPKFAVPNL,1,1,0,,,,,,,,,,,RandomForest
1,protein,SYNTH_WPWYIWLGF,1,1,0,,,,,,,,,,,RandomForest
1,protein,SYNTH_WSMATYYLF,1,1,0,,,,,,,,,,,RandomForest
1,protein,SYNTH_WSYSGQSTQL,1,0,1,,,,,,,,,,,RandomForest
1,protein,SYNTH_WTSLNFLGG,1,0,1,,,,,,,,,,,RandomForest
1,protein,SYNTH_YENLKYSVI,1,1,0,,,,,,,,,,,RandomForest
1,protein,SYNTH_YEQYIKWPW,1,1,0,,,,,,,,,,,RandomForest
1,protein,SYNTH_YFGMSLIQF,1,0,1,,,,,,,,,,,RandomForest
1,protein,SYNTH_YFNKKDWYDF,1,0,1,,,,,,,,,,,RandomForest
1,protein,SYNTH_YFQPRTFLL,1,1,0,,,,,,,,,,,RandomForest
1,protein,SYNTH_YFTSDYYQL,1,1,0,,,,,,,,,,,RandomForest
1,protein,SYNTH_YFVVKRHTF,1,1,0,,,,,,,,,,,RandomForest
1,protein,SYNTH_YHPNCVNCL,1,1,0,,,,,,,,,,,RandomForest
1,protein,SYNTH_YIDIGNYTV,1,1,0,,,,,,,,,,,RandomForest
1,protein,SYNTH_YIDIGNYTVS,1,0,1,,,,,,,,,,,RandomForest
1,protein,SYNTH_YILEETSVLM,1,1,0,,,,,,,,,,,RandomForest
1,protein,SYNTH_YILEETSVML,1,1,0,,,,,,,,,,,RandomForest
1,protein,SYNTH_YILEETSVMM,1,1,0,,,,,,,,,,,RandomForest
1,protein,SYNTH_YILFTRFFYV,1,1,0,,,,,,,,,,,RandomForest
1,protein,SYNTH_YKIEELFYSY,1,1,0,,,,,,,,,,,RandomForest
1,protein,SYNTH_YKVASAGISY,1,1,0,,,,,,,,,,,RandomForest
1,protein,SYNTH_YLAGAGLAF,1,1,0,,,,,,,,,,,RandomForest
1,protein,SYNTH_YLATALLTL,1,1,0,,,,,,,,,,,RandomForest
1,protein,SYNTH_YLDAYNMMI,1,1,0,,,,,,,,,,,RandomForest
1,protein,SYNTH_YLEKESIYY,1,1,0,,,,,,,,,,,RandomForest
1,protein,SYNTH_YLPQNAVVKI,1,0,1,,,,,,,,,,,RandomForest
1,protein,SYNTH_YLPYPDPSRIL,1,1,0,,,,,,,,,,,RandomForest
1,protein,SYNTH_YLQPRIFLL,1,1,0,,,,,,,,,,,RandomForest
1,protein,SYNTH_YLQPRTFLF,1,1,0,,,,,,,,,,,RandomForest
1,protein,SYNTH_YLQPRTFLLK,1,1,0,,,,,,,,,,,RandomForest
1,protein,SYNTH_YLRKHFSM,1,0,1,,,,,,,,,,,RandomForest
1,protein,SYNTH_YLRPRTFLL,1,1,0,,,,,,,,,,,RandomForest
1,protein,SYNTH_YLTNDVSFL,1,0,1,,,,,,,,,,,RandomForest
1,protein,SYNTH_YLVQQESPFV,1,1,0,,,,,,,,,,,RandomForest
1,protein,SYNTH_YLVTRHADV,1,0,1,,,,,,,,,,,RandomForest
1,protein,SYNTH_YLWEWASVR,1,0,1,,,,,,,,,,,RandomForest
1,protein,SYNTH_YMCYRNIEF,1,1,0,,,,,,,,,,,RandomForest
1,protein,SYNTH_YMDDVVLGA,1,1,0,,,,,,,,,,,RandomForest
1,protein,SYNTH_YMHHMELPT,1,1,0,,,,,,,,,,,RandomForest
1,protein,SYNTH_YMPYFFTLL,1,1,0,,,,,,,,,,,RandomForest
1,protein,SYNTH_YMRSLKVPA,1,1,0,,,,,,,,,,,RandomForest
1,protein,SYNTH_YPDKVFRSSV,1,1,0,,,,,,,,,,,RandomForest
1,protein,SYNTH_YPDPSRIL,1,1,0,,,,,,,,,,,RandomForest
1,protein,SYNTH_YPKTKLTDWD,1,1,0,,,,,,,,,,,RandomForest
1,protein,SYNTH_YPQVNGLTSI,1,0,1,,,,,,,,,,,RandomForest
1,protein,SYNTH_YQHEETIYNL,1,1,0,,,,,,,,,,,RandomForest
1,protein,SYNTH_YQLYSTQLST,1,0,1,,,,,,,,,,,RandomForest
1,protein,SYNTH_YSEHPTFTS,1,0,1,,,,,,,,,,,RandomForest
1,protein,SYNTH_YSHPIILGFRK,1,0,1,,,,,,,,,,,RandomForest
1,protein,SYNTH_YSKHTPINLV,1,0,1,,,,,,,,,,,RandomForest
1,protein,SYNTH_YSLLMPILTL,1,0,1,,,,,,,,,,,RandomForest
1,protein,SYNTH_YSSANNCTF,1,1,0,,,,,,,,,,,RandomForest
1,protein,SYNTH_YSSTVPCFNPK,1,0,1,,,,,,,,,,,RandomForest
1,protein,SYNTH_YSYATHSDK,1,0,1,,,,,,,,,,,RandomForest
1,protein,SYNTH_YTNSFTRGV,1,1,0,,,,,,,,,,,RandomForest
1,protein,SYNTH_YTPSKLIEY,1,1,0,,,,,,,,,,,RandomForest
1,protein,SYNTH_YTSRGALYLY,1,1,0,,,,,,,,,,,RandomForest
1,protein,SYNTH_YVDDSSLTI,1,1,0,,,,,,,,,,,RandomForest
1,protein,SYNTH_YVFHLYLQY,1,1,0,,,,,,,,,,,RandomForest
1,protein,SYNTH_YVLDLQPEAT,1,1,0,,,,,,,,,,,RandomForest
1,protein,SYNTH_YVLEETSVLL,1,1,0,,,,,,,,,,,RandomForest
1,protein,SYNTH_YVLEETSVM,1,1,0,,,,,,,,,,,RandomForest
1,protein,SYNTH_YVVIAILTV,1,1,0,,,,,,,,,,,RandomForest
1,protein,SYNTH_YYHKNNKSW,1,0,1,,,,,,,,,,,RandomForest
1,protein,SYNTH_YYHTTDPSF,1,1,0,,,,,,,,,,,RandomForest
1,protein,SYNTH_YYKVFLARL,1,1,0,,,,,,,,,,,RandomForest
1,protein,SYNTH_YYRRATRRI,1,0,1,,,,,,,,,,,RandomForest
1,protein,VE1_HPV16,3,3,0,,,,,,,,,,,RandomForest
1,protein,VE2_HPV16,5,5,0,,,,,,,,,,,RandomForest
1,protein,VE4_HPV16,1,1,0,,,,,,,,,,,RandomForest
1,protein,VE5_HPV16,1,1,0,,,,,,,,,,,RandomForest
1,protein,VE6_HPV16,6,6,0,,,,,,,,,,,RandomForest
1,protein,VE6_HPV18,5,2,3,,,,,,,,,,,RandomForest
1,protein,VE7_HPV16,3,3,0,,,,,,,,,,,RandomForest
1,protein,VL1_HPV16,1,1,0,,,,,,,,,,,RandomForest
2,overall,all,914,628,286,0.7039497127076745,0.8197287702828053,0.8791208791208791,0.8728070175438597,0.8791208791208791,0.12738853503184713,0.8759006683630723,0.8728070175438597,0.31687898089171973,0.8725393843153125,RandomForest
2,virus,CMV,99,69,30,0.7154589371980677,0.8698137475366494,1.0,0.9166666666666666,1.0,0.13043478260869565,1.0,0.9166666666666666,0.3188405797101449,0.938332965841975,RandomForest
2,virus,DENV,104,104,0,,,,,,,,,,,RandomForest
2,virus,EBV,25,18,7,0.5952380952380953,0.8164382630534424,1.0,0.8333333333333334,1.0,0.1111111111111111,1.0,0.8333333333333334,0.2777777777777778,0.8696762340896294,RandomForest
2,virus,HBV,76,33,43,0.7607470049330515,0.7525626035521114,1.0,0.7894736842105263,1.0,0.21212121212121213,1.0000000000000002,0.7894736842105263,0.45454545454545453,0.8438100107689187,RandomForest
2,virus,HCV,46,37,9,0.7942942942942943,0.9342155158343386,1.0,1.0,1.0,0.10810810810810811,0.9999999999999998,1.0,0.2972972972972973,1.0,RandomForest
2,virus,HIV-1,34,25,9,0.731111111111111,0.8893475550689114,1.0,1.0,1.0,0.12,1.0,1.0,0.32,1.0000000000000002,RandomForest
2,virus,HPV,18,1,17,1.0,1.0,1.0,0.25,1.0,1.0,1.0,0.25,1.0,1.0,RandomForest
2,virus,HPV16,22,21,1,0.6190476190476191,0.9790832893497647,1.0,1.0,1.0,0.09523809523809523,1.0,1.0,0.23809523809523808,0.9999999999999999,RandomForest
2,virus,HPV18,7,5,2,,,,,,,,,,,RandomForest
2,virus,IAV,53,33,20,0.7265151515151516,0.8154572753743842,1.0,0.8461538461538461,1.0,0.15151515151515152,0.9999999999999999,0.8461538461538461,0.3333333333333333,0.8830252615272094,RandomForest
2,virus,RSV,4,3,1,,,,,,,,,,,RandomForest
2,virus,SARS-CoV-2,426,279,147,0.6624972569673031,0.7509007738479682,0.7380952380952381,0.8018867924528302,0.7380952380952381,0.1111111111111111,0.7338089635394457,0.8018867924528302,0.3046594982078853,0.7847308935107362,RandomForest
2,protein,BTRF1_EBVG,1,1,0,,,,,,,,,,,RandomForest
2,protein,BZLF1_EBVB9,1,1,0,,,,,,,,,,,RandomForest
2,protein,DNBI_EBVG,2,0,2,,,,,,,,,,,RandomForest
2,protein,EBNA2_EBVG,2,1,1,,,,,,,,,,,RandomForest
2,protein,EBNA3_EBVB9,4,3,1,,,,,,,,,,,RandomForest
2,protein,EBNA4_EBVB9,2,1,1,,,,,,,,,,,RandomForest
2,protein,EBNA6_EBVG,1,1,0,,,,,,,,,,,RandomForest
2,protein,GB_EBVG,1,1,0,,,,,,,,,,,RandomForest
2,protein,GP350_EBVB9,1,1,0,,,,,,,,,,,RandomForest
2,protein,ICP27_EBVB9,1,1,0,,,,,,,,,,,RandomForest
2,protein,LMP2_EBVB9,5,5,0,,,,,,,,,,,RandomForest
2,protein,PORTL_EBVG,1,1,0,,,,,,,,,,,RandomForest
2,protein,SYNTH_AAAWYLWEV,1,1,0,,,,,,,,,,,RandomForest
2,protein,SYNTH_AACFARSR,1,0,1,,,,,,,,,,,RandomForest
2,protein,SYNTH_AAIFYLITPV,1,1,0,,,,,,,,,,,RandomForest
2,protein,SYNTH_AALFFFDID,1,1,0,,,,,,,,,,,RandomForest
2,protein,SYNTH_AANDIVLNR,1,1,0,,,,,,,,,,,RandomForest
2,protein,SYNTH_AAQPKRRRH,1,1,0,,,,,,,,,,,RandomForest
2,protein,SYNTH_AEVAVKMF,1,1,0,,,,,,,,,,,RandomForest
2,protein,SYNTH_AFEDLRVSSF,1,0,1,,,,,,,,,,,RandomForest
2,protein,SYNTH_AFLGAFKKF,1,0,1,,,,,,,,,,,RandomForest
2,protein,SYNTH_AFLLFLVLI,1,1,0,,,,,,,,,,,RandomForest
2,protein,SYNTH_AFTFSPTYK,1,0,1,,,,,,,,,,,RandomForest
2,protein,SYNTH_AICGKYLFNW,1,1,0,,,,,,,,,,,RandomForest
2,protein,SYNTH_AIDAYPLTK,1,0,1,,,,,,,,,,,RandomForest
2,protein,SYNTH_AIFQSSMTR,1,0,1,,,,,,,,,,,RandomForest
2,protein,SYNTH_AIILASFSA,1,1,0,,,,,,,,,,,RandomForest
2,protein,SYNTH_AILHTPGCV,1,1,0,,,,,,,,,,,RandomForest
2,protein,SYNTH_AIMDKKIIL,1,0,1,,,,,,,,,,,RandomForest
2,protein,SYNTH_AIMEKNIIL,1,1,0,,,,,,,,,,,RandomForest
2,protein,SYNTH_AIMEKNIVL,1,1,0,,,,,,,,,,,RandomForest
2,protein,SYNTH_AIMQLFFSY,1,1,0,,,,,,,,,,,RandomForest
2,protein,SYNTH_AIPTNFTISV,1,0,1,,,,,,,,,,,RandomForest
2,protein,SYNTH_AIVSTIQRK,1,1,0,,,,,,,,,,,RandomForest
2,protein,SYNTH_ALCTFLLNK,1,1,0,,,,,,,,,,,RandomForest
2,protein,SYNTH_ALDGNEISI,1,0,1,,,,,,,,,,,RandomForest
2,protein,SYNTH_ALGGSVAIK,1,0,1,,,,,,,,,,,RandomForest
2,protein,SYNTH_ALLADKFPV,1,1,0,,,,,,,,,,,RandomForest
2,protein,SYNTH_ALLAVFQSA,1,1,0,,,,,,,,,,,RandomForest
2,protein,SYNTH_ALLGRLYFI,1,1,0,,,,,,,,,,,RandomForest
2,protein,SYNTH_ALMPLYACI,1,1,0,,,,,,,,,,,RandomForest
2,protein,SYNTH_ALRGLPIRY,1,1,0,,,,,,,,,,,RandomForest
2,protein,SYNTH_ALSELPETL,1,1,0,,,,,,,,,,,RandomForest
2,protein,SYNTH_ALVYFLQSI,1,1,0,,,,,,,,,,,RandomForest
2,protein,SYNTH_ALWDVALLEV,1,1,0,,,,,,,,,,,RandomForest
2,protein,SYNTH_ALWEIQQFV,1,0,1,,,,,,,,,,,RandomForest
2,protein,SYNTH_ALWEIQQVV,1,0,1,,,,,,,,,,,RandomForest
2,protein,SYNTH_ALYDVVSKL,1,1,0,,,,,,,,,,,RandomForest
2,protein,SYNTH_ALYWFRTAM,1,0,1,,,,,,,,,,,RandomForest
2,protein,SYNTH_ALYYPSARIV,1,0,1,,,,,,,,,,,RandomForest
2,protein,SYNTH_AMAVMLLLL,1,1,0,,,,,,,,,,,RandomForest
2,protein,SYNTH_AMDEFIERY,1,0,1,,,,,,,,,,,RandomForest
2,protein,SYNTH_AMQWNSTTF,1,0,1,,,,,,,,,,,RandomForest
2,protein,SYNTH_AMRNAGIVGV,1,1,0,,,,,,,,,,,RandomForest
2,protein,SYNTH_APFESEGVL,1,1,0,,,,,,,,,,,RandomForest
2,protein,SYNTH_APHGHVMVEL,1,1,0,,,,,,,,,,,RandomForest
2,protein,SYNTH_APHGVVFLH,1,1,0,,,,,,,,,,,RandomForest
2,protein,SYNTH_APIMDEEREI,1,1,0,,,,,,,,,,,RandomForest
2,protein,SYNTH_APRITFGGL,1,1,0,,,,,,,,,,,RandomForest
2,protein,SYNTH_AQGDDDVWT,1,1,0,,,,,,,,,,,RandomForest
2,protein,SYNTH_ARMILLTHF,1,1,0,,,,,,,,,,,RandomForest
2,protein,SYNTH_ASALGKLQDV,1,0,1,,,,,,,,,,,RandomForest
2,protein,SYNTH_ASANLAATK,1,0,1,,,,,,,,,,,RandomForest
2,protein,SYNTH_ASKIITLKK,1,0,1,,,,,,,,,,,RandomForest
2,protein,SYNTH_ASLPFGWLI,1,1,0,,,,,,,,,,,RandomForest
2,protein,SYNTH_ASTNRQSGRK,1,0,1,,,,,,,,,,,RandomForest
2,protein,SYNTH_ATEETFKLSY,1,0,1,,,,,,,,,,,RandomForest
2,protein,SYNTH_ATEGALNTPK,1,0,1,,,,,,,,,,,RandomForest
2,protein,SYNTH_ATSRTLSYY,1,1,0,,,,,,,,,,,RandomForest
2,protein,SYNTH_AVATTHSWIPK,1,1,0,,,,,,,,,,,RandomForest
2,protein,SYNTH_AVEPGKNPK,1,1,0,,,,,,,,,,,RandomForest
2,protein,SYNTH_AVIKTLQPV,1,1,0,,,,,,,,,,,RandomForest
2,protein,SYNTH_AVPADHGAHL,1,0,1,,,,,,,,,,,RandomForest
2,protein,SYNTH_AVQTKPGLFK,1,1,0,,,,,,,,,,,RandomForest
2,protein,SYNTH_AYANRNRF,1,1,0,,,,,,,,,,,RandomForest
2,protein,SYNTH_AYGISFMEL,1,0,1,,,,,,,,,,,RandomForest
2,protein,SYNTH_AYIYTTYLL,1,0,1,,,,,,,,,,,RandomForest
2,protein,SYNTH_AYNVTQAF,1,1,0,,,,,,,,,,,RandomForest
2,protein,SYNTH_AYQRMGVQM,1,0,1,,,,,,,,,,,RandomForest
2,protein,SYNTH_AYRPQNAPI,1,0,1,,,,,,,,,,,RandomForest
2,protein,SYNTH_AYVDNSSLTI,1,1,0,,,,,,,,,,,RandomForest
2,protein,SYNTH_CAANWILR,1,0,1,,,,,,,,,,,RandomForest
2,protein,SYNTH_CINGVCWTV,1,1,0,,,,,,,,,,,RandomForest
2,protein,SYNTH_CLGSLIYST,1,1,0,,,,,,,,,,,RandomForest
2,protein,SYNTH_CLMMMLPATL,1,1,0,,,,,,,,,,,RandomForest
2,protein,SYNTH_CPSQEPMSI,1,1,0,,,,,,,,,,,RandomForest
2,protein,SYNTH_CPTVKASKL,1,1,0,,,,,,,,,,,RandomForest
2,protein,SYNTH_CSQSSGILSR,1,0,1,,,,,,,,,,,RandomForest
2,protein,SYNTH_CVADYSVLY,1,1,0,,,,,,,,,,,RandomForest
2,protein,SYNTH_CVNGSCFTV,1,1,0,,,,,,,,,,,RandomForest
2,protein,SYNTH_CVREGNASR,1,0,1,,,,,,,,,,,RandomForest
2,protein,SYNTH_CYHQLLGAL,1,0,1,,,,,,,,,,,RandomForest
2,protein,SYNTH_CYSQVNPITL,1,1,0,,,,,,,,,,,RandomForest
2,protein,SYNTH_CYVLEETSVML,1,1,0,,,,,,,,,,,RandomForest
2,protein,SYNTH_DIDLLLQRG,1,0,1,,,,,,,,,,,RandomForest
2,protein,SYNTH_DILSRLDKV,1,0,1,,,,,,,,,,,RandomForest
2,protein,SYNTH_DKDPQFKDN,1,1,0,,,,,,,,,,,RandomForest
2,protein,SYNTH_DLHPEPTDL,1,1,0,,,,,,,,,,,RandomForest
2,protein,SYNTH_DLLLQRGPQY,1,0,1,,,,,,,,,,,RandomForest
2,protein,SYNTH_DLMGYIPLV,1,1,0,,,,,,,,,,,RandomForest
2,protein,SYNTH_DLPQGFSAL,1,0,1,,,,,,,,,,,RandomForest
2,protein,SYNTH_DPASIAARGY,1,1,0,,,,,,,,,,,RandomForest
2,protein,SYNTH_DPKKTGGPI,1,0,1,,,,,,,,,,,RandomForest
2,protein,SYNTH_DQYVKVYLE,1,1,0,,,,,,,,,,,RandomForest
2,protein,SYNTH_DSCNNYMLTY,1,1,0,,,,,,,,,,,RandomForest
2,protein,SYNTH_DTDFVNEFY,1,1,0,,,,,,,,,,,RandomForest
2,protein,SYNTH_DYLRFPTRL,1,0,1,,,,,,,,,,,RandomForest
2,protein,SYNTH_DYTEISFML,1,1,0,,,,,,,,,,,RandomForest
2,protein,SYNTH_EAFEKMVSL,1,1,0,,,,,,,,,,,RandomForest
2,protein,SYNTH_EDTDEDSDN,1,1,0,,,,,,,,,,,RandomForest
2,protein,SYNTH_EEFEPSTQYEY,1,1,0,,,,,,,,,,,RandomForest
2,protein,SYNTH_EERDIPERSW,1,1,0,,,,,,,,,,,RandomForest
2,protein,SYNTH_EESSAKSASVY,1,1,0,,,,,,,,,,,RandomForest
2,protein,SYNTH_EGFNCYFPL,1,0,1,,,,,,,,,,,RandomForest
2,protein,SYNTH_EIKESVQTF,1,1,0,,,,,,,,,,,RandomForest
2,protein,SYNTH_EILDITPCSF,1,1,0,,,,,,,,,,,RandomForest
2,protein,SYNTH_EIRLKVFVL,1,0,1,,,,,,,,,,,RandomForest
2,protein,SYNTH_ELDERIDKV,1,1,0,,,,,,,,,,,RandomForest
2,protein,SYNTH_ELYHYQECV,1,1,0,,,,,,,,,,,RandomForest
2,protein,SYNTH_EPKLGSLVV,1,0,1,,,,,,,,,,,RandomForest
2,protein,SYNTH_EPMSIYVYA,1,1,0,,,,,,,,,,,RandomForest
2,protein,SYNTH_ESNKKFLPF,1,0,1,,,,,,,,,,,RandomForest
2,protein,SYNTH_ETLGVLVPHV,1,0,1,,,,,,,,,,,RandomForest
2,protein,SYNTH_ETVELRQYD,1,1,0,,,,,,,,,,,RandomForest
2,protein,SYNTH_EWSMATYYL,1,1,0,,,,,,,,,,,RandomForest
2,protein,SYNTH_FAFACPDGV,1,1,0,,,,,,,,,,,RandomForest
2,protein,SYNTH_FAMQMAYRF,1,1,0,,,,,,,,,,,RandomForest
2,protein,SYNTH_FAQDGNAAI,2,2,0,,,,,,,,,,,RandomForest
2,protein,SYNTH_FASPLHVAWK,1,0,1,,,,,,,,,,,RandomForest
2,protein,SYNTH_FAVDAAKAY,2,2,0,,,,,,,,,,,RandomForest
2,protein,SYNTH_FAVDAAKAYK,1,0,1,,,,,,,,,,,RandomForest
2,protein,SYNTH_FCLEASFNYL,1,1,0,,,,,,,,,,,RandomForest
2,protein,SYNTH_FCNDPFLGVYY,1,1,0,,,,,,,,,,,RandomForest
2,protein,SYNTH_FFPSIRDLL,1,1,0,,,,,,,,,,,RandomForest
2,protein,SYNTH_FGMSLIQFL,1,0,1,,,,,,,,,,,RandomForest
2,protein,SYNTH_FIAGLIAIV,1,1,0,,,,,,,,,,,RandomForest
2,protein,SYNTH_FIASFRLFA,1,0,1,,,,,,,,,,,RandomForest
2,protein,SYNTH_FIDIKRGVY,1,1,0,,,,,,,,,,,RandomForest
2,protein,SYNTH_FLCLFLLPS,1,1,0,,,,,,,,,,,RandomForest
2,protein,SYNTH_FLCWHTSCY,1,1,0,,,,,,,,,,,RandomForest
2,protein,SYNTH_FLGKIWPSYK,1,1,0,,,,,,,,,,,RandomForest
2,protein,SYNTH_FLGPLLVLQA,1,1,0,,,,,,,,,,,RandomForest
2,protein,SYNTH_FLIGCNYL,1,1,0,,,,,,,,,,,RandomForest
2,protein,SYNTH_FLKKDAPYIV,1,0,1,,,,,,,,,,,RandomForest
2,protein,SYNTH_FLLAMTSLR,1,1,0,,,,,,,,,,,RandomForest
2,protein,SYNTH_FLLNKEMYL,1,1,0,,,,,,,,,,,RandomForest
2,protein,SYNTH_FLLPSLATVA,1,1,0,,,,,,,,,,,RandomForest
2,protein,SYNTH_FLLTRILTI,1,1,0,,,,,,,,,,,RandomForest
2,protein,SYNTH_FLNKVVSTT,1,1,0,,,,,,,,,,,RandomForest
2,protein,SYNTH_FLPFFSNV,1,1,0,,,,,,,,,,,RandomForest
2,protein,SYNTH_FLPRVFSAV,1,1,0,,,,,,,,,,,RandomForest
2,protein,SYNTH_FLPRVFSAVG,1,1,0,,,,,,,,,,,RandomForest
2,protein,SYNTH_FLTENLLLYID,1,1,0,,,,,,,,,,,RandomForest
2,protein,SYNTH_FLWEWASVR,1,1,0,,,,,,,,,,,RandomForest
2,protein,SYNTH_FMCVEYCPI,1,1,0,,,,,,,,,,,RandomForest
2,protein,SYNTH_FMCVEYCPIF,1,0,1,,,,,,,,,,,RandomForest
2,protein,SYNTH_FPHCLAFSYM,1,0,1,,,,,,,,,,,RandomForest
2,protein,SYNTH_FPQSAPHGVVF,1,1,0,,,,,,,,,,,RandomForest
2,protein,SYNTH_FPVKPQVPV,1,0,1,,,,,,,,,,,RandomForest
2,protein,SYNTH_FPVKPQVPVR,1,0,1,,,,,,,,,,,RandomForest
2,protein,SYNTH_FPVTPQVPLT,1,0,1,,,,,,,,,,,RandomForest
2,protein,SYNTH_FPVTPQVPV,1,0,1,,,,,,,,,,,RandomForest
2,protein,SYNTH_FSFGGFTFK,1,1,0,,,,,,,,,,,RandomForest
2,protein,SYNTH_FSNSGSDVLY,1,0,1,,,,,,,,,,,RandomForest
2,protein,SYNTH_FTCASEYTGNY,1,1,0,,,,,,,,,,,RandomForest
2,protein,SYNTH_FTGSEVENV,1,0,1,,,,,,,,,,,RandomForest
2,protein,SYNTH_FTISVTTEIL,1,1,0,,,,,,,,,,,RandomForest
2,protein,SYNTH_FTMGVLCLAI,1,1,0,,,,,,,,,,,RandomForest
2,protein,SYNTH_FTSAICSVVRR,1,0,1,,,,,,,,,,,RandomForest
2,protein,SYNTH_FTSHEHFGL,1,0,1,,,,,,,,,,,RandomForest
2,protein,SYNTH_FTVLCLTPV,1,1,0,,,,,,,,,,,RandomForest
2,protein,SYNTH_FVAAIFYLI,1,1,0,,,,,,,,,,,RandomForest
2,protein,SYNTH_FVENPDILRV,1,0,1,,,,,,,,,,,RandomForest
2,protein,SYNTH_FVFLVLLPLV,1,1,0,,,,,,,,,,,RandomForest
2,protein,SYNTH_FVLAAVYRI,1,1,0,,,,,,,,,,,RandomForest
2,protein,SYNTH_FVLCFILFL,1,0,1,,,,,,,,,,,RandomForest
2,protein,SYNTH_FWAKHMWNF,1,1,0,,,,,,,,,,,RandomForest
2,protein,SYNTH_FWITIAYII,1,1,0,,,,,,,,,,,RandomForest
2,protein,SYNTH_FYIQMCTEL,1,1,0,,,,,,,,,,,RandomForest
2,protein,SYNTH_FYQIRKPPWL,1,0,1,,,,,,,,,,,RandomForest
2,protein,SYNTH_FYWFFSNYL,1,1,0,,,,,,,,,,,RandomForest
2,protein,SYNTH_GAIKLDDKD,1,1,0,,,,,,,,,,,RandomForest
2,protein,SYNTH_GARKSAPLI,1,1,0,,,,,,,,,,,RandomForest
2,protein,SYNTH_GGCRHKLVC,1,0,1,,,,,,,,,,,RandomForest
2,protein,SYNTH_GGKKKYKL,1,1,0,,,,,,,,,,,RandomForest
2,protein,SYNTH_GGRKKYKL,1,0,1,,,,,,,,,,,RandomForest
2,protein,SYNTH_GILGFVFTL,1,1,0,,,,,,,,,,,RandomForest
2,protein,SYNTH_GIWGFVFTL,1,1,0,,,,,,,,,,,RandomForest
2,protein,SYNTH_GIYQTSNFR,1,0,1,,,,,,,,,,,RandomForest
2,protein,SYNTH_GKIADYNYK,1,0,1,,,,,,,,,,,RandomForest
2,protein,SYNTH_GKMKDLSPRW,1,1,0,,,,,,,,,,,RandomForest
2,protein,SYNTH_GLCQVFADA,1,1,0,,,,,,,,,,,RandomForest
2,protein,SYNTH_GLFKDCSKV,1,1,0,,,,,,,,,,,RandomForest
2,protein,SYNTH_GLKRGPSTE,1,0,1,,,,,,,,,,,RandomForest
2,protein,SYNTH_GLLPPKNSI,1,1,0,,,,,,,,,,,RandomForest
2,protein,SYNTH_GLNERLLSV,1,1,0,,,,,,,,,,,RandomForest
2,protein,SYNTH_GLPVCAFSSA,1,0,1,,,,,,,,,,,RandomForest
2,protein,SYNTH_GLQPSVGPK,1,0,1,,,,,,,,,,,RandomForest
2,protein,SYNTH_GLSAMSTTDL,1,1,0,,,,,,,,,,,RandomForest
2,protein,SYNTH_GLSPTVWLS,1,1,0,,,,,,,,,,,RandomForest
2,protein,SYNTH_GLSPTVWLSA,1,1,0,,,,,,,,,,,RandomForest
2,protein,SYNTH_GLSPTVWLSV,1,1,0,,,,,,,,,,,RandomForest
2,protein,SYNTH_GLSRYVARL,1,1,0,,,,,,,,,,,RandomForest
2,protein,SYNTH_GLVEVEKGV,1,1,0,,,,,,,,,,,RandomForest
2,protein,SYNTH_GLYGNGVVTK,1,1,0,,,,,,,,,,,RandomForest
2,protein,SYNTH_GMFNMLSTV,1,0,1,,,,,,,,,,,RandomForest
2,protein,SYNTH_GMLGFVFTL,1,1,0,,,,,,,,,,,RandomForest
2,protein,SYNTH_GMSRIGMEV,1,1,0,,,,,,,,,,,RandomForest
2,protein,SYNTH_GPGHKARVL,1,1,0,,,,,,,,,,,RandomForest
2,protein,SYNTH_GPKKSTNL,1,0,1,,,,,,,,,,,RandomForest
2,protein,SYNTH_GPLKLFMAL,1,1,0,,,,,,,,,,,RandomForest
2,protein,SYNTH_GPLVAGGLL,1,1,0,,,,,,,,,,,RandomForest
2,protein,SYNTH_GPMKLVMAF,1,1,0,,,,,,,,,,,RandomForest
2,protein,SYNTH_GPWHLGKLEL,1,1,0,,,,,,,,,,,RandomForest
2,protein,SYNTH_GQINDMILSL,1,0,1,,,,,,,,,,,RandomForest
2,protein,SYNTH_GSSSGTVMK,1,1,0,,,,,,,,,,,RandomForest
2,protein,SYNTH_GTGPEAGLPY,1,0,1,,,,,,,,,,,RandomForest
2,protein,SYNTH_GTITVEELK,1,0,1,,,,,,,,,,,RandomForest
2,protein,SYNTH_GTITVEELKK,1,0,1,,,,,,,,,,,RandomForest
2,protein,SYNTH_GTSGSPIINK,1,1,0,,,,,,,,,,,RandomForest
2,protein,SYNTH_GTSTDVVYR,1,1,0,,,,,,,,,,,RandomForest
2,protein,SYNTH_GVAGALVAFK,1,0,1,,,,,,,,,,,RandomForest
2,protein,SYNTH_GVDPNIRTGV,1,1,0,,,,,,,,,,,RandomForest
2,protein,SYNTH_GVFCGVDAV,1,1,0,,,,,,,,,,,RandomForest
2,protein,SYNTH_GVLDAVWRV,1,1,0,,,,,,,,,,,RandomForest
2,protein,SYNTH_GVLVLFGFF,1,0,1,,,,,,,,,,,RandomForest
2,protein,SYNTH_GVQEDAASLR,1,1,0,,,,,,,,,,,RandomForest
2,protein,SYNTH_GVVFLHVTYV,1,0,1,,,,,,,,,,,RandomForest
2,protein,SYNTH_GVYFASTEK,1,1,0,,,,,,,,,,,RandomForest
2,protein,SYNTH_GYHLGAFFGL,1,0,1,,,,,,,,,,,RandomForest
2,protein,SYNTH_GYICSGIF,1,0,1,,,,,,,,,,,RandomForest
2,protein,SYNTH_GYLQPRTFL,1,1,0,,,,,,,,,,,RandomForest
2,protein,SYNTH_GYRWMCLRRF,1,0,1,,,,,,,,,,,RandomForest
2,protein,SYNTH_GYYRRATRRI,1,1,0,,,,,,,,,,,RandomForest
2,protein,SYNTH_HEETIYNLL,1,1,0,,,,,,,,,,,RandomForest
2,protein,SYNTH_HERNGFTVL,2,2,0,,,,,,,,,,,RandomForest
2,protein,SYNTH_HFGLLCPKS,1,1,0,,,,,,,,,,,RandomForest
2,protein,SYNTH_HGAIKLDDK,1,1,0,,,,,,,,,,,RandomForest
2,protein,SYNTH_HISCLTFGR,1,0,1,,,,,,,,,,,RandomForest
2,protein,SYNTH_HLLLVAAGL,1,1,0,,,,,,,,,,,RandomForest
2,protein,SYNTH_HLMGWDYPK,1,1,0,,,,,,,,,,,RandomForest
2,protein,SYNTH_HLPVADAVI,1,1,0,,,,,,,,,,,RandomForest
2,protein,SYNTH_HLRIAGHHL,1,1,0,,,,,,,,,,,RandomForest
2,protein,SYNTH_HLSLRGLFV,1,1,0,,,,,,,,,,,RandomForest
2,protein,SYNTH_HLSLRGLPV,1,0,1,,,,,,,,,,,RandomForest
2,protein,SYNTH_HLYLQYIRK,1,0,1,,,,,,,,,,,RandomForest
2,protein,SYNTH_HMLDMYSVM,2,1,1,,,,,,,,,,,RandomForest
2,protein,SYNTH_HMLDMYSVML,1,0,1,,,,,,,,,,,RandomForest
2,protein,SYNTH_HMWNFISGI,1,1,0,,,,,,,,,,,RandomForest
2,protein,SYNTH_HNPTGRSIC,1,1,0,,,,,,,,,,,RandomForest
2,protein,SYNTH_HPAAMPHLL,1,0,1,,,,,,,,,,,RandomForest
2,protein,SYNTH_HPALVFDIT,1,1,0,,,,,,,,,,,RandomForest
2,protein,SYNTH_HPGFTVIALF,1,1,0,,,,,,,,,,,RandomForest
2,protein,SYNTH_HPGSGKTRRY,1,1,0,,,,,,,,,,,RandomForest
2,protein,SYNTH_HPLADNKFAL,1,0,1,,,,,,,,,,,RandomForest
2,protein,SYNTH_HPTFTSQY,1,1,0,,,,,,,,,,,RandomForest
2,protein,SYNTH_HSYFTSDYY,1,1,0,,,,,,,,,,,RandomForest
2,protein,SYNTH_HVMVELVAEL,1,0,1,,,,,,,,,,,RandomForest
2,protein,SYNTH_HVQRIETWIL,1,1,0,,,,,,,,,,,RandomForest
2,protein,SYNTH_HYFTTLKQYL,1,0,1,,,,,,,,,,,RandomForest
2,protein,SYNTH_IAGNSAYEYV,1,1,0,,,,,,,,,,,RandomForest
2,protein,SYNTH_IANQAAILM,1,1,0,,,,,,,,,,,RandomForest
2,protein,SYNTH_IDLLLQRGPQY,1,1,0,,,,,,,,,,,RandomForest
2,protein,SYNTH_IIIGGAKLK,1,0,1,,,,,,,,,,,RandomForest
2,protein,SYNTH_IILEFFLMVL,1,1,0,,,,,,,,,,,RandomForest
2,protein,SYNTH_ILASFSAST,1,0,1,,,,,,,,,,,RandomForest
2,protein,SYNTH_ILDCVLVHL,1,1,0,,,,,,,,,,,RandomForest
2,protein,SYNTH_ILDEERDKV,1,1,0,,,,,,,,,,,RandomForest
2,protein,SYNTH_ILGADPLRV,1,0,1,,,,,,,,,,,RandomForest
2,protein,SYNTH_ILGFRKIPM,1,1,0,,,,,,,,,,,RandomForest
2,protein,SYNTH_ILKGKFQTA,1,1,0,,,,,,,,,,,RandomForest
2,protein,SYNTH_ILLAKDTTEA,1,0,1,,,,,,,,,,,RandomForest
2,protein,SYNTH_ILLTAVAPSM,1,1,0,,,,,,,,,,,RandomForest
2,protein,SYNTH_ILLVAVSFV,1,1,0,,,,,,,,,,,RandomForest
2,protein,SYNTH_ILNNPKASL,1,1,0,,,,,,,,,,,RandomForest
2,protein,SYNTH_ILPDPSKPS,1,1,0,,,,,,,,,,,RandomForest
2,protein,SYNTH_ILRGSVAHK,1,1,0,,,,,,,,,,,RandomForest
2,protein,SYNTH_ILSPLTKGI,1,0,1,,,,,,,,,,,RandomForest
2,protein,SYNTH_ILSTLPETTV,1,1,0,,,,,,,,,,,RandomForest
2,protein,SYNTH_ILVLFGFFTL,1,0,1,,,,,,,,,,,RandomForest
2,protein,SYNTH_IMAVGMVSIL,1,1,0,,,,,,,,,,,RandomForest
2,protein,SYNTH_IMKIGIGVLL,1,1,0,,,,,,,,,,,RandomForest
2,protein,SYNTH_IMKSVGTGK,1,1,0,,,,,,,,,,,RandomForest
2,protein,SYNTH_INITRFQTL,1,0,1,,,,,,,,,,,RandomForest
2,protein,SYNTH_IPFAMQMAY,1,1,0,,,,,,,,,,,RandomForest
2,protein,SYNTH_IPFEIMDLEK,1,1,0,,,,,,,,,,,RandomForest
2,protein,SYNTH_IPIQASLPF,2,2,0,,,,,,,,,,,RandomForest
2,protein,SYNTH_IPMATYGWNL,1,1,0,,,,,,,,,,,RandomForest
2,protein,SYNTH_IPMTGPLVAG,1,1,0,,,,,,,,,,,RandomForest
2,protein,SYNTH_IPMVTQIAM,1,1,0,,,,,,,,,,,RandomForest
2,protein,SYNTH_IPRRIRQGL,1,1,0,,,,,,,,,,,RandomForest
2,protein,SYNTH_IPRRNVATL,1,1,0,,,,,,,,,,,RandomForest
2,protein,SYNTH_IQPFLALGF,1,1,0,,,,,,,,,,,RandomForest
2,protein,SYNTH_IQPGQTFSV,1,1,0,,,,,,,,,,,RandomForest
2,protein,SYNTH_ISDYFHNTY,1,1,0,,,,,,,,,,,RandomForest
2,protein,SYNTH_ISENGNLQVTY,1,1,0,,,,,,,,,,,RandomForest
2,protein,SYNTH_ITFDNLKTL,1,1,0,,,,,,,,,,,RandomForest
2,protein,SYNTH_ITLLCLIPTV,1,1,0,,,,,,,,,,,RandomForest
2,protein,SYNTH_ITPVHVMSK,1,0,1,,,,,,,,,,,RandomForest
2,protein,SYNTH_ITYSTYGKF,1,1,0,,,,,,,,,,,RandomForest
2,protein,SYNTH_IVNSVLLFL,1,1,0,,,,,,,,,,,RandomForest
2,protein,SYNTH_IVSPFIPLL,1,1,0,,,,,,,,,,,RandomForest
2,protein,SYNTH_IYKTYFERV,1,0,1,,,,,,,,,,,RandomForest
2,protein,SYNTH_IYNKPIAARF,1,0,1,,,,,,,,,,,RandomForest
2,protein,SYNTH_IYQLFEYTRL,1,0,1,,,,,,,,,,,RandomForest
2,protein,SYNTH_IYSKHTPINL,1,0,1,,,,,,,,,,,RandomForest
2,protein,SYNTH_IYVLGGCRHKL,1,0,1,,,,,,,,,,,RandomForest
2,protein,SYNTH_KAFQLTPIAV,1,1,0,,,,,,,,,,,RandomForest
2,protein,SYNTH_KCYGVSPTK,1,1,0,,,,,,,,,,,RandomForest
2,protein,SYNTH_KDNVILLNK,1,1,0,,,,,,,,,,,RandomForest
2,protein,SYNTH_KFALTCFSTQF,1,1,0,,,,,,,,,,,RandomForest
2,protein,SYNTH_KHIDAYKTF,1,0,1,,,,,,,,,,,RandomForest
2,protein,SYNTH_KHWPQIAQF,1,0,1,,,,,,,,,,,RandomForest
2,protein,SYNTH_KKQQTVTLL,1,1,0,,,,,,,,,,,RandomForest
2,protein,SYNTH_KLAEAIFKL,1,1,0,,,,,,,,,,,RandomForest
2,protein,SYNTH_KLDDKDPNFK,1,0,1,,,,,,,,,,,RandomForest
2,protein,SYNTH_KLDNDALNNI,1,0,1,,,,,,,,,,,RandomForest
2,protein,SYNTH_KLIGTHNSV,1,1,0,,,,,,,,,,,RandomForest
2,protein,SYNTH_KLINIIIWFL,1,1,0,,,,,,,,,,,RandomForest
2,protein,SYNTH_KLMPVCVET,1,1,0,,,,,,,,,,,RandomForest
2,protein,SYNTH_KLPDDFMGC,1,1,0,,,,,,,,,,,RandomForest
2,protein,SYNTH_KLPDDFMGCV,1,0,1,,,,,,,,,,,RandomForest
2,protein,SYNTH_KLPHLCTEL,1,1,0,,,,,,,,,,,RandomForest
2,protein,SYNTH_KLQDVVNHNA,1,0,1,,,,,,,,,,,RandomForest
2,protein,SYNTH_KLQFTSLEI,1,1,0,,,,,,,,,,,RandomForest
2,protein,SYNTH_KLSSLGLNAV,1,1,0,,,,,,,,,,,RandomForest
2,protein,SYNTH_KLVALGINAV,1,1,0,,,,,,,,,,,RandomForest
2,protein,SYNTH_KLVALGVNAV,1,1,0,,,,,,,,,,,RandomForest
2,protein,SYNTH_KLVGINMSKK,2,1,1,,,,,,,,,,,RandomForest
2,protein,SYNTH_KLVSSFLEM,1,1,0,,,,,,,,,,,RandomForest
2,protein,SYNTH_KLWAQCVQL,1,1,0,,,,,,,,,,,RandomForest
2,protein,SYNTH_KLWAQCVQLH,1,1,0,,,,,,,,,,,RandomForest
2,protein,SYNTH_KMFDAYVNT,1,1,0,,,,,,,,,,,RandomForest
2,protein,SYNTH_KMMYMCYRNI,1,0,1,,,,,,,,,,,RandomForest
2,protein,SYNTH_KMSDVKCTSV,1,0,1,,,,,,,,,,,RandomForest
2,protein,SYNTH_KPADNSLKI,1,1,0,,,,,,,,,,,RandomForest
2,protein,SYNTH_KPFERDIST,1,0,1,,,,,,,,,,,RandomForest
2,protein,SYNTH_KPGTSGSPI,1,1,0,,,,,,,,,,,RandomForest
2,protein,SYNTH_KPGTSGSPII,1,1,0,,,,,,,,,,,RandomForest
2,protein,SYNTH_KPNELSRVL,1,1,0,,,,,,,,,,,RandomForest
2,protein,SYNTH_KPRLCTREEF,1,1,0,,,,,,,,,,,RandomForest
2,protein,SYNTH_KPRSQMEI,1,0,1,,,,,,,,,,,RandomForest
2,protein,SYNTH_KPVPEVKIL,1,1,0,,,,,,,,,,,RandomForest
2,protein,SYNTH_KQEILGTVSW,1,1,0,,,,,,,,,,,RandomForest
2,protein,SYNTH_KQGDDYVYL,1,1,0,,,,,,,,,,,RandomForest
2,protein,SYNTH_KQLPFFYYS,1,1,0,,,,,,,,,,,RandomForest
2,protein,SYNTH_KREDLWCGSL,1,1,0,,,,,,,,,,,RandomForest
2,protein,SYNTH_KRFKESPFEL,1,0,1,,,,,,,,,,,RandomForest
2,protein,SYNTH_KRWIILGLNK,1,1,0,,,,,,,,,,,RandomForest
2,protein,SYNTH_KSAAEASKK,1,0,1,,,,,,,,,,,RandomForest
2,protein,SYNTH_KSAGFPFNK,1,1,0,,,,,,,,,,,RandomForest
2,protein,SYNTH_KSCLPACVY,1,1,0,,,,,,,,,,,RandomForest
2,protein,SYNTH_KSLFNTIAVL,1,1,0,,,,,,,,,,,RandomForest
2,protein,SYNTH_KSLFNTVAVL,1,1,0,,,,,,,,,,,RandomForest
2,protein,SYNTH_KTFPPIEPK,1,1,0,,,,,,,,,,,RandomForest
2,protein,SYNTH_KTFPPTEPKK,1,1,0,,,,,,,,,,,RandomForest
2,protein,SYNTH_KTSVDCTMYI,1,0,1,,,,,,,,,,,RandomForest
2,protein,SYNTH_KWKSRLNAL,1,1,0,,,,,,,,,,,RandomForest
2,protein,SYNTH_KYQEFFWDA,1,1,0,,,,,,,,,,,RandomForest
2,protein,SYNTH_LACFVLAAV,1,1,0,,,,,,,,,,,RandomForest
2,protein,SYNTH_LADAGFIKQY,1,1,0,,,,,,,,,,,RandomForest
2,protein,SYNTH_LALLLLDRL,1,1,0,,,,,,,,,,,RandomForest
2,protein,SYNTH_LALMATFKM,1,1,0,,,,,,,,,,,RandomForest
2,protein,SYNTH_LALSKGVHFV,1,0,1,,,,,,,,,,,RandomForest
2,protein,SYNTH_LATLRKLCI,1,1,0,,,,,,,,,,,RandomForest
2,protein,SYNTH_LATWVGSNL,1,1,0,,,,,,,,,,,RandomForest
2,protein,SYNTH_LDRLNQLES,1,1,0,,,,,,,,,,,RandomForest
2,protein,SYNTH_LEIPRRNVATL,1,1,0,,,,,,,,,,,RandomForest
2,protein,SYNTH_LFLTWICLL,1,1,0,,,,,,,,,,,RandomForest
2,protein,SYNTH_LGFGAYMSK,1,0,1,,,,,,,,,,,RandomForest
2,protein,SYNTH_LGKKKTPRM,1,1,0,,,,,,,,,,,RandomForest
2,protein,SYNTH_LIFLWLLWPV,1,1,0,,,,,,,,,,,RandomForest
2,protein,SYNTH_LIVTTIVYL,1,0,1,,,,,,,,,,,RandomForest
2,protein,SYNTH_LLADKFPVL,1,1,0,,,,,,,,,,,RandomForest
2,protein,SYNTH_LLAPLLSAGI,1,0,1,,,,,,,,,,,RandomForest
2,protein,SYNTH_LLDDEAGPL,1,0,1,,,,,,,,,,,RandomForest
2,protein,SYNTH_LLDYQGMLPV,1,1,0,,,,,,,,,,,RandomForest
2,protein,SYNTH_LLFNILGGWV,1,1,0,,,,,,,,,,,RandomForest
2,protein,SYNTH_LLFNKVTLA,1,1,0,,,,,,,,,,,RandomForest
2,protein,SYNTH_LLLDDFVEII,1,1,0,,,,,,,,,,,RandomForest
2,protein,SYNTH_LLLDRLNQL,1,1,0,,,,,,,,,,,RandomForest
2,protein,SYNTH_LLLMRTTWAF,1,1,0,,,,,,,,,,,RandomForest
2,protein,SYNTH_LLLTILTSL,1,1,0,,,,,,,,,,,RandomForest
2,protein,SYNTH_LLLVAHYAI,1,1,0,,,,,,,,,,,RandomForest
2,protein,SYNTH_LLMPILTL,1,1,0,,,,,,,,,,,RandomForest
2,protein,SYNTH_LLQMEDKAWL,1,1,0,,,,,,,,,,,RandomForest
2,protein,SYNTH_LLSEFCRVL,1,0,1,,,,,,,,,,,RandomForest
2,protein,SYNTH_LLSTTEWQI,1,1,0,,,,,,,,,,,RandomForest
2,protein,SYNTH_LLTDEMIAQY,1,1,0,,,,,,,,,,,RandomForest
2,protein,SYNTH_LLTEVETPI,1,0,1,,,,,,,,,,,RandomForest
2,protein,SYNTH_LLYDANYFL,1,1,0,,,,,,,,,,,RandomForest
2,protein,SYNTH_LMCHATFTM,1,1,0,,,,,,,,,,,RandomForest
2,protein,SYNTH_LMGLGKGWPL,1,1,0,,,,,,,,,,,RandomForest
2,protein,SYNTH_LMIERFVSL,1,1,0,,,,,,,,,,,RandomForest
2,protein,SYNTH_LMNGQQIFL,1,1,0,,,,,,,,,,,RandomForest
2,protein,SYNTH_LMWLIINLV,1,1,0,,,,,,,,,,,RandomForest
2,protein,SYNTH_LNKHIDAYK,1,1,0,,,,,,,,,,,RandomForest
2,protein,SYNTH_LPAADLDDF,1,1,0,,,,,,,,,,,RandomForest
2,protein,SYNTH_LPDDFMGCV,1,1,0,,,,,,,,,,,RandomForest
2,protein,SYNTH_LPDDFTGCV,1,1,0,,,,,,,,,,,RandomForest
2,protein,SYNTH_LPESLETLM,1,1,0,,,,,,,,,,,RandomForest
2,protein,SYNTH_LPFDKSTIM,1,1,0,,,,,,,,,,,RandomForest
2,protein,SYNTH_LPFDKTTIM,1,1,0,,,,,,,,,,,RandomForest
2,protein,SYNTH_LPFEKSTIM,1,1,0,,,,,,,,,,,RandomForest
2,protein,SYNTH_LPFEKSTVM,1,1,0,,,,,,,,,,,RandomForest
2,protein,SYNTH_LPFERATIM,1,1,0,,,,,,,,,,,RandomForest
2,protein,SYNTH_LPFERATVL,1,1,0,,,,,,,,,,,RandomForest
2,protein,SYNTH_LPPANTNSF,1,1,0,,,,,,,,,,,RandomForest
2,protein,SYNTH_LPSDFFPSV,1,1,0,,,,,,,,,,,RandomForest
2,protein,SYNTH_LPSYAALAT,1,1,0,,,,,,,,,,,RandomForest
2,protein,SYNTH_LPTFMTQKAR,1,1,0,,,,,,,,,,,RandomForest
2,protein,SYNTH_LPVSMTKTSV,1,1,0,,,,,,,,,,,RandomForest
2,protein,SYNTH_LPYQNIHPVTI,1,1,0,,,,,,,,,,,RandomForest
2,protein,SYNTH_LQLGFSTGV,1,1,0,,,,,,,,,,,RandomForest
2,protein,SYNTH_LQLKGMSYSM,1,1,0,,,,,,,,,,,RandomForest
2,protein,SYNTH_LRLIDAMMFT,1,0,1,,,,,,,,,,,RandomForest
2,protein,SYNTH_LRTTTVSGKL,1,1,0,,,,,,,,,,,RandomForest
2,protein,SYNTH_LSFKELLVY,1,1,0,,,,,,,,,,,RandomForest
2,protein,SYNTH_LSPRPVSYLK,1,1,0,,,,,,,,,,,RandomForest
2,protein,SYNTH_LSPRWYFYY,1,1,0,,,,,,,,,,,RandomForest
2,protein,SYNTH_LSYFIASFR,1,0,1,,,,,,,,,,,RandomForest
2,protein,SYNTH_LTAVVIPTK,1,0,1,,,,,,,,,,,RandomForest
2,protein,SYNTH_LTFGRETVLEN,1,1,0,,,,,,,,,,,RandomForest
2,protein,SYNTH_LTMTRNPQPF,1,1,0,,,,,,,,,,,RandomForest
2,protein,SYNTH_LTYTGAIKL,1,1,0,,,,,,,,,,,RandomForest
2,protein,SYNTH_LVAEWFLAYI,1,0,1,,,,,,,,,,,RandomForest
2,protein,SYNTH_LVISGLFPV,1,1,0,,,,,,,,,,,RandomForest
2,protein,SYNTH_LVMPARFY,1,0,1,,,,,,,,,,,RandomForest
2,protein,SYNTH_LVYAADPAM,1,1,0,,,,,,,,,,,RandomForest
2,protein,SYNTH_LWPKTHTLW,1,1,0,,,,,,,,,,,RandomForest
2,protein,SYNTH_LYALVYFLH,1,1,0,,,,,,,,,,,RandomForest
2,protein,SYNTH_LYASPQLEGF,1,0,1,,,,,,,,,,,RandomForest
2,protein,SYNTH_LYAVATTIL,1,1,0,,,,,,,,,,,RandomForest
2,protein,SYNTH_LYIIKLIFLW,1,1,0,,,,,,,,,,,RandomForest
2,protein,SYNTH_LYLLLYRHL,1,0,1,,,,,,,,,,,RandomForest
2,protein,SYNTH_LYLYALVYF,1,1,0,,,,,,,,,,,RandomForest
2,protein,SYNTH_LYNAVKEFCL,1,0,1,,,,,,,,,,,RandomForest
2,protein,SYNTH_LYNETFGKQL,1,0,1,,,,,,,,,,,RandomForest
2,protein,SYNTH_LYPSLIFDI,1,1,0,,,,,,,,,,,RandomForest
2,protein,SYNTH_LYRPLLRL,1,0,1,,,,,,,,,,,RandomForest
2,protein,SYNTH_LYSILSPFL,1,1,0,,,,,,,,,,,RandomForest
2,protein,SYNTH_LYTAKQMGF,1,0,1,,,,,,,,,,,RandomForest
2,protein,SYNTH_MALSIVSLF,1,1,0,,,,,,,,,,,RandomForest
2,protein,SYNTH_MANIFRGSY,1,1,0,,,,,,,,,,,RandomForest
2,protein,SYNTH_MATNYDLSV,1,0,1,,,,,,,,,,,RandomForest
2,protein,SYNTH_MAVGMVSIL,1,1,0,,,,,,,,,,,RandomForest
2,protein,SYNTH_MFTTNIWMKF,1,1,0,,,,,,,,,,,RandomForest
2,protein,SYNTH_MGSLEMLPM,1,0,1,,,,,,,,,,,RandomForest
2,protein,SYNTH_MIAQYTSAL,1,1,0,,,,,,,,,,,RandomForest
2,protein,SYNTH_MIAQYTSALL,1,1,0,,,,,,,,,,,RandomForest
2,protein,SYNTH_MIDVQQWGF,1,1,0,,,,,,,,,,,RandomForest
2,protein,SYNTH_MISVLGPIS,1,1,0,,,,,,,,,,,RandomForest
2,protein,SYNTH_MKDLSPRWY,1,0,1,,,,,,,,,,,RandomForest
2,protein,SYNTH_MLAKALRKV,1,1,0,,,,,,,,,,,RandomForest
2,protein,SYNTH_MLLGSMLYM,2,2,0,,,,,,,,,,,RandomForest
2,protein,SYNTH_MLNPNYEDLL,1,1,0,,,,,,,,,,,RandomForest
2,protein,SYNTH_MLRLLFTL,1,1,0,,,,,,,,,,,RandomForest
2,protein,SYNTH_MMATIGIALL,1,1,0,,,,,,,,,,,RandomForest
2,protein,SYNTH_MMGFKMNYQV,1,0,1,,,,,,,,,,,RandomForest
2,protein,SYNTH_MMMLPATLAF,1,1,0,,,,,,,,,,,RandomForest
2,protein,SYNTH_MMMNWSPTT,1,1,0,,,,,,,,,,,RandomForest
2,protein,SYNTH_MMPTIFFAGI,1,1,0,,,,,,,,,,,RandomForest
2,protein,SYNTH_MMVTNNTFTL,1,0,1,,,,,,,,,,,RandomForest
2,protein,SYNTH_MMWYWGRSLY,1,0,1,,,,,,,,,,,RandomForest
2,protein,SYNTH_MPASWVMRI,1,1,0,,,,,,,,,,,RandomForest
2,protein,SYNTH_MPNMLRIMA,1,1,0,,,,,,,,,,,RandomForest
2,protein,SYNTH_MPSMKRFRRE,1,1,0,,,,,,,,,,,RandomForest
2,protein,SYNTH_MPVTHSSAA,1,1,0,,,,,,,,,,,RandomForest
2,protein,SYNTH_MPVTVASAA,1,1,0,,,,,,,,,,,RandomForest
2,protein,SYNTH_MPVYNRQVL,1,0,1,,,,,,,,,,,RandomForest
2,protein,SYNTH_MPYIFTLLL,1,1,0,,,,,,,,,,,RandomForest
2,protein,SYNTH_MQNLHSSCSR,1,0,1,,,,,,,,,,,RandomForest
2,protein,SYNTH_MQVIGDQYV,1,0,1,,,,,,,,,,,RandomForest
2,protein,SYNTH_MRPHERNGF,1,0,1,,,,,,,,,,,RandomForest
2,protein,SYNTH_MSFRDLGRVM,1,1,0,,,,,,,,,,,RandomForest
2,protein,SYNTH_MSTYGWNIVK,1,1,0,,,,,,,,,,,RandomForest
2,protein,SYNTH_MTIIFLILM,1,1,0,,,,,,,,,,,RandomForest
2,protein,SYNTH_MTNRQFHQK,1,0,1,,,,,,,,,,,RandomForest
2,protein,SYNTH_MVMCGGSLYV,1,0,1,,,,,,,,,,,RandomForest
2,protein,SYNTH_MVMELVRMIK,1,0,1,,,,,,,,,,,RandomForest
2,protein,SYNTH_MVTNNTFTL,1,1,0,,,,,,,,,,,RandomForest
2,protein,SYNTH_MVTNNTFTLK,1,1,0,,,,,,,,,,,RandomForest
2,protein,SYNTH_MWLSYFIASF,1,0,1,,,,,,,,,,,RandomForest
2,protein,SYNTH_MYMCYRNIEF,1,1,0,,,,,,,,,,,RandomForest
2,protein,SYNTH_NATNVVIKV,1,1,0,,,,,,,,,,,RandomForest
2,protein,SYNTH_NATRFASVY,1,1,0,,,,,,,,,,,RandomForest
2,protein,SYNTH_NFKNLREFVF,1,1,0,,,,,,,,,,,RandomForest
2,protein,SYNTH_NFSKLINII,1,1,0,,,,,,,,,,,RandomForest
2,protein,SYNTH_NIDGYFKIY,1,0,1,,,,,,,,,,,RandomForest
2,protein,SYNTH_NIFGTVYEK,2,0,2,,,,,,,,,,,RandomForest
2,protein,SYNTH_NLAKHCLHV,1,0,1,,,,,,,,,,,RandomForest
2,protein,SYNTH_NLDAVPTGY,1,1,0,,,,,,,,,,,RandomForest
2,protein,SYNTH_NLIIKNLSK,1,0,1,,,,,,,,,,,RandomForest
2,protein,SYNTH_NLKTLLSL,1,1,0,,,,,,,,,,,RandomForest
2,protein,SYNTH_NLLTNMFTPL,1,0,1,,,,,,,,,,,RandomForest
2,protein,SYNTH_NLVAVPTGYV,1,0,1,,,,,,,,,,,RandomForest
2,protein,SYNTH_NLVPIVATV,1,1,0,,,,,,,,,,,RandomForest
2,protein,SYNTH_NMLRIMASLV,1,0,1,,,,,,,,,,,RandomForest
2,protein,SYNTH_NMLSTVLGV,1,1,0,,,,,,,,,,,RandomForest
2,protein,SYNTH_NPAQEDDQY,1,1,0,,,,,,,,,,,RandomForest
2,protein,SYNTH_NPIQLSSYSL,1,1,0,,,,,,,,,,,RandomForest
2,protein,SYNTH_NPKTPKYKF,1,1,0,,,,,,,,,,,RandomForest
2,protein,SYNTH_NRFLYIIKL,1,1,0,,,,,,,,,,,RandomForest
2,protein,SYNTH_NSAIGKIQY,1,1,0,,,,,,,,,,,RandomForest
2,protein,SYNTH_NSFTRGVYY,1,0,1,,,,,,,,,,,RandomForest
2,protein,SYNTH_NTCDGTTFTY,1,0,1,,,,,,,,,,,RandomForest
2,protein,SYNTH_NTDFRVLELY,1,1,0,,,,,,,,,,,RandomForest
2,protein,SYNTH_NTLEQTVKK,1,0,1,,,,,,,,,,,RandomForest
2,protein,SYNTH_NTLTLAVPY,1,1,0,,,,,,,,,,,RandomForest
2,protein,SYNTH_NVKDFMSL,1,1,0,,,,,,,,,,,RandomForest
2,protein,SYNTH_NVSIPWTHK,1,1,0,,,,,,,,,,,RandomForest
2,protein,SYNTH_NYNYLFRLF,1,1,0,,,,,,,,,,,RandomForest
2,protein,SYNTH_NYNYLYRFF,1,1,0,,,,,,,,,,,RandomForest
2,protein,SYNTH_NYNYLYRLFR,2,2,0,,,,,,,,,,,RandomForest
2,protein,SYNTH_PFERATVMAAF,1,1,0,,,,,,,,,,,RandomForest
2,protein,SYNTH_PFHPLADNKF,1,0,1,,,,,,,,,,,RandomForest
2,protein,SYNTH_PFLPLLPIF,1,0,1,,,,,,,,,,,RandomForest
2,protein,SYNTH_PFMRPHERN,1,1,0,,,,,,,,,,,RandomForest
2,protein,SYNTH_PKNMIIKPG,1,1,0,,,,,,,,,,,RandomForest
2,protein,SYNTH_PSQEPMSIYVY,1,1,0,,,,,,,,,,,RandomForest
2,protein,SYNTH_PTDQSYYIV,1,1,0,,,,,,,,,,,RandomForest
2,protein,SYNTH_PTSEIQLTDY,1,1,0,,,,,,,,,,,RandomForest
2,protein,SYNTH_PVAGGTSSIYI,1,1,0,,,,,,,,,,,RandomForest
2,protein,SYNTH_PYLHSRLTV,1,0,1,,,,,,,,,,,RandomForest
2,protein,SYNTH_QECSLQSCTQ,1,0,1,,,,,,,,,,,RandomForest
2,protein,SYNTH_QEYADVFHL,1,1,0,,,,,,,,,,,RandomForest
2,protein,SYNTH_QIKVRVDMV,1,1,0,,,,,,,,,,,RandomForest
2,protein,SYNTH_QIKVRVKMV,1,1,0,,,,,,,,,,,RandomForest
2,protein,SYNTH_QIPFAMQMAY,1,1,0,,,,,,,,,,,RandomForest
2,protein,SYNTH_QIYKTPPIK,1,0,1,,,,,,,,,,,RandomForest
2,protein,SYNTH_QIYPGIKVK,1,1,0,,,,,,,,,,,RandomForest
2,protein,SYNTH_QLAKRFSRG,1,1,0,,,,,,,,,,,RandomForest
2,protein,SYNTH_QLCQYLNTL,1,0,1,,,,,,,,,,,RandomForest
2,protein,SYNTH_QLDPARDVL,1,1,0,,,,,,,,,,,RandomForest
2,protein,SYNTH_QLLSSSKYT,1,1,0,,,,,,,,,,,RandomForest
2,protein,SYNTH_QLSTRGVQI,1,1,0,,,,,,,,,,,RandomForest
2,protein,SYNTH_QMAMIKLGAL,1,1,0,,,,,,,,,,,RandomForest
2,protein,SYNTH_QMAPISAMV,1,1,0,,,,,,,,,,,RandomForest
2,protein,SYNTH_QMQRKHGGML,1,1,0,,,,,,,,,,,RandomForest
2,protein,SYNTH_QPSLILVSQY,1,1,0,,,,,,,,,,,RandomForest
2,protein,SYNTH_QPYRVVVL,1,1,0,,,,,,,,,,,RandomForest
2,protein,SYNTH_QSAPHGVVF,1,0,1,,,,,,,,,,,RandomForest
2,protein,SYNTH_QSASKIITLK,1,1,0,,,,,,,,,,,RandomForest
2,protein,SYNTH_QTVKPGNFNK,1,1,0,,,,,,,,,,,RandomForest
2,protein,SYNTH_QVILLNKHI,1,1,0,,,,,,,,,,,RandomForest
2,protein,SYNTH_QYDPVAALF,1,1,0,,,,,,,,,,,RandomForest
2,protein,SYNTH_QYSDRRWCF,1,1,0,,,,,,,,,,,RandomForest
2,protein,SYNTH_QYSEHPTF,1,1,0,,,,,,,,,,,RandomForest
2,protein,SYNTH_QYSTSQWTL,1,0,1,,,,,,,,,,,RandomForest
2,protein,SYNTH_QYVKVYLESF,1,1,0,,,,,,,,,,,RandomForest
2,protein,SYNTH_RAMPNMLRI,1,1,0,,,,,,,,,,,RandomForest
2,protein,SYNTH_RFDNPVLPF,1,1,0,,,,,,,,,,,RandomForest
2,protein,SYNTH_RFHNISGRW,1,0,1,,,,,,,,,,,RandomForest
2,protein,SYNTH_RFLYIIKLIF,1,1,0,,,,,,,,,,,RandomForest
2,protein,SYNTH_RFPLTFGW,1,1,0,,,,,,,,,,,RandomForest
2,protein,SYNTH_RIAGHHLGR,1,0,1,,,,,,,,,,,RandomForest
2,protein,SYNTH_RIFTIGTVTLK,1,0,1,,,,,,,,,,,RandomForest
2,protein,SYNTH_RIRGGDGKM,1,1,0,,,,,,,,,,,RandomForest
2,protein,SYNTH_RLFRKSNLK,1,0,1,,,,,,,,,,,RandomForest
2,protein,SYNTH_RLGVRATRK,1,0,1,,,,,,,,,,,RandomForest
2,protein,SYNTH_RLIDAMMFTS,1,0,1,,,,,,,,,,,RandomForest
2,protein,SYNTH_RLLLLGLLLL,1,1,0,,,,,,,,,,,RandomForest
2,protein,SYNTH_RLLQTGIHV,1,1,0,,,,,,,,,,,RandomForest
2,protein,SYNTH_RLNEVAKNL,1,0,1,,,,,,,,,,,RandomForest
2,protein,SYNTH_RLQPNVPLV,1,1,0,,,,,,,,,,,RandomForest
2,protein,SYNTH_RLQSLQIYV,1,1,0,,,,,,,,,,,RandomForest
2,protein,SYNTH_RLQSLQTYV,1,1,0,,,,,,,,,,,RandomForest
2,protein,SYNTH_RLRMDKLQL,1,1,0,,,,,,,,,,,RandomForest
2,protein,SYNTH_RLRPGGKK,1,1,0,,,,,,,,,,,RandomForest
2,protein,SYNTH_RLTKYTMADL,1,0,1,,,,,,,,,,,RandomForest
2,protein,SYNTH_RLTVSGLAWTR,1,1,0,,,,,,,,,,,RandomForest
2,protein,SYNTH_RMQFSSFTV,1,0,1,,,,,,,,,,,RandomForest
2,protein,SYNTH_RNLVPMVATVQ,1,1,0,,,,,,,,,,,RandomForest
2,protein,SYNTH_RNLYVSLLL,1,0,1,,,,,,,,,,,RandomForest
2,protein,SYNTH_RNPAWRKAVF,1,0,1,,,,,,,,,,,RandomForest
2,protein,SYNTH_RPGYHTQTA,1,1,0,,,,,,,,,,,RandomForest
2,protein,SYNTH_RPLLESELVI,1,0,1,,,,,,,,,,,RandomForest
2,protein,SYNTH_RPMTYKAAI,1,0,1,,,,,,,,,,,RandomForest
2,protein,SYNTH_RPNFTIKGSF,1,0,1,,,,,,,,,,,RandomForest
2,protein,SYNTH_RPPIFIRLL,1,0,1,,,,,,,,,,,RandomForest
2,protein,SYNTH_RPRWLDART,1,1,0,,,,,,,,,,,RandomForest
2,protein,SYNTH_RPTPKGAVM,1,1,0,,,,,,,,,,,RandomForest
2,protein,SYNTH_RPTPKGTVM,1,1,0,,,,,,,,,,,RandomForest
2,protein,SYNTH_RQLANAIFK,1,1,0,,,,,,,,,,,RandomForest
2,protein,SYNTH_RQVVNVVTTK,2,0,2,,,,,,,,,,,RandomForest
2,protein,SYNTH_RRSGAAGAAMK,1,1,0,,,,,,,,,,,RandomForest
2,protein,SYNTH_RSCTLPPLRY,1,1,0,,,,,,,,,,,RandomForest
2,protein,SYNTH_RSDTRYVLM,1,1,0,,,,,,,,,,,RandomForest
2,protein,SYNTH_RSLFNTIAVL,1,1,0,,,,,,,,,,,RandomForest
2,protein,SYNTH_RSLYNTIATL,1,1,0,,,,,,,,,,,RandomForest
2,protein,SYNTH_RSLYNTIAVL,1,1,0,,,,,,,,,,,RandomForest
2,protein,SYNTH_RSQSPRRRRSK,1,1,0,,,,,,,,,,,RandomForest
2,protein,SYNTH_RTAPHGHVM,1,0,1,,,,,,,,,,,RandomForest
2,protein,SYNTH_RTLNAWVKV,1,1,0,,,,,,,,,,,RandomForest
2,protein,SYNTH_RVAGDSGFAAY,1,1,0,,,,,,,,,,,RandomForest
2,protein,SYNTH_RVCTNYMPY,1,1,0,,,,,,,,,,,RandomForest
2,protein,SYNTH_RVIDPRRCM,1,1,0,,,,,,,,,,,RandomForest
2,protein,SYNTH_RVIDPRRCMK,1,1,0,,,,,,,,,,,RandomForest
2,protein,SYNTH_RVKARMLTI,1,1,0,,,,,,,,,,,RandomForest
2,protein,SYNTH_RVKNRPIYR,1,1,0,,,,,,,,,,,RandomForest
2,protein,SYNTH_RVLSFIKGTK,1,1,0,,,,,,,,,,,RandomForest
2,protein,SYNTH_RVQPTESIVRF,1,1,0,,,,,,,,,,,RandomForest
2,protein,SYNTH_RVTGGVFLV,1,1,0,,,,,,,,,,,RandomForest
2,protein,SYNTH_RVYSTGSNVFQ,1,0,1,,,,,,,,,,,RandomForest
2,protein,SYNTH_RWMCLRRFII,1,0,1,,,,,,,,,,,RandomForest
2,protein,SYNTH_RYAPACKPL,1,1,0,,,,,,,,,,,RandomForest
2,protein,SYNTH_RYFKYWDQTY,1,1,0,,,,,,,,,,,RandomForest
2,protein,SYNTH_RYLEFEALGF,1,1,0,,,,,,,,,,,RandomForest
2,protein,SYNTH_RYMNSQGLL,1,0,1,,,,,,,,,,,RandomForest
2,protein,SYNTH_RYPLTFGWCF,1,1,0,,,,,,,,,,,RandomForest
2,protein,SYNTH_SACVLAAEC,1,1,0,,,,,,,,,,,RandomForest
2,protein,SYNTH_SAGRKRKSA,1,1,0,,,,,,,,,,,RandomForest
2,protein,SYNTH_SASKIITLK,1,1,0,,,,,,,,,,,RandomForest
2,protein,SYNTH_SCMGLIYN,1,0,1,,,,,,,,,,,RandomForest
2,protein,SYNTH_SCMGLIYNR,1,1,0,,,,,,,,,,,RandomForest
2,protein,SYNTH_SDNEIHNPAV,1,1,0,,,,,,,,,,,RandomForest
2,protein,SYNTH_SFGPLVRKI,1,1,0,,,,,,,,,,,RandomForest
2,protein,SYNTH_SFNPETNIL,1,1,0,,,,,,,,,,,RandomForest
2,protein,SYNTH_SIILEFFLMV,1,1,0,,,,,,,,,,,RandomForest
2,protein,SYNTH_SIIQFPNTY,1,1,0,,,,,,,,,,,RandomForest
2,protein,SYNTH_SIVAYTMSL,1,1,0,,,,,,,,,,,RandomForest
2,protein,SYNTH_SIYPGHITG,1,0,1,,,,,,,,,,,RandomForest
2,protein,SYNTH_SIYVYALPL,1,1,0,,,,,,,,,,,RandomForest
2,protein,SYNTH_SLENVAFNV,1,1,0,,,,,,,,,,,RandomForest
2,protein,SYNTH_SLFFFLYENA,1,0,1,,,,,,,,,,,RandomForest
2,protein,SYNTH_SLFNAVVTL,1,0,1,,,,,,,,,,,RandomForest
2,protein,SYNTH_SLFNTVAVL,1,1,0,,,,,,,,,,,RandomForest
2,protein,SYNTH_SLFNTVVTL,1,1,0,,,,,,,,,,,RandomForest
2,protein,SYNTH_SLHTGFLASL,1,1,0,,,,,,,,,,,RandomForest
2,protein,SYNTH_SLIDLQEL,1,1,0,,,,,,,,,,,RandomForest
2,protein,SYNTH_SLIDLQELGK,1,1,0,,,,,,,,,,,RandomForest
2,protein,SYNTH_SLISTSKR,1,0,1,,,,,,,,,,,RandomForest
2,protein,SYNTH_SLLFKTEDGV,1,1,0,,,,,,,,,,,RandomForest
2,protein,SYNTH_SLLSEFCRV,1,0,1,,,,,,,,,,,RandomForest
2,protein,SYNTH_SLLSVLLSMQ,1,0,1,,,,,,,,,,,RandomForest
2,protein,SYNTH_SLMAFTAAV,1,1,0,,,,,,,,,,,RandomForest
2,protein,SYNTH_SLNFLGGTTV,1,0,1,,,,,,,,,,,RandomForest
2,protein,SYNTH_SLVKPSFYV,1,0,1,,,,,,,,,,,RandomForest
2,protein,SYNTH_SLYEANPEL,1,1,0,,,,,,,,,,,RandomForest
2,protein,SYNTH_SLYNSVATL,1,1,0,,,,,,,,,,,RandomForest
2,protein,SYNTH_SLYNTIATL,1,1,0,,,,,,,,,,,RandomForest
2,protein,SYNTH_SLYNTVATL,1,1,0,,,,,,,,,,,RandomForest
2,protein,SYNTH_SLYNTVAVL,1,1,0,,,,,,,,,,,RandomForest
2,protein,SYNTH_SLYVNKHAF,1,1,0,,,,,,,,,,,RandomForest
2,protein,SYNTH_SMATNYDLSV,1,1,0,,,,,,,,,,,RandomForest
2,protein,SYNTH_SMDNSPNLA,1,1,0,,,,,,,,,,,RandomForest
2,protein,SYNTH_SMINGVVKL,1,1,0,,,,,,,,,,,RandomForest
2,protein,SYNTH_SMVGNWAKV,1,1,0,,,,,,,,,,,RandomForest
2,protein,SYNTH_SMWSFNPET,1,1,0,,,,,,,,,,,RandomForest
2,protein,SYNTH_SNQNGERSGA,1,0,1,,,,,,,,,,,RandomForest
2,protein,SYNTH_SPIFRIVAA,1,1,0,,,,,,,,,,,RandomForest
2,protein,SYNTH_SPIINREGKV,1,1,0,,,,,,,,,,,RandomForest
2,protein,SYNTH_SPLHVAWK,1,0,1,,,,,,,,,,,RandomForest
2,protein,SYNTH_SPLPSYAAF,1,1,0,,,,,,,,,,,RandomForest
2,protein,SYNTH_SPRRARSV,1,1,0,,,,,,,,,,,RandomForest
2,protein,SYNTH_SPSGVYQCA,1,1,0,,,,,,,,,,,RandomForest
2,protein,SYNTH_SPSGVYQCAM,1,1,0,,,,,,,,,,,RandomForest
2,protein,SYNTH_SPSRDRFVQL,1,1,0,,,,,,,,,,,RandomForest
2,protein,SYNTH_SPVRVPNYNM,1,1,0,,,,,,,,,,,RandomForest
2,protein,SYNTH_SQCVNLTTRT,1,0,1,,,,,,,,,,,RandomForest
2,protein,SYNTH_SRTLSYYKL,1,0,1,,,,,,,,,,,RandomForest
2,protein,SYNTH_SRYWAIRTR,1,1,0,,,,,,,,,,,RandomForest
2,protein,SYNTH_SSMSSTWHW,1,0,1,,,,,,,,,,,RandomForest
2,protein,SYNTH_SSSRHAVELR,1,0,1,,,,,,,,,,,RandomForest
2,protein,SYNTH_SSTSRNINY,1,0,1,,,,,,,,,,,RandomForest
2,protein,SYNTH_SSWAFAKY,1,0,1,,,,,,,,,,,RandomForest
2,protein,SYNTH_SSYSLFDMSK,1,0,1,,,,,,,,,,,RandomForest
2,protein,SYNTH_STDGNKIADKY,1,0,1,,,,,,,,,,,RandomForest
2,protein,SYNTH_STGHISTQK,1,0,1,,,,,,,,,,,RandomForest
2,protein,SYNTH_STLPETTVV,1,1,0,,,,,,,,,,,RandomForest
2,protein,SYNTH_STLPETTVVRR,1,1,0,,,,,,,,,,,RandomForest
2,protein,SYNTH_STQDLFLPF,1,1,0,,,,,,,,,,,RandomForest
2,protein,SYNTH_STSAFVETV,1,0,1,,,,,,,,,,,RandomForest
2,protein,SYNTH_STTTDVRTL,1,1,0,,,,,,,,,,,RandomForest
2,protein,SYNTH_STVPCFNPK,1,1,0,,,,,,,,,,,RandomForest
2,protein,SYNTH_STYGWNLVR,1,1,0,,,,,,,,,,,RandomForest
2,protein,SYNTH_SVIDCNTCV,1,1,0,,,,,,,,,,,RandomForest
2,protein,SYNTH_SVMKRRIEEIC,1,1,0,,,,,,,,,,,RandomForest
2,protein,SYNTH_SVRNGTYDYPK,1,0,1,,,,,,,,,,,RandomForest
2,protein,SYNTH_SVVRRAFPH,1,1,0,,,,,,,,,,,RandomForest
2,protein,SYNTH_SVVSKVVKV,1,1,0,,,,,,,,,,,RandomForest
2,protein,SYNTH_SVYAAVTNFLL,1,0,1,,,,,,,,,,,RandomForest
2,protein,SYNTH_SWMVRILIGF,1,1,0,,,,,,,,,,,RandomForest
2,protein,SYNTH_SYAQMWTLMY,1,1,0,,,,,,,,,,,RandomForest
2,protein,SYNTH_SYEDQDALFAY,1,0,1,,,,,,,,,,,RandomForest
2,protein,SYNTH_SYFIASFRL,1,1,0,,,,,,,,,,,RandomForest
2,protein,SYNTH_SYGADLKSF,1,0,1,,,,,,,,,,,RandomForest
2,protein,SYNTH_SYQHFRKL,1,0,1,,,,,,,,,,,RandomForest
2,protein,SYNTH_SYSLFDMSKF,1,1,0,,,,,,,,,,,RandomForest
2,protein,SYNTH_SYVNVNMGL,1,1,0,,,,,,,,,,,RandomForest
2,protein,SYNTH_SYYSLLMPI,1,1,0,,,,,,,,,,,RandomForest
2,protein,SYNTH_TALALLLLD,1,1,0,,,,,,,,,,,RandomForest
2,protein,SYNTH_TECSNLLLQY,1,1,0,,,,,,,,,,,RandomForest
2,protein,SYNTH_TEIDPKLDNYY,1,1,0,,,,,,,,,,,RandomForest
2,protein,SYNTH_TFFKLVNKF,1,0,1,,,,,,,,,,,RandomForest
2,protein,SYNTH_TIFKDASGK,2,0,2,,,,,,,,,,,RandomForest
2,protein,SYNTH_TIMAAILAY,1,1,0,,,,,,,,,,,RandomForest
2,protein,SYNTH_TIVEVQPQL,1,1,0,,,,,,,,,,,RandomForest
2,protein,SYNTH_TLADAGFIK,1,0,1,,,,,,,,,,,RandomForest
2,protein,SYNTH_TLDSKTQSL,1,1,0,,,,,,,,,,,RandomForest
2,protein,SYNTH_TLHDLCQAL,1,0,1,,,,,,,,,,,RandomForest
2,protein,SYNTH_TLIVNLVEV,1,1,0,,,,,,,,,,,RandomForest
2,protein,SYNTH_TLKGGAPTK,1,0,1,,,,,,,,,,,RandomForest
2,protein,SYNTH_TLMNVITLV,1,1,0,,,,,,,,,,,RandomForest
2,protein,SYNTH_TLMNVLTLVY,1,0,1,,,,,,,,,,,RandomForest
2,protein,SYNTH_TLREYILDL,1,0,1,,,,,,,,,,,RandomForest
2,protein,SYNTH_TLVFLFVAA,1,1,0,,,,,,,,,,,RandomForest
2,protein,SYNTH_TLYCVHQK,1,1,0,,,,,,,,,,,RandomForest
2,protein,SYNTH_TLYCVHQR,1,0,1,,,,,,,,,,,RandomForest
2,protein,SYNTH_TMLFTMLRK,1,0,1,,,,,,,,,,,RandomForest
2,protein,SYNTH_TMVMELVRMIK,1,1,0,,,,,,,,,,,RandomForest
2,protein,SYNTH_TMYGGISLL,1,1,0,,,,,,,,,,,RandomForest
2,protein,SYNTH_TPARVTGGV,1,1,0,,,,,,,,,,,RandomForest
2,protein,SYNTH_TPEGIIPALF,1,1,0,,,,,,,,,,,RandomForest
2,protein,SYNTH_TPEGIIPSMF,1,1,0,,,,,,,,,,,RandomForest
2,protein,SYNTH_TPGPGVRWPL,1,1,0,,,,,,,,,,,RandomForest
2,protein,SYNTH_TPHTVLQAV,1,1,0,,,,,,,,,,,RandomForest
2,protein,SYNTH_TPKGAVMDII,1,1,0,,,,,,,,,,,RandomForest
2,protein,SYNTH_TPLIQPIGAL,1,0,1,,,,,,,,,,,RandomForest
2,protein,SYNTH_TPPGSRDPF,1,1,0,,,,,,,,,,,RandomForest
2,protein,SYNTH_TPQDLNTM,1,1,0,,,,,,,,,,,RandomForest
2,protein,SYNTH_TPQDNQLAYV,1,1,0,,,,,,,,,,,RandomForest
2,protein,SYNTH_TPRVTGGGA,1,1,0,,,,,,,,,,,RandomForest
2,protein,SYNTH_TPRVTGGGAMA,1,1,0,,,,,,,,,,,RandomForest
2,protein,SYNTH_TQWSLFFFL,1,1,0,,,,,,,,,,,RandomForest
2,protein,SYNTH_TSFGPLVRK,1,0,1,,,,,,,,,,,RandomForest
2,protein,SYNTH_TSKGHSSSR,1,0,1,,,,,,,,,,,RandomForest
2,protein,SYNTH_TTDPSFLGRY,1,0,1,,,,,,,,,,,RandomForest
2,protein,SYNTH_TTIKPVTYK,1,0,1,,,,,,,,,,,RandomForest
2,protein,SYNTH_TTLNDFNLV,1,1,0,,,,,,,,,,,RandomForest
2,protein,SYNTH_TVIEVQGYK,1,0,1,,,,,,,,,,,RandomForest
2,protein,SYNTH_TVRSHCVSK,1,1,0,,,,,,,,,,,RandomForest
2,protein,SYNTH_TVYDPLQPEL,1,1,0,,,,,,,,,,,RandomForest
2,protein,SYNTH_TYAQMVKKL,1,0,1,,,,,,,,,,,RandomForest
2,protein,SYNTH_TYASALWEI,1,1,0,,,,,,,,,,,RandomForest
2,protein,SYNTH_TYERHSLSHF,1,1,0,,,,,,,,,,,RandomForest
2,protein,SYNTH_TYGRPIRFL,1,0,1,,,,,,,,,,,RandomForest
2,protein,SYNTH_TYHWLLLTI,1,1,0,,,,,,,,,,,RandomForest
2,protein,SYNTH_TYPVLNVTM,1,1,0,,,,,,,,,,,RandomForest
2,protein,SYNTH_TYRCGAVSDL,1,0,1,,,,,,,,,,,RandomForest
2,protein,SYNTH_TYSSSMMW,1,0,1,,,,,,,,,,,RandomForest
2,protein,SYNTH_VAFNTLLFL,1,1,0,,,,,,,,,,,RandomForest
2,protein,SYNTH_VAGALVAFK,1,0,1,,,,,,,,,,,RandomForest
2,protein,SYNTH_VALRHVVCA,1,1,0,,,,,,,,,,,RandomForest
2,protein,SYNTH_VEEDLTMTR,1,1,0,,,,,,,,,,,RandomForest
2,protein,SYNTH_VENPHLMGWD,1,1,0,,,,,,,,,,,RandomForest
2,protein,SYNTH_VFAGKNTDL,1,0,1,,,,,,,,,,,RandomForest
2,protein,SYNTH_VFVSNGTHWF,1,0,1,,,,,,,,,,,RandomForest
2,protein,SYNTH_VIAWNSNNL,1,0,1,,,,,,,,,,,RandomForest
2,protein,SYNTH_VIWMMWYWGR,1,1,0,,,,,,,,,,,RandomForest
2,protein,SYNTH_VLHDIGNPK,1,0,1,,,,,,,,,,,RandomForest
2,protein,SYNTH_VLLFLAFVVF,1,1,0,,,,,,,,,,,RandomForest
2,protein,SYNTH_VLLLVTHYAI,1,1,0,,,,,,,,,,,RandomForest
2,protein,SYNTH_VLLSMQGAV,1,1,0,,,,,,,,,,,RandomForest
2,protein,SYNTH_VLNDILSRLDK,1,0,1,,,,,,,,,,,RandomForest
2,protein,SYNTH_VLPFNDGVYFA,1,1,0,,,,,,,,,,,RandomForest
2,protein,SYNTH_VLTESSVSTA,1,1,0,,,,,,,,,,,RandomForest
2,protein,SYNTH_VLYENQKLI,1,1,0,,,,,,,,,,,RandomForest
2,protein,SYNTH_VMKFKETSF,1,1,0,,,,,,,,,,,RandomForest
2,protein,SYNTH_VMVELVAEL,1,1,0,,,,,,,,,,,RandomForest
2,protein,SYNTH_VPHHVVATV,1,1,0,,,,,,,,,,,RandomForest
2,protein,SYNTH_VPHISRQRL,1,1,0,,,,,,,,,,,RandomForest
2,protein,SYNTH_VPMEKLKTL,1,0,1,,,,,,,,,,,RandomForest
2,protein,SYNTH_VPSMEDLVNL,1,1,0,,,,,,,,,,,RandomForest
2,protein,SYNTH_VQMAPISAMV,1,0,1,,,,,,,,,,,RandomForest
2,protein,SYNTH_VRMILMTHF,1,1,0,,,,,,,,,,,RandomForest
2,protein,SYNTH_VSDGGPNLY,1,1,0,,,,,,,,,,,RandomForest
2,protein,SYNTH_VTDPEHLMM,1,1,0,,,,,,,,,,,RandomForest
2,protein,SYNTH_VTDTPKGPK,1,1,0,,,,,,,,,,,RandomForest
2,protein,SYNTH_VTDVTQLYL,1,1,0,,,,,,,,,,,RandomForest
2,protein,SYNTH_VTEHDTLL,1,1,0,,,,,,,,,,,RandomForest
2,protein,SYNTH_VTNNTFTLK,1,1,0,,,,,,,,,,,RandomForest
2,protein,SYNTH_VTPSGTWLTY,1,0,1,,,,,,,,,,,RandomForest
2,protein,SYNTH_VTTTTYLVK,1,0,1,,,,,,,,,,,RandomForest
2,protein,SYNTH_VTVKNGSIHLY,1,1,0,,,,,,,,,,,RandomForest
2,protein,SYNTH_VTYECPLLV,1,1,0,,,,,,,,,,,RandomForest
2,protein,SYNTH_VVDFSQFSR,1,0,1,,,,,,,,,,,RandomForest
2,protein,SYNTH_VVDKYFDCY,1,1,0,,,,,,,,,,,RandomForest
2,protein,SYNTH_VVENPTIQK,1,0,1,,,,,,,,,,,RandomForest
2,protein,SYNTH_VVLDSLDPMV,1,1,0,,,,,,,,,,,RandomForest
2,protein,SYNTH_VVNAANVYLK,1,0,1,,,,,,,,,,,RandomForest
2,protein,SYNTH_VVNARLRAK,1,1,0,,,,,,,,,,,RandomForest
2,protein,SYNTH_VVTTKIALK,1,1,0,,,,,,,,,,,RandomForest
2,protein,SYNTH_VYFASTEKSNI,1,1,0,,,,,,,,,,,RandomForest
2,protein,SYNTH_VYFLQSINF,1,1,0,,,,,,,,,,,RandomForest
2,protein,SYNTH_VYHQLCRAL,1,0,1,,,,,,,,,,,RandomForest
2,protein,SYNTH_VYMPASWVM,1,1,0,,,,,,,,,,,RandomForest
2,protein,SYNTH_VYNAPNLHTL,1,0,1,,,,,,,,,,,RandomForest
2,protein,SYNTH_VYRDEALNNRF,1,1,0,,,,,,,,,,,RandomForest
2,protein,SYNTH_VYSVIYLYL,1,0,1,,,,,,,,,,,RandomForest
2,protein,SYNTH_VYYTSAFVF,1,0,1,,,,,,,,,,,RandomForest
2,protein,SYNTH_WHYDQDHPY,1,1,0,,,,,,,,,,,RandomForest
2,protein,SYNTH_WHYPCTVNF,1,1,0,,,,,,,,,,,RandomForest
2,protein,SYNTH_WKTWGKAKML,1,1,0,,,,,,,,,,,RandomForest
2,protein,SYNTH_WLDDDSQQTV,1,0,1,,,,,,,,,,,RandomForest
2,protein,SYNTH_WLDMVDTSL,1,1,0,,,,,,,,,,,RandomForest
2,protein,SYNTH_WLGFIAGLI,1,1,0,,,,,,,,,,,RandomForest
2,protein,SYNTH_WLGNIIQYA,1,1,0,,,,,,,,,,,RandomForest
2,protein,SYNTH_WLLVLVLLL,1,0,1,,,,,,,,,,,RandomForest
2,protein,SYNTH_WLPTGTLLV,1,1,0,,,,,,,,,,,RandomForest
2,protein,SYNTH_WLQFRNSK,1,0,1,,,,,,,,,,,RandomForest
2,protein,SYNTH_WLTYTGAIK,1,1,0,,,,,,,,,,,RandomForest
2,protein,SYNTH_WLTYTGAIKL,1,1,0,,,,,,,,,,,RandomForest
2,protein,SYNTH_WPAPPGARSM,1,1,0,,,,,,,,,,,RandomForest
2,protein,SYNTH_WQPAAQPKR,1,1,0,,,,,,,,,,,RandomForest
2,protein,SYNTH_WSMATYYLF,1,0,1,,,,,,,,,,,RandomForest
2,protein,SYNTH_WTDNNCYLA,1,1,0,,,,,,,,,,,RandomForest
2,protein,SYNTH_YADVFHLYL,1,0,1,,,,,,,,,,,RandomForest
2,protein,SYNTH_YANRNRFLY,1,1,0,,,,,,,,,,,RandomForest
2,protein,SYNTH_YAQMWTLMY,1,1,0,,,,,,,,,,,RandomForest
2,protein,SYNTH_YEKLKPVL,1,1,0,,,,,,,,,,,RandomForest
2,protein,SYNTH_YFLQSINFV,1,1,0,,,,,,,,,,,RandomForest
2,protein,SYNTH_YFPLQSYGF,1,0,1,,,,,,,,,,,RandomForest
2,protein,SYNTH_YFVVKRHTF,1,1,0,,,,,,,,,,,RandomForest
2,protein,SYNTH_YGFQPTNGV,1,1,0,,,,,,,,,,,RandomForest
2,protein,SYNTH_YICGFIQQK,1,1,0,,,,,,,,,,,RandomForest
2,protein,SYNTH_YIDDYMRNA,1,0,1,,,,,,,,,,,RandomForest
2,protein,SYNTH_YILGADPLRV,1,1,0,,,,,,,,,,,RandomForest
2,protein,SYNTH_YINVFAFPF,1,1,0,,,,,,,,,,,RandomForest
2,protein,SYNTH_YIVRWEWVV,1,1,0,,,,,,,,,,,RandomForest
2,protein,SYNTH_YKTFPPTEPK,1,1,0,,,,,,,,,,,RandomForest
2,protein,SYNTH_YLDGADVTKI,1,0,1,,,,,,,,,,,RandomForest
2,protein,SYNTH_YLEGSVRVV,1,1,0,,,,,,,,,,,RandomForest
2,protein,SYNTH_YLESFCEDV,1,1,0,,,,,,,,,,,RandomForest
2,protein,SYNTH_YLHTLWKAGI,1,0,1,,,,,,,,,,,RandomForest
2,protein,SYNTH_YLITPVHVM,1,1,0,,,,,,,,,,,RandomForest
2,protein,SYNTH_YLKLRSDVL,1,0,1,,,,,,,,,,,RandomForest
2,protein,SYNTH_YLKLTDNVYIK,1,0,1,,,,,,,,,,,RandomForest
2,protein,SYNTH_YLNTLTLAVP,1,0,1,,,,,,,,,,,RandomForest
2,protein,SYNTH_YLPYPDPSRI,1,0,1,,,,,,,,,,,RandomForest
2,protein,SYNTH_YLPYPDPSRIL,1,0,1,,,,,,,,,,,RandomForest
2,protein,SYNTH_YLQPRTFLL,2,2,0,,,,,,,,,,,RandomForest
2,protein,SYNTH_YLTNDVSFLA,1,1,0,,,,,,,,,,,RandomForest
2,protein,SYNTH_YLVRRPMTI,1,1,0,,,,,,,,,,,RandomForest
2,protein,SYNTH_YLYALVYFL,1,1,0,,,,,,,,,,,RandomForest
2,protein,SYNTH_YMDDVVLG,1,0,1,,,,,,,,,,,RandomForest
2,protein,SYNTH_YMDDVVLGAK,1,0,1,,,,,,,,,,,RandomForest
2,protein,SYNTH_YMPYFFTLL,1,1,0,,,,,,,,,,,RandomForest
2,protein,SYNTH_YNLWNTFTRL,1,1,0,,,,,,,,,,,RandomForest
2,protein,SYNTH_YPALMPLYA,1,0,1,,,,,,,,,,,RandomForest
2,protein,SYNTH_YPLECIKDL,1,1,0,,,,,,,,,,,RandomForest
2,protein,SYNTH_YQCAMRPNFT,1,0,1,,,,,,,,,,,RandomForest
2,protein,SYNTH_YQKCCNLFEK,1,0,1,,,,,,,,,,,RandomForest
2,protein,SYNTH_YSDPLALRE,1,1,0,,,,,,,,,,,RandomForest
2,protein,SYNTH_YSEHPTFTSQY,1,1,0,,,,,,,,,,,RandomForest
2,protein,SYNTH_YSFLPGVYSV,1,0,1,,,,,,,,,,,RandomForest
2,protein,SYNTH_YSFRPTYGV,1,1,0,,,,,,,,,,,RandomForest
2,protein,SYNTH_YSYATHSDK,1,0,1,,,,,,,,,,,RandomForest
2,protein,SYNTH_YTAFTIPSV,1,1,0,,,,,,,,,,,RandomForest
2,protein,SYNTH_YTDIATSAC,1,1,0,,,,,,,,,,,RandomForest
2,protein,SYNTH_YTDYMPSMK,1,1,0,,,,,,,,,,,RandomForest
2,protein,SYNTH_YTGNYQCGHY,1,1,0,,,,,,,,,,,RandomForest
2,protein,SYNTH_YTNDKACPL,1,1,0,,,,,,,,,,,RandomForest
2,protein,SYNTH_YTNWGEIYI,1,0,1,,,,,,,,,,,RandomForest
2,protein,SYNTH_YTVSCLPFT,1,1,0,,,,,,,,,,,RandomForest
2,protein,SYNTH_YVFTGYRVTK,1,0,1,,,,,,,,,,,RandomForest
2,protein,SYNTH_YVGDLCGSV,1,1,0,,,,,,,,,,,RandomForest
2,protein,SYNTH_YVLEETSVML,1,1,0,,,,,,,,,,,RandomForest
2,protein,SYNTH_YVLPRRGPRL,1,0,1,,,,,,,,,,,RandomForest
2,protein,SYNTH_YVNKHAFHT,1,1,0,,,,,,,,,,,RandomForest
2,protein,SYNTH_YVNVNMGLK,1,0,1,,,,,,,,,,,RandomForest
2,protein,SYNTH_YVVIAILTVV,1,1,0,,,,,,,,,,,RandomForest
2,protein,SYNTH_YYAGLPPEL,1,0,1,,,,,,,,,,,RandomForest
2,protein,SYNTH_YYMATLKNV,1,1,0,,,,,,,,,,,RandomForest
2,protein,SYNTH_YYVFHMPRCL,1,0,1,,,,,,,,,,,RandomForest
2,protein,SYNTH_YYVGYLQPRTF,1,0,1,,,,,,,,,,,RandomForest
2,protein,VE2_HPV16,5,5,0,,,,,,,,,,,RandomForest
2,protein,VE5_HPV16,1,1,0,,,,,,,,,,,RandomForest
2,protein,VE6_HPV16,6,6,0,,,,,,,,,,,RandomForest
2,protein,VE6_HPV18,4,2,2,,,,,,,,,,,RandomForest
2,protein,VE7_HPV16,8,7,1,,,,,,,,,,,RandomForest
2,protein,VE7_HPV18,1,1,0,,,,,,,,,,,RandomForest
2,protein,VL1_HPV16,1,1,0,,,,,,,,,,,RandomForest
3,overall,all,913,627,286,0.6996826937018323,0.8242684710880861,0.8901098901098901,0.8728070175438597,0.8901098901098901,0.1291866028708134,0.9048034439146769,0.8728070175438597,0.31738437001594894,0.8828879862589407,RandomForest
3,virus,CMV,97,76,21,0.7644110275689222,0.8601027629677372,0.6666666666666666,0.875,0.6666666666666666,0.07894736842105263,0.545901459294285,0.875,0.27631578947368424,0.7560354855016844,RandomForest
3,virus,DENV,100,99,1,0.6363636363636364,0.9955218960308465,1.0,1.0,1.0,0.10101010101010101,1.0,1.0,0.25252525252525254,1.0,RandomForest
3,virus,EBV,37,25,12,0.6166666666666667,0.8000520719346106,1.0,0.8888888888888888,1.0,0.12,1.0,0.8888888888888888,0.32,0.8987713917876998,RandomForest
3,virus,HBV,88,44,44,0.6459194214876033,0.6833001370833871,0.75,0.7727272727272727,0.75,0.13636363636363635,0.7988135118020507,0.7727272727272727,0.38636363636363635,0.7972013710745653,RandomForest
3,virus,HCV,30,22,8,0.6647727272727273,0.8297080752907426,1.0,0.7142857142857143,1.0,0.13636363636363635,1.0,0.7142857142857143,0.22727272727272727,0.7899917627398736,RandomForest
3,virus,HIV-1,43,30,13,0.7923076923076923,0.9062957786020341,1.0,1.0,1.0,0.13333333333333333,0.9999999999999998,1.0,0.3333333333333333,1.0,RandomForest
3,virus,HPV,12,0,12,,,,,,,,,,,RandomForest
3,virus,HPV16,19,17,2,0.6470588235294117,0.948279640036606,1.0,1.0,1.0,0.058823529411764705,1.0,1.0,0.23529411764705882,0.9999999999999998,RandomForest
3,virus,HPV18,9,5,4,,,,,,,,,,,RandomForest
3,virus,IAV,46,28,18,0.7123015873015873,0.8174284941339504,1.0,0.9090909090909091,1.0,0.14285714285714285,0.9999999999999998,0.9090909090909091,0.35714285714285715,0.9197817264827571,RandomForest
3,virus,RSV,1,1,0,,,,,,,,,,,RandomForest
3,virus,SARS-CoV-2,431,280,151,0.6580061494796594,0.7576589708226728,0.813953488372093,0.794392523364486,0.813953488372093,0.125,0.8088835044902802,0.794392523364486,0.30357142857142855,0.7949558219380762,RandomForest
3,protein,BARF1_EBVG,2,2,0,,,,,,,,,,,RandomForest
3,protein,BRLF1_EBVB9,2,1,1,,,,,,,,,,,RandomForest
3,protein,BZLF1_EBVB9,2,0,2,,,,,,,,,,,RandomForest
3,protein,DNBI_EBVG,5,1,4,,,,,,,,,,,RandomForest
3,protein,EAD_EBVG,2,2,0,,,,,,,,,,,RandomForest
3,protein,EBNA1_EBVB9,1,1,0,,,,,,,,,,,RandomForest
3,protein,EBNA2_EBVG,1,0,1,,,,,,,,,,,RandomForest
3,protein,EBNA3_EBVB9,2,2,0,,,,,,,,,,,RandomForest
3,protein,EBNA4_EBVB9,1,1,0,,,,,,,,,,,RandomForest
3,protein,EBNA6_EBVG,3,1,2,,,,,,,,,,,RandomForest
3,protein,LMP1_EBVB9,1,0,1,,,,,,,,,,,RandomForest
3,protein,LMP2_EBVB9,6,6,0,,,,,,,,,,,RandomForest
3,protein,MTP_EBVG,1,1,0,,,,,,,,,,,RandomForest
3,protein,SYNTH_AAFYHLPLH,1,0,1,,,,,,,,,,,RandomForest
3,protein,SYNTH_AAGLEAPFLY,1,1,0,,,,,,,,,,,RandomForest
3,protein,SYNTH_AAGRKSLTL,1,1,0,,,,,,,,,,,RandomForest
3,protein,SYNTH_AAISDYDYY,1,1,0,,,,,,,,,,,RandomForest
3,protein,SYNTH_AANFCALILA,1,1,0,,,,,,,,,,,RandomForest
3,protein,SYNTH_ADLMGYIPLV,1,1,0,,,,,,,,,,,RandomForest
3,protein,SYNTH_AEAELAKNV,1,1,0,,,,,,,,,,,RandomForest
3,protein,SYNTH_AEGGVGWRHW,1,1,0,,,,,,,,,,,RandomForest
3,protein,SYNTH_AEIRASANL,1,1,0,,,,,,,,,,,RandomForest
3,protein,SYNTH_AEPNFPKNVW,1,1,0,,,,,,,,,,,RandomForest
3,protein,SYNTH_AEVQIDRLI,1,1,0,,,,,,,,,,,RandomForest
3,protein,SYNTH_AGFSLWVYK,1,1,0,,,,,,,,,,,RandomForest
3,protein,SYNTH_AGRRSVSGDL,1,1,0,,,,,,,,,,,RandomForest
3,protein,SYNTH_AHIQWMVMF,1,1,0,,,,,,,,,,,RandomForest
3,protein,SYNTH_AICSVVRR,1,0,1,,,,,,,,,,,RandomForest
3,protein,SYNTH_AIDAYPLTK,1,1,0,,,,,,,,,,,RandomForest
3,protein,SYNTH_AIMDKNIIL,1,1,0,,,,,,,,,,,RandomForest
3,protein,SYNTH_AIVDKNITL,1,1,0,,,,,,,,,,,RandomForest
3,protein,SYNTH_AIVSTIQRKYK,1,1,0,,,,,,,,,,,RandomForest
3,protein,SYNTH_ALALLLLDRL,1,0,1,,,,,,,,,,,RandomForest
3,protein,SYNTH_ALDLSHFLR,1,0,1,,,,,,,,,,,RandomForest
3,protein,SYNTH_ALFFFDIDLL,1,1,0,,,,,,,,,,,RandomForest
3,protein,SYNTH_ALGNLPKVLHK,1,0,1,,,,,,,,,,,RandomForest
3,protein,SYNTH_ALITLATCEL,1,0,1,,,,,,,,,,,RandomForest
3,protein,SYNTH_ALKMTMASV,1,0,1,,,,,,,,,,,RandomForest
3,protein,SYNTH_ALKYLPIDK,1,0,1,,,,,,,,,,,RandomForest
3,protein,SYNTH_ALLADKFPVL,1,1,0,,,,,,,,,,,RandomForest
3,protein,SYNTH_ALLALNDMGK,1,1,0,,,,,,,,,,,RandomForest
3,protein,SYNTH_ALLATSIFK,1,1,0,,,,,,,,,,,RandomForest
3,protein,SYNTH_ALLKHRFEI,1,0,1,,,,,,,,,,,RandomForest
3,protein,SYNTH_ALLTKSSEYK,1,0,1,,,,,,,,,,,RandomForest
3,protein,SYNTH_ALLTLQQIEL,1,1,0,,,,,,,,,,,RandomForest
3,protein,SYNTH_ALNTLVKQL,1,1,0,,,,,,,,,,,RandomForest
3,protein,SYNTH_ALPETTADI,1,1,0,,,,,,,,,,,RandomForest
3,protein,SYNTH_ALPETTADIV,1,0,1,,,,,,,,,,,RandomForest
3,protein,SYNTH_ALRANSAVK,1,0,1,,,,,,,,,,,RandomForest
3,protein,SYNTH_ALRFTSARR,1,1,0,,,,,,,,,,,RandomForest
3,protein,SYNTH_ALSPSTSKV,1,1,0,,,,,,,,,,,RandomForest
3,protein,SYNTH_ALWEIQQV,1,1,0,,,,,,,,,,,RandomForest
3,protein,SYNTH_AMMFTSDLA,1,1,0,,,,,,,,,,,RandomForest
3,protein,SYNTH_APISAMVRM,1,1,0,,,,,,,,,,,RandomForest
3,protein,SYNTH_APTKVTFGV,1,1,0,,,,,,,,,,,RandomForest
3,protein,SYNTH_AQALNTLVK,1,0,1,,,,,,,,,,,RandomForest
3,protein,SYNTH_AQLPAPRTL,1,1,0,,,,,,,,,,,RandomForest
3,protein,SYNTH_AQVAKSHNIAL,1,0,1,,,,,,,,,,,RandomForest
3,protein,SYNTH_ASCDAIMTR,1,0,1,,,,,,,,,,,RandomForest
3,protein,SYNTH_ASFCGSPYSW,1,1,0,,,,,,,,,,,RandomForest
3,protein,SYNTH_ASMPTTIAK,1,1,0,,,,,,,,,,,RandomForest
3,protein,SYNTH_ASSASSCLY,1,0,1,,,,,,,,,,,RandomForest
3,protein,SYNTH_ATDALMTGF,1,1,0,,,,,,,,,,,RandomForest
3,protein,SYNTH_ATSRTLSYYK,1,1,0,,,,,,,,,,,RandomForest
3,protein,SYNTH_ATVVIGTSK,1,0,1,,,,,,,,,,,RandomForest
3,protein,SYNTH_AVDLSHFLK,1,1,0,,,,,,,,,,,RandomForest
3,protein,SYNTH_AVFDKNLYDK,1,1,0,,,,,,,,,,,RandomForest
3,protein,SYNTH_AVLDMCASL,1,1,0,,,,,,,,,,,RandomForest
3,protein,SYNTH_AVMEKNIVL,1,1,0,,,,,,,,,,,RandomForest
3,protein,SYNTH_AYAQKIFKI,1,1,0,,,,,,,,,,,RandomForest
3,protein,SYNTH_AYAQKIFKIL,1,1,0,,,,,,,,,,,RandomForest
3,protein,SYNTH_AYEYVDYLF,1,0,1,,,,,,,,,,,RandomForest
3,protein,SYNTH_AYMLERELV,1,0,1,,,,,,,,,,,RandomForest
3,protein,SYNTH_AYRIKQRGIL,1,1,0,,,,,,,,,,,RandomForest
3,protein,SYNTH_AYRPQNAPIL,1,0,1,,,,,,,,,,,RandomForest
3,protein,SYNTH_AYSQQTRGL,1,0,1,,,,,,,,,,,RandomForest
3,protein,SYNTH_AYVCCQEYL,1,0,1,,,,,,,,,,,RandomForest
3,protein,SYNTH_CGYPALMPLY,1,1,0,,,,,,,,,,,RandomForest
3,protein,SYNTH_CIDDNALAY,1,1,0,,,,,,,,,,,RandomForest
3,protein,SYNTH_CLEASFNYL,1,1,0,,,,,,,,,,,RandomForest
3,protein,SYNTH_CLFKDWEEL,1,1,0,,,,,,,,,,,RandomForest
3,protein,SYNTH_CLHQSAVRK,2,2,0,,,,,,,,,,,RandomForest
3,protein,SYNTH_CLIGAEHV,1,0,1,,,,,,,,,,,RandomForest
3,protein,SYNTH_CLPACVYGL,1,1,0,,,,,,,,,,,RandomForest
3,protein,SYNTH_CRVLCCYVL,1,1,0,,,,,,,,,,,RandomForest
3,protein,SYNTH_CSMENTRATK,1,0,1,,,,,,,,,,,RandomForest
3,protein,SYNTH_CTDDNALAY,1,1,0,,,,,,,,,,,RandomForest
3,protein,SYNTH_CTEIDPKLDNY,1,0,1,,,,,,,,,,,RandomForest
3,protein,SYNTH_CVNGVCWTV,1,1,0,,,,,,,,,,,RandomForest
3,protein,SYNTH_DEQVSKRSW,1,1,0,,,,,,,,,,,RandomForest
3,protein,SYNTH_DFFPSIRDLL,1,0,1,,,,,,,,,,,RandomForest
3,protein,SYNTH_DLDDFSKQL,1,0,1,,,,,,,,,,,RandomForest
3,protein,SYNTH_DLMCHATF,1,1,0,,,,,,,,,,,RandomForest
3,protein,SYNTH_DPNFKDQVI,1,1,0,,,,,,,,,,,RandomForest
3,protein,SYNTH_DYCLTHIVNL,1,0,1,,,,,,,,,,,RandomForest
3,protein,SYNTH_DYMTSMKRF,1,1,0,,,,,,,,,,,RandomForest
3,protein,SYNTH_DYQGKPLEF,1,0,1,,,,,,,,,,,RandomForest
3,protein,SYNTH_DYYQLYSTQL,1,1,0,,,,,,,,,,,RandomForest
3,protein,SYNTH_EARKTFVDL,1,1,0,,,,,,,,,,,RandomForest
3,protein,SYNTH_EEFEPSTQYEY,1,1,0,,,,,,,,,,,RandomForest
3,protein,SYNTH_EEMNLPGRW,1,0,1,,,,,,,,,,,RandomForest
3,protein,SYNTH_EFFLMVLLI,1,1,0,,,,,,,,,,,RandomForest
3,protein,SYNTH_EGAAQGDDD,1,1,0,,,,,,,,,,,RandomForest
3,protein,SYNTH_EIDPKLDNY,1,1,0,,,,,,,,,,,RandomForest
3,protein,SYNTH_EILDITPCSFG,1,1,0,,,,,,,,,,,RandomForest
3,protein,SYNTH_EIYKRWII,1,1,0,,,,,,,,,,,RandomForest
3,protein,SYNTH_ELKRKMIYM,1,1,0,,,,,,,,,,,RandomForest
3,protein,SYNTH_ELKRKMMYM,1,1,0,,,,,,,,,,,RandomForest
3,protein,SYNTH_ELNRKMIYM,1,1,0,,,,,,,,,,,RandomForest
3,protein,SYNTH_ELRSRYWAI,1,1,0,,,,,,,,,,,RandomForest
3,protein,SYNTH_EPGVVSPTSY,1,1,0,,,,,,,,,,,RandomForest
3,protein,SYNTH_EPVLKGVKL,2,0,2,,,,,,,,,,,RandomForest
3,protein,SYNTH_EQYIKWPWY,1,0,1,,,,,,,,,,,RandomForest
3,protein,SYNTH_EWMSIRPYF,1,1,0,,,,,,,,,,,RandomForest
3,protein,SYNTH_EYADVFHLYL,1,1,0,,,,,,,,,,,RandomForest
3,protein,SYNTH_EYHDVRVVLDF,1,0,1,,,,,,,,,,,RandomForest
3,protein,SYNTH_EYTRLGVWL,1,0,1,,,,,,,,,,,RandomForest
3,protein,SYNTH_FACPDGVKHVY,1,1,0,,,,,,,,,,,RandomForest
3,protein,SYNTH_FAVDAAKAYK,1,0,1,,,,,,,,,,,RandomForest
3,protein,SYNTH_FAVPNLQSL,1,1,0,,,,,,,,,,,RandomForest
3,protein,SYNTH_FDIYNDKVAGF,1,1,0,,,,,,,,,,,RandomForest
3,protein,SYNTH_FEFTSFFY,1,0,1,,,,,,,,,,,RandomForest
3,protein,SYNTH_FELDERIDKV,1,1,0,,,,,,,,,,,RandomForest
3,protein,SYNTH_FFDIDLLLQR,1,0,1,,,,,,,,,,,RandomForest
3,protein,SYNTH_FFFDIDLLL,1,0,1,,,,,,,,,,,RandomForest
3,protein,SYNTH_FFLLTRILTI,1,1,0,,,,,,,,,,,RandomForest
3,protein,SYNTH_FFWDANDIY,1,1,0,,,,,,,,,,,RandomForest
3,protein,SYNTH_FGMSRIGM,1,0,1,,,,,,,,,,,RandomForest
3,protein,SYNTH_FIEDLLFNK,1,1,0,,,,,,,,,,,RandomForest
3,protein,SYNTH_FIERYKLEGY,1,1,0,,,,,,,,,,,RandomForest
3,protein,SYNTH_FIRQEEVQELY,1,1,0,,,,,,,,,,,RandomForest
3,protein,SYNTH_FKNLREFVF,1,0,1,,,,,,,,,,,RandomForest
3,protein,SYNTH_FLAHIQWMVM,1,0,1,,,,,,,,,,,RandomForest
3,protein,SYNTH_FLALCADSII,1,0,1,,,,,,,,,,,RandomForest
3,protein,SYNTH_FLCCKCCYD,1,1,0,,,,,,,,,,,RandomForest
3,protein,SYNTH_FLELAMDEFI,1,0,1,,,,,,,,,,,RandomForest
3,protein,SYNTH_FLEYHDVRVV,1,0,1,,,,,,,,,,,RandomForest
3,protein,SYNTH_FLFLTWICLL,1,1,0,,,,,,,,,,,RandomForest
3,protein,SYNTH_FLGRYMSAL,1,1,0,,,,,,,,,,,RandomForest
3,protein,SYNTH_FLKQQYMNL,1,1,0,,,,,,,,,,,RandomForest
3,protein,SYNTH_FLLNKEMYL,1,0,1,,,,,,,,,,,RandomForest
3,protein,SYNTH_FLLVTLAIL,1,1,0,,,,,,,,,,,RandomForest
3,protein,SYNTH_FLNGSCGSVG,1,0,1,,,,,,,,,,,RandomForest
3,protein,SYNTH_FLPFFSDVT,1,1,0,,,,,,,,,,,RandomForest
3,protein,SYNTH_FLPFFSNVTW,1,0,1,,,,,,,,,,,RandomForest
3,protein,SYNTH_FLPHDFYPSV,1,1,0,,,,,,,,,,,RandomForest
3,protein,SYNTH_FLPSDFFPGV,1,1,0,,,,,,,,,,,RandomForest
3,protein,SYNTH_FLPSDFFPS,1,1,0,,,,,,,,,,,RandomForest
3,protein,SYNTH_FLPSDFFPSI,1,1,0,,,,,,,,,,,RandomForest
3,protein,SYNTH_FLPSDFLPSV,1,1,0,,,,,,,,,,,RandomForest
3,protein,SYNTH_FLTEAIVHSV,1,1,0,,,,,,,,,,,RandomForest
3,protein,SYNTH_FLTENLLLY,1,1,0,,,,,,,,,,,RandomForest
3,protein,SYNTH_FMLWCKDGHV,1,0,1,,,,,,,,,,,RandomForest
3,protein,SYNTH_FMPLLPIFF,1,0,1,,,,,,,,,,,RandomForest
3,protein,SYNTH_FNATRFASV,1,0,1,,,,,,,,,,,RandomForest
3,protein,SYNTH_FNDGVYFAS,1,0,1,,,,,,,,,,,RandomForest
3,protein,SYNTH_FPQSNAPIM,1,1,0,,,,,,,,,,,RandomForest
3,protein,SYNTH_FPQSNAPIMD,1,1,0,,,,,,,,,,,RandomForest
3,protein,SYNTH_FPREGVFV,1,1,0,,,,,,,,,,,RandomForest
3,protein,SYNTH_FPREGVFVS,1,0,1,,,,,,,,,,,RandomForest
3,protein,SYNTH_FPVKPQVPL,1,1,0,,,,,,,,,,,RandomForest
3,protein,SYNTH_FPVKPQVPLR,1,0,1,,,,,,,,,,,RandomForest
3,protein,SYNTH_FPVKPRVPL,1,0,1,,,,,,,,,,,RandomForest
3,protein,SYNTH_FPVRPQVPLR,1,1,0,,,,,,,,,,,RandomForest
3,protein,SYNTH_FPVTPRVPL,1,0,1,,,,,,,,,,,RandomForest
3,protein,SYNTH_FRLFARTRSM,1,1,0,,,,,,,,,,,RandomForest
3,protein,SYNTH_FSLHYAWKTM,1,1,0,,,,,,,,,,,RandomForest
3,protein,SYNTH_FSVAALTNNV,1,0,1,,,,,,,,,,,RandomForest
3,protein,SYNTH_FTALTQHGK,1,0,1,,,,,,,,,,,RandomForest
3,protein,SYNTH_FTDTCFANK,1,1,0,,,,,,,,,,,RandomForest
3,protein,SYNTH_FTIMAAILAY,1,1,0,,,,,,,,,,,RandomForest
3,protein,SYNTH_FTINCQEPKL,1,0,1,,,,,,,,,,,RandomForest
3,protein,SYNTH_FTMRHKKATY,1,1,0,,,,,,,,,,,RandomForest
3,protein,SYNTH_FTNMEAQLVR,1,1,0,,,,,,,,,,,RandomForest
3,protein,SYNTH_FTPLVPFWI,1,1,0,,,,,,,,,,,RandomForest
3,protein,SYNTH_FTYASALWEI,1,0,1,,,,,,,,,,,RandomForest
3,protein,SYNTH_FVDGVPFVV,1,1,0,,,,,,,,,,,RandomForest
3,protein,SYNTH_FVENPDILRVY,1,0,1,,,,,,,,,,,RandomForest
3,protein,SYNTH_FVLAAVYRI,1,1,0,,,,,,,,,,,RandomForest
3,protein,SYNTH_FVSGNCDVV,1,1,0,,,,,,,,,,,RandomForest
3,protein,SYNTH_FVVPGLPGTI,1,0,1,,,,,,,,,,,RandomForest
3,protein,SYNTH_FVVSTGYHF,1,1,0,,,,,,,,,,,RandomForest
3,protein,SYNTH_FWDANDIYR,1,1,0,,,,,,,,,,,RandomForest
3,protein,SYNTH_FYDLRDLKL,1,0,1,,,,,,,,,,,RandomForest
3,protein,SYNTH_FYVAMFASL,1,0,1,,,,,,,,,,,RandomForest
3,protein,SYNTH_GAKLKALNL,1,0,1,,,,,,,,,,,RandomForest
3,protein,SYNTH_GANKDGIIW,1,1,0,,,,,,,,,,,RandomForest
3,protein,SYNTH_GDTPVLPHE,1,1,0,,,,,,,,,,,RandomForest
3,protein,SYNTH_GESSSNPTI,1,1,0,,,,,,,,,,,RandomForest
3,protein,SYNTH_GEVFNATRF,1,1,0,,,,,,,,,,,RandomForest
3,protein,SYNTH_GGKKKYRL,1,0,1,,,,,,,,,,,RandomForest
3,protein,SYNTH_GGPNLDNIL,1,1,0,,,,,,,,,,,RandomForest
3,protein,SYNTH_GILGFVYTL,1,1,0,,,,,,,,,,,RandomForest
3,protein,SYNTH_GILGVVFTL,1,1,0,,,,,,,,,,,RandomForest
3,protein,SYNTH_GILPRSSVGPR,1,1,0,,,,,,,,,,,RandomForest
3,protein,SYNTH_GINASVVNI,1,1,0,,,,,,,,,,,RandomForest
3,protein,SYNTH_GKKHMIAGVL,1,1,0,,,,,,,,,,,RandomForest
3,protein,SYNTH_GKYEQYIKW,1,1,0,,,,,,,,,,,RandomForest
3,protein,SYNTH_GLCVDIPGI,1,0,1,,,,,,,,,,,RandomForest
3,protein,SYNTH_GLFGAIAGFI,1,1,0,,,,,,,,,,,RandomForest
3,protein,SYNTH_GLFGKTQVGV,1,1,0,,,,,,,,,,,RandomForest
3,protein,SYNTH_GLIAIVMVTI,1,0,1,,,,,,,,,,,RandomForest
3,protein,SYNTH_GLITLSYHL,1,1,0,,,,,,,,,,,RandomForest
3,protein,SYNTH_GLLAHIPALGV,1,1,0,,,,,,,,,,,RandomForest
3,protein,SYNTH_GLNSRSTSL,1,1,0,,,,,,,,,,,RandomForest
3,protein,SYNTH_GLPRYVARL,1,1,0,,,,,,,,,,,RandomForest
3,protein,SYNTH_GLQDCTMLV,1,1,0,,,,,,,,,,,RandomForest
3,protein,SYNTH_GLVAEWFLA,1,1,0,,,,,,,,,,,RandomForest
3,protein,SYNTH_GLYTQPRWK,1,1,0,,,,,,,,,,,RandomForest
3,protein,SYNTH_GPCALRFTS,1,0,1,,,,,,,,,,,RandomForest
3,protein,SYNTH_GRLQSLQTYV,1,0,1,,,,,,,,,,,RandomForest
3,protein,SYNTH_GSSRGTSPA,1,0,1,,,,,,,,,,,RandomForest
3,protein,SYNTH_GTHPSSSAGLK,1,0,1,,,,,,,,,,,RandomForest
3,protein,SYNTH_GTHWFVTQR,1,0,1,,,,,,,,,,,RandomForest
3,protein,SYNTH_GTSGSPIINR,1,1,0,,,,,,,,,,,RandomForest
3,protein,SYNTH_GTSGSPIVDK,1,1,0,,,,,,,,,,,RandomForest
3,protein,SYNTH_GTSGSPIVDR,1,1,0,,,,,,,,,,,RandomForest
3,protein,SYNTH_GTVFVAYHR,1,0,1,,,,,,,,,,,RandomForest
3,protein,SYNTH_GVKHVYQLR,1,0,1,,,,,,,,,,,RandomForest
3,protein,SYNTH_GVRVLEDGV,1,1,0,,,,,,,,,,,RandomForest
3,protein,SYNTH_GVWIRTPPA,1,1,0,,,,,,,,,,,RandomForest
3,protein,SYNTH_GVYDYLVST,1,1,0,,,,,,,,,,,RandomForest
3,protein,SYNTH_GVYYHKNNK,1,0,1,,,,,,,,,,,RandomForest
3,protein,SYNTH_HADQLTPTW,1,1,0,,,,,,,,,,,RandomForest
3,protein,SYNTH_HEMYWVSGV,1,1,0,,,,,,,,,,,RandomForest
3,protein,SYNTH_HFISNSWLMW,1,1,0,,,,,,,,,,,RandomForest
3,protein,SYNTH_HLKLRPATF,1,1,0,,,,,,,,,,,RandomForest
3,protein,SYNTH_HLSLRGLPV,1,0,1,,,,,,,,,,,RandomForest
3,protein,SYNTH_HLYSHPIIL,1,1,0,,,,,,,,,,,RandomForest
3,protein,SYNTH_HMIAGVFFTF,1,1,0,,,,,,,,,,,RandomForest
3,protein,SYNTH_HPTQAPTHL,1,0,1,,,,,,,,,,,RandomForest
3,protein,SYNTH_HQLDPAFK,1,0,1,,,,,,,,,,,RandomForest
3,protein,SYNTH_HSKKKCDEL,1,1,0,,,,,,,,,,,RandomForest
3,protein,SYNTH_HSWEDIPYL,1,1,0,,,,,,,,,,,RandomForest
3,protein,SYNTH_HTQVVDMSMTY,1,1,0,,,,,,,,,,,RandomForest
3,protein,SYNTH_HTTDPSFLGRY,1,1,0,,,,,,,,,,,RandomForest
3,protein,SYNTH_HVVGPNVNK,1,0,1,,,,,,,,,,,RandomForest
3,protein,SYNTH_HWFVTQRNF,1,1,0,,,,,,,,,,,RandomForest
3,protein,SYNTH_HYFKTRHYL,1,0,1,,,,,,,,,,,RandomForest
3,protein,SYNTH_HYLHTLWEA,1,1,0,,,,,,,,,,,RandomForest
3,protein,SYNTH_IANQATVLM,1,1,0,,,,,,,,,,,RandomForest
3,protein,SYNTH_IAVGMVTLY,1,1,0,,,,,,,,,,,RandomForest
3,protein,SYNTH_IHVRAWIGF,1,1,0,,,,,,,,,,,RandomForest
3,protein,SYNTH_IHVRVSQPS,1,1,0,,,,,,,,,,,RandomForest
3,protein,SYNTH_IILEFFLIV,1,1,0,,,,,,,,,,,RandomForest
3,protein,SYNTH_IIWFLLLSV,1,1,0,,,,,,,,,,,RandomForest
3,protein,SYNTH_IKWPWYIWL,1,1,0,,,,,,,,,,,RandomForest
3,protein,SYNTH_ILEETSVML,1,1,0,,,,,,,,,,,RandomForest
3,protein,SYNTH_ILHCANFNV,1,1,0,,,,,,,,,,,RandomForest
3,protein,SYNTH_ILKPANNSLKI,1,0,1,,,,,,,,,,,RandomForest
3,protein,SYNTH_ILLLDQALV,1,1,0,,,,,,,,,,,RandomForest
3,protein,SYNTH_ILLNKHID,1,1,0,,,,,,,,,,,RandomForest
3,protein,SYNTH_ILNRRRRTA,1,1,0,,,,,,,,,,,RandomForest
3,protein,SYNTH_ILRGTSFVYV,1,0,1,,,,,,,,,,,RandomForest
3,protein,SYNTH_ILRKGGRTI,1,1,0,,,,,,,,,,,RandomForest
3,protein,SYNTH_ILRLGSPLSL,1,0,1,,,,,,,,,,,RandomForest
3,protein,SYNTH_ILSPLYAFA,1,1,0,,,,,,,,,,,RandomForest
3,protein,SYNTH_IMMNVAKYT,1,1,0,,,,,,,,,,,RandomForest
3,protein,SYNTH_INVHHYPSA,1,1,0,,,,,,,,,,,RandomForest
3,protein,SYNTH_IPIPSSWAF,1,0,1,,,,,,,,,,,RandomForest
3,protein,SYNTH_IPIQASLSF,1,1,0,,,,,,,,,,,RandomForest
3,protein,SYNTH_IPKAYAGPF,1,1,0,,,,,,,,,,,RandomForest
3,protein,SYNTH_IPLTTAAKL,1,1,0,,,,,,,,,,,RandomForest
3,protein,SYNTH_IPMSTYGWNL,1,1,0,,,,,,,,,,,RandomForest
3,protein,SYNTH_IPRRNVATL,1,1,0,,,,,,,,,,,RandomForest
3,protein,SYNTH_IPSINVHHY,1,1,0,,,,,,,,,,,RandomForest
3,protein,SYNTH_IPSSWAFAK,1,0,1,,,,,,,,,,,RandomForest
3,protein,SYNTH_IPVAYRNVL,1,1,0,,,,,,,,,,,RandomForest
3,protein,SYNTH_IPVERQAL,1,1,0,,,,,,,,,,,RandomForest
3,protein,SYNTH_IPVTMALWY,1,1,0,,,,,,,,,,,RandomForest
3,protein,SYNTH_IQPGQTFSVL,1,1,0,,,,,,,,,,,RandomForest
3,protein,SYNTH_IRQEEVQEL,1,1,0,,,,,,,,,,,RandomForest
3,protein,SYNTH_ISDYDYYRY,1,1,0,,,,,,,,,,,RandomForest
3,protein,SYNTH_ITFGGPSDST,1,0,1,,,,,,,,,,,RandomForest
3,protein,SYNTH_ITGRLQSLQTY,1,1,0,,,,,,,,,,,RandomForest
3,protein,SYNTH_ITLKKRWQL,1,1,0,,,,,,,,,,,RandomForest
3,protein,SYNTH_KAFQLTPIAV,1,1,0,,,,,,,,,,,RandomForest
3,protein,SYNTH_KAYNVTQAF,1,1,0,,,,,,,,,,,RandomForest
3,protein,SYNTH_KFLPDLYDYK,1,1,0,,,,,,,,,,,RandomForest
3,protein,SYNTH_KFPLAMPVW,1,1,0,,,,,,,,,,,RandomForest
3,protein,SYNTH_KFPRGQGVPI,1,0,1,,,,,,,,,,,RandomForest
3,protein,SYNTH_KISHIMLDVA,1,1,0,,,,,,,,,,,RandomForest
3,protein,SYNTH_KKADETQAL,1,0,1,,,,,,,,,,,RandomForest
3,protein,SYNTH_KKPNELSRVL,1,0,1,,,,,,,,,,,RandomForest
3,protein,SYNTH_KLDGVVCTEI,1,0,1,,,,,,,,,,,RandomForest
3,protein,SYNTH_KLFDRYFKY,1,1,0,,,,,,,,,,,RandomForest
3,protein,SYNTH_KLFIRQEEV,1,1,0,,,,,,,,,,,RandomForest
3,protein,SYNTH_KLGEFGRAK,1,1,0,,,,,,,,,,,RandomForest
3,protein,SYNTH_KLGSLVVRC,1,1,0,,,,,,,,,,,RandomForest
3,protein,SYNTH_KLGYRPHAK,1,1,0,,,,,,,,,,,RandomForest
3,protein,SYNTH_KLHLYSHPI,1,1,0,,,,,,,,,,,RandomForest
3,protein,SYNTH_KLIANQFNSA,1,1,0,,,,,,,,,,,RandomForest
3,protein,SYNTH_KLIRMECAL,1,0,1,,,,,,,,,,,RandomForest
3,protein,SYNTH_KLKDCVMYA,1,1,0,,,,,,,,,,,RandomForest
3,protein,SYNTH_KLLEQWNLV,1,1,0,,,,,,,,,,,RandomForest
3,protein,SYNTH_KLLKSIAAT,1,1,0,,,,,,,,,,,RandomForest
3,protein,SYNTH_KLLTKPWDV,1,0,1,,,,,,,,,,,RandomForest
3,protein,SYNTH_KLMPVCVETK,2,0,2,,,,,,,,,,,RandomForest
3,protein,SYNTH_KLQDVVNQNA,1,1,0,,,,,,,,,,,RandomForest
3,protein,SYNTH_KLSYGIATVR,1,1,0,,,,,,,,,,,RandomForest
3,protein,SYNTH_KLVCSEPLVK,1,1,0,,,,,,,,,,,RandomForest
3,protein,SYNTH_KLVSLGVNAV,1,1,0,,,,,,,,,,,RandomForest
3,protein,SYNTH_KLWAQCVQL,1,0,1,,,,,,,,,,,RandomForest
3,protein,SYNTH_KMFDAYVNTF,1,1,0,,,,,,,,,,,RandomForest
3,protein,SYNTH_KPASRELKV,1,1,0,,,,,,,,,,,RandomForest
3,protein,SYNTH_KPASRELKVTF,1,0,1,,,,,,,,,,,RandomForest
3,protein,SYNTH_KPLPEVKIL,1,1,0,,,,,,,,,,,RandomForest
3,protein,SYNTH_KPNELSRVL,1,1,0,,,,,,,,,,,RandomForest
3,protein,SYNTH_KPREQIDGYVM,1,0,1,,,,,,,,,,,RandomForest
3,protein,SYNTH_KPRSQMEIDF,1,1,0,,,,,,,,,,,RandomForest
3,protein,SYNTH_KPSFYVYSRV,1,0,1,,,,,,,,,,,RandomForest
3,protein,SYNTH_KRFDNPVLP,1,0,1,,,,,,,,,,,RandomForest
3,protein,SYNTH_KRGPSTEGV,1,0,1,,,,,,,,,,,RandomForest
3,protein,SYNTH_KRWIIMGLNK,1,1,0,,,,,,,,,,,RandomForest
3,protein,SYNTH_KSGAIKVLK,1,1,0,,,,,,,,,,,RandomForest
3,protein,SYNTH_KSLYNTIATLY,1,1,0,,,,,,,,,,,RandomForest
3,protein,SYNTH_KSLYNTVATLY,1,1,0,,,,,,,,,,,RandomForest
3,protein,SYNTH_KSMREEYRK,1,0,1,,,,,,,,,,,RandomForest
3,protein,SYNTH_KTFVDLMRR,1,1,0,,,,,,,,,,,RandomForest
3,protein,SYNTH_KTQFNYYKK,1,0,1,,,,,,,,,,,RandomForest
3,protein,SYNTH_KVLRDMNVK,1,0,1,,,,,,,,,,,RandomForest
3,protein,SYNTH_KVTKGKAKK,1,0,1,,,,,,,,,,,RandomForest
3,protein,SYNTH_KVYPIILRL,1,1,0,,,,,,,,,,,RandomForest
3,protein,SYNTH_KWPWYIWLGF,1,1,0,,,,,,,,,,,RandomForest
3,protein,SYNTH_KYQEFFWDA,1,1,0,,,,,,,,,,,RandomForest
3,protein,SYNTH_KYTQLCQYL,1,0,1,,,,,,,,,,,RandomForest
3,protein,SYNTH_KYYAGLPPEL,1,0,1,,,,,,,,,,,RandomForest
3,protein,SYNTH_LAILTALRL,1,1,0,,,,,,,,,,,RandomForest
3,protein,SYNTH_LAKRFSRGLL,1,1,0,,,,,,,,,,,RandomForest
3,protein,SYNTH_LATLRKYCI,1,1,0,,,,,,,,,,,RandomForest
3,protein,SYNTH_LATNNLVVM,1,1,0,,,,,,,,,,,RandomForest
3,protein,SYNTH_LCLIFLLVL,1,0,1,,,,,,,,,,,RandomForest
3,protein,SYNTH_LDDKDPQFK,1,1,0,,,,,,,,,,,RandomForest
3,protein,SYNTH_LESFCEDVP,1,1,0,,,,,,,,,,,RandomForest
3,protein,SYNTH_LEVQAIRET,1,1,0,,,,,,,,,,,RandomForest
3,protein,SYNTH_LFEVEQEIRT,1,0,1,,,,,,,,,,,RandomForest
3,protein,SYNTH_LGAENSVAY,1,0,1,,,,,,,,,,,RandomForest
3,protein,SYNTH_LGDVRETMSY,1,1,0,,,,,,,,,,,RandomForest
3,protein,SYNTH_LGLNSRSTSL,1,1,0,,,,,,,,,,,RandomForest
3,protein,SYNTH_LIDFYLCFL,1,1,0,,,,,,,,,,,RandomForest
3,protein,SYNTH_LIFLARSAL,1,1,0,,,,,,,,,,,RandomForest
3,protein,SYNTH_LIIMRTFKV,2,2,0,,,,,,,,,,,RandomForest
3,protein,SYNTH_LIVAAIVFI,1,1,0,,,,,,,,,,,RandomForest
3,protein,SYNTH_LLALHRSYL,2,1,1,,,,,,,,,,,RandomForest
3,protein,SYNTH_LLALLSCLTV,1,1,0,,,,,,,,,,,RandomForest
3,protein,SYNTH_LLCLIFLLV,1,1,0,,,,,,,,,,,RandomForest
3,protein,SYNTH_LLGCAANWIL,1,0,1,,,,,,,,,,,RandomForest
3,protein,SYNTH_LLHPSLIFDI,1,0,1,,,,,,,,,,,RandomForest
3,protein,SYNTH_LLIIMRTFK,1,1,0,,,,,,,,,,,RandomForest
3,protein,SYNTH_LLIQWNQFM,1,0,1,,,,,,,,,,,RandomForest
3,protein,SYNTH_LLLEWLAMA,1,1,0,,,,,,,,,,,RandomForest
3,protein,SYNTH_LLLLDRLNKL,1,1,0,,,,,,,,,,,RandomForest
3,protein,SYNTH_LLLLDRLNQL,1,1,0,,,,,,,,,,,RandomForest
3,protein,SYNTH_LLMGTCTIV,1,0,1,,,,,,,,,,,RandomForest
3,protein,SYNTH_LLMLLPTAL,1,1,0,,,,,,,,,,,RandomForest
3,protein,SYNTH_LLMLVTPSM,1,1,0,,,,,,,,,,,RandomForest
3,protein,SYNTH_LLNATDIAV,1,1,0,,,,,,,,,,,RandomForest
3,protein,SYNTH_LLNKHIDAY,1,1,0,,,,,,,,,,,RandomForest
3,protein,SYNTH_LLQRGPQYS,1,1,0,,,,,,,,,,,RandomForest
3,protein,SYNTH_LLQYGSFCT,1,1,0,,,,,,,,,,,RandomForest
3,protein,SYNTH_LLRPLILSI,1,0,1,,,,,,,,,,,RandomForest
3,protein,SYNTH_LLSAGIFGA,1,1,0,,,,,,,,,,,RandomForest
3,protein,SYNTH_LLSVLQQLRV,1,0,1,,,,,,,,,,,RandomForest
3,protein,SYNTH_LLTEVETYV,1,0,1,,,,,,,,,,,RandomForest
3,protein,SYNTH_LLVISGLFPV,1,1,0,,,,,,,,,,,RandomForest
3,protein,SYNTH_LLWAARPRL,1,1,0,,,,,,,,,,,RandomForest
3,protein,SYNTH_LLWFHISCL,1,1,0,,,,,,,,,,,RandomForest
3,protein,SYNTH_LLWPVTLAC,1,1,0,,,,,,,,,,,RandomForest
3,protein,SYNTH_LMWKQITPEL,1,1,0,,,,,,,,,,,RandomForest
3,protein,SYNTH_LPFAMGIIAM,1,1,0,,,,,,,,,,,RandomForest
3,protein,SYNTH_LPFDKSTIM,1,1,0,,,,,,,,,,,RandomForest
3,protein,SYNTH_LPFDKTTIM,1,1,0,,,,,,,,,,,RandomForest
3,protein,SYNTH_LPFEKSTIM,1,1,0,,,,,,,,,,,RandomForest
3,protein,SYNTH_LPFNDGVYF,1,1,0,,,,,,,,,,,RandomForest
3,protein,SYNTH_LPKEITVAT,1,1,0,,,,,,,,,,,RandomForest
3,protein,SYNTH_LPLKMLNIP,1,1,0,,,,,,,,,,,RandomForest
3,protein,SYNTH_LPPAYTNSF,1,1,0,,,,,,,,,,,RandomForest
3,protein,SYNTH_LPPSYTNSF,1,1,0,,,,,,,,,,,RandomForest
3,protein,SYNTH_LPQGFSAL,1,1,0,,,,,,,,,,,RandomForest
3,protein,SYNTH_LPSDFFPSV,1,1,0,,,,,,,,,,,RandomForest
3,protein,SYNTH_LPTYLSSRAK,1,1,0,,,,,,,,,,,RandomForest
3,protein,SYNTH_LPVADAVIH,1,1,0,,,,,,,,,,,RandomForest
3,protein,SYNTH_LQDVVNQNA,1,0,1,,,,,,,,,,,RandomForest
3,protein,SYNTH_LQTYVTQQLI,1,1,0,,,,,,,,,,,RandomForest
3,protein,SYNTH_LSIPHDLMEF,1,1,0,,,,,,,,,,,RandomForest
3,protein,SYNTH_LTALRLCAY,1,1,0,,,,,,,,,,,RandomForest
3,protein,SYNTH_LTDALALGM,1,1,0,,,,,,,,,,,RandomForest
3,protein,SYNTH_LTDFQSHQL,1,1,0,,,,,,,,,,,RandomForest
3,protein,SYNTH_LTGHMLDMY,1,1,0,,,,,,,,,,,RandomForest
3,protein,SYNTH_LTQKVVIFIL,1,1,0,,,,,,,,,,,RandomForest
3,protein,SYNTH_LVAEWFLAY,1,1,0,,,,,,,,,,,RandomForest
3,protein,SYNTH_LVIGAVILR,1,1,0,,,,,,,,,,,RandomForest
3,protein,SYNTH_LVPMVATVQ,1,1,0,,,,,,,,,,,RandomForest
3,protein,SYNTH_LVQSTQWSL,1,1,0,,,,,,,,,,,RandomForest
3,protein,SYNTH_LVRSVMGGKY,1,1,0,,,,,,,,,,,RandomForest
3,protein,SYNTH_LVSDIDITF,1,1,0,,,,,,,,,,,RandomForest
3,protein,SYNTH_LVTRDADVI,1,1,0,,,,,,,,,,,RandomForest
3,protein,SYNTH_LVVDFSQFSR,1,1,0,,,,,,,,,,,RandomForest
3,protein,SYNTH_LVWMACHSA,1,0,1,,,,,,,,,,,RandomForest
3,protein,SYNTH_LYAAVTNF,1,0,1,,,,,,,,,,,RandomForest
3,protein,SYNTH_LYLALGAGF,1,0,1,,,,,,,,,,,RandomForest
3,protein,SYNTH_LYLDAYNMM,1,0,1,,,,,,,,,,,RandomForest
3,protein,SYNTH_LYLDAYNMMI,1,0,1,,,,,,,,,,,RandomForest
3,protein,SYNTH_LYNILSPFL,1,1,0,,,,,,,,,,,RandomForest
3,protein,SYNTH_LYNSASFSTF,1,1,0,,,,,,,,,,,RandomForest
3,protein,SYNTH_LYNSASFSTFK,1,0,1,,,,,,,,,,,RandomForest
3,protein,SYNTH_LYPEYIYTVL,1,0,1,,,,,,,,,,,RandomForest
3,protein,SYNTH_LYQPPQTSI,1,1,0,,,,,,,,,,,RandomForest
3,protein,SYNTH_LYSSTVPVF,1,0,1,,,,,,,,,,,RandomForest
3,protein,SYNTH_LYYQNNVFM,1,1,0,,,,,,,,,,,RandomForest
3,protein,SYNTH_MCDVRQLLF,1,1,0,,,,,,,,,,,RandomForest
3,protein,SYNTH_MDLEKRHVL,1,1,0,,,,,,,,,,,RandomForest
3,protein,SYNTH_MENTRATKM,1,1,0,,,,,,,,,,,RandomForest
3,protein,SYNTH_MFDAYVNTF,1,1,0,,,,,,,,,,,RandomForest
3,protein,SYNTH_MFTPLVPFW,1,1,0,,,,,,,,,,,RandomForest
3,protein,SYNTH_MGSLEMMPM,1,0,1,,,,,,,,,,,RandomForest
3,protein,SYNTH_MLDMYSVML,1,1,0,,,,,,,,,,,RandomForest
3,protein,SYNTH_MLDMYSVMLT,1,0,1,,,,,,,,,,,RandomForest
3,protein,SYNTH_MLIPTAMAF,1,1,0,,,,,,,,,,,RandomForest
3,protein,SYNTH_MLSDTLKNL,1,1,0,,,,,,,,,,,RandomForest
3,protein,SYNTH_MLSTVLGVSI,1,0,1,,,,,,,,,,,RandomForest
3,protein,SYNTH_MLWMAEIPL,1,1,0,,,,,,,,,,,RandomForest
3,protein,SYNTH_MMFVKHKHA,1,1,0,,,,,,,,,,,RandomForest
3,protein,SYNTH_MMILSDDAV,1,1,0,,,,,,,,,,,RandomForest
3,protein,SYNTH_MMISAGFSL,1,1,0,,,,,,,,,,,RandomForest
3,protein,SYNTH_MMMGMFNML,1,0,1,,,,,,,,,,,RandomForest
3,protein,SYNTH_MMMLPATLA,1,1,0,,,,,,,,,,,RandomForest
3,protein,SYNTH_MPNMLRIMASL,1,1,0,,,,,,,,,,,RandomForest
3,protein,SYNTH_MQLFFSYFA,1,1,0,,,,,,,,,,,RandomForest
3,protein,SYNTH_MRGAKRMAIL,1,1,0,,,,,,,,,,,RandomForest
3,protein,SYNTH_MSAFAMMFV,1,1,0,,,,,,,,,,,RandomForest
3,protein,SYNTH_MSIGVTVIK,1,0,1,,,,,,,,,,,RandomForest
3,protein,SYNTH_MSTTDLEAY,1,0,1,,,,,,,,,,,RandomForest
3,protein,SYNTH_MSYAMCTNTF,1,1,0,,,,,,,,,,,RandomForest
3,protein,SYNTH_MSYSMCTGKF,1,1,0,,,,,,,,,,,RandomForest
3,protein,SYNTH_MSYYCKSHK,1,0,1,,,,,,,,,,,RandomForest
3,protein,SYNTH_MTDDIGMGV,1,1,0,,,,,,,,,,,RandomForest
3,protein,SYNTH_MTQKARNAL,1,1,0,,,,,,,,,,,RandomForest
3,protein,SYNTH_MVMCGGSLY,1,1,0,,,,,,,,,,,RandomForest
3,protein,SYNTH_NIADYNYKL,1,1,0,,,,,,,,,,,RandomForest
3,protein,SYNTH_NLHSSRLSF,1,1,0,,,,,,,,,,,RandomForest
3,protein,SYNTH_NLIDSYFVV,1,1,0,,,,,,,,,,,RandomForest
3,protein,SYNTH_NLIDSYFVVK,1,1,0,,,,,,,,,,,RandomForest
3,protein,SYNTH_NLIIKNLSK,1,0,1,,,,,,,,,,,RandomForest
3,protein,SYNTH_NLSDRVVFVL,1,1,0,,,,,,,,,,,RandomForest
3,protein,SYNTH_NLYDKLVSSFL,1,1,0,,,,,,,,,,,RandomForest
3,protein,SYNTH_NMLSTVLGV,1,1,0,,,,,,,,,,,RandomForest
3,protein,SYNTH_NMMISAGFSL,1,0,1,,,,,,,,,,,RandomForest
3,protein,SYNTH_NPEIEDDIF,1,1,0,,,,,,,,,,,RandomForest
3,protein,SYNTH_NPIVPSFDM,1,0,1,,,,,,,,,,,RandomForest
3,protein,SYNTH_NPLTLTAAV,1,1,0,,,,,,,,,,,RandomForest
3,protein,SYNTH_NPRLCTREEF,1,1,0,,,,,,,,,,,RandomForest
3,protein,SYNTH_NQRNAPRITF,1,0,1,,,,,,,,,,,RandomForest
3,protein,SYNTH_NRFLYIIKL,1,0,1,,,,,,,,,,,RandomForest
3,protein,SYNTH_NSASFSTFK,1,0,1,,,,,,,,,,,RandomForest
3,protein,SYNTH_NSTRFASVY,1,1,0,,,,,,,,,,,RandomForest
3,protein,SYNTH_NSVVLSRK,1,0,1,,,,,,,,,,,RandomForest
3,protein,SYNTH_NTCDGTTFTY,1,1,0,,,,,,,,,,,RandomForest
3,protein,SYNTH_NTNSSPDDQI,1,0,1,,,,,,,,,,,RandomForest
3,protein,SYNTH_NTRATKMQV,1,1,0,,,,,,,,,,,RandomForest
3,protein,SYNTH_NVLAWLYAA,1,1,0,,,,,,,,,,,RandomForest
3,protein,SYNTH_NVLEGSVAY,1,0,1,,,,,,,,,,,RandomForest
3,protein,SYNTH_NYNYQYRLF,1,1,0,,,,,,,,,,,RandomForest
3,protein,SYNTH_NYNYRYRLF,1,1,0,,,,,,,,,,,RandomForest
3,protein,SYNTH_NYTPGPGTRF,1,1,0,,,,,,,,,,,RandomForest
3,protein,SYNTH_PAQEKNFT,1,0,1,,,,,,,,,,,RandomForest
3,protein,SYNTH_PFDKPTIMAAF,1,1,0,,,,,,,,,,,RandomForest
3,protein,SYNTH_PFVQWFVGL,1,0,1,,,,,,,,,,,RandomForest
3,protein,SYNTH_PGLSISGNL,1,1,0,,,,,,,,,,,RandomForest
3,protein,SYNTH_PLVVAASII,1,0,1,,,,,,,,,,,RandomForest
3,protein,SYNTH_PMMCINFHA,1,0,1,,,,,,,,,,,RandomForest
3,protein,SYNTH_PRVTGGGAM,1,0,1,,,,,,,,,,,RandomForest
3,protein,SYNTH_PTGRSICPS,1,1,0,,,,,,,,,,,RandomForest
3,protein,SYNTH_PTYKAFLCK,1,1,0,,,,,,,,,,,RandomForest
3,protein,SYNTH_PWQAGILAR,1,1,0,,,,,,,,,,,RandomForest
3,protein,SYNTH_PYNSVTSSI,1,0,1,,,,,,,,,,,RandomForest
3,protein,SYNTH_QAFTFSPTYK,1,1,0,,,,,,,,,,,RandomForest
3,protein,SYNTH_QAIRETVELR,1,1,0,,,,,,,,,,,RandomForest
3,protein,SYNTH_QDALPGPCI,1,1,0,,,,,,,,,,,RandomForest
3,protein,SYNTH_QEEHKETWHY,1,1,0,,,,,,,,,,,RandomForest
3,protein,SYNTH_QEFFWDAND,1,1,0,,,,,,,,,,,RandomForest
3,protein,SYNTH_QEGAMHTAL,1,1,0,,,,,,,,,,,RandomForest
3,protein,SYNTH_QIFLEVQAI,1,1,0,,,,,,,,,,,RandomForest
3,protein,SYNTH_QIFTSSMSK,1,0,1,,,,,,,,,,,RandomForest
3,protein,SYNTH_QIKVRVDMV,1,1,0,,,,,,,,,,,RandomForest
3,protein,SYNTH_QIYAGIKVK,1,1,0,,,,,,,,,,,RandomForest
3,protein,SYNTH_QIYKTPPIK,1,0,1,,,,,,,,,,,RandomForest
3,protein,SYNTH_QLCTQHQPY,1,1,0,,,,,,,,,,,RandomForest
3,protein,SYNTH_QLKGMSYSM,1,1,0,,,,,,,,,,,RandomForest
3,protein,SYNTH_QLLFVVEVV,1,1,0,,,,,,,,,,,RandomForest
3,protein,SYNTH_QLLMGTVNI,1,0,1,,,,,,,,,,,RandomForest
3,protein,SYNTH_QLSLPVLQV,1,1,0,,,,,,,,,,,RandomForest
3,protein,SYNTH_QMWKCLIRL,1,1,0,,,,,,,,,,,RandomForest
3,protein,SYNTH_QMWQARLTV,1,1,0,,,,,,,,,,,RandomForest
3,protein,SYNTH_QPILLLDQAL,1,0,1,,,,,,,,,,,RandomForest
3,protein,SYNTH_QQQQGQTVTK,1,1,0,,,,,,,,,,,RandomForest
3,protein,SYNTH_QSCTQHQPY,1,1,0,,,,,,,,,,,RandomForest
3,protein,SYNTH_QTMGTSTVRK,1,1,0,,,,,,,,,,,RandomForest
3,protein,SYNTH_QTPSFPHIHLK,1,0,1,,,,,,,,,,,RandomForest
3,protein,SYNTH_QVATEGLAK,1,1,0,,,,,,,,,,,RandomForest
3,protein,SYNTH_QVVNVVTTK,2,2,0,,,,,,,,,,,RandomForest
3,protein,SYNTH_QWKEPDVYY,1,1,0,,,,,,,,,,,RandomForest
3,protein,SYNTH_QWNLVIGFL,1,1,0,,,,,,,,,,,RandomForest
3,protein,SYNTH_QWNLVIGFLF,1,1,0,,,,,,,,,,,RandomForest
3,protein,SYNTH_QYGSFCTQL,1,0,1,,,,,,,,,,,RandomForest
3,protein,SYNTH_QYIKWPWYI,2,2,0,,,,,,,,,,,RandomForest
3,protein,SYNTH_QYIYMGQPL,1,1,0,,,,,,,,,,,RandomForest
3,protein,SYNTH_QYSGFVRTLF,1,0,1,,,,,,,,,,,RandomForest
3,protein,SYNTH_RAFDIYNDK,1,0,1,,,,,,,,,,,RandomForest
3,protein,SYNTH_RAFPHCLAFSY,1,0,1,,,,,,,,,,,RandomForest
3,protein,SYNTH_RARSVSPKL,1,1,0,,,,,,,,,,,RandomForest
3,protein,SYNTH_RARTVAGVSI,1,1,0,,,,,,,,,,,RandomForest
3,protein,SYNTH_RDIADTTDAV,1,1,0,,,,,,,,,,,RandomForest
3,protein,SYNTH_RGDNQLQVQ,1,1,0,,,,,,,,,,,RandomForest
3,protein,SYNTH_RGDPFDKNY,1,0,1,,,,,,,,,,,RandomForest
3,protein,SYNTH_RGPGRAFVTI,1,1,0,,,,,,,,,,,RandomForest
3,protein,SYNTH_RGRPVSGPF,1,1,0,,,,,,,,,,,RandomForest
3,protein,SYNTH_RIDKVLNEK,1,0,1,,,,,,,,,,,RandomForest
3,protein,SYNTH_RIFAELEGV,1,1,0,,,,,,,,,,,RandomForest
3,protein,SYNTH_RIKEHMLKK,1,1,0,,,,,,,,,,,RandomForest
3,protein,SYNTH_RIRLRPGGK,1,0,1,,,,,,,,,,,RandomForest
3,protein,SYNTH_RIYSDPLALK,1,1,0,,,,,,,,,,,RandomForest
3,protein,SYNTH_RLADVLIKR,1,1,0,,,,,,,,,,,RandomForest
3,protein,SYNTH_RLCAYCCNI,1,1,0,,,,,,,,,,,RandomForest
3,protein,SYNTH_RLDKVEAEVQI,1,1,0,,,,,,,,,,,RandomForest
3,protein,SYNTH_RLFARTRSM,1,1,0,,,,,,,,,,,RandomForest
3,protein,SYNTH_RLFFKCIYRR,1,1,0,,,,,,,,,,,RandomForest
3,protein,SYNTH_RLIDAMMFT,1,1,0,,,,,,,,,,,RandomForest
3,protein,SYNTH_RLISMMGFK,1,0,1,,,,,,,,,,,RandomForest
3,protein,SYNTH_RLITGRLQSL,1,1,0,,,,,,,,,,,RandomForest
3,protein,SYNTH_RLIVFPDLGV,1,1,0,,,,,,,,,,,RandomForest
3,protein,SYNTH_RLKMDKLEL,1,1,0,,,,,,,,,,,RandomForest
3,protein,SYNTH_RLNKLESKM,1,1,0,,,,,,,,,,,RandomForest
3,protein,SYNTH_RLNQLESKM,1,1,0,,,,,,,,,,,RandomForest
3,protein,SYNTH_RLNQLESKV,1,1,0,,,,,,,,,,,RandomForest
3,protein,SYNTH_RLRGMGLNAV,1,0,1,,,,,,,,,,,RandomForest
3,protein,SYNTH_RLWHYPCTI,1,1,0,,,,,,,,,,,RandomForest
3,protein,SYNTH_RPAEPVPFQL,1,1,0,,,,,,,,,,,RandomForest
3,protein,SYNTH_RPALVFDIT,1,0,1,,,,,,,,,,,RandomForest
3,protein,SYNTH_RPASAWTLY,1,1,0,,,,,,,,,,,RandomForest
3,protein,SYNTH_RPASAWTLYA,1,1,0,,,,,,,,,,,RandomForest
3,protein,SYNTH_RPDTRYVLM,2,2,0,,,,,,,,,,,RandomForest
3,protein,SYNTH_RPLLESEL,1,1,0,,,,,,,,,,,RandomForest
3,protein,SYNTH_RPMFAVGLLF,1,1,0,,,,,,,,,,,RandomForest
3,protein,SYNTH_RPMTFKGAL,1,1,0,,,,,,,,,,,RandomForest
3,protein,SYNTH_RPMTYKAAF,1,1,0,,,,,,,,,,,RandomForest
3,protein,SYNTH_RPMTYKAAL,1,1,0,,,,,,,,,,,RandomForest
3,protein,SYNTH_RPMTYKAAV,1,1,0,,,,,,,,,,,RandomForest
3,protein,SYNTH_RPMTYKGAL,1,1,0,,,,,,,,,,,RandomForest
3,protein,SYNTH_RQEEVQELY,1,0,1,,,,,,,,,,,RandomForest
3,protein,SYNTH_RQFPPNTSR,1,0,1,,,,,,,,,,,RandomForest
3,protein,SYNTH_RQLLWFHISCR,1,0,1,,,,,,,,,,,RandomForest
3,protein,SYNTH_RQYDPVAAL,1,1,0,,,,,,,,,,,RandomForest
3,protein,SYNTH_RREEEEAGVL,1,1,0,,,,,,,,,,,RandomForest
3,protein,SYNTH_RRWLRLLV,1,1,0,,,,,,,,,,,RandomForest
3,protein,SYNTH_RSLFNTVATLY,1,1,0,,,,,,,,,,,RandomForest
3,protein,SYNTH_RSLPGVFCGV,1,0,1,,,,,,,,,,,RandomForest
3,protein,SYNTH_RSRSGANIL,1,1,0,,,,,,,,,,,RandomForest
3,protein,SYNTH_RTDPATLTAY,1,1,0,,,,,,,,,,,RandomForest
3,protein,SYNTH_RTTWSIHAK,1,1,0,,,,,,,,,,,RandomForest
3,protein,SYNTH_RVDWTIEYPI,1,0,1,,,,,,,,,,,RandomForest
3,protein,SYNTH_RVIDPRRCL,1,1,0,,,,,,,,,,,RandomForest
3,protein,SYNTH_RVIDPRRCLK,1,1,0,,,,,,,,,,,RandomForest
3,protein,SYNTH_RVIDPRRCMK,1,1,0,,,,,,,,,,,RandomForest
3,protein,SYNTH_RVLCCYVL,1,0,1,,,,,,,,,,,RandomForest
3,protein,SYNTH_RVYAYDTREK,1,1,0,,,,,,,,,,,RandomForest
3,protein,SYNTH_RYKLEGYAF,1,0,1,,,,,,,,,,,RandomForest
3,protein,SYNTH_RYLALYNKY,1,1,0,,,,,,,,,,,RandomForest
3,protein,SYNTH_RYLRDQQLL,1,0,1,,,,,,,,,,,RandomForest
3,protein,SYNTH_RYMGEDGCW,1,1,0,,,,,,,,,,,RandomForest
3,protein,SYNTH_RYPLCFGW,1,1,0,,,,,,,,,,,RandomForest
3,protein,SYNTH_RYPLTFGW,1,1,0,,,,,,,,,,,RandomForest
3,protein,SYNTH_RYWAIRTR,1,1,0,,,,,,,,,,,RandomForest
3,protein,SYNTH_SAFYILPSI,1,0,1,,,,,,,,,,,RandomForest
3,protein,SYNTH_SAMVRMYIF,1,1,0,,,,,,,,,,,RandomForest
3,protein,SYNTH_SAQCFKMFYK,1,0,1,,,,,,,,,,,RandomForest
3,protein,SYNTH_SEFSSLPSY,1,0,1,,,,,,,,,,,RandomForest
3,protein,SYNTH_SENGNLQVTY,1,1,0,,,,,,,,,,,RandomForest
3,protein,SYNTH_SEPVLKGVKL,1,0,1,,,,,,,,,,,RandomForest
3,protein,SYNTH_SESEFIVRY,1,1,0,,,,,,,,,,,RandomForest
3,protein,SYNTH_SESLVAKRY,1,1,0,,,,,,,,,,,RandomForest
3,protein,SYNTH_SFELLHAPATV,1,1,0,,,,,,,,,,,RandomForest
3,protein,SYNTH_SFIEDLLF,1,1,0,,,,,,,,,,,RandomForest
3,protein,SYNTH_SFSFGGFTFK,1,1,0,,,,,,,,,,,RandomForest
3,protein,SYNTH_SFVYVPSAL,1,1,0,,,,,,,,,,,RandomForest
3,protein,SYNTH_SFYVYSRVK,1,0,1,,,,,,,,,,,RandomForest
3,protein,SYNTH_SGNLLMNGQ,1,1,0,,,,,,,,,,,RandomForest
3,protein,SYNTH_SIIPSGPLK,1,1,0,,,,,,,,,,,RandomForest
3,protein,SYNTH_SIIQFPNTYL,1,0,1,,,,,,,,,,,RandomForest
3,protein,SYNTH_SINFVRIIM,1,1,0,,,,,,,,,,,RandomForest
3,protein,SYNTH_SIRARVHPTSR,1,0,1,,,,,,,,,,,RandomForest
3,protein,SYNTH_SISTYAWLL,1,0,1,,,,,,,,,,,RandomForest
3,protein,SYNTH_SLCPIRGWAI,1,1,0,,,,,,,,,,,RandomForest
3,protein,SYNTH_SLDTYPSLETI,1,1,0,,,,,,,,,,,RandomForest
3,protein,SYNTH_SLEDKAFQL,1,1,0,,,,,,,,,,,RandomForest
3,protein,SYNTH_SLENVAFNVV,1,0,1,,,,,,,,,,,RandomForest
3,protein,SYNTH_SLFNTIAVLY,1,1,0,,,,,,,,,,,RandomForest
3,protein,SYNTH_SLFNTVAVLY,1,1,0,,,,,,,,,,,RandomForest
3,protein,SYNTH_SLFYRAVAL,1,1,0,,,,,,,,,,,RandomForest
3,protein,SYNTH_SLGGLLTMA,1,1,0,,,,,,,,,,,RandomForest
3,protein,SYNTH_SLILVSQYT,1,1,0,,,,,,,,,,,RandomForest
3,protein,SYNTH_SLIYSTAAL,1,1,0,,,,,,,,,,,RandomForest
3,protein,SYNTH_SLLFKTASG,1,1,0,,,,,,,,,,,RandomForest
3,protein,SYNTH_SLLLRPLIL,1,0,1,,,,,,,,,,,RandomForest
3,protein,SYNTH_SLLMPILTL,1,1,0,,,,,,,,,,,RandomForest
3,protein,SYNTH_SLPGVFCGV,1,1,0,,,,,,,,,,,RandomForest
3,protein,SYNTH_SLSGFKLKDCV,1,1,0,,,,,,,,,,,RandomForest
3,protein,SYNTH_SLSHRFYRL,1,0,1,,,,,,,,,,,RandomForest
3,protein,SYNTH_SLTYSTAAL,1,1,0,,,,,,,,,,,RandomForest
3,protein,SYNTH_SLYNAVVTL,1,0,1,,,,,,,,,,,RandomForest
3,protein,SYNTH_SLYNTIATLY,1,1,0,,,,,,,,,,,RandomForest
3,protein,SYNTH_SLYNTIAVL,1,1,0,,,,,,,,,,,RandomForest
3,protein,SYNTH_SLYNTVSTL,1,1,0,,,,,,,,,,,RandomForest
3,protein,SYNTH_SLYNTVVTL,1,1,0,,,,,,,,,,,RandomForest
3,protein,SYNTH_SMTMRCVGI,1,1,0,,,,,,,,,,,RandomForest
3,protein,SYNTH_SMVGNWAKVL,1,1,0,,,,,,,,,,,RandomForest
3,protein,SYNTH_SMYPSCCCTK,1,1,0,,,,,,,,,,,RandomForest
3,protein,SYNTH_SPAIFQASM,1,1,0,,,,,,,,,,,RandomForest
3,protein,SYNTH_SPAIFQCSM,1,1,0,,,,,,,,,,,RandomForest
3,protein,SYNTH_SPAIFQSSM,1,0,1,,,,,,,,,,,RandomForest
3,protein,SYNTH_SPCKIPFEIM,1,1,0,,,,,,,,,,,RandomForest
3,protein,SYNTH_SPDDQIGYY,1,0,1,,,,,,,,,,,RandomForest
3,protein,SYNTH_SPGKFWNTTI,1,1,0,,,,,,,,,,,RandomForest
3,protein,SYNTH_SPIVPSFDM,1,0,1,,,,,,,,,,,RandomForest
3,protein,SYNTH_SPKRLATAIA,1,1,0,,,,,,,,,,,RandomForest
3,protein,SYNTH_SPNLAWPLI,1,1,0,,,,,,,,,,,RandomForest
3,protein,SYNTH_SPRDAWIVL,1,1,0,,,,,,,,,,,RandomForest
3,protein,SYNTH_SPRHLYISL,1,1,0,,,,,,,,,,,RandomForest
3,protein,SYNTH_SPRRARSV,1,1,0,,,,,,,,,,,RandomForest
3,protein,SYNTH_SPRRARSVAS,1,1,0,,,,,,,,,,,RandomForest
3,protein,SYNTH_SPRWYFYYL,2,2,0,,,,,,,,,,,RandomForest
3,protein,SYNTH_SPYNSQNAV,1,1,0,,,,,,,,,,,RandomForest
3,protein,SYNTH_SPYSWEQEL,1,1,0,,,,,,,,,,,RandomForest
3,protein,SYNTH_SQIGAGVYK,1,1,0,,,,,,,,,,,RandomForest
3,protein,SYNTH_SRLDKVEAEV,1,1,0,,,,,,,,,,,RandomForest
3,protein,SYNTH_SRYWAIRTR,1,1,0,,,,,,,,,,,RandomForest
3,protein,SYNTH_SSANNCTFEY,1,1,0,,,,,,,,,,,RandomForest
3,protein,SYNTH_SSARSQSER,1,1,0,,,,,,,,,,,RandomForest
3,protein,SYNTH_SSEAFLIGCNY,1,1,0,,,,,,,,,,,RandomForest
3,protein,SYNTH_SSTASALGK,1,0,1,,,,,,,,,,,RandomForest
3,protein,SYNTH_SSTVPCFNPK,1,0,1,,,,,,,,,,,RandomForest
3,protein,SYNTH_STDVTIATY,1,1,0,,,,,,,,,,,RandomForest
3,protein,SYNTH_STECSNLLL,1,1,0,,,,,,,,,,,RandomForest
3,protein,SYNTH_STFNVPMEK,1,0,1,,,,,,,,,,,RandomForest
3,protein,SYNTH_STHPMVTRSK,1,1,0,,,,,,,,,,,RandomForest
3,protein,SYNTH_STQDLFLPFF,1,1,0,,,,,,,,,,,RandomForest
3,protein,SYNTH_STQWSLFFF,1,1,0,,,,,,,,,,,RandomForest
3,protein,SYNTH_STSAFVETV,1,1,0,,,,,,,,,,,RandomForest
3,protein,SYNTH_STSAFVETVK,1,0,1,,,,,,,,,,,RandomForest
3,protein,SYNTH_STSAGRKRK,1,1,0,,,,,,,,,,,RandomForest
3,protein,SYNTH_STTDLEAYFK,1,1,0,,,,,,,,,,,RandomForest
3,protein,SYNTH_STVAPEEDT,1,1,0,,,,,,,,,,,RandomForest
3,protein,SYNTH_SVLLFLAFV,1,1,0,,,,,,,,,,,RandomForest
3,protein,SYNTH_SVSSAPLNK,1,1,0,,,,,,,,,,,RandomForest
3,protein,SYNTH_SVYNTVATL,1,1,0,,,,,,,,,,,RandomForest
3,protein,SYNTH_SWPKFAVPNL,1,1,0,,,,,,,,,,,RandomForest
3,protein,SYNTH_SWWTSLNFL,1,1,0,,,,,,,,,,,RandomForest
3,protein,SYNTH_SYFTSDYYQLY,1,1,0,,,,,,,,,,,RandomForest
3,protein,SYNTH_SYKVASEGF,1,1,0,,,,,,,,,,,RandomForest
3,protein,SYNTH_SYLFQHANL,1,0,1,,,,,,,,,,,RandomForest
3,protein,SYNTH_SYMDDVVL,1,0,1,,,,,,,,,,,RandomForest
3,protein,SYNTH_SYRSFSQQL,1,0,1,,,,,,,,,,,RandomForest
3,protein,SYNTH_SYTWTGALI,1,1,0,,,,,,,,,,,RandomForest
3,protein,SYNTH_SYVNVNMGLKI,1,0,1,,,,,,,,,,,RandomForest
3,protein,SYNTH_TDEMIAQY,1,1,0,,,,,,,,,,,RandomForest
3,protein,SYNTH_TDLEGNFY,1,1,0,,,,,,,,,,,RandomForest
3,protein,SYNTH_TDNYITTY,1,1,0,,,,,,,,,,,RandomForest
3,protein,SYNTH_TEIDPKLDNYY,1,1,0,,,,,,,,,,,RandomForest
3,protein,SYNTH_TFFKLVNKF,1,0,1,,,,,,,,,,,RandomForest
3,protein,SYNTH_TFHGAKEVSL,1,1,0,,,,,,,,,,,RandomForest
3,protein,SYNTH_TFISAARQGF,1,1,0,,,,,,,,,,,RandomForest
3,protein,SYNTH_TFLARSALI,1,1,0,,,,,,,,,,,RandomForest
3,protein,SYNTH_TFMQALHLL,1,1,0,,,,,,,,,,,RandomForest
3,protein,SYNTH_TFNGECPNFV,1,0,1,,,,,,,,,,,RandomForest
3,protein,SYNTH_TFTYASALW,1,1,0,,,,,,,,,,,RandomForest
3,protein,SYNTH_TGAIKLDDK,1,1,0,,,,,,,,,,,RandomForest
3,protein,SYNTH_TISGVLWQV,1,0,1,,,,,,,,,,,RandomForest
3,protein,SYNTH_TKPVETSNSF,1,0,1,,,,,,,,,,,RandomForest
3,protein,SYNTH_TLACFVLAA,1,1,0,,,,,,,,,,,RandomForest
3,protein,SYNTH_TLCFTLKRKT,1,0,1,,,,,,,,,,,RandomForest
3,protein,SYNTH_TLDSKTQSLL,1,0,1,,,,,,,,,,,RandomForest
3,protein,SYNTH_TLGFGAYMSK,1,0,1,,,,,,,,,,,RandomForest
3,protein,SYNTH_TLIGDCATV,1,0,1,,,,,,,,,,,RandomForest
3,protein,SYNTH_TLIVNSVLLF,1,1,0,,,,,,,,,,,RandomForest
3,protein,SYNTH_TLKDIVLDL,1,1,0,,,,,,,,,,,RandomForest
3,protein,SYNTH_TLKSFTVEK,2,1,1,,,,,,,,,,,RandomForest
3,protein,SYNTH_TLMIERFVSL,1,0,1,,,,,,,,,,,RandomForest
3,protein,SYNTH_TLMLLALIAV,1,1,0,,,,,,,,,,,RandomForest
3,protein,SYNTH_TLNDFNLVAM,1,0,1,,,,,,,,,,,RandomForest
3,protein,SYNTH_TLQEISNVL,1,0,1,,,,,,,,,,,RandomForest
3,protein,SYNTH_TLTAAVLLLV,1,1,0,,,,,,,,,,,RandomForest
3,protein,SYNTH_TLTHPVTK,1,1,0,,,,,,,,,,,RandomForest
3,protein,SYNTH_TLVPQEHYV,1,1,0,,,,,,,,,,,RandomForest
3,protein,SYNTH_TLWKAGILYK,1,0,1,,,,,,,,,,,RandomForest
3,protein,SYNTH_TMYCVHQK,1,0,1,,,,,,,,,,,RandomForest
3,protein,SYNTH_TPARVTGGVF,1,1,0,,,,,,,,,,,RandomForest
3,protein,SYNTH_TPEAKNSTF,1,1,0,,,,,,,,,,,RandomForest
3,protein,SYNTH_TPEARNSTF,1,1,0,,,,,,,,,,,RandomForest
3,protein,SYNTH_TPEGIIPALF,1,1,0,,,,,,,,,,,RandomForest
3,protein,SYNTH_TPEGIIPSMF,1,1,0,,,,,,,,,,,RandomForest
3,protein,SYNTH_TPEGIIPTLF,1,1,0,,,,,,,,,,,RandomForest
3,protein,SYNTH_TPGPGVRYPL,1,1,0,,,,,,,,,,,RandomForest
3,protein,SYNTH_TPMLRHSIE,1,1,0,,,,,,,,,,,RandomForest
3,protein,SYNTH_TPPGATDPF,1,1,0,,,,,,,,,,,RandomForest
3,protein,SYNTH_TPQDNQLAY,1,1,0,,,,,,,,,,,RandomForest
3,protein,SYNTH_TPQDNQLTY,1,1,0,,,,,,,,,,,RandomForest
3,protein,SYNTH_TPRMCTREEF,1,1,0,,,,,,,,,,,RandomForest
3,protein,SYNTH_TPSGTWLIY,1,1,0,,,,,,,,,,,RandomForest
3,protein,SYNTH_TRLLQTGIH,1,0,1,,,,,,,,,,,RandomForest
3,protein,SYNTH_TRVGTKHAIL,1,1,0,,,,,,,,,,,RandomForest
3,protein,SYNTH_TSAMQTMLF,1,1,0,,,,,,,,,,,RandomForest
3,protein,SYNTH_TSCPPICPGYR,1,0,1,,,,,,,,,,,RandomForest
3,protein,SYNTH_TSNQVAVLY,1,1,0,,,,,,,,,,,RandomForest
3,protein,SYNTH_TSNSFDVLK,1,0,1,,,,,,,,,,,RandomForest
3,protein,SYNTH_TTDPSFLGRY,1,1,0,,,,,,,,,,,RandomForest
3,protein,SYNTH_TTERKTPRV,1,1,0,,,,,,,,,,,RandomForest
3,protein,SYNTH_TTGRTSLY,1,0,1,,,,,,,,,,,RandomForest
3,protein,SYNTH_TTIQTIVEV,1,1,0,,,,,,,,,,,RandomForest
3,protein,SYNTH_TTRTQLPPA,1,0,1,,,,,,,,,,,RandomForest
3,protein,SYNTH_TTYPGQGLNGY,1,1,0,,,,,,,,,,,RandomForest
3,protein,SYNTH_TVATSRTLSY,1,1,0,,,,,,,,,,,RandomForest
3,protein,SYNTH_TVHYGVPVWR,1,0,1,,,,,,,,,,,RandomForest
3,protein,SYNTH_TVIEYLVSF,1,1,0,,,,,,,,,,,RandomForest
3,protein,SYNTH_TVKPGNFNK,1,0,1,,,,,,,,,,,RandomForest
3,protein,SYNTH_TVLCPKNMI,1,1,0,,,,,,,,,,,RandomForest
3,protein,SYNTH_TVLYYTVTSL,1,0,1,,,,,,,,,,,RandomForest
3,protein,SYNTH_TVNAHQVLPK,1,1,0,,,,,,,,,,,RandomForest
3,protein,SYNTH_TVPCFNPK,1,1,0,,,,,,,,,,,RandomForest
3,protein,SYNTH_TVQASKLY,1,0,1,,,,,,,,,,,RandomForest
3,protein,SYNTH_TYAWLLVLV,1,0,1,,,,,,,,,,,RandomForest
3,protein,SYNTH_TYHPNCVNCL,1,0,1,,,,,,,,,,,RandomForest
3,protein,SYNTH_TYKLNVGDYFV,1,0,1,,,,,,,,,,,RandomForest
3,protein,SYNTH_TYSTLDRAL,1,0,1,,,,,,,,,,,RandomForest
3,protein,SYNTH_VADAVIHAS,1,1,0,,,,,,,,,,,RandomForest
3,protein,SYNTH_VAKNLNESL,1,0,1,,,,,,,,,,,RandomForest
3,protein,SYNTH_VATSRTLSY,1,1,0,,,,,,,,,,,RandomForest
3,protein,SYNTH_VATSRTLSYY,1,1,0,,,,,,,,,,,RandomForest
3,protein,SYNTH_VATTFVTPM,1,1,0,,,,,,,,,,,RandomForest
3,protein,SYNTH_VFKNIDGYF,1,1,0,,,,,,,,,,,RandomForest
3,protein,SYNTH_VFLVLWPLV,1,1,0,,,,,,,,,,,RandomForest
3,protein,SYNTH_VGYLQPRTF,1,1,0,,,,,,,,,,,RandomForest
3,protein,SYNTH_VGYLQPRTFL,1,1,0,,,,,,,,,,,RandomForest
3,protein,SYNTH_VIGFLFLTW,1,1,0,,,,,,,,,,,RandomForest
3,protein,SYNTH_VLCPKNMII,1,1,0,,,,,,,,,,,RandomForest
3,protein,SYNTH_VLDDHYKIAL,1,0,1,,,,,,,,,,,RandomForest
3,protein,SYNTH_VLFSTVFPP,1,0,1,,,,,,,,,,,RandomForest
3,protein,SYNTH_VLGSLAATV,1,1,0,,,,,,,,,,,RandomForest
3,protein,SYNTH_VLLVSLGAI,1,1,0,,,,,,,,,,,RandomForest
3,protein,SYNTH_VLRGFLILGK,1,1,0,,,,,,,,,,,RandomForest
3,protein,SYNTH_VLSDFKTWL,1,1,0,,,,,,,,,,,RandomForest
3,protein,SYNTH_VLTSHTVMPL,1,0,1,,,,,,,,,,,RandomForest
3,protein,SYNTH_VLVQSTQWSL,1,0,1,,,,,,,,,,,RandomForest
3,protein,SYNTH_VLYCVHQR,1,0,1,,,,,,,,,,,RandomForest
3,protein,SYNTH_VLYNSASFST,1,0,1,,,,,,,,,,,RandomForest
3,protein,SYNTH_VLYYQNNVFM,1,0,1,,,,,,,,,,,RandomForest
3,protein,SYNTH_VMYASAVVLL,1,1,0,,,,,,,,,,,RandomForest
3,protein,SYNTH_VNAHWNLPK,1,0,1,,,,,,,,,,,RandomForest
3,protein,SYNTH_VNSVLLFLAF,1,1,0,,,,,,,,,,,RandomForest
3,protein,SYNTH_VPANSTVL,1,1,0,,,,,,,,,,,RandomForest
3,protein,SYNTH_VPANSTVLSF,1,1,0,,,,,,,,,,,RandomForest
3,protein,SYNTH_VPGLPGTIL,1,1,0,,,,,,,,,,,RandomForest
3,protein,SYNTH_VPYCYDTNVL,1,0,1,,,,,,,,,,,RandomForest
3,protein,SYNTH_VPYNMRVIHF,1,0,1,,,,,,,,,,,RandomForest
3,protein,SYNTH_VQSTQWSLF,1,0,1,,,,,,,,,,,RandomForest
3,protein,SYNTH_VQWAYDNEL,1,0,1,,,,,,,,,,,RandomForest
3,protein,SYNTH_VSDGTHWFV,1,1,0,,,,,,,,,,,RandomForest
3,protein,SYNTH_VSYVNVNMR,1,0,1,,,,,,,,,,,RandomForest
3,protein,SYNTH_VTDYGNVAFKY,1,1,0,,,,,,,,,,,RandomForest
3,protein,SYNTH_VTINQTSVK,1,0,1,,,,,,,,,,,RandomForest
3,protein,SYNTH_VTITTARSK,1,0,1,,,,,,,,,,,RandomForest
3,protein,SYNTH_VTLAHAGYY,1,1,0,,,,,,,,,,,RandomForest
3,protein,SYNTH_VTLLCLIPTV,1,1,0,,,,,,,,,,,RandomForest
3,protein,SYNTH_VTNNTFTLK,1,1,0,,,,,,,,,,,RandomForest
3,protein,SYNTH_VTWFHAIHV,1,1,0,,,,,,,,,,,RandomForest
3,protein,SYNTH_VTYVPAQEK,1,1,0,,,,,,,,,,,RandomForest
3,protein,SYNTH_VVDDPCPIHFY,1,0,1,,,,,,,,,,,RandomForest
3,protein,SYNTH_VVFDITKWLL,1,1,0,,,,,,,,,,,RandomForest
3,protein,SYNTH_VVIPDYNTYK,1,0,1,,,,,,,,,,,RandomForest
3,protein,SYNTH_VVLAGLMAL,1,0,1,,,,,,,,,,,RandomForest
3,protein,SYNTH_VVLFGLMAL,1,1,0,,,,,,,,,,,RandomForest
3,protein,SYNTH_VVMAYITGGV,1,0,1,,,,,,,,,,,RandomForest
3,protein,SYNTH_VVSYVNVNMR,1,0,1,,,,,,,,,,,RandomForest
3,protein,SYNTH_VVTTKIALK,1,1,0,,,,,,,,,,,RandomForest
3,protein,SYNTH_VWLSVIWMMW,1,0,1,,,,,,,,,,,RandomForest
3,protein,SYNTH_VWLSVIWMMWF,1,1,0,,,,,,,,,,,RandomForest
3,protein,SYNTH_VYAINDENW,1,0,1,,,,,,,,,,,RandomForest
3,protein,SYNTH_VYALPLKML,1,1,0,,,,,,,,,,,RandomForest
3,protein,SYNTH_VYIGDPAQL,1,1,0,,,,,,,,,,,RandomForest
3,protein,SYNTH_VYSTGSNVFQ,1,0,1,,,,,,,,,,,RandomForest
3,protein,SYNTH_VYSVIYLYL,1,0,1,,,,,,,,,,,RandomForest
3,protein,SYNTH_WEPEFYEAM,1,1,0,,,,,,,,,,,RandomForest
3,protein,SYNTH_WILGFVFTL,1,1,0,,,,,,,,,,,RandomForest
3,protein,SYNTH_WLSLLVPF,1,1,0,,,,,,,,,,,RandomForest
3,protein,SYNTH_WLSLLVPFV,1,1,0,,,,,,,,,,,RandomForest
3,protein,SYNTH_WLTNIFGTV,1,1,0,,,,,,,,,,,RandomForest
3,protein,SYNTH_WLTYHGAIK,1,1,0,,,,,,,,,,,RandomForest
3,protein,SYNTH_WMVMFTPLV,1,1,0,,,,,,,,,,,RandomForest
3,protein,SYNTH_WMVMFTPLVP,1,1,0,,,,,,,,,,,RandomForest
3,protein,SYNTH_WPLVSSQCV,1,1,0,,,,,,,,,,,RandomForest
3,protein,SYNTH_YADPFFLKY,1,1,0,,,,,,,,,,,RandomForest
3,protein,SYNTH_YADVFHLYL,1,1,0,,,,,,,,,,,RandomForest
3,protein,SYNTH_YAFEHIVY,1,1,0,,,,,,,,,,,RandomForest
3,protein,SYNTH_YANRNRFLY,1,1,0,,,,,,,,,,,RandomForest
3,protein,SYNTH_YDYLVSTQEF,1,0,1,,,,,,,,,,,RandomForest
3,protein,SYNTH_YEDQDALFAY,1,1,0,,,,,,,,,,,RandomForest
3,protein,SYNTH_YEQYIKWPW,1,1,0,,,,,,,,,,,RandomForest
3,protein,SYNTH_YEQYIKWPWYI,1,1,0,,,,,,,,,,,RandomForest
3,protein,SYNTH_YERHSLSHF,1,1,0,,,,,,,,,,,RandomForest
3,protein,SYNTH_YFKDCLFKDW,1,0,1,,,,,,,,,,,RandomForest
3,protein,SYNTH_YFPLQSYGFQ,1,0,1,,,,,,,,,,,RandomForest
3,protein,SYNTH_YFTSDYYQLY,1,1,0,,,,,,,,,,,RandomForest
3,protein,SYNTH_YGISFMELV,1,0,1,,,,,,,,,,,RandomForest
3,protein,SYNTH_YHGAIKLDD,1,1,0,,,,,,,,,,,RandomForest
3,protein,SYNTH_YIFWRNTNPI,1,0,1,,,,,,,,,,,RandomForest
3,protein,SYNTH_YIIKLIFLWL,1,1,0,,,,,,,,,,,RandomForest
3,protein,SYNTH_YIINLIIKNL,1,0,1,,,,,,,,,,,RandomForest
3,protein,SYNTH_YIKWPWYIW,1,1,0,,,,,,,,,,,RandomForest
3,protein,SYNTH_YILEETSVLL,1,1,0,,,,,,,,,,,RandomForest
3,protein,SYNTH_YLASGGQPI,1,1,0,,,,,,,,,,,RandomForest
3,protein,SYNTH_YLATALLTLQ,1,0,1,,,,,,,,,,,RandomForest
3,protein,SYNTH_YLAVFDKNL,1,0,1,,,,,,,,,,,RandomForest
3,protein,SYNTH_YLDAYNMMIS,1,0,1,,,,,,,,,,,RandomForest
3,protein,SYNTH_YLFDESGEFKL,1,0,1,,,,,,,,,,,RandomForest
3,protein,SYNTH_YLITPVHV,1,1,0,,,,,,,,,,,RandomForest
3,protein,SYNTH_YLLPSRGPKL,1,1,0,,,,,,,,,,,RandomForest
3,protein,SYNTH_YLNSTNVTI,2,2,0,,,,,,,,,,,RandomForest
3,protein,SYNTH_YLPYPDPSRIL,1,0,1,,,,,,,,,,,RandomForest
3,protein,SYNTH_YLQPRHFLL,1,1,0,,,,,,,,,,,RandomForest
3,protein,SYNTH_YLQPSTFLL,1,0,1,,,,,,,,,,,RandomForest
3,protein,SYNTH_YLVAYQATV,1,1,0,,,,,,,,,,,RandomForest
3,protein,SYNTH_YMDDVVLGA,1,0,1,,,,,,,,,,,RandomForest
3,protein,SYNTH_YMDDVVLGAK,1,0,1,,,,,,,,,,,RandomForest
3,protein,SYNTH_YMSALNHTK,1,1,0,,,,,,,,,,,RandomForest
3,protein,SYNTH_YNSASFSTF,1,0,1,,,,,,,,,,,RandomForest
3,protein,SYNTH_YPRPPGSGL,1,1,0,,,,,,,,,,,RandomForest
3,protein,SYNTH_YQLAVTIMA,1,1,0,,,,,,,,,,,RandomForest
3,protein,SYNTH_YSEHPTFTSQ,1,1,0,,,,,,,,,,,RandomForest
3,protein,SYNTH_YSEHPTFTSQY,1,1,0,,,,,,,,,,,RandomForest
3,protein,SYNTH_YSLNFMGY,1,0,1,,,,,,,,,,,RandomForest
3,protein,SYNTH_YSRYRIGNYK,1,1,0,,,,,,,,,,,RandomForest
3,protein,SYNTH_YTACSHAAV,1,1,0,,,,,,,,,,,RandomForest
3,protein,SYNTH_YTDFATSACV,1,0,1,,,,,,,,,,,RandomForest
3,protein,SYNTH_YTDINGNLH,1,1,0,,,,,,,,,,,RandomForest
3,protein,SYNTH_YTELEPPCRF,1,1,0,,,,,,,,,,,RandomForest
3,protein,SYNTH_YTMADLVYA,1,1,0,,,,,,,,,,,RandomForest
3,protein,SYNTH_YTVSCLPFTI,1,0,1,,,,,,,,,,,RandomForest
3,protein,SYNTH_YTVTSLQTI,1,0,1,,,,,,,,,,,RandomForest
3,protein,SYNTH_YVDDSSLTI,1,1,0,,,,,,,,,,,RandomForest
3,protein,SYNTH_YVDNSSLTI,1,1,0,,,,,,,,,,,RandomForest
3,protein,SYNTH_YVFCTVNAL,1,1,0,,,,,,,,,,,RandomForest
3,protein,SYNTH_YVGPLTVNEK,1,0,1,,,,,,,,,,,RandomForest
3,protein,SYNTH_YVLGGCRHK,1,0,1,,,,,,,,,,,RandomForest
3,protein,SYNTH_YVYALPLKM,1,1,0,,,,,,,,,,,RandomForest
3,protein,SYNTH_YVYSRVKNL,1,1,0,,,,,,,,,,,RandomForest
3,protein,SYNTH_YYLGTGPEAGL,1,0,1,,,,,,,,,,,RandomForest
3,protein,SYNTH_YYMATLKNVT,1,1,0,,,,,,,,,,,RandomForest
3,protein,SYNTH_YYQLYSTQL,1,1,0,,,,,,,,,,,RandomForest
3,protein,SYNTH_YYRSLPGVF,1,1,0,,,,,,,,,,,RandomForest
3,protein,SYNTH_YYTSNPTTF,1,1,0,,,,,,,,,,,RandomForest
3,protein,VE1_HPV16,2,2,0,,,,,,,,,,,RandomForest
3,protein,VE2_HPV16,5,4,1,,,,,,,,,,,RandomForest
3,protein,VE5_HPV16,1,1,0,,,,,,,,,,,RandomForest
3,protein,VE6_HPV16,7,6,1,,,,,,,,,,,RandomForest
3,protein,VE6_HPV18,7,3,4,,,,,,,,,,,RandomForest
3,protein,VE7_HPV16,4,4,0,,,,,,,,,,,RandomForest
3,protein,VE7_HPV18,1,1,0,,,,,,,,,,,RandomForest
4,overall,all,913,627,286,0.710046731577832,0.8292545914908089,0.8901098901098901,0.8596491228070176,0.8901098901098901,0.1291866028708134,0.8993123228640112,0.8596491228070176,0.31259968102073366,0.8748943926706342,RandomForest
4,virus,CMV,75,53,22,0.7092624356775301,0.8316256686779065,0.8571428571428571,0.8333333333333334,0.8571428571428571,0.11320754716981132,0.8625618335428547,0.8333333333333334,0.2830188679245283,0.8425156852956072,RandomForest
4,virus,DENV,102,101,1,0.8514851485148515,0.9984334403070331,1.0,1.0,1.0,0.09900990099009901,1.0,1.0,0.24752475247524752,1.0,RandomForest
4,virus,EBV,40,28,12,0.7068452380952381,0.8607420175796066,1.0,1.0,1.0,0.14285714285714285,0.9999999999999998,1.0,0.35714285714285715,1.0,RandomForest
4,virus,HBV,68,36,32,0.7243923611111112,0.7877017767394537,1.0,0.8823529411764706,1.0,0.16666666666666666,1.0,0.8823529411764706,0.4166666666666667,0.912115822463028,RandomForest
4,virus,HCV,39,25,14,0.6942857142857143,0.7992983454810388,1.0,0.6666666666666666,1.0,0.12,1.0,0.6666666666666666,0.24,0.7654743815262337,RandomForest
4,virus,HIV-1,38,30,8,0.8083333333333333,0.948527730468595,1.0,1.0,1.0,0.1,1.0,1.0,0.3,1.0,RandomForest
4,virus,HPV,12,2,10,,,,,,,,,,,RandomForest
4,virus,HPV16,15,15,0,,,,,,,,,,,RandomForest
4,virus,HPV18,11,9,2,,,,,,,,,,,RandomForest
4,virus,IAV,61,39,22,0.6194638694638694,0.7320030594965649,0.8333333333333334,0.7333333333333333,0.8333333333333334,0.1282051282051282,0.7532383601611259,0.7333333333333333,0.28205128205128205,0.7231945795046951,RandomForest
4,virus,RSV,3,2,1,,,,,,,,,,,RandomForest
4,virus,SARS-CoV-2,449,287,162,0.6863896416741946,0.7640424606130123,0.7727272727272727,0.7678571428571429,0.7727272727272727,0.11846689895470383,0.7997231615335761,0.7678571428571429,0.29965156794425085,0.788505452551071,RandomForest
4,protein,BZLF1_EBVB9,1,0,1,,,,,,,,,,,RandomForest
4,protein,DNBI_EBVG,4,0,4,,,,,,,,,,,RandomForest
4,protein,EAD_EBVG,1,0,1,,,,,,,,,,,RandomForest
4,protein,EBNA1_EBVB9,3,2,1,,,,,,,,,,,RandomForest
4,protein,EBNA2_EBVG,1,1,0,,,,,,,,,,,RandomForest
4,protein,EBNA3_EBVB9,3,2,1,,,,,,,,,,,RandomForest
4,protein,EBNA4_EBVB9,2,2,0,,,,,,,,,,,RandomForest
4,protein,EBNA6_EBVG,4,3,1,,,,,,,,,,,RandomForest
4,protein,GH_EBVG,1,1,0,,,,,,,,,,,RandomForest
4,protein,ICP27_EBVB9,1,0,1,,,,,,,,,,,RandomForest
4,protein,IL10H_EBVG,1,1,0,,,,,,,,,,,RandomForest
4,protein,LMP1_EBVB9,2,2,0,,,,,,,,,,,RandomForest
4,protein,LMP2_EBVB9,7,7,0,,,,,,,,,,,RandomForest
4,protein,RIR2_EBVG,1,1,0,,,,,,,,,,,RandomForest
4,protein,SYNTH_AAATDTIRK,1,1,0,,,,,,,,,,,RandomForest
4,protein,SYNTH_AAERKHRHL,1,1,0,,,,,,,,,,,RandomForest
4,protein,SYNTH_ACQGVGGPAHK,1,1,0,,,,,,,,,,,RandomForest
4,protein,SYNTH_ADAGFIKQY,1,1,0,,,,,,,,,,,RandomForest
4,protein,SYNTH_AEWFLAYIL,1,1,0,,,,,,,,,,,RandomForest
4,protein,SYNTH_AEWFLAYILF,1,1,0,,,,,,,,,,,RandomForest
4,protein,SYNTH_AIDAYPLTK,1,0,1,,,,,,,,,,,RandomForest
4,protein,SYNTH_AIFYLITPV,1,1,0,,,,,,,,,,,RandomForest
4,protein,SYNTH_AIMDKNIML,1,1,0,,,,,,,,,,,RandomForest
4,protein,SYNTH_AIVREAIKR,1,1,0,,,,,,,,,,,RandomForest
4,protein,SYNTH_ALAYYNTTK,2,0,2,,,,,,,,,,,RandomForest
4,protein,SYNTH_ALCTFLLNK,1,0,1,,,,,,,,,,,RandomForest
4,protein,SYNTH_ALFFFDIDL,1,1,0,,,,,,,,,,,RandomForest
4,protein,SYNTH_ALGGSVAIK,1,0,1,,,,,,,,,,,RandomForest
4,protein,SYNTH_ALIRILQQL,1,1,0,,,,,,,,,,,RandomForest
4,protein,SYNTH_ALLSDLQDL,1,0,1,,,,,,,,,,,RandomForest
4,protein,SYNTH_ALNNIINNA,1,1,0,,,,,,,,,,,RandomForest
4,protein,SYNTH_ALPVYLMTL,1,1,0,,,,,,,,,,,RandomForest
4,protein,SYNTH_ALQIPFAMQM,1,1,0,,,,,,,,,,,RandomForest
4,protein,SYNTH_ALSKGVHFV,1,1,0,,,,,,,,,,,RandomForest
4,protein,SYNTH_ALSYSTGAL,1,0,1,,,,,,,,,,,RandomForest
4,protein,SYNTH_ALWEIQQVV,1,1,0,,,,,,,,,,,RandomForest
4,protein,SYNTH_ALWEIQQVVD,1,0,1,,,,,,,,,,,RandomForest
4,protein,SYNTH_ALYDVVTKL,1,1,0,,,,,,,,,,,RandomForest
4,protein,SYNTH_ALYVGDLCG,1,0,1,,,,,,,,,,,RandomForest
4,protein,SYNTH_AMDEFIEQY,1,1,0,,,,,,,,,,,RandomForest
4,protein,SYNTH_AMQTMLFTML,1,1,0,,,,,,,,,,,RandomForest
4,protein,SYNTH_AMRPNFTIK,1,0,1,,,,,,,,,,,RandomForest
4,protein,SYNTH_AMSAFAMMFV,1,1,0,,,,,,,,,,,RandomForest
4,protein,SYNTH_APAHISTI,1,0,1,,,,,,,,,,,RandomForest
4,protein,SYNTH_APFLYLYAL,1,1,0,,,,,,,,,,,RandomForest
4,protein,SYNTH_APGQTGVIA,1,1,0,,,,,,,,,,,RandomForest
4,protein,SYNTH_APHGVVFL,1,1,0,,,,,,,,,,,RandomForest
4,protein,SYNTH_APKEIIFL,1,1,0,,,,,,,,,,,RandomForest
4,protein,SYNTH_APLLSAGIF,1,1,0,,,,,,,,,,,RandomForest
4,protein,SYNTH_APRTLLTKGTL,1,0,1,,,,,,,,,,,RandomForest
4,protein,SYNTH_APSASAFFG,1,1,0,,,,,,,,,,,RandomForest
4,protein,SYNTH_APTRVVASEM,2,2,0,,,,,,,,,,,RandomForest
4,protein,SYNTH_AQCFKMFYK,1,0,1,,,,,,,,,,,RandomForest
4,protein,SYNTH_AQFAPSASA,1,1,0,,,,,,,,,,,RandomForest
4,protein,SYNTH_ASAFFGMSR,1,1,0,,,,,,,,,,,RandomForest
4,protein,SYNTH_ASCMGLIY,1,1,0,,,,,,,,,,,RandomForest
4,protein,SYNTH_ASCMGLIYNR,1,1,0,,,,,,,,,,,RandomForest
4,protein,SYNTH_ASDIKAFSK,1,1,0,,,,,,,,,,,RandomForest
4,protein,SYNTH_ASMPTTIAK,1,0,1,,,,,,,,,,,RandomForest
4,protein,SYNTH_ASPISSIFSR,1,1,0,,,,,,,,,,,RandomForest
4,protein,SYNTH_ASRELVVSY,1,1,0,,,,,,,,,,,RandomForest
4,protein,SYNTH_ATAEAELAK,1,0,1,,,,,,,,,,,RandomForest
4,protein,SYNTH_ATDALMTGY,1,1,0,,,,,,,,,,,RandomForest
4,protein,SYNTH_ATSRMLSYY,1,1,0,,,,,,,,,,,RandomForest
4,protein,SYNTH_ATVQGQNLK,1,1,0,,,,,,,,,,,RandomForest
4,protein,SYNTH_ATYGWNLVK,1,1,0,,,,,,,,,,,RandomForest
4,protein,SYNTH_AVFQETGTAR,1,1,0,,,,,,,,,,,RandomForest
4,protein,SYNTH_AVINGDRWFL,1,0,1,,,,,,,,,,,RandomForest
4,protein,SYNTH_AVKSEHTGR,1,1,0,,,,,,,,,,,RandomForest
4,protein,SYNTH_AVLQSGFRK,1,0,1,,,,,,,,,,,RandomForest
4,protein,SYNTH_AYCPFDEQSL,1,0,1,,,,,,,,,,,RandomForest
4,protein,SYNTH_AYFKDCLFKDW,1,0,1,,,,,,,,,,,RandomForest
4,protein,SYNTH_AYQKRMGVQM,1,1,0,,,,,,,,,,,RandomForest
4,protein,SYNTH_AYRHAMEEL,1,1,0,,,,,,,,,,,RandomForest
4,protein,SYNTH_AYVNTFSSTF,1,1,0,,,,,,,,,,,RandomForest
4,protein,SYNTH_CFVLAAVYRI,1,1,0,,,,,,,,,,,RandomForest
4,protein,SYNTH_CINGVCWTA,1,1,0,,,,,,,,,,,RandomForest
4,protein,SYNTH_CINSTTTDV,1,0,1,,,,,,,,,,,RandomForest
4,protein,SYNTH_CLAYYFMRF,1,1,0,,,,,,,,,,,RandomForest
4,protein,SYNTH_CLGLLTMV,1,1,0,,,,,,,,,,,RandomForest
4,protein,SYNTH_CLLNRYFRL,1,1,0,,,,,,,,,,,RandomForest
4,protein,SYNTH_CLMMILPAA,1,1,0,,,,,,,,,,,RandomForest
4,protein,SYNTH_CLMMMLPATL,1,1,0,,,,,,,,,,,RandomForest
4,protein,SYNTH_CNDPFLGVY,1,0,1,,,,,,,,,,,RandomForest
4,protein,SYNTH_CNDPFLGVYY,1,1,0,,,,,,,,,,,RandomForest
4,protein,SYNTH_CPKSIPGLS,1,1,0,,,,,,,,,,,RandomForest
4,protein,SYNTH_CSLSHRFYR,1,1,0,,,,,,,,,,,RandomForest
4,protein,SYNTH_CSTVQASK,1,0,1,,,,,,,,,,,RandomForest
4,protein,SYNTH_CTDDNALAYY,1,1,0,,,,,,,,,,,RandomForest
4,protein,SYNTH_CTELKLNDY,1,1,0,,,,,,,,,,,RandomForest
4,protein,SYNTH_CTLKSFTVEK,1,1,0,,,,,,,,,,,RandomForest
4,protein,SYNTH_CYFPLQSYGF,1,0,1,,,,,,,,,,,RandomForest
4,protein,SYNTH_CYSQVNPTTL,1,1,0,,,,,,,,,,,RandomForest
4,protein,SYNTH_DASGKPVPY,1,1,0,,,,,,,,,,,RandomForest
4,protein,SYNTH_DCKTILKAL,1,1,0,,,,,,,,,,,RandomForest
4,protein,SYNTH_DEELVTTERK,1,1,0,,,,,,,,,,,RandomForest
4,protein,SYNTH_DELRRKMMY,1,1,0,,,,,,,,,,,RandomForest
4,protein,SYNTH_DFFPSIRDL,1,1,0,,,,,,,,,,,RandomForest
4,protein,SYNTH_DIDLLLQRGP,1,0,1,,,,,,,,,,,RandomForest
4,protein,SYNTH_DLIAQPIRLL,1,1,0,,,,,,,,,,,RandomForest
4,protein,SYNTH_DLLLGTLNI,1,1,0,,,,,,,,,,,RandomForest
4,protein,SYNTH_DLSPRWYFYY,1,1,0,,,,,,,,,,,RandomForest
4,protein,SYNTH_DNVILLNKH,1,1,0,,,,,,,,,,,RandomForest
4,protein,SYNTH_DRLNQLESK,1,1,0,,,,,,,,,,,RandomForest
4,protein,SYNTH_DTDFVNEFY,1,0,1,,,,,,,,,,,RandomForest
4,protein,SYNTH_DVAFTSHEH,1,1,0,,,,,,,,,,,RandomForest
4,protein,SYNTH_DYGNVAFKYL,1,0,1,,,,,,,,,,,RandomForest
4,protein,SYNTH_DYKHYTPSF,1,1,0,,,,,,,,,,,RandomForest
4,protein,SYNTH_DYVYNPFMI,1,0,1,,,,,,,,,,,RandomForest
4,protein,SYNTH_EAYFKDCVFK,1,0,1,,,,,,,,,,,RandomForest
4,protein,SYNTH_EEQDYRALL,1,1,0,,,,,,,,,,,RandomForest
4,protein,SYNTH_EHPTFTSQY,1,1,0,,,,,,,,,,,RandomForest
4,protein,SYNTH_EIKESVQTF,1,1,0,,,,,,,,,,,RandomForest
4,protein,SYNTH_EILDITPCSF,1,1,0,,,,,,,,,,,RandomForest
4,protein,SYNTH_EILDITPCSFG,1,1,0,,,,,,,,,,,RandomForest
4,protein,SYNTH_ELIRQGTDY,1,1,0,,,,,,,,,,,RandomForest
4,protein,SYNTH_ELLHAPATV,1,1,0,,,,,,,,,,,RandomForest
4,protein,SYNTH_ELMTLATWV,1,1,0,,,,,,,,,,,RandomForest
4,protein,SYNTH_ELPDEFVVV,1,1,0,,,,,,,,,,,RandomForest
4,protein,SYNTH_ELPDEFVVVTV,1,1,0,,,,,,,,,,,RandomForest
4,protein,SYNTH_ELRSRYWAI,1,1,0,,,,,,,,,,,RandomForest
4,protein,SYNTH_ELSLIDFYL,1,1,0,,,,,,,,,,,RandomForest
4,protein,SYNTH_EMCEDTVTY,1,1,0,,,,,,,,,,,RandomForest
4,protein,SYNTH_EPGQLKLNWF,1,1,0,,,,,,,,,,,RandomForest
4,protein,SYNTH_EWFLAYILF,1,1,0,,,,,,,,,,,RandomForest
4,protein,SYNTH_EYHGVYEHL,1,0,1,,,,,,,,,,,RandomForest
4,protein,SYNTH_EYVSQPFLM,1,0,1,,,,,,,,,,,RandomForest
4,protein,SYNTH_FADDLNQLTGY,1,1,0,,,,,,,,,,,RandomForest
4,protein,SYNTH_FAFPFTIYS,1,1,0,,,,,,,,,,,RandomForest
4,protein,SYNTH_FASEAARVV,1,1,0,,,,,,,,,,,RandomForest
4,protein,SYNTH_FAVDAAKAY,1,0,1,,,,,,,,,,,RandomForest
4,protein,SYNTH_FCNDPFLGVY,1,1,0,,,,,,,,,,,RandomForest
4,protein,SYNTH_FCSHHFHQL,1,1,0,,,,,,,,,,,RandomForest
4,protein,SYNTH_FELDERIDKVL,1,0,1,,,,,,,,,,,RandomForest
4,protein,SYNTH_FEYYHTTDPSF,1,1,0,,,,,,,,,,,RandomForest
4,protein,SYNTH_FGMSRIGMEV,1,0,1,,,,,,,,,,,RandomForest
4,protein,SYNTH_FIEDLLFNKV,1,1,0,,,,,,,,,,,RandomForest
4,protein,SYNTH_FIRQEEVQEL,1,0,1,,,,,,,,,,,RandomForest
4,protein,SYNTH_FISTCACEI,1,1,0,,,,,,,,,,,RandomForest
4,protein,SYNTH_FKDQVILLN,1,1,0,,,,,,,,,,,RandomForest
4,protein,SYNTH_FLARGIVFM,1,1,0,,,,,,,,,,,RandomForest
4,protein,SYNTH_FLATCINGV,1,1,0,,,,,,,,,,,RandomForest
4,protein,SYNTH_FLDHKNNK,1,0,1,,,,,,,,,,,RandomForest
4,protein,SYNTH_FLEEMLRTRV,1,1,0,,,,,,,,,,,RandomForest
4,protein,SYNTH_FLEYHDVRV,1,1,0,,,,,,,,,,,RandomForest
4,protein,SYNTH_FLFLTWICL,1,1,0,,,,,,,,,,,RandomForest
4,protein,SYNTH_FLGAFKKFL,1,0,1,,,,,,,,,,,RandomForest
4,protein,SYNTH_FLLLADARV,1,0,1,,,,,,,,,,,RandomForest
4,protein,SYNTH_FLLTKILTI,1,1,0,,,,,,,,,,,RandomForest
4,protein,SYNTH_FLMSFTVLC,1,0,1,,,,,,,,,,,RandomForest
4,protein,SYNTH_FLNGSCGSV,1,1,0,,,,,,,,,,,RandomForest
4,protein,SYNTH_FLNRFTTTL,1,1,0,,,,,,,,,,,RandomForest
4,protein,SYNTH_FLNRFTTTLN,1,0,1,,,,,,,,,,,RandomForest
4,protein,SYNTH_FLPFFSNVT,1,1,0,,,,,,,,,,,RandomForest
4,protein,SYNTH_FLPGVYSV,1,1,0,,,,,,,,,,,RandomForest
4,protein,SYNTH_FLPGVYSVIY,1,0,1,,,,,,,,,,,RandomForest
4,protein,SYNTH_FLPSDFFPSV,2,2,0,,,,,,,,,,,RandomForest
4,protein,SYNTH_FLPTDFFPSV,1,1,0,,,,,,,,,,,RandomForest
4,protein,SYNTH_FLVLLPLVS,1,1,0,,,,,,,,,,,RandomForest
4,protein,SYNTH_FLWLLWPVT,1,1,0,,,,,,,,,,,RandomForest
4,protein,SYNTH_FLWLLWPVTL,1,0,1,,,,,,,,,,,RandomForest
4,protein,SYNTH_FLYENAFLPFA,1,1,0,,,,,,,,,,,RandomForest
4,protein,SYNTH_FMDILTTCVET,1,1,0,,,,,,,,,,,RandomForest
4,protein,SYNTH_FMSEAKCWT,1,1,0,,,,,,,,,,,RandomForest
4,protein,SYNTH_FNMLSTVLGV,1,1,0,,,,,,,,,,,RandomForest
4,protein,SYNTH_FPFTSFGPL,1,1,0,,,,,,,,,,,RandomForest
4,protein,SYNTH_FPHCLAFSYM,1,0,1,,,,,,,,,,,RandomForest
4,protein,SYNTH_FPLCANGQV,1,1,0,,,,,,,,,,,RandomForest
4,protein,SYNTH_FPLKLRGTA,1,1,0,,,,,,,,,,,RandomForest
4,protein,SYNTH_FPLKLRGTAV,1,1,0,,,,,,,,,,,RandomForest
4,protein,SYNTH_FPLTSFGPL,1,1,0,,,,,,,,,,,RandomForest
4,protein,SYNTH_FPNITNLCP,1,1,0,,,,,,,,,,,RandomForest
4,protein,SYNTH_FPQSAPHGV,1,1,0,,,,,,,,,,,RandomForest
4,protein,SYNTH_FPQSAPHGVVF,1,1,0,,,,,,,,,,,RandomForest
4,protein,SYNTH_FPQSNSPIED,1,1,0,,,,,,,,,,,RandomForest
4,protein,SYNTH_FPRGQGVPI,1,1,0,,,,,,,,,,,RandomForest
4,protein,SYNTH_FPVKPQVSL,1,0,1,,,,,,,,,,,RandomForest
4,protein,SYNTH_FPVSIPITAA,1,1,0,,,,,,,,,,,RandomForest
4,protein,SYNTH_FQFCNDPFLGV,1,0,1,,,,,,,,,,,RandomForest
4,protein,SYNTH_FQGRGVFEL,1,1,0,,,,,,,,,,,RandomForest
4,protein,SYNTH_FSASTSAFV,1,1,0,,,,,,,,,,,RandomForest
4,protein,SYNTH_FSKQLQQSM,1,1,0,,,,,,,,,,,RandomForest
4,protein,SYNTH_FSSEIIGYKAI,1,0,1,,,,,,,,,,,RandomForest
4,protein,SYNTH_FSVVGNICY,1,1,0,,,,,,,,,,,RandomForest
4,protein,SYNTH_FTDGVCLFW,1,1,0,,,,,,,,,,,RandomForest
4,protein,SYNTH_FTLKRKTE,1,0,1,,,,,,,,,,,RandomForest
4,protein,SYNTH_FTWPPWQAGI,1,1,0,,,,,,,,,,,RandomForest
4,protein,SYNTH_FVCDNIKFA,1,1,0,,,,,,,,,,,RandomForest
4,protein,SYNTH_FVEGPGFMRY,1,1,0,,,,,,,,,,,RandomForest
4,protein,SYNTH_FVFKNIDGY,1,0,1,,,,,,,,,,,RandomForest
4,protein,SYNTH_FVFPLNSII,1,1,0,,,,,,,,,,,RandomForest
4,protein,SYNTH_FVSDADSTL,1,0,1,,,,,,,,,,,RandomForest
4,protein,SYNTH_FVVFLLVTL,1,1,0,,,,,,,,,,,RandomForest
4,protein,SYNTH_FVVPGLPGT,1,1,0,,,,,,,,,,,RandomForest
4,protein,SYNTH_FYAYLRKHF,1,1,0,,,,,,,,,,,RandomForest
4,protein,SYNTH_FYLTNDVSF,1,0,1,,,,,,,,,,,RandomForest
4,protein,SYNTH_FYPNLTKYL,1,0,1,,,,,,,,,,,RandomForest
4,protein,SYNTH_FYSKWYIRV,1,1,0,,,,,,,,,,,RandomForest
4,protein,SYNTH_GDDDVWTSG,1,1,0,,,,,,,,,,,RandomForest
4,protein,SYNTH_GFADLMGYI,1,1,0,,,,,,,,,,,RandomForest
4,protein,SYNTH_GFMWLSYFI,1,1,0,,,,,,,,,,,RandomForest
4,protein,SYNTH_GIDPNIRTGV,1,1,0,,,,,,,,,,,RandomForest
4,protein,SYNTH_GIHHPSNSK,1,1,0,,,,,,,,,,,RandomForest
4,protein,SYNTH_GILGFVFTL,1,1,0,,,,,,,,,,,RandomForest
4,protein,SYNTH_GILVLFGFF,1,1,0,,,,,,,,,,,RandomForest
4,protein,SYNTH_GLALYYPSA,1,1,0,,,,,,,,,,,RandomForest
4,protein,SYNTH_GLDQYLESV,1,1,0,,,,,,,,,,,RandomForest
4,protein,SYNTH_GLEAPFLYL,1,1,0,,,,,,,,,,,RandomForest
4,protein,SYNTH_GLISLILQI,1,0,1,,,,,,,,,,,RandomForest
4,protein,SYNTH_GLKILQLL,1,1,0,,,,,,,,,,,RandomForest
4,protein,SYNTH_GLLTVCYVL,1,1,0,,,,,,,,,,,RandomForest
4,protein,SYNTH_GLNDNLLEI,1,1,0,,,,,,,,,,,RandomForest
4,protein,SYNTH_GLRDCTMLV,1,0,1,,,,,,,,,,,RandomForest
4,protein,SYNTH_GLSISGNLL,1,1,0,,,,,,,,,,,RandomForest
4,protein,SYNTH_GMDPRMCSL,1,0,1,,,,,,,,,,,RandomForest
4,protein,SYNTH_GNIADYNYK,1,0,1,,,,,,,,,,,RandomForest
4,protein,SYNTH_GPATAQMAL,1,0,1,,,,,,,,,,,RandomForest
4,protein,SYNTH_GPSLRTTTV,1,1,0,,,,,,,,,,,RandomForest
4,protein,SYNTH_GPSTEGVPE,1,0,1,,,,,,,,,,,RandomForest
4,protein,SYNTH_GSLIYSTAAL,1,0,1,,,,,,,,,,,RandomForest
4,protein,SYNTH_GTITSGWTF,1,1,0,,,,,,,,,,,RandomForest
4,protein,SYNTH_GTLGFVFTL,1,1,0,,,,,,,,,,,RandomForest
4,protein,SYNTH_GTSGSPIINK,1,1,0,,,,,,,,,,,RandomForest
4,protein,SYNTH_GVAGALVAFK,1,0,1,,,,,,,,,,,RandomForest
4,protein,SYNTH_GVAMPNLYK,2,0,2,,,,,,,,,,,RandomForest
4,protein,SYNTH_GVYYHKNNK,1,1,0,,,,,,,,,,,RandomForest
4,protein,SYNTH_GVYYPDKVFR,1,1,0,,,,,,,,,,,RandomForest
4,protein,SYNTH_GYINVFAFPF,1,0,1,,,,,,,,,,,RandomForest
4,protein,SYNTH_HGVVFLHVTY,1,1,0,,,,,,,,,,,RandomForest
4,protein,SYNTH_HIMLDVAFT,1,1,0,,,,,,,,,,,RandomForest
4,protein,SYNTH_HLHQNIVDV,1,0,1,,,,,,,,,,,RandomForest
4,protein,SYNTH_HLRMAGHSL,1,1,0,,,,,,,,,,,RandomForest
4,protein,SYNTH_HLVDFQVTI,1,1,0,,,,,,,,,,,RandomForest
4,protein,SYNTH_HLYLQYIRK,2,0,2,,,,,,,,,,,RandomForest
4,protein,SYNTH_HMLDMYSVM,1,1,0,,,,,,,,,,,RandomForest
4,protein,SYNTH_HPGAGKTKRY,1,1,0,,,,,,,,,,,RandomForest
4,protein,SYNTH_HPGFTILALF,1,1,0,,,,,,,,,,,RandomForest
4,protein,SYNTH_HPKISSEVHI,1,0,1,,,,,,,,,,,RandomForest
4,protein,SYNTH_HSIGFDYVY,1,1,0,,,,,,,,,,,RandomForest
4,protein,SYNTH_HSWNADLYK,1,0,1,,,,,,,,,,,RandomForest
4,protein,SYNTH_HTDLMAAYV,1,1,0,,,,,,,,,,,RandomForest
4,protein,SYNTH_HTNCYDYCI,1,0,1,,,,,,,,,,,RandomForest
4,protein,SYNTH_HVLKAVFSR,1,1,0,,,,,,,,,,,RandomForest
4,protein,SYNTH_HVYQLRARL,1,1,0,,,,,,,,,,,RandomForest
4,protein,SYNTH_HYPKIYKTYF,1,1,0,,,,,,,,,,,RandomForest
4,protein,SYNTH_HYPKVYKTYF,1,0,1,,,,,,,,,,,RandomForest
4,protein,SYNTH_IAVSMANIF,1,1,0,,,,,,,,,,,RandomForest
4,protein,SYNTH_IFNGECPNF,1,1,0,,,,,,,,,,,RandomForest
4,protein,SYNTH_IFVDGVPFV,1,1,0,,,,,,,,,,,RandomForest
4,protein,SYNTH_IHASGKQMW,1,1,0,,,,,,,,,,,RandomForest
4,protein,SYNTH_IIFWFSLEL,1,1,0,,,,,,,,,,,RandomForest
4,protein,SYNTH_IIIGALVGV,1,1,0,,,,,,,,,,,RandomForest
4,protein,SYNTH_IKLDDKDPN,1,1,0,,,,,,,,,,,RandomForest
4,protein,SYNTH_IKLDDKDPQ,1,1,0,,,,,,,,,,,RandomForest
4,protein,SYNTH_IKLTVVVGDI,1,1,0,,,,,,,,,,,RandomForest
4,protein,SYNTH_ILARNLVPM,1,0,1,,,,,,,,,,,RandomForest
4,protein,SYNTH_ILFLCLSLL,1,0,1,,,,,,,,,,,RandomForest
4,protein,SYNTH_ILFTRFFYV,1,1,0,,,,,,,,,,,RandomForest
4,protein,SYNTH_ILGFVFTLT,1,1,0,,,,,,,,,,,RandomForest
4,protein,SYNTH_ILGLPTQTV,1,1,0,,,,,,,,,,,RandomForest
4,protein,SYNTH_ILLNKHIDA,1,1,0,,,,,,,,,,,RandomForest
4,protein,SYNTH_ILMTHFFSI,1,1,0,,,,,,,,,,,RandomForest
4,protein,SYNTH_ILPCSFTTL,1,1,0,,,,,,,,,,,RandomForest
4,protein,SYNTH_ILRGSVAHK,1,0,1,,,,,,,,,,,RandomForest
4,protein,SYNTH_IMASLVLAR,1,0,1,,,,,,,,,,,RandomForest
4,protein,SYNTH_IMDLEKRHVL,1,1,0,,,,,,,,,,,RandomForest
4,protein,SYNTH_IMLCCMTSC,1,1,0,,,,,,,,,,,RandomForest
4,protein,SYNTH_IMLDVAFTS,1,1,0,,,,,,,,,,,RandomForest
4,protein,SYNTH_IMSGEVPSM,1,1,0,,,,,,,,,,,RandomForest
4,protein,SYNTH_INKRKKTSL,1,1,0,,,,,,,,,,,RandomForest
4,protein,SYNTH_IPEPDRQRTP,1,1,0,,,,,,,,,,,RandomForest
4,protein,SYNTH_IPITAAAWY,1,1,0,,,,,,,,,,,RandomForest
4,protein,SYNTH_IPLALTIKGL,1,1,0,,,,,,,,,,,RandomForest
4,protein,SYNTH_IPLTEEAEL,1,1,0,,,,,,,,,,,RandomForest
4,protein,SYNTH_IPVAYRKVL,1,1,0,,,,,,,,,,,RandomForest
4,protein,SYNTH_IQITISSFK,1,0,1,,,,,,,,,,,RandomForest
4,protein,SYNTH_IQLSSYSLF,1,1,0,,,,,,,,,,,RandomForest
4,protein,SYNTH_IRQEEVQEL,1,1,0,,,,,,,,,,,RandomForest
4,protein,SYNTH_ISDEFSSNV,1,1,0,,,,,,,,,,,RandomForest
4,protein,SYNTH_ITEAELTGY,1,1,0,,,,,,,,,,,RandomForest
4,protein,SYNTH_ITNLCPFGEV,1,0,1,,,,,,,,,,,RandomForest
4,protein,SYNTH_ITPMLRHTI,1,1,0,,,,,,,,,,,RandomForest
4,protein,SYNTH_ITPVHVMSK,1,0,1,,,,,,,,,,,RandomForest
4,protein,SYNTH_ITSGWTFGA,1,1,0,,,,,,,,,,,RandomForest
4,protein,SYNTH_IVAGGIVAI,1,1,0,,,,,,,,,,,RandomForest
4,protein,SYNTH_IVCRFDTRV,1,1,0,,,,,,,,,,,RandomForest
4,protein,SYNTH_IVDTVSALVY,1,1,0,,,,,,,,,,,RandomForest
4,protein,SYNTH_IWLGFIAGL,1,1,0,,,,,,,,,,,RandomForest
4,protein,SYNTH_IYKTPPIKDF,1,0,1,,,,,,,,,,,RandomForest
4,protein,SYNTH_IYRILQRGL,1,1,0,,,,,,,,,,,RandomForest
4,protein,SYNTH_KALNLGETFV,1,0,1,,,,,,,,,,,RandomForest
4,protein,SYNTH_KAYDVTQAF,1,1,0,,,,,,,,,,,RandomForest
4,protein,SYNTH_KCYGVSPTK,1,1,0,,,,,,,,,,,RandomForest
4,protein,SYNTH_KFLPDLYDYK,1,1,0,,,,,,,,,,,RandomForest
4,protein,SYNTH_KIRLRPGGK,1,0,1,,,,,,,,,,,RandomForest
4,protein,SYNTH_KIYSKHTPI,2,2,0,,,,,,,,,,,RandomForest
4,protein,SYNTH_KKLLEQWNLV,1,0,1,,,,,,,,,,,RandomForest
4,protein,SYNTH_KLASHMYCS,1,1,0,,,,,,,,,,,RandomForest
4,protein,SYNTH_KLCLRFLSK,1,0,1,,,,,,,,,,,RandomForest
4,protein,SYNTH_KLFCADPAL,1,0,1,,,,,,,,,,,RandomForest
4,protein,SYNTH_KLFDRYFKY,1,0,1,,,,,,,,,,,RandomForest
4,protein,SYNTH_KLKKSLNVAK,1,0,1,,,,,,,,,,,RandomForest
4,protein,SYNTH_KLLEQWNL,1,0,1,,,,,,,,,,,RandomForest
4,protein,SYNTH_KLLHKPIVWHV,1,1,0,,,,,,,,,,,RandomForest
4,protein,SYNTH_KLNEEIAIIL,1,0,1,,,,,,,,,,,RandomForest
4,protein,SYNTH_KLNIKLLGV,1,1,0,,,,,,,,,,,RandomForest
4,protein,SYNTH_KLNIKLLGVG,1,0,1,,,,,,,,,,,RandomForest
4,protein,SYNTH_KLPTTQLRR,1,0,1,,,,,,,,,,,RandomForest
4,protein,SYNTH_KLRGMGLNAV,1,0,1,,,,,,,,,,,RandomForest
4,protein,SYNTH_KLSGLGINAV,1,1,0,,,,,,,,,,,RandomForest
4,protein,SYNTH_KLSHQSDIEV,1,0,1,,,,,,,,,,,RandomForest
4,protein,SYNTH_KLTDWDFVV,1,1,0,,,,,,,,,,,RandomForest
4,protein,SYNTH_KLTPLCVTL,1,1,0,,,,,,,,,,,RandomForest
4,protein,SYNTH_KLVCSPAPC,1,1,0,,,,,,,,,,,RandomForest
4,protein,SYNTH_KLWAQCVQL,1,1,0,,,,,,,,,,,RandomForest
4,protein,SYNTH_KLYQNPTTYI,1,1,0,,,,,,,,,,,RandomForest
4,protein,SYNTH_KMLKEMGEV,1,1,0,,,,,,,,,,,RandomForest
4,protein,SYNTH_KMVSLLSVL,1,1,0,,,,,,,,,,,RandomForest
4,protein,SYNTH_KNIDGYFKIY,2,2,0,,,,,,,,,,,RandomForest
4,protein,SYNTH_KPAPRELKV,1,1,0,,,,,,,,,,,RandomForest
4,protein,SYNTH_KPFERDISTEI,1,0,1,,,,,,,,,,,RandomForest
4,protein,SYNTH_KPHNSHEGKTF,1,1,0,,,,,,,,,,,RandomForest
4,protein,SYNTH_KPRICTREEF,1,1,0,,,,,,,,,,,RandomForest
4,protein,SYNTH_KPRQKRTAT,1,1,0,,,,,,,,,,,RandomForest
4,protein,SYNTH_KPRWLDARI,1,1,0,,,,,,,,,,,RandomForest
4,protein,SYNTH_KQIYKTPPI,2,2,0,,,,,,,,,,,RandomForest
4,protein,SYNTH_KQMGFSHLC,1,0,1,,,,,,,,,,,RandomForest
4,protein,SYNTH_KRWIIIGLHK,1,1,0,,,,,,,,,,,RandomForest
4,protein,SYNTH_KSLFNTIATLY,1,1,0,,,,,,,,,,,RandomForest
4,protein,SYNTH_KSLFNTVATL,1,1,0,,,,,,,,,,,RandomForest
4,protein,SYNTH_KSLFNTVAVLY,1,1,0,,,,,,,,,,,RandomForest
4,protein,SYNTH_KSLYNTVAVLY,1,1,0,,,,,,,,,,,RandomForest
4,protein,SYNTH_KSTNLVKNK,1,1,0,,,,,,,,,,,RandomForest
4,protein,SYNTH_KSVNITFEL,1,1,0,,,,,,,,,,,RandomForest
4,protein,SYNTH_KTIQPRVEK,2,2,0,,,,,,,,,,,RandomForest
4,protein,SYNTH_KTLPPTEPK,1,1,0,,,,,,,,,,,RandomForest
4,protein,SYNTH_KTSERSQPR,1,0,1,,,,,,,,,,,RandomForest
4,protein,SYNTH_KVAGFAKFLK,2,0,2,,,,,,,,,,,RandomForest
4,protein,SYNTH_KVDGVVQQL,1,1,0,,,,,,,,,,,RandomForest
4,protein,SYNTH_KVLHKRTLGL,1,1,0,,,,,,,,,,,RandomForest
4,protein,SYNTH_KVLIRCYLC,1,1,0,,,,,,,,,,,RandomForest
4,protein,SYNTH_KWPWYIWLG,1,1,0,,,,,,,,,,,RandomForest
4,protein,SYNTH_KWPWYIWLGFI,1,1,0,,,,,,,,,,,RandomForest
4,protein,SYNTH_KYAESDYIFL,1,0,1,,,,,,,,,,,RandomForest
4,protein,SYNTH_KYKLKHIVW,1,1,0,,,,,,,,,,,RandomForest
4,protein,SYNTH_KYQLKHIVW,1,1,0,,,,,,,,,,,RandomForest
4,protein,SYNTH_KYRLKHIVW,1,0,1,,,,,,,,,,,RandomForest
4,protein,SYNTH_KYTSFPWLLG,1,1,0,,,,,,,,,,,RandomForest
4,protein,SYNTH_KYVRNLQHRL,1,0,1,,,,,,,,,,,RandomForest
4,protein,SYNTH_LAYTIGTTHF,1,1,0,,,,,,,,,,,RandomForest
4,protein,SYNTH_LDDKDPNFK,1,1,0,,,,,,,,,,,RandomForest
4,protein,SYNTH_LEDKAFQL,1,1,0,,,,,,,,,,,RandomForest
4,protein,SYNTH_LEKRHVLGRL,1,1,0,,,,,,,,,,,RandomForest
4,protein,SYNTH_LENGVTHRF,1,1,0,,,,,,,,,,,RandomForest
4,protein,SYNTH_LFARTRSMW,1,0,1,,,,,,,,,,,RandomForest
4,protein,SYNTH_LFTRFFYVL,1,1,0,,,,,,,,,,,RandomForest
4,protein,SYNTH_LGMLQGRGPL,1,1,0,,,,,,,,,,,RandomForest
4,protein,SYNTH_LITGRLQSL,1,0,1,,,,,,,,,,,RandomForest
4,protein,SYNTH_LLAKDTTEA,1,0,1,,,,,,,,,,,RandomForest
4,protein,SYNTH_LLAQFTSAI,1,1,0,,,,,,,,,,,RandomForest
4,protein,SYNTH_LLCPKSIPG,1,1,0,,,,,,,,,,,RandomForest
4,protein,SYNTH_LLCPKSIPGL,1,1,0,,,,,,,,,,,RandomForest
4,protein,SYNTH_LLDFVRMGV,1,1,0,,,,,,,,,,,RandomForest
4,protein,SYNTH_LLDRLNQLE,1,1,0,,,,,,,,,,,RandomForest
4,protein,SYNTH_LLDTASALY,1,1,0,,,,,,,,,,,RandomForest
4,protein,SYNTH_LLFLVLIML,1,1,0,,,,,,,,,,,RandomForest
4,protein,SYNTH_LLGCIITSL,1,1,0,,,,,,,,,,,RandomForest
4,protein,SYNTH_LLHKPIVWHV,1,0,1,,,,,,,,,,,RandomForest
4,protein,SYNTH_LLHPSLVFDI,1,1,0,,,,,,,,,,,RandomForest
4,protein,SYNTH_LLILCVTQVL,1,1,0,,,,,,,,,,,RandomForest
4,protein,SYNTH_LLLQLCTFT,1,0,1,,,,,,,,,,,RandomForest
4,protein,SYNTH_LLLSVCLGSL,1,0,1,,,,,,,,,,,RandomForest
4,protein,SYNTH_LLMPILTLTR,1,0,1,,,,,,,,,,,RandomForest
4,protein,SYNTH_LLMPLKAPK,1,0,1,,,,,,,,,,,RandomForest
4,protein,SYNTH_LLNKEMYLK,1,0,1,,,,,,,,,,,RandomForest
4,protein,SYNTH_LLNKHIDAY,1,0,1,,,,,,,,,,,RandomForest
4,protein,SYNTH_LLPIFFCLWV,1,0,1,,,,,,,,,,,RandomForest
4,protein,SYNTH_LLPRRGPRL,1,1,0,,,,,,,,,,,RandomForest
4,protein,SYNTH_LLQLSLLQV,1,1,0,,,,,,,,,,,RandomForest
4,protein,SYNTH_LLSAGIFGAD,1,0,1,,,,,,,,,,,RandomForest
4,protein,SYNTH_LLTLQQIEL,1,1,0,,,,,,,,,,,RandomForest
4,protein,SYNTH_LLTNMFTPL,1,1,0,,,,,,,,,,,RandomForest
4,protein,SYNTH_LLTNMFTPLI,1,0,1,,,,,,,,,,,RandomForest
4,protein,SYNTH_LLVYAADPAM,1,0,1,,,,,,,,,,,RandomForest
4,protein,SYNTH_LLWTLVLL,1,0,1,,,,,,,,,,,RandomForest
4,protein,SYNTH_LMCQPILLL,1,1,0,,,,,,,,,,,RandomForest
4,protein,SYNTH_LMGHFAWWT,1,1,0,,,,,,,,,,,RandomForest
4,protein,SYNTH_LMMMLPATLA,1,1,0,,,,,,,,,,,RandomForest
4,protein,SYNTH_LMNVLTLFY,1,1,0,,,,,,,,,,,RandomForest
4,protein,SYNTH_LPEYGTLGLE,1,1,0,,,,,,,,,,,RandomForest
4,protein,SYNTH_LPFDKPTIM,1,1,0,,,,,,,,,,,RandomForest
4,protein,SYNTH_LPFDRPTIM,1,1,0,,,,,,,,,,,RandomForest
4,protein,SYNTH_LPFDRTTIM,2,1,1,,,,,,,,,,,RandomForest
4,protein,SYNTH_LPFEKSTVM,1,1,0,,,,,,,,,,,RandomForest
4,protein,SYNTH_LPFERATVM,1,1,0,,,,,,,,,,,RandomForest
4,protein,SYNTH_LPGADTQGSN,1,1,0,,,,,,,,,,,RandomForest
4,protein,SYNTH_LPLPWLPGAD,1,1,0,,,,,,,,,,,RandomForest
4,protein,SYNTH_LPNNTASWF,1,1,0,,,,,,,,,,,RandomForest
4,protein,SYNTH_LPPHDITPY,1,1,0,,,,,,,,,,,RandomForest
4,protein,SYNTH_LPQHLTQRAQ,1,1,0,,,,,,,,,,,RandomForest
4,protein,SYNTH_LPRRSGAAGA,1,1,0,,,,,,,,,,,RandomForest
4,protein,SYNTH_LPVCAFSSA,1,1,0,,,,,,,,,,,RandomForest
4,protein,SYNTH_LPVWLAHKVA,1,1,0,,,,,,,,,,,RandomForest
4,protein,SYNTH_LPVWLAYKVA,1,1,0,,,,,,,,,,,RandomForest
4,protein,SYNTH_LPWTSGATT,1,1,0,,,,,,,,,,,RandomForest
4,protein,SYNTH_LQAENVTGL,1,1,0,,,,,,,,,,,RandomForest
4,protein,SYNTH_LQELGKYEQ,1,0,1,,,,,,,,,,,RandomForest
4,protein,SYNTH_LQELGKYEQY,1,1,0,,,,,,,,,,,RandomForest
4,protein,SYNTH_LQLPQGTTL,1,1,0,,,,,,,,,,,RandomForest
4,protein,SYNTH_LQPPDPVGL,1,1,0,,,,,,,,,,,RandomForest
4,protein,SYNTH_LQYGSFCTQL,1,1,0,,,,,,,,,,,RandomForest
4,protein,SYNTH_LSDRVVFVL,1,1,0,,,,,,,,,,,RandomForest
4,protein,SYNTH_LSIAPIMFSNK,1,0,1,,,,,,,,,,,RandomForest
4,protein,SYNTH_LSPRWYFYY,1,1,0,,,,,,,,,,,RandomForest
4,protein,SYNTH_LTDEMIAQY,1,1,0,,,,,,,,,,,RandomForest
4,protein,SYNTH_LTIPPTAGIL,1,1,0,,,,,,,,,,,RandomForest
4,protein,SYNTH_LTLGVYDYLV,1,0,1,,,,,,,,,,,RandomForest
4,protein,SYNTH_LTNDDTSRY,1,1,0,,,,,,,,,,,RandomForest
4,protein,SYNTH_LTNDVSFLA,1,0,1,,,,,,,,,,,RandomForest
4,protein,SYNTH_LTQDLFLPFF,1,1,0,,,,,,,,,,,RandomForest
4,protein,SYNTH_LTTVPAASLLA,1,1,0,,,,,,,,,,,RandomForest
4,protein,SYNTH_LVMAQLLRI,1,1,0,,,,,,,,,,,RandomForest
4,protein,SYNTH_LVSDIDITFLK,1,0,1,,,,,,,,,,,RandomForest
4,protein,SYNTH_LVVDFSQFSR,1,1,0,,,,,,,,,,,RandomForest
4,protein,SYNTH_LWEGSPGKF,1,1,0,,,,,,,,,,,RandomForest
4,protein,SYNTH_LWEWASVRF,1,1,0,,,,,,,,,,,RandomForest
4,protein,SYNTH_LWLLWPVTL,1,1,0,,,,,,,,,,,RandomForest
4,protein,SYNTH_LYASPQLEGF,1,1,0,,,,,,,,,,,RandomForest
4,protein,SYNTH_LYDAITENL,1,0,1,,,,,,,,,,,RandomForest
4,protein,SYNTH_LYIIKLIFL,1,1,0,,,,,,,,,,,RandomForest
4,protein,SYNTH_LYKKLKREI,1,0,1,,,,,,,,,,,RandomForest
4,protein,SYNTH_LYKKLKREITF,1,1,0,,,,,,,,,,,RandomForest
4,protein,SYNTH_LYKKLKREMTF,1,1,0,,,,,,,,,,,RandomForest
4,protein,SYNTH_LYRGDVESL,1,0,1,,,,,,,,,,,RandomForest
4,protein,SYNTH_LYSHPIIL,1,0,1,,,,,,,,,,,RandomForest
4,protein,SYNTH_MALKDFKEF,1,1,0,,,,,,,,,,,RandomForest
4,protein,SYNTH_MAMVLSIVS,1,1,0,,,,,,,,,,,RandomForest
4,protein,SYNTH_MATYGWNLVK,1,1,0,,,,,,,,,,,RandomForest
4,protein,SYNTH_MAYAQKIFKIL,1,1,0,,,,,,,,,,,RandomForest
4,protein,SYNTH_MDLFMRIFTI,1,0,1,,,,,,,,,,,RandomForest
4,protein,SYNTH_MFDAYVNTF,1,1,0,,,,,,,,,,,RandomForest
4,protein,SYNTH_MFLARGIVF,1,1,0,,,,,,,,,,,RandomForest
4,protein,SYNTH_MGYWIESAL,1,1,0,,,,,,,,,,,RandomForest
4,protein,SYNTH_MIAQYTSAL,2,1,1,,,,,,,,,,,RandomForest
4,protein,SYNTH_MLNPNYEDL,1,1,0,,,,,,,,,,,RandomForest
4,protein,SYNTH_MLPSSSTIKL,1,0,1,,,,,,,,,,,RandomForest
4,protein,SYNTH_MLRIMASL,1,1,0,,,,,,,,,,,RandomForest
4,protein,SYNTH_MLWCKDGHV,1,1,0,,,,,,,,,,,RandomForest
4,protein,SYNTH_MMILSDDAVV,1,0,1,,,,,,,,,,,RandomForest
4,protein,SYNTH_MMISAGFSL,1,1,0,,,,,,,,,,,RandomForest
4,protein,SYNTH_MMLPATLAF,1,1,0,,,,,,,,,,,RandomForest
4,protein,SYNTH_MMWFWGPSLY,1,0,1,,,,,,,,,,,RandomForest
4,protein,SYNTH_MPASWVMRIM,1,1,0,,,,,,,,,,,RandomForest
4,protein,SYNTH_MPLSAPTL,1,0,1,,,,,,,,,,,RandomForest
4,protein,SYNTH_MPSVIEKMET,1,1,0,,,,,,,,,,,RandomForest
4,protein,SYNTH_MQMAYRFNGI,1,0,1,,,,,,,,,,,RandomForest
4,protein,SYNTH_MRGAKRMAI,1,1,0,,,,,,,,,,,RandomForest
4,protein,SYNTH_MSMRGVRISK,1,0,1,,,,,,,,,,,RandomForest
4,protein,SYNTH_MSYEDQDALF,1,1,0,,,,,,,,,,,RandomForest
4,protein,SYNTH_MSYTMCSGK,1,1,0,,,,,,,,,,,RandomForest
4,protein,SYNTH_MVHPELIFTI,1,0,1,,,,,,,,,,,RandomForest
4,protein,SYNTH_MVLALITFL,1,1,0,,,,,,,,,,,RandomForest
4,protein,SYNTH_MVLASTTAK,1,0,1,,,,,,,,,,,RandomForest
4,protein,SYNTH_MVLGSLAATV,1,0,1,,,,,,,,,,,RandomForest
4,protein,SYNTH_MVMELIRMI,1,1,0,,,,,,,,,,,RandomForest
4,protein,SYNTH_MVPHISRQRL,1,0,1,,,,,,,,,,,RandomForest
4,protein,SYNTH_MYMGTLSYEQF,1,0,1,,,,,,,,,,,RandomForest
4,protein,SYNTH_MYTKIKHIL,1,0,1,,,,,,,,,,,RandomForest
4,protein,SYNTH_NATNVVIKV,1,1,0,,,,,,,,,,,RandomForest
4,protein,SYNTH_NCYFPLQSY,1,0,1,,,,,,,,,,,RandomForest
4,protein,SYNTH_NELSRVLGL,1,1,0,,,,,,,,,,,RandomForest
4,protein,SYNTH_NFLEVEDYGF,1,1,0,,,,,,,,,,,RandomForest
4,protein,SYNTH_NFNKDFYDF,1,0,1,,,,,,,,,,,RandomForest
4,protein,SYNTH_NGFTVLCPK,1,1,0,,,,,,,,,,,RandomForest
4,protein,SYNTH_NGLTVLPPL,1,0,1,,,,,,,,,,,RandomForest
4,protein,SYNTH_NINLHTQVV,1,1,0,,,,,,,,,,,RandomForest
4,protein,SYNTH_NITRFQTL,1,1,0,,,,,,,,,,,RandomForest
4,protein,SYNTH_NIVCPLCTL,1,1,0,,,,,,,,,,,RandomForest
4,protein,SYNTH_NLDYIINLI,1,1,0,,,,,,,,,,,RandomForest
4,protein,SYNTH_NLLKDCPAV,1,1,0,,,,,,,,,,,RandomForest
4,protein,SYNTH_NLNSSRVPDL,1,0,1,,,,,,,,,,,RandomForest
4,protein,SYNTH_NLVPMVATV,1,1,0,,,,,,,,,,,RandomForest
4,protein,SYNTH_NMFTPLIQPI,1,0,1,,,,,,,,,,,RandomForest
4,protein,SYNTH_NMLKTVYSDV,1,0,1,,,,,,,,,,,RandomForest
4,protein,SYNTH_NMLPSSSTI,1,0,1,,,,,,,,,,,RandomForest
4,protein,SYNTH_NMMGGCLQNA,1,0,1,,,,,,,,,,,RandomForest
4,protein,SYNTH_NPANNAAIVL,1,1,0,,,,,,,,,,,RandomForest
4,protein,SYNTH_NPNMIDKTPV,1,1,0,,,,,,,,,,,RandomForest
4,protein,SYNTH_NPTIQKNVL,1,1,0,,,,,,,,,,,RandomForest
4,protein,SYNTH_NPWMEDKTPV,1,1,0,,,,,,,,,,,RandomForest
4,protein,SYNTH_NRRKRSVTM,1,1,0,,,,,,,,,,,RandomForest
4,protein,SYNTH_NSPRRARSVAS,1,1,0,,,,,,,,,,,RandomForest
4,protein,SYNTH_NSSPDDQIGYY,1,0,1,,,,,,,,,,,RandomForest
4,protein,SYNTH_NTSRYWEPEFY,1,1,0,,,,,,,,,,,RandomForest
4,protein,SYNTH_NVILLNKHI,1,1,0,,,,,,,,,,,RandomForest
4,protein,SYNTH_NVPMEKLKTL,1,0,1,,,,,,,,,,,RandomForest
4,protein,SYNTH_NVTKYLPLDK,1,0,1,,,,,,,,,,,RandomForest
4,protein,SYNTH_NVVIKVCEF,1,0,1,,,,,,,,,,,RandomForest
4,protein,SYNTH_NYLDLSALL,1,1,0,,,,,,,,,,,RandomForest
4,protein,SYNTH_NYNYLYRLF,1,1,0,,,,,,,,,,,RandomForest
4,protein,SYNTH_NYNYLYRLL,1,1,0,,,,,,,,,,,RandomForest
4,protein,SYNTH_NYNYWYRLF,1,1,0,,,,,,,,,,,RandomForest
4,protein,SYNTH_NYTPGPGIRF,1,1,0,,,,,,,,,,,RandomForest
4,protein,SYNTH_PFEKSTIMAAF,1,1,0,,,,,,,,,,,RandomForest
4,protein,SYNTH_PFMIDVQQW,1,1,0,,,,,,,,,,,RandomForest
4,protein,SYNTH_PGKISHIML,1,1,0,,,,,,,,,,,RandomForest
4,protein,SYNTH_PIILGFRK,1,0,1,,,,,,,,,,,RandomForest
4,protein,SYNTH_PIPSSWAFAK,1,0,1,,,,,,,,,,,RandomForest
4,protein,SYNTH_PLKMLNIPS,1,1,0,,,,,,,,,,,RandomForest
4,protein,SYNTH_PLTQHYQIL,1,1,0,,,,,,,,,,,RandomForest
4,protein,SYNTH_PMDSTVKNY,1,1,0,,,,,,,,,,,RandomForest
4,protein,SYNTH_PSLILVSQY,1,1,0,,,,,,,,,,,RandomForest
4,protein,SYNTH_PTDNYITTY,2,1,1,,,,,,,,,,,RandomForest
4,protein,SYNTH_PTDSYITTY,1,1,0,,,,,,,,,,,RandomForest
4,protein,SYNTH_PVNRPIDWK,1,1,0,,,,,,,,,,,RandomForest
4,protein,SYNTH_QADVEWKFY,1,1,0,,,,,,,,,,,RandomForest
4,protein,SYNTH_QAFTFSPTYK,1,0,1,,,,,,,,,,,RandomForest
4,protein,SYNTH_QAIRETVEL,1,1,0,,,,,,,,,,,RandomForest
4,protein,SYNTH_QELGKYEQY,1,0,1,,,,,,,,,,,RandomForest
4,protein,SYNTH_QELIRQGTDY,1,1,0,,,,,,,,,,,RandomForest
4,protein,SYNTH_QFAYANRNRF,1,1,0,,,,,,,,,,,RandomForest
4,protein,SYNTH_QIAPGQTGK,1,0,1,,,,,,,,,,,RandomForest
4,protein,SYNTH_QLDGSNVSAA,1,0,1,,,,,,,,,,,RandomForest
4,protein,SYNTH_QLEMELTPV,1,1,0,,,,,,,,,,,RandomForest
4,protein,SYNTH_QLEMELTPVV,1,0,1,,,,,,,,,,,RandomForest
4,protein,SYNTH_QLFTFSPRH,1,1,0,,,,,,,,,,,RandomForest
4,protein,SYNTH_QLPQGTTLPK,1,1,0,,,,,,,,,,,RandomForest
4,protein,SYNTH_QLSGLGINAV,1,1,0,,,,,,,,,,,RandomForest
4,protein,SYNTH_QLTYVVIAIL,1,1,0,,,,,,,,,,,RandomForest
4,protein,SYNTH_QPEWFRNVL,1,1,0,,,,,,,,,,,RandomForest
4,protein,SYNTH_QPGQTFSVL,1,1,0,,,,,,,,,,,RandomForest
4,protein,SYNTH_QPRTFLLKY,1,1,0,,,,,,,,,,,RandomForest
4,protein,SYNTH_QQIFLEVQA,1,1,0,,,,,,,,,,,RandomForest
4,protein,SYNTH_QSASKIITL,1,1,0,,,,,,,,,,,RandomForest
4,protein,SYNTH_QSSGILSR,1,1,0,,,,,,,,,,,RandomForest
4,protein,SYNTH_QTMLFTMLR,1,0,1,,,,,,,,,,,RandomForest
4,protein,SYNTH_QVRNSSGLY,1,1,0,,,,,,,,,,,RandomForest
4,protein,SYNTH_QYHLEGWFPL,1,0,1,,,,,,,,,,,RandomForest
4,protein,SYNTH_QYSGFVRTL,1,1,0,,,,,,,,,,,RandomForest
4,protein,SYNTH_QYVGPLTVN,1,1,0,,,,,,,,,,,RandomForest
4,protein,SYNTH_REQAAIPQIY,1,1,0,,,,,,,,,,,RandomForest
4,protein,SYNTH_RFPNITNLCPF,1,0,1,,,,,,,,,,,RandomForest
4,protein,SYNTH_RHLPVADAV,1,1,0,,,,,,,,,,,RandomForest
4,protein,SYNTH_RIFTIGTVTLK,1,0,1,,,,,,,,,,,RandomForest
4,protein,SYNTH_RIINNQHR,1,1,0,,,,,,,,,,,RandomForest
4,protein,SYNTH_RILGAGCFV,1,1,0,,,,,,,,,,,RandomForest
4,protein,SYNTH_RIMASLVLA,1,1,0,,,,,,,,,,,RandomForest
4,protein,SYNTH_RKSGAAGAAVK,1,0,1,,,,,,,,,,,RandomForest
4,protein,SYNTH_RLFFKCIYRR,1,0,1,,,,,,,,,,,RandomForest
4,protein,SYNTH_RLFRKSNLK,1,0,1,,,,,,,,,,,RandomForest
4,protein,SYNTH_RLIQNSITI,1,1,0,,,,,,,,,,,RandomForest
4,protein,SYNTH_RLMIFVLGGCR,1,0,1,,,,,,,,,,,RandomForest
4,protein,SYNTH_RLRPGGKKQ,1,0,1,,,,,,,,,,,RandomForest
4,protein,SYNTH_RLYLDAYNM,1,1,0,,,,,,,,,,,RandomForest
4,protein,SYNTH_RLYQNPTTYI,1,1,0,,,,,,,,,,,RandomForest
4,protein,SYNTH_RLYYDSMSY,2,0,2,,,,,,,,,,,RandomForest
4,protein,SYNTH_RMYVGGVEHR,1,0,1,,,,,,,,,,,RandomForest
4,protein,SYNTH_RPDTRYVL,1,1,0,,,,,,,,,,,RandomForest
4,protein,SYNTH_RPFPSTHQL,1,1,0,,,,,,,,,,,RandomForest
4,protein,SYNTH_RPINEKEENM,1,1,0,,,,,,,,,,,RandomForest
4,protein,SYNTH_RPISEKEENM,1,1,0,,,,,,,,,,,RandomForest
4,protein,SYNTH_RPQGLSNNT,1,1,0,,,,,,,,,,,RandomForest
4,protein,SYNTH_RPQIGVVREF,1,0,1,,,,,,,,,,,RandomForest
4,protein,SYNTH_RPTEPVPLPL,1,1,0,,,,,,,,,,,RandomForest
4,protein,SYNTH_RQIAPGQTGK,1,1,0,,,,,,,,,,,RandomForest
4,protein,SYNTH_RQLLFVVEV,1,0,1,,,,,,,,,,,RandomForest
4,protein,SYNTH_RQMEGEGVFK,1,0,1,,,,,,,,,,,RandomForest
4,protein,SYNTH_RRKRSVTMLL,1,1,0,,,,,,,,,,,RandomForest
4,protein,SYNTH_RRRHRQDAL,1,0,1,,,,,,,,,,,RandomForest
4,protein,SYNTH_RRRKGWIPL,1,1,0,,,,,,,,,,,RandomForest
4,protein,SYNTH_RRSGAAGAAVK,1,1,0,,,,,,,,,,,RandomForest
4,protein,SYNTH_RSALGPFVGK,1,1,0,,,,,,,,,,,RandomForest
4,protein,SYNTH_RSLFNTVAVL,1,1,0,,,,,,,,,,,RandomForest
4,protein,SYNTH_RSLFNTVAVLY,1,1,0,,,,,,,,,,,RandomForest
4,protein,SYNTH_RSLYNTVATL,1,1,0,,,,,,,,,,,RandomForest
4,protein,SYNTH_RSLYNTVATLY,1,1,0,,,,,,,,,,,RandomForest
4,protein,SYNTH_RSLYNTVAVL,1,1,0,,,,,,,,,,,RandomForest
4,protein,SYNTH_RSLYNTVAVLY,1,1,0,,,,,,,,,,,RandomForest
4,protein,SYNTH_RSQFKQSR,1,0,1,,,,,,,,,,,RandomForest
4,protein,SYNTH_RSRSGAKLI,1,1,0,,,,,,,,,,,RandomForest
4,protein,SYNTH_RTFAGTLSR,1,1,0,,,,,,,,,,,RandomForest
4,protein,SYNTH_RTIKVFTTV,1,1,0,,,,,,,,,,,RandomForest
4,protein,SYNTH_RTSEVIVKR,1,1,0,,,,,,,,,,,RandomForest
4,protein,SYNTH_RVCEKMALY,1,1,0,,,,,,,,,,,RandomForest
4,protein,SYNTH_RVECFDKFKV,1,0,1,,,,,,,,,,,RandomForest
4,protein,SYNTH_RVHFASPLH,2,0,2,,,,,,,,,,,RandomForest
4,protein,SYNTH_RVLSFIKGTK,1,1,0,,,,,,,,,,,RandomForest
4,protein,SYNTH_RVVVLSFEL,1,1,0,,,,,,,,,,,RandomForest
4,protein,SYNTH_RVYAYDTREK,1,1,0,,,,,,,,,,,RandomForest
4,protein,SYNTH_RVYSSANNCTF,1,1,0,,,,,,,,,,,RandomForest
4,protein,SYNTH_RVYSTGSNVF,1,1,0,,,,,,,,,,,RandomForest
4,protein,SYNTH_RYLKDQQLL,1,0,1,,,,,,,,,,,RandomForest
4,protein,SYNTH_RYPLTLGWCF,1,1,0,,,,,,,,,,,RandomForest
4,protein,SYNTH_RYRIGNYKL,1,1,0,,,,,,,,,,,RandomForest
4,protein,SYNTH_RYRPVKQACL,1,0,1,,,,,,,,,,,RandomForest
4,protein,SYNTH_RYTAESLRL,1,0,1,,,,,,,,,,,RandomForest
4,protein,SYNTH_SAMQTMLFTM,1,0,1,,,,,,,,,,,RandomForest
4,protein,SYNTH_SANNCTFEY,1,1,0,,,,,,,,,,,RandomForest
4,protein,SYNTH_SASFSTFKCY,1,1,0,,,,,,,,,,,RandomForest
4,protein,SYNTH_SCIQSQLRK,1,0,1,,,,,,,,,,,RandomForest
4,protein,SYNTH_SDNEIHNPA,1,1,0,,,,,,,,,,,RandomForest
4,protein,SYNTH_SEHPTFTSQY,1,1,0,,,,,,,,,,,RandomForest
4,protein,SYNTH_SEQAAEAMEV,1,1,0,,,,,,,,,,,RandomForest
4,protein,SYNTH_SETLQRFAW,1,1,0,,,,,,,,,,,RandomForest
4,protein,SYNTH_SFLPGVYSVI,1,0,1,,,,,,,,,,,RandomForest
4,protein,SYNTH_SFLPSDFF,1,0,1,,,,,,,,,,,RandomForest
4,protein,SYNTH_SFMELVRPF,1,0,1,,,,,,,,,,,RandomForest
4,protein,SYNTH_SFPHIHLK,1,0,1,,,,,,,,,,,RandomForest
4,protein,SYNTH_SFSFGGFTF,1,0,1,,,,,,,,,,,RandomForest
4,protein,SYNTH_SFSFGGFTFK,1,1,0,,,,,,,,,,,RandomForest
4,protein,SYNTH_SIDQLCKTF,1,1,0,,,,,,,,,,,RandomForest
4,protein,SYNTH_SILLSSLLK,1,1,0,,,,,,,,,,,RandomForest
4,protein,SYNTH_SILSPFLPLL,1,1,0,,,,,,,,,,,RandomForest
4,protein,SYNTH_SIWNLDYIINL,1,0,1,,,,,,,,,,,RandomForest
4,protein,SYNTH_SKRVDFCGKGY,1,1,0,,,,,,,,,,,RandomForest
4,protein,SYNTH_SLAIDAYPL,1,1,0,,,,,,,,,,,RandomForest
4,protein,SYNTH_SLATVAYFNM,1,0,1,,,,,,,,,,,RandomForest
4,protein,SYNTH_SLEDKAFQL,1,1,0,,,,,,,,,,,RandomForest
4,protein,SYNTH_SLFNTIATL,1,1,0,,,,,,,,,,,RandomForest
4,protein,SYNTH_SLFNTIAVL,1,1,0,,,,,,,,,,,RandomForest
4,protein,SYNTH_SLGGLLTMV,1,1,0,,,,,,,,,,,RandomForest
4,protein,SYNTH_SLHNAVAVL,1,0,1,,,,,,,,,,,RandomForest
4,protein,SYNTH_SLIDFYLCFL,1,0,1,,,,,,,,,,,RandomForest
4,protein,SYNTH_SLKITEEV,1,0,1,,,,,,,,,,,RandomForest
4,protein,SYNTH_SLLAPGAKQNV,1,1,0,,,,,,,,,,,RandomForest
4,protein,SYNTH_SLLSVLLSM,1,1,0,,,,,,,,,,,RandomForest
4,protein,SYNTH_SLLVLVQST,1,1,0,,,,,,,,,,,RandomForest
4,protein,SYNTH_SLSHRFYRL,1,1,0,,,,,,,,,,,RandomForest
4,protein,SYNTH_SLVKPSFYVY,1,0,1,,,,,,,,,,,RandomForest
4,protein,SYNTH_SLVPGFNEK,2,0,2,,,,,,,,,,,RandomForest
4,protein,SYNTH_SLYNTIAIL,1,1,0,,,,,,,,,,,RandomForest
4,protein,SYNTH_SLYNTIAVLY,1,1,0,,,,,,,,,,,RandomForest
4,protein,SYNTH_SLYNTISVL,1,1,0,,,,,,,,,,,RandomForest
4,protein,SYNTH_SLYNTVAIF,1,1,0,,,,,,,,,,,RandomForest
4,protein,SYNTH_SMLTDPSHI,1,1,0,,,,,,,,,,,RandomForest
4,protein,SYNTH_SMMGFKMNY,1,0,1,,,,,,,,,,,RandomForest
4,protein,SYNTH_SMQGAVDINK,1,0,1,,,,,,,,,,,RandomForest
4,protein,SYNTH_SMWALVISV,1,1,0,,,,,,,,,,,RandomForest
4,protein,SYNTH_SNVSAALAAL,1,0,1,,,,,,,,,,,RandomForest
4,protein,SYNTH_SPRRARSVA,1,1,0,,,,,,,,,,,RandomForest
4,protein,SYNTH_SPRRARSVASQ,1,1,0,,,,,,,,,,,RandomForest
4,protein,SYNTH_SPSPTVEESR,1,1,0,,,,,,,,,,,RandomForest
4,protein,SYNTH_SQEPMSIYV,1,0,1,,,,,,,,,,,RandomForest
4,protein,SYNTH_SQLGGLHLL,1,0,1,,,,,,,,,,,RandomForest
4,protein,SYNTH_SQLMCQPILL,1,0,1,,,,,,,,,,,RandomForest
4,protein,SYNTH_SQLRKSRLGPK,1,0,1,,,,,,,,,,,RandomForest
4,protein,SYNTH_SQSSGILSR,1,0,1,,,,,,,,,,,RandomForest
4,protein,SYNTH_SRNSTHEMY,1,1,0,,,,,,,,,,,RandomForest
4,protein,SYNTH_SRSTSLSVSL,1,1,0,,,,,,,,,,,RandomForest
4,protein,SYNTH_SSASSCLY,1,0,1,,,,,,,,,,,RandomForest
4,protein,SYNTH_SSCSRNLY,1,0,1,,,,,,,,,,,RandomForest
4,protein,SYNTH_SSNVANYQK,1,0,1,,,,,,,,,,,RandomForest
4,protein,SYNTH_SSSKLWAQY,1,1,0,,,,,,,,,,,RandomForest
4,protein,SYNTH_SSSTCMMCY,1,1,0,,,,,,,,,,,RandomForest
4,protein,SYNTH_SSYSLFDMSK,1,0,1,,,,,,,,,,,RandomForest
4,protein,SYNTH_STELNYNHLY,1,1,0,,,,,,,,,,,RandomForest
4,protein,SYNTH_STLPETAVVRR,1,1,0,,,,,,,,,,,RandomForest
4,protein,SYNTH_STLPETTVVRQ,1,1,0,,,,,,,,,,,RandomForest
4,protein,SYNTH_STLPETTVVRR,1,1,0,,,,,,,,,,,RandomForest
4,protein,SYNTH_STSAFVETV,1,1,0,,,,,,,,,,,RandomForest
4,protein,SYNTH_STTSTGPCK,1,0,1,,,,,,,,,,,RandomForest
4,protein,SYNTH_STYAWLLVL,1,0,1,,,,,,,,,,,RandomForest
4,protein,SYNTH_SVLNDIFSRL,1,1,0,,,,,,,,,,,RandomForest
4,protein,SYNTH_SVLNDILSRL,1,1,0,,,,,,,,,,,RandomForest
4,protein,SYNTH_SWMESEFRV,1,1,0,,,,,,,,,,,RandomForest
4,protein,SYNTH_SYLKDSDFL,1,0,1,,,,,,,,,,,RandomForest
4,protein,SYNTH_SYMDDVVLGAK,1,0,1,,,,,,,,,,,RandomForest
4,protein,SYNTH_SYVNTNMGL,1,1,0,,,,,,,,,,,RandomForest
4,protein,SYNTH_TAEAGGRAY,1,1,0,,,,,,,,,,,RandomForest
4,protein,SYNTH_TDDNALAYY,1,1,0,,,,,,,,,,,RandomForest
4,protein,SYNTH_TDDNALSYY,1,1,0,,,,,,,,,,,RandomForest
4,protein,SYNTH_TFEYVSQPFLM,1,1,0,,,,,,,,,,,RandomForest
4,protein,SYNTH_TLDTKPLSV,1,1,0,,,,,,,,,,,RandomForest
4,protein,SYNTH_TLIGDCATVH,1,0,1,,,,,,,,,,,RandomForest
4,protein,SYNTH_TLINGVWVV,1,1,0,,,,,,,,,,,RandomForest
4,protein,SYNTH_TLKNTVCTV,1,1,0,,,,,,,,,,,RandomForest
4,protein,SYNTH_TLMAMDLGEL,1,1,0,,,,,,,,,,,RandomForest
4,protein,SYNTH_TLMIERFVSL,1,0,1,,,,,,,,,,,RandomForest
4,protein,SYNTH_TLQQTSLEV,1,0,1,,,,,,,,,,,RandomForest
4,protein,SYNTH_TLSPFLPLL,1,1,0,,,,,,,,,,,RandomForest
4,protein,SYNTH_TLVKQLSSK,1,0,1,,,,,,,,,,,RandomForest
4,protein,SYNTH_TLYAVATTI,1,1,0,,,,,,,,,,,RandomForest
4,protein,SYNTH_TMADLVYALR,1,0,1,,,,,,,,,,,RandomForest
4,protein,SYNTH_TMGVLCLAIL,1,1,0,,,,,,,,,,,RandomForest
4,protein,SYNTH_TMNQVVMPK,1,0,1,,,,,,,,,,,RandomForest
4,protein,SYNTH_TPEGIIPAL,1,1,0,,,,,,,,,,,RandomForest
4,protein,SYNTH_TPEGIIPSM,1,1,0,,,,,,,,,,,RandomForest
4,protein,SYNTH_TPEGIIPTL,1,1,0,,,,,,,,,,,RandomForest
4,protein,SYNTH_TPEGIIPTLF,1,1,0,,,,,,,,,,,RandomForest
4,protein,SYNTH_TPGPGVRLPL,1,0,1,,,,,,,,,,,RandomForest
4,protein,SYNTH_TPINLVRDL,1,0,1,,,,,,,,,,,RandomForest
4,protein,SYNTH_TPKYKFVRI,1,1,0,,,,,,,,,,,RandomForest
4,protein,SYNTH_TPMLRHSI,1,1,0,,,,,,,,,,,RandomForest
4,protein,SYNTH_TPMLRHTIEN,1,1,0,,,,,,,,,,,RandomForest
4,protein,SYNTH_TPRGTVMDII,1,1,0,,,,,,,,,,,RandomForest
4,protein,SYNTH_TPSGTWLTY,1,1,0,,,,,,,,,,,RandomForest
4,protein,SYNTH_TPVVQTIEV,1,1,0,,,,,,,,,,,RandomForest
4,protein,SYNTH_TQDLFLPFF,1,1,0,,,,,,,,,,,RandomForest
4,protein,SYNTH_TQLNRALTGI,1,0,1,,,,,,,,,,,RandomForest
4,protein,SYNTH_TSDACMMTMY,1,1,0,,,,,,,,,,,RandomForest
4,protein,SYNTH_TSNQVAVLY,1,0,1,,,,,,,,,,,RandomForest
4,protein,SYNTH_TSQYRIQGK,1,0,1,,,,,,,,,,,RandomForest
4,protein,SYNTH_TSTTSMGPCK,1,0,1,,,,,,,,,,,RandomForest
4,protein,SYNTH_TTDLEAYFK,1,0,1,,,,,,,,,,,RandomForest
4,protein,SYNTH_TTDPSFLGRY,1,1,0,,,,,,,,,,,RandomForest
4,protein,SYNTH_TTKRDLGMSK,1,1,0,,,,,,,,,,,RandomForest
4,protein,SYNTH_TTSTGPCK,1,1,0,,,,,,,,,,,RandomForest
4,protein,SYNTH_TVIEVQGYK,1,0,1,,,,,,,,,,,RandomForest
4,protein,SYNTH_TVLEYLVSF,1,0,1,,,,,,,,,,,RandomForest
4,protein,SYNTH_TVLSFCAFA,1,1,0,,,,,,,,,,,RandomForest
4,protein,SYNTH_TVNAHGNLPK,1,1,0,,,,,,,,,,,RandomForest
4,protein,SYNTH_TVQASKLCLGR,1,0,1,,,,,,,,,,,RandomForest
4,protein,SYNTH_TVYPPSSTAK,1,1,0,,,,,,,,,,,RandomForest
4,protein,SYNTH_TVYSHLLLV,1,1,0,,,,,,,,,,,RandomForest
4,protein,SYNTH_TWLTYTGAI,2,2,0,,,,,,,,,,,RandomForest
4,protein,SYNTH_TWRDMAHTLI,1,1,0,,,,,,,,,,,RandomForest
4,protein,SYNTH_TYALVSKDL,1,0,1,,,,,,,,,,,RandomForest
4,protein,SYNTH_TYFERVERL,1,0,1,,,,,,,,,,,RandomForest
4,protein,SYNTH_TYGPVFMSL,1,0,1,,,,,,,,,,,RandomForest
4,protein,SYNTH_TYKNTCDGTTF,1,1,0,,,,,,,,,,,RandomForest
4,protein,SYNTH_TYNCTYNRL,1,0,1,,,,,,,,,,,RandomForest
4,protein,SYNTH_TYVPAQEKNF,1,0,1,,,,,,,,,,,RandomForest
4,protein,SYNTH_TYVPAQEKNFT,1,1,0,,,,,,,,,,,RandomForest
4,protein,SYNTH_VAGALVAFK,1,0,1,,,,,,,,,,,RandomForest
4,protein,SYNTH_VAKSHNIAL,1,1,0,,,,,,,,,,,RandomForest
4,protein,SYNTH_VASQSIIAY,1,0,1,,,,,,,,,,,RandomForest
4,protein,SYNTH_VATSRTLSY,1,1,0,,,,,,,,,,,RandomForest
4,protein,SYNTH_VELRQYDPV,1,1,0,,,,,,,,,,,RandomForest
4,protein,SYNTH_VFADATPTGW,1,1,0,,,,,,,,,,,RandomForest
4,protein,SYNTH_VFLVLLPLV,1,1,0,,,,,,,,,,,RandomForest
4,protein,SYNTH_VIGDQYVKV,1,1,0,,,,,,,,,,,RandomForest
4,protein,SYNTH_VISGTNGTK,1,1,0,,,,,,,,,,,RandomForest
4,protein,SYNTH_VLAELVRQI,1,0,1,,,,,,,,,,,RandomForest
4,protein,SYNTH_VLASTTAKA,1,0,1,,,,,,,,,,,RandomForest
4,protein,SYNTH_VLDMCASLK,1,1,0,,,,,,,,,,,RandomForest
4,protein,SYNTH_VLHKRTLGL,1,1,0,,,,,,,,,,,RandomForest
4,protein,SYNTH_VLMMRTTWA,1,1,0,,,,,,,,,,,RandomForest
4,protein,SYNTH_VLMSNLGMPS,1,0,1,,,,,,,,,,,RandomForest
4,protein,SYNTH_VLNDIFSRLDK,1,0,1,,,,,,,,,,,RandomForest
4,protein,SYNTH_VLNDILSRL,2,1,1,,,,,,,,,,,RandomForest
4,protein,SYNTH_VLNPYMPSV,1,1,0,,,,,,,,,,,RandomForest
4,protein,SYNTH_VLPCSFTTL,1,1,0,,,,,,,,,,,RandomForest
4,protein,SYNTH_VLQAVGACV,1,1,0,,,,,,,,,,,RandomForest
4,protein,SYNTH_VLQLPQGTTL,1,0,1,,,,,,,,,,,RandomForest
4,protein,SYNTH_VLRGSVAHK,1,1,0,,,,,,,,,,,RandomForest
4,protein,SYNTH_VLSFCAFAV,1,1,0,,,,,,,,,,,RandomForest
4,protein,SYNTH_VLSGHNLAK,1,0,1,,,,,,,,,,,RandomForest
4,protein,SYNTH_VLSTFISAA,1,1,0,,,,,,,,,,,RandomForest
4,protein,SYNTH_VLWAHGFEL,1,1,0,,,,,,,,,,,RandomForest
4,protein,SYNTH_VMCGGSLYVK,1,0,1,,,,,,,,,,,RandomForest
4,protein,SYNTH_VMLAAQMFIV,1,1,0,,,,,,,,,,,RandomForest
4,protein,SYNTH_VMLLVHYAI,1,1,0,,,,,,,,,,,RandomForest
4,protein,SYNTH_VMPLSAPTL,1,1,0,,,,,,,,,,,RandomForest
4,protein,SYNTH_VMPLSAPTLV,1,0,1,,,,,,,,,,,RandomForest
4,protein,SYNTH_VMYASAVVL,1,1,0,,,,,,,,,,,RandomForest
4,protein,SYNTH_VMYMGTLSY,1,1,0,,,,,,,,,,,RandomForest
4,protein,SYNTH_VPHVGEIPV,1,1,0,,,,,,,,,,,RandomForest
4,protein,SYNTH_VPHVGEIPVAY,1,0,1,,,,,,,,,,,RandomForest
4,protein,SYNTH_VPLLAIGCY,1,1,0,,,,,,,,,,,RandomForest
4,protein,SYNTH_VPLLAMGCY,1,1,0,,,,,,,,,,,RandomForest
4,protein,SYNTH_VPLRPMTYK,1,1,0,,,,,,,,,,,RandomForest
4,protein,SYNTH_VPMEKFKTL,1,1,0,,,,,,,,,,,RandomForest
4,protein,SYNTH_VPMEKLKTL,1,0,1,,,,,,,,,,,RandomForest
4,protein,SYNTH_VPMVTQMAM,1,1,0,,,,,,,,,,,RandomForest
4,protein,SYNTH_VPNYNLIIM,2,2,0,,,,,,,,,,,RandomForest
4,protein,SYNTH_VPNYNMIIM,1,1,0,,,,,,,,,,,RandomForest
4,protein,SYNTH_VPYLGKREDQ,1,1,0,,,,,,,,,,,RandomForest
4,protein,SYNTH_VPYNMRVIHF,1,0,1,,,,,,,,,,,RandomForest
4,protein,SYNTH_VQMAPISAM,1,1,0,,,,,,,,,,,RandomForest
4,protein,SYNTH_VQPTESIVRF,1,1,0,,,,,,,,,,,RandomForest
4,protein,SYNTH_VSLVKPSFY,1,0,1,,,,,,,,,,,RandomForest
4,protein,SYNTH_VSSPDAVTAY,1,1,0,,,,,,,,,,,RandomForest
4,protein,SYNTH_VTAACSHAGK,1,1,0,,,,,,,,,,,RandomForest
4,protein,SYNTH_VTGGVFLVDK,1,1,0,,,,,,,,,,,RandomForest
4,protein,SYNTH_VTLAILTAL,1,1,0,,,,,,,,,,,RandomForest
4,protein,SYNTH_VTTVTLHFK,1,0,1,,,,,,,,,,,RandomForest
4,protein,SYNTH_VTVYYGVPVWK,1,1,0,,,,,,,,,,,RandomForest
4,protein,SYNTH_VTYVPAQEK,1,0,1,,,,,,,,,,,RandomForest
4,protein,SYNTH_VVAASIIGI,1,0,1,,,,,,,,,,,RandomForest
4,protein,SYNTH_VVDYGARFY,1,1,0,,,,,,,,,,,RandomForest
4,protein,SYNTH_VVENPTIQK,1,0,1,,,,,,,,,,,RandomForest
4,protein,SYNTH_VVSTGYHFR,1,1,0,,,,,,,,,,,RandomForest
4,protein,SYNTH_VVVNAANVY,1,1,0,,,,,,,,,,,RandomForest
4,protein,SYNTH_VYAIFIFQL,1,1,0,,,,,,,,,,,RandomForest
4,protein,SYNTH_VYAWNRKRI,1,1,0,,,,,,,,,,,RandomForest
4,protein,SYNTH_VYDPLQPEL,1,0,1,,,,,,,,,,,RandomForest
4,protein,SYNTH_VYKQFDTYNLW,1,0,1,,,,,,,,,,,RandomForest
4,protein,SYNTH_VYLFSLVVL,1,0,1,,,,,,,,,,,RandomForest
4,protein,SYNTH_VYRGTTTYKL,1,1,0,,,,,,,,,,,RandomForest
4,protein,SYNTH_WAYHGSYET,1,1,0,,,,,,,,,,,RandomForest
4,protein,SYNTH_WIMKIGIGVL,1,1,0,,,,,,,,,,,RandomForest
4,protein,SYNTH_WKEPDVYYT,1,1,0,,,,,,,,,,,RandomForest
4,protein,SYNTH_WLLWPVTLA,1,1,0,,,,,,,,,,,RandomForest
4,protein,SYNTH_WMMAMKYPI,1,0,1,,,,,,,,,,,RandomForest
4,protein,SYNTH_WPVTLACFV,1,1,0,,,,,,,,,,,RandomForest
4,protein,SYNTH_WTMKIGIGIL,1,1,0,,,,,,,,,,,RandomForest
4,protein,SYNTH_WYIWLGFIA,1,1,0,,,,,,,,,,,RandomForest
4,protein,SYNTH_YADVFHLY,1,0,1,,,,,,,,,,,RandomForest
4,protein,SYNTH_YALPLKMLN,1,1,0,,,,,,,,,,,RandomForest
4,protein,SYNTH_YAQMWQLMY,1,1,0,,,,,,,,,,,RandomForest
4,protein,SYNTH_YAQMWSLMYF,1,1,0,,,,,,,,,,,RandomForest
4,protein,SYNTH_YAYLRKHF,1,1,0,,,,,,,,,,,RandomForest
4,protein,SYNTH_YENQKLIANQF,1,1,0,,,,,,,,,,,RandomForest
4,protein,SYNTH_YFIASFRLF,1,0,1,,,,,,,,,,,RandomForest
4,protein,SYNTH_YFMRFRRAF,1,0,1,,,,,,,,,,,RandomForest
4,protein,SYNTH_YHDVRVVLDFI,1,1,0,,,,,,,,,,,RandomForest
4,protein,SYNTH_YILDLQPETT,1,1,0,,,,,,,,,,,RandomForest
4,protein,SYNTH_YILEETSVM,1,1,0,,,,,,,,,,,RandomForest
4,protein,SYNTH_YINTALLNA,1,1,0,,,,,,,,,,,RandomForest
4,protein,SYNTH_YITGGVVQL,1,0,1,,,,,,,,,,,RandomForest
4,protein,SYNTH_YIWLGFIAGL,1,1,0,,,,,,,,,,,RandomForest
4,protein,SYNTH_YLDSTDVTI,1,1,0,,,,,,,,,,,RandomForest
4,protein,SYNTH_YLFDESGEF,1,1,0,,,,,,,,,,,RandomForest
4,protein,SYNTH_YLFDESGEFKL,1,0,1,,,,,,,,,,,RandomForest
4,protein,SYNTH_YLKLTDNVYI,1,0,1,,,,,,,,,,,RandomForest
4,protein,SYNTH_YLKLTDNVYIK,1,0,1,,,,,,,,,,,RandomForest
4,protein,SYNTH_YLKRRVVF,1,1,0,,,,,,,,,,,RandomForest
4,protein,SYNTH_YLLPRRGPRL,1,1,0,,,,,,,,,,,RandomForest
4,protein,SYNTH_YLNTLTLAV,1,1,0,,,,,,,,,,,RandomForest
4,protein,SYNTH_YLPAIVREA,1,1,0,,,,,,,,,,,RandomForest
4,protein,SYNTH_YLPMMCINF,1,0,1,,,,,,,,,,,RandomForest
4,protein,SYNTH_YLQPRTFLL,2,2,0,,,,,,,,,,,RandomForest
4,protein,SYNTH_YLQPRTFLLK,1,1,0,,,,,,,,,,,RandomForest
4,protein,SYNTH_YLRKHFSMM,2,1,1,,,,,,,,,,,RandomForest
4,protein,SYNTH_YLSELLNSL,1,0,1,,,,,,,,,,,RandomForest
4,protein,SYNTH_YLVSFGVWI,2,1,1,,,,,,,,,,,RandomForest
4,protein,SYNTH_YLYRLFRKS,1,0,1,,,,,,,,,,,RandomForest
4,protein,SYNTH_YMPASWVMRI,1,1,0,,,,,,,,,,,RandomForest
4,protein,SYNTH_YMPYIFTLL,1,1,0,,,,,,,,,,,RandomForest
4,protein,SYNTH_YPPALPIWAR,1,0,1,,,,,,,,,,,RandomForest
4,protein,SYNTH_YQDVDCTEV,1,1,0,,,,,,,,,,,RandomForest
4,protein,SYNTH_YQSAVRKK,1,0,1,,,,,,,,,,,RandomForest
4,protein,SYNTH_YQTQTNSPR,1,0,1,,,,,,,,,,,RandomForest
4,protein,SYNTH_YQVNGYPNM,1,1,0,,,,,,,,,,,RandomForest
4,protein,SYNTH_YSDPLALREF,1,1,0,,,,,,,,,,,RandomForest
4,protein,SYNTH_YSEHPTFTSQY,1,1,0,,,,,,,,,,,RandomForest
4,protein,SYNTH_YSHGTGTGY,1,0,1,,,,,,,,,,,RandomForest
4,protein,SYNTH_YTDFATSAC,1,1,0,,,,,,,,,,,RandomForest
4,protein,SYNTH_YTERSEKSY,1,1,0,,,,,,,,,,,RandomForest
4,protein,SYNTH_YTMSLGAENS,1,0,1,,,,,,,,,,,RandomForest
4,protein,SYNTH_YTVELGTEV,1,1,0,,,,,,,,,,,RandomForest
4,protein,SYNTH_YVILTILTI,1,1,0,,,,,,,,,,,RandomForest
4,protein,SYNTH_YVNTNMGLK,1,1,0,,,,,,,,,,,RandomForest
4,protein,SYNTH_YVNVNMGLK,1,0,1,,,,,,,,,,,RandomForest
4,protein,SYNTH_YVSAIAQTEK,1,1,0,,,,,,,,,,,RandomForest
4,protein,SYNTH_YVYSRVKNL,2,1,1,,,,,,,,,,,RandomForest
4,protein,SYNTH_YYHVVDFERL,1,0,1,,,,,,,,,,,RandomForest
4,protein,SYNTH_YYKKDNSYF,1,1,0,,,,,,,,,,,RandomForest
4,protein,SYNTH_YYLEKANKI,1,1,0,,,,,,,,,,,RandomForest
4,protein,SYNTH_YYPSARIVY,1,1,0,,,,,,,,,,,RandomForest
4,protein,SYNTH_YYRYNLPTM,1,1,0,,,,,,,,,,,RandomForest
4,protein,VE2_HPV16,6,6,0,,,,,,,,,,,RandomForest
4,protein,VE5_HPV16,1,1,0,,,,,,,,,,,RandomForest
4,protein,VE6_HPV16,4,4,0,,,,,,,,,,,RandomForest
4,protein,VE6_HPV18,6,4,2,,,,,,,,,,,RandomForest
4,protein,VE7_HPV16,4,4,0,,,,,,,,,,,RandomForest
5,overall,all,913,628,285,0.6679377584087607,0.8094477006874913,0.8791208791208791,0.8464912280701754,0.8791208791208791,0.12738853503184713,0.8998532406428683,0.8464912280701754,0.3073248407643312,0.8626801028197663,RandomForest
5,virus,CMV,98,67,31,0.5962927298988927,0.7385395093339736,0.7777777777777778,0.7083333333333334,0.7777777777777778,0.1044776119402985,0.7607747388108721,0.7083333333333334,0.2537313432835821,0.7122941581124721,RandomForest
5,virus,DENV,94,91,3,0.6391941391941391,0.9842942145202604,1.0,1.0,1.0,0.0989010989010989,1.0,1.0,0.25274725274725274,0.9999999999999998,RandomForest
5,virus,EBV,33,25,8,0.66,0.829161051986884,0.6666666666666666,0.75,0.6666666666666666,0.08,0.7039180890341348,0.75,0.24,0.7606163843126555,RandomForest
5,virus,HBV,68,38,30,0.7728070175438596,0.847413573407923,1.0,0.9411764705882353,1.0,0.15789473684210525,1.0,0.9411764705882353,0.42105263157894735,0.9606039323049425,RandomForest
5,virus,HCV,42,28,14,0.610969387755102,0.7943352580495014,1.0,0.8,1.0,0.14285714285714285,0.9999999999999998,0.8,0.2857142857142857,0.8603818544462509,RandomForest
5,virus,HIV-1,32,25,7,0.5428571428571429,0.8580173003658953,1.0,0.875,1.0,0.12,1.0,0.875,0.28,0.9202054614375519,RandomForest
5,virus,HPV,14,0,14,,,,,,,,,,,RandomForest
5,virus,HPV16,25,19,6,0.5877192982456141,0.7963241262130218,0.5,0.8333333333333334,0.5,0.05263157894736842,0.3868528072345415,0.8333333333333334,0.2631578947368421,0.6973975865011866,RandomForest
5,virus,HPV18,5,4,1,,,,,,,,,,,RandomForest
5,virus,IAV,49,29,20,0.6913793103448276,0.7917223274539958,1.0,0.8333333333333334,1.0,0.13793103448275862,0.9999999999999998,0.8333333333333334,0.3448275862068966,0.881483948556012,RandomForest
5,virus,RSV,2,0,2,,,,,,,,,,,RandomForest
5,virus,SARS-CoV-2,451,302,149,0.6521956531401396,0.7750756665555513,0.8,0.8035714285714286,0.8,0.11920529801324503,0.829677799360556,0.8035714285714286,0.2980132450331126,0.8185141440046526,RandomForest
5,protein,BRLF1_EBVB9,1,1,0,,,,,,,,,,,RandomForest
5,protein,BZLF1_EBVB9,5,5,0,,,,,,,,,,,RandomForest
5,protein,DNBI_EBVG,3,1,2,,,,,,,,,,,RandomForest
5,protein,EBNA1_EBVB9,1,1,0,,,,,,,,,,,RandomForest
5,protein,EBNA1_EBVG,1,1,0,,,,,,,,,,,RandomForest
5,protein,EBNA3_EBVB9,3,1,2,,,,,,,,,,,RandomForest
5,protein,EBNA4_EBVB9,1,1,0,,,,,,,,,,,RandomForest
5,protein,EBNA6_EBVG,4,2,2,,,,,,,,,,,RandomForest
5,protein,GB_EBVG,1,0,1,,,,,,,,,,,RandomForest
5,protein,GH_EBVG,2,2,0,,,,,,,,,,,RandomForest
5,protein,LMP1_EBVB9,2,2,0,,,,,,,,,,,RandomForest
5,protein,LMP2_EBVB9,5,4,1,,,,,,,,,,,RandomForest
5,protein,MTP_EBVG,1,1,0,,,,,,,,,,,RandomForest
5,protein,SYNTH_AAGLQDCTMLV,1,0,1,,,,,,,,,,,RandomForest
5,protein,SYNTH_ACQGVGGPGHK,1,0,1,,,,,,,,,,,RandomForest
5,protein,SYNTH_ACQGVGGPSHK,1,0,1,,,,,,,,,,,RandomForest
5,protein,SYNTH_AEIAQRLED,1,0,1,,,,,,,,,,,RandomForest
5,protein,SYNTH_AELAKNVSL,1,1,0,,,,,,,,,,,RandomForest
5,protein,SYNTH_AEQASQDVKNW,1,1,0,,,,,,,,,,,RandomForest
5,protein,SYNTH_AEQASQEVKNW,1,0,1,,,,,,,,,,,RandomForest
5,protein,SYNTH_AFYGVWPLL,1,1,0,,,,,,,,,,,RandomForest
5,protein,SYNTH_AIAVASGLLW,1,1,0,,,,,,,,,,,RandomForest
5,protein,SYNTH_AIKRKLRTL,1,1,0,,,,,,,,,,,RandomForest
5,protein,SYNTH_AIMDKNVMLK,1,0,1,,,,,,,,,,,RandomForest
5,protein,SYNTH_AIMEKNIML,1,0,1,,,,,,,,,,,RandomForest
5,protein,SYNTH_AIRETVELR,1,1,0,,,,,,,,,,,RandomForest
5,protein,SYNTH_ALALLLLDR,1,1,0,,,,,,,,,,,RandomForest
5,protein,SYNTH_ALASCMGLI,1,1,0,,,,,,,,,,,RandomForest
5,protein,SYNTH_ALCADSIII,1,0,1,,,,,,,,,,,RandomForest
5,protein,SYNTH_ALCEKALKYL,1,0,1,,,,,,,,,,,RandomForest
5,protein,SYNTH_ALDLSHFLK,1,1,0,,,,,,,,,,,RandomForest
5,protein,SYNTH_ALETTIHNI,1,0,1,,,,,,,,,,,RandomForest
5,protein,SYNTH_ALGKLQDVV,1,1,0,,,,,,,,,,,RandomForest
5,protein,SYNTH_ALRGMGVNAV,1,0,1,,,,,,,,,,,RandomForest
5,protein,SYNTH_ALSKGVHFVC,1,0,1,,,,,,,,,,,RandomForest
5,protein,SYNTH_ALVVAQLLR,1,0,1,,,,,,,,,,,RandomForest
5,protein,SYNTH_ALYGVWPLL,1,1,0,,,,,,,,,,,RandomForest
5,protein,SYNTH_AMAGASTSA,1,1,0,,,,,,,,,,,RandomForest
5,protein,SYNTH_AMDSNTLEL,1,1,0,,,,,,,,,,,RandomForest
5,protein,SYNTH_ANRNRFLYI,1,1,0,,,,,,,,,,,RandomForest
5,protein,SYNTH_APFGRVSV,1,1,0,,,,,,,,,,,RandomForest
5,protein,SYNTH_APFLYLYAL,1,0,1,,,,,,,,,,,RandomForest
5,protein,SYNTH_APHGHVMVEL,1,1,0,,,,,,,,,,,RandomForest
5,protein,SYNTH_APHGVVFL,1,1,0,,,,,,,,,,,RandomForest
5,protein,SYNTH_APHGVVFLHV,1,1,0,,,,,,,,,,,RandomForest
5,protein,SYNTH_APLLSAGVF,1,1,0,,,,,,,,,,,RandomForest
5,protein,SYNTH_APNYRQVEL,1,1,0,,,,,,,,,,,RandomForest
5,protein,SYNTH_APRITFGGP,1,1,0,,,,,,,,,,,RandomForest
5,protein,SYNTH_APSASAFFGM,1,1,0,,,,,,,,,,,RandomForest
5,protein,SYNTH_APYIVGDVV,1,1,0,,,,,,,,,,,RandomForest
5,protein,SYNTH_ARMILMTHF,1,1,0,,,,,,,,,,,RandomForest
5,protein,SYNTH_ASANLAATK,1,1,0,,,,,,,,,,,RandomForest
5,protein,SYNTH_ASCMGLIY,1,1,0,,,,,,,,,,,RandomForest
5,protein,SYNTH_ASGNLLLDK,1,1,0,,,,,,,,,,,RandomForest
5,protein,SYNTH_ASKIITLKK,1,0,1,,,,,,,,,,,RandomForest
5,protein,SYNTH_ASPLHVAWK,1,0,1,,,,,,,,,,,RandomForest
5,protein,SYNTH_ASVYAWNRK,1,1,0,,,,,,,,,,,RandomForest
5,protein,SYNTH_ATAAPVVVR,1,0,1,,,,,,,,,,,RandomForest
5,protein,SYNTH_ATDALMTGY,1,1,0,,,,,,,,,,,RandomForest
5,protein,SYNTH_ATEGALNTPK,1,1,0,,,,,,,,,,,RandomForest
5,protein,SYNTH_ATEIRASVGK,1,0,1,,,,,,,,,,,RandomForest
5,protein,SYNTH_ATMKDFLRH,1,1,0,,,,,,,,,,,RandomForest
5,protein,SYNTH_ATRGATVVI,1,1,0,,,,,,,,,,,RandomForest
5,protein,SYNTH_ATSRTLSYY,1,1,0,,,,,,,,,,,RandomForest
5,protein,SYNTH_ATSRTLSYYK,2,1,1,,,,,,,,,,,RandomForest
5,protein,SYNTH_ATVLMGLGK,1,1,0,,,,,,,,,,,RandomForest
5,protein,SYNTH_ATVVIGTSK,1,1,0,,,,,,,,,,,RandomForest
5,protein,SYNTH_ATYGWNLVK,1,1,0,,,,,,,,,,,RandomForest
5,protein,SYNTH_ATYQRTRAL,1,0,1,,,,,,,,,,,RandomForest
5,protein,SYNTH_AVAKHDFFK,2,1,1,,,,,,,,,,,RandomForest
5,protein,SYNTH_AVASETWHR,1,1,0,,,,,,,,,,,RandomForest
5,protein,SYNTH_AVDAQHAAK,1,1,0,,,,,,,,,,,RandomForest
5,protein,SYNTH_AVLQSGFRK,1,0,1,,,,,,,,,,,RandomForest
5,protein,SYNTH_AVTPTVATR,1,0,1,,,,,,,,,,,RandomForest
5,protein,SYNTH_AWPLIVTAL,1,1,0,,,,,,,,,,,RandomForest
5,protein,SYNTH_AYANRNRFL,1,1,0,,,,,,,,,,,RandomForest
5,protein,SYNTH_AYANSVFNI,1,0,1,,,,,,,,,,,RandomForest
5,protein,SYNTH_AYFKDCLF,1,0,1,,,,,,,,,,,RandomForest
5,protein,SYNTH_AYFKDCVFKDW,1,1,0,,,,,,,,,,,RandomForest
5,protein,SYNTH_AYILFTRF,1,1,0,,,,,,,,,,,RandomForest
5,protein,SYNTH_AYILFTRFF,2,1,1,,,,,,,,,,,RandomForest
5,protein,SYNTH_AYSNNSIAI,1,0,1,,,,,,,,,,,RandomForest
5,protein,SYNTH_CFTNVYADSF,1,1,0,,,,,,,,,,,RandomForest
5,protein,SYNTH_CIDDNALAYY,1,1,0,,,,,,,,,,,RandomForest
5,protein,SYNTH_CLGGLLTMN,1,1,0,,,,,,,,,,,RandomForest
5,protein,SYNTH_CLLESVYTA,1,1,0,,,,,,,,,,,RandomForest
5,protein,SYNTH_CLSLLLRPL,1,0,1,,,,,,,,,,,RandomForest
5,protein,SYNTH_CLTPVYSFL,1,1,0,,,,,,,,,,,RandomForest
5,protein,SYNTH_CMGLIYNR,1,0,1,,,,,,,,,,,RandomForest
5,protein,SYNTH_CPACYNSEV,1,1,0,,,,,,,,,,,RandomForest
5,protein,SYNTH_CPTQGEAVL,1,1,0,,,,,,,,,,,RandomForest
5,protein,SYNTH_CSQHTMLVK,1,1,0,,,,,,,,,,,RandomForest
5,protein,SYNTH_CTCGSSDLY,1,0,1,,,,,,,,,,,RandomForest
5,protein,SYNTH_CTELKLSDY,1,1,0,,,,,,,,,,,RandomForest
5,protein,SYNTH_CYFPLQSYGFQ,1,0,1,,,,,,,,,,,RandomForest
5,protein,SYNTH_CYSVYGTTL,1,0,1,,,,,,,,,,,RandomForest
5,protein,SYNTH_DANDIYRIF,1,1,0,,,,,,,,,,,RandomForest
5,protein,SYNTH_DDYQGKPLEF,1,1,0,,,,,,,,,,,RandomForest
5,protein,SYNTH_DEFVVVTV,1,1,0,,,,,,,,,,,RandomForest
5,protein,SYNTH_DKDPNFKDQ,1,1,0,,,,,,,,,,,RandomForest
5,protein,SYNTH_DLKGKYVQI,1,1,0,,,,,,,,,,,RandomForest
5,protein,SYNTH_DLMGYIPAV,1,1,0,,,,,,,,,,,RandomForest
5,protein,SYNTH_DPLVVAASI,1,0,1,,,,,,,,,,,RandomForest
5,protein,SYNTH_DPRRCLKPV,1,1,0,,,,,,,,,,,RandomForest
5,protein,SYNTH_DPVAALFFF,2,0,2,,,,,,,,,,,RandomForest
5,protein,SYNTH_DQVILLNKH,1,1,0,,,,,,,,,,,RandomForest
5,protein,SYNTH_DYLLHIRQQF,1,0,1,,,,,,,,,,,RandomForest
5,protein,SYNTH_EEAIVAYTL,1,1,0,,,,,,,,,,,RandomForest
5,protein,SYNTH_EEDTDEDSD,1,1,0,,,,,,,,,,,RandomForest
5,protein,SYNTH_EEIRRIWRQ,1,0,1,,,,,,,,,,,RandomForest
5,protein,SYNTH_EENMEVEIW,1,1,0,,,,,,,,,,,RandomForest
5,protein,SYNTH_EFFWDANDIY,1,1,0,,,,,,,,,,,RandomForest
5,protein,SYNTH_EGNSPFHPL,1,1,0,,,,,,,,,,,RandomForest
5,protein,SYNTH_EHPTFTSQY,1,0,1,,,,,,,,,,,RandomForest
5,protein,SYNTH_EILPVSMTK,1,0,1,,,,,,,,,,,RandomForest
5,protein,SYNTH_EKEENMVKSL,1,1,0,,,,,,,,,,,RandomForest
5,protein,SYNTH_ELDSFKEEL,1,1,0,,,,,,,,,,,RandomForest
5,protein,SYNTH_ELGKYEQYI,1,0,1,,,,,,,,,,,RandomForest
5,protein,SYNTH_ELPDEFVVVTV,1,1,0,,,,,,,,,,,RandomForest
5,protein,SYNTH_ELRRKMMYM,1,1,0,,,,,,,,,,,RandomForest
5,protein,SYNTH_ELTSMKYFV,1,1,0,,,,,,,,,,,RandomForest
5,protein,SYNTH_ELVCSMENT,1,1,0,,,,,,,,,,,RandomForest
5,protein,SYNTH_ENTRATKMQ,1,1,0,,,,,,,,,,,RandomForest
5,protein,SYNTH_EPIEGKVVQY,1,1,0,,,,,,,,,,,RandomForest
5,protein,SYNTH_ESLKTFEQVTE,1,1,0,,,,,,,,,,,RandomForest
5,protein,SYNTH_ETACLGKSY,1,1,0,,,,,,,,,,,RandomForest
5,protein,SYNTH_EYAKHHPKL,1,0,1,,,,,,,,,,,RandomForest
5,protein,SYNTH_EYRHTWDRH,1,1,0,,,,,,,,,,,RandomForest
5,protein,SYNTH_FAELEGVWQ,1,1,0,,,,,,,,,,,RandomForest
5,protein,SYNTH_FAGPVSQHNY,1,1,0,,,,,,,,,,,RandomForest
5,protein,SYNTH_FAMQMAYRF,1,0,1,,,,,,,,,,,RandomForest
5,protein,SYNTH_FAPALPIWAR,1,1,0,,,,,,,,,,,RandomForest
5,protein,SYNTH_FARTRSMWSF,1,1,0,,,,,,,,,,,RandomForest
5,protein,SYNTH_FAYANRNRF,1,1,0,,,,,,,,,,,RandomForest
5,protein,SYNTH_FELLHAPATV,1,1,0,,,,,,,,,,,RandomForest
5,protein,SYNTH_FGAIYGAAF,1,1,0,,,,,,,,,,,RandomForest
5,protein,SYNTH_FIASFRLFAR,1,0,1,,,,,,,,,,,RandomForest
5,protein,SYNTH_FIEDLLFNK,1,1,0,,,,,,,,,,,RandomForest
5,protein,SYNTH_FIKQYGDCL,1,0,1,,,,,,,,,,,RandomForest
5,protein,SYNTH_FILFLCLSL,1,0,1,,,,,,,,,,,RandomForest
5,protein,SYNTH_FITESKPSV,1,1,0,,,,,,,,,,,RandomForest
5,protein,SYNTH_FKDNVILLN,1,1,0,,,,,,,,,,,RandomForest
5,protein,SYNTH_FKLKDCVMYA,1,1,0,,,,,,,,,,,RandomForest
5,protein,SYNTH_FLAFVVFL,1,1,0,,,,,,,,,,,RandomForest
5,protein,SYNTH_FLAFVVFLL,1,1,0,,,,,,,,,,,RandomForest
5,protein,SYNTH_FLALCADSI,1,1,0,,,,,,,,,,,RandomForest
5,protein,SYNTH_FLDGSCGSV,1,1,0,,,,,,,,,,,RandomForest
5,protein,SYNTH_FLGIITTV,1,1,0,,,,,,,,,,,RandomForest
5,protein,SYNTH_FLGIITTVA,1,1,0,,,,,,,,,,,RandomForest
5,protein,SYNTH_FLLNKEMYLK,1,0,1,,,,,,,,,,,RandomForest
5,protein,SYNTH_FLLSLGIHL,1,1,0,,,,,,,,,,,RandomForest
5,protein,SYNTH_FLMVLLIPEP,1,1,0,,,,,,,,,,,RandomForest
5,protein,SYNTH_FLPPDFFPSV,1,1,0,,,,,,,,,,,RandomForest
5,protein,SYNTH_FLPQDFYPSV,1,1,0,,,,,,,,,,,RandomForest
5,protein,SYNTH_FLPSDFFPSA,1,1,0,,,,,,,,,,,RandomForest
5,protein,SYNTH_FLPSDFFPSI,1,1,0,,,,,,,,,,,RandomForest
5,protein,SYNTH_FLPSDFYPSV,1,1,0,,,,,,,,,,,RandomForest
5,protein,SYNTH_FLPSDTNMGL,1,1,0,,,,,,,,,,,RandomForest
5,protein,SYNTH_FLPVDFFPSV,1,1,0,,,,,,,,,,,RandomForest
5,protein,SYNTH_FLRDGWEIV,1,1,0,,,,,,,,,,,RandomForest
5,protein,SYNTH_FLVGQLFTF,1,1,0,,,,,,,,,,,RandomForest
5,protein,SYNTH_FLYLPMMCI,1,0,1,,,,,,,,,,,RandomForest
5,protein,SYNTH_FMALVAFLRF,1,1,0,,,,,,,,,,,RandomForest
5,protein,SYNTH_FMRFRRAF,1,0,1,,,,,,,,,,,RandomForest
5,protein,SYNTH_FPDLNGDVV,1,1,0,,,,,,,,,,,RandomForest
5,protein,SYNTH_FPFTIYSLLL,1,0,1,,,,,,,,,,,RandomForest
5,protein,SYNTH_FPQSAPHGVV,1,0,1,,,,,,,,,,,RandomForest
5,protein,SYNTH_FPRGQGVPI,1,1,0,,,,,,,,,,,RandomForest
5,protein,SYNTH_FPTKDVALR,1,1,0,,,,,,,,,,,RandomForest
5,protein,SYNTH_FPVKPQEPLI,1,0,1,,,,,,,,,,,RandomForest
5,protein,SYNTH_FPVRPQVPL,1,1,0,,,,,,,,,,,RandomForest
5,protein,SYNTH_FPVTPQVPLR,1,0,1,,,,,,,,,,,RandomForest
5,protein,SYNTH_FQFCNDPFL,1,0,1,,,,,,,,,,,RandomForest
5,protein,SYNTH_FQVDCFLWHV,1,1,0,,,,,,,,,,,RandomForest
5,protein,SYNTH_FSDVTWFHA,1,1,0,,,,,,,,,,,RandomForest
5,protein,SYNTH_FSFGGFTFKR,1,0,1,,,,,,,,,,,RandomForest
5,protein,SYNTH_FSKQLQQSM,1,1,0,,,,,,,,,,,RandomForest
5,protein,SYNTH_FSNVTWFHA,1,1,0,,,,,,,,,,,RandomForest
5,protein,SYNTH_FTFSPTYK,1,0,1,,,,,,,,,,,RandomForest
5,protein,SYNTH_FTILALFLAH,1,1,0,,,,,,,,,,,RandomForest
5,protein,SYNTH_FTLKNTVCTV,1,0,1,,,,,,,,,,,RandomForest
5,protein,SYNTH_FTNMEVQLIR,1,1,0,,,,,,,,,,,RandomForest
5,protein,SYNTH_FTSDYYQLY,1,1,0,,,,,,,,,,,RandomForest
5,protein,SYNTH_FTWPPWQAG,1,1,0,,,,,,,,,,,RandomForest
5,protein,SYNTH_FVKHKHAFL,1,0,1,,,,,,,,,,,RandomForest
5,protein,SYNTH_FVLALLSDL,1,0,1,,,,,,,,,,,RandomForest
5,protein,SYNTH_FVLGGCRHK,1,0,1,,,,,,,,,,,RandomForest
5,protein,SYNTH_FVLWAHGFEL,1,1,0,,,,,,,,,,,RandomForest
5,protein,SYNTH_FVMMSAPPA,1,1,0,,,,,,,,,,,RandomForest
5,protein,SYNTH_FVNEFYAYLR,1,1,0,,,,,,,,,,,RandomForest
5,protein,SYNTH_FVSEETGTL,1,0,1,,,,,,,,,,,RandomForest
5,protein,SYNTH_FVSNGTHWFV,1,0,1,,,,,,,,,,,RandomForest
5,protein,SYNTH_FVTVYSHLL,1,1,0,,,,,,,,,,,RandomForest
5,protein,SYNTH_FYGGWHNML,1,0,1,,,,,,,,,,,RandomForest
5,protein,SYNTH_FYRYGFVANF,1,1,0,,,,,,,,,,,RandomForest
5,protein,SYNTH_GAYMSKAHGI,1,1,0,,,,,,,,,,,RandomForest
5,protein,SYNTH_GDAALALLL,2,2,0,,,,,,,,,,,RandomForest
5,protein,SYNTH_GERVRQALL,1,1,0,,,,,,,,,,,RandomForest
5,protein,SYNTH_GGETALALL,1,1,0,,,,,,,,,,,RandomForest
5,protein,SYNTH_GGKKKYKLK,1,1,0,,,,,,,,,,,RandomForest
5,protein,SYNTH_GIAPLQLGK,1,1,0,,,,,,,,,,,RandomForest
5,protein,SYNTH_GIIAMSAFA,1,1,0,,,,,,,,,,,RandomForest
5,protein,SYNTH_GILEFVFTL,1,1,0,,,,,,,,,,,RandomForest
5,protein,SYNTH_GILGLVFTL,1,1,0,,,,,,,,,,,RandomForest
5,protein,SYNTH_GLFGKGSLV,1,0,1,,,,,,,,,,,RandomForest
5,protein,SYNTH_GLLGCIITSL,1,1,0,,,,,,,,,,,RandomForest
5,protein,SYNTH_GLMWLSYFIA,1,1,0,,,,,,,,,,,RandomForest
5,protein,SYNTH_GLMWLSYFV,1,1,0,,,,,,,,,,,RandomForest
5,protein,SYNTH_GLNDNLLEIL,1,0,1,,,,,,,,,,,RandomForest
5,protein,SYNTH_GLPWNVVRI,1,1,0,,,,,,,,,,,RandomForest
5,protein,SYNTH_GLTVLPPLL,1,1,0,,,,,,,,,,,RandomForest
5,protein,SYNTH_GMIDDVTPI,1,0,1,,,,,,,,,,,RandomForest
5,protein,SYNTH_GMNSRSTSL,1,1,0,,,,,,,,,,,RandomForest
5,protein,SYNTH_GPGHEEPIPM,1,1,0,,,,,,,,,,,RandomForest
5,protein,SYNTH_GPISGHVLK,1,0,1,,,,,,,,,,,RandomForest
5,protein,SYNTH_GPKKSTNLV,1,0,1,,,,,,,,,,,RandomForest
5,protein,SYNTH_GPMKLVMAFI,1,1,0,,,,,,,,,,,RandomForest
5,protein,SYNTH_GRLQSLQTY,1,1,0,,,,,,,,,,,RandomForest
5,protein,SYNTH_GSDALPAGLY,1,1,0,,,,,,,,,,,RandomForest
5,protein,SYNTH_GTDLEGNFY,1,1,0,,,,,,,,,,,RandomForest
5,protein,SYNTH_GTFEFTSFFY,1,0,1,,,,,,,,,,,RandomForest
5,protein,SYNTH_GTHWFVTQR,1,1,0,,,,,,,,,,,RandomForest
5,protein,SYNTH_GTLSYEQFK,1,0,1,,,,,,,,,,,RandomForest
5,protein,SYNTH_GTSGSPIVNR,1,1,0,,,,,,,,,,,RandomForest
5,protein,SYNTH_GVLGFVFTL,1,1,0,,,,,,,,,,,RandomForest
5,protein,SYNTH_GVYHKNNK,1,1,0,,,,,,,,,,,RandomForest
5,protein,SYNTH_GYLQPRTFLL,1,1,0,,,,,,,,,,,RandomForest
5,protein,SYNTH_GYQPYRVVVL,1,0,1,,,,,,,,,,,RandomForest
5,protein,SYNTH_HELVCSMEN,1,1,0,,,,,,,,,,,RandomForest
5,protein,SYNTH_HLIPLMYKGL,1,0,1,,,,,,,,,,,RandomForest
5,protein,SYNTH_HLMGWDYPK,1,0,1,,,,,,,,,,,RandomForest
5,protein,SYNTH_HLMSFPQSA,1,1,0,,,,,,,,,,,RandomForest
5,protein,SYNTH_HLPDRVHFA,1,0,1,,,,,,,,,,,RandomForest
5,protein,SYNTH_HPAAMPHLL,1,0,1,,,,,,,,,,,RandomForest
5,protein,SYNTH_HPASAWTLY,1,1,0,,,,,,,,,,,RandomForest
5,protein,SYNTH_HPASAWTLYA,1,1,0,,,,,,,,,,,RandomForest
5,protein,SYNTH_HPNIEEVAL,1,1,0,,,,,,,,,,,RandomForest
5,protein,SYNTH_HPRISSEVHI,1,1,0,,,,,,,,,,,RandomForest
5,protein,SYNTH_HRHLPVADA,1,1,0,,,,,,,,,,,RandomForest
5,protein,SYNTH_HSKKKCDEI,1,1,0,,,,,,,,,,,RandomForest
5,protein,SYNTH_HTDFSSEIIGY,1,0,1,,,,,,,,,,,RandomForest
5,protein,SYNTH_HTIDGSSGV,1,0,1,,,,,,,,,,,RandomForest
5,protein,SYNTH_HTTDPSFLGRY,1,0,1,,,,,,,,,,,RandomForest
5,protein,SYNTH_HVVGPNVNK,1,0,1,,,,,,,,,,,RandomForest
5,protein,SYNTH_IANQATVLM,1,1,0,,,,,,,,,,,RandomForest
5,protein,SYNTH_IASTPKKHR,1,1,0,,,,,,,,,,,RandomForest
5,protein,SYNTH_IENSSVNVSL,1,1,0,,,,,,,,,,,RandomForest
5,protein,SYNTH_IEVNSFSGY,1,1,0,,,,,,,,,,,RandomForest
5,protein,SYNTH_IFLWLLWPV,1,1,0,,,,,,,,,,,RandomForest
5,protein,SYNTH_IIKNLSKSL,1,0,1,,,,,,,,,,,RandomForest
5,protein,SYNTH_ILDSFDPLV,1,1,0,,,,,,,,,,,RandomForest
5,protein,SYNTH_ILGTVSWNL,1,1,0,,,,,,,,,,,RandomForest
5,protein,SYNTH_ILHTPGCV,1,1,0,,,,,,,,,,,RandomForest
5,protein,SYNTH_ILKEPVHGV,1,0,1,,,,,,,,,,,RandomForest
5,protein,SYNTH_ILLNVPLHGT,1,0,1,,,,,,,,,,,RandomForest
5,protein,SYNTH_ILPDPLKPT,1,1,0,,,,,,,,,,,RandomForest
5,protein,SYNTH_ILSPFIPLL,1,1,0,,,,,,,,,,,RandomForest
5,protein,SYNTH_ILSPFMPLL,1,1,0,,,,,,,,,,,RandomForest
5,protein,SYNTH_IMDKNIILKA,1,1,0,,,,,,,,,,,RandomForest
5,protein,SYNTH_IMGGELPTA,1,1,0,,,,,,,,,,,RandomForest
5,protein,SYNTH_IPARARVEC,1,1,0,,,,,,,,,,,RandomForest
5,protein,SYNTH_IPARARVECF,1,1,0,,,,,,,,,,,RandomForest
5,protein,SYNTH_IPDYRSVSL,1,1,0,,,,,,,,,,,RandomForest
5,protein,SYNTH_IPFAMQMAYRF,1,0,1,,,,,,,,,,,RandomForest
5,protein,SYNTH_IPFYGKAI,1,0,1,,,,,,,,,,,RandomForest
5,protein,SYNTH_IPIPSSWAF,1,0,1,,,,,,,,,,,RandomForest
5,protein,SYNTH_IPMGVGLSP,1,1,0,,,,,,,,,,,RandomForest
5,protein,SYNTH_IPTDFTISV,1,1,0,,,,,,,,,,,RandomForest
5,protein,SYNTH_IPTITQMNL,1,1,0,,,,,,,,,,,RandomForest
5,protein,SYNTH_IPTNFTISV,1,1,0,,,,,,,,,,,RandomForest
5,protein,SYNTH_IPVAYRKVLL,1,1,0,,,,,,,,,,,RandomForest
5,protein,SYNTH_IQIFTSSMSK,1,0,1,,,,,,,,,,,RandomForest
5,protein,SYNTH_IQITISSFK,1,1,0,,,,,,,,,,,RandomForest
5,protein,SYNTH_ISQWLTNIF,1,1,0,,,,,,,,,,,RandomForest
5,protein,SYNTH_ITLATCELY,1,1,0,,,,,,,,,,,RandomForest
5,protein,SYNTH_ITVNVLAWL,1,0,1,,,,,,,,,,,RandomForest
5,protein,SYNTH_IVDKNITLKA,1,1,0,,,,,,,,,,,RandomForest
5,protein,SYNTH_IVYEAADAI,1,0,1,,,,,,,,,,,RandomForest
5,protein,SYNTH_IWLGFIAGLI,1,1,0,,,,,,,,,,,RandomForest
5,protein,SYNTH_IYELCNGPL,1,0,1,,,,,,,,,,,RandomForest
5,protein,SYNTH_IYLYLTFYL,1,1,0,,,,,,,,,,,RandomForest
5,protein,SYNTH_IYQTSNFRV,1,0,1,,,,,,,,,,,RandomForest
5,protein,SYNTH_IYRILQRGLL,1,1,0,,,,,,,,,,,RandomForest
5,protein,SYNTH_KEIDRLNEV,1,1,0,,,,,,,,,,,RandomForest
5,protein,SYNTH_KFTDGVCLF,1,0,1,,,,,,,,,,,RandomForest
5,protein,SYNTH_KIADYNYKL,1,1,0,,,,,,,,,,,RandomForest
5,protein,SYNTH_KIILFLALI,1,1,0,,,,,,,,,,,RandomForest
5,protein,SYNTH_KILGLPTQTV,1,0,1,,,,,,,,,,,RandomForest
5,protein,SYNTH_KISEMHPAL,1,1,0,,,,,,,,,,,RandomForest
5,protein,SYNTH_KITEHSWNA,1,1,0,,,,,,,,,,,RandomForest
5,protein,SYNTH_KLALGGSVAI,1,0,1,,,,,,,,,,,RandomForest
5,protein,SYNTH_KLDDKDPQF,1,1,0,,,,,,,,,,,RandomForest
5,protein,SYNTH_KLDGFMGRI,1,1,0,,,,,,,,,,,RandomForest
5,protein,SYNTH_KLFAAETLK,1,1,0,,,,,,,,,,,RandomForest
5,protein,SYNTH_KLGGALQAK,1,1,0,,,,,,,,,,,RandomForest
5,protein,SYNTH_KLHLYSHPI,1,0,1,,,,,,,,,,,RandomForest
5,protein,SYNTH_KLIEYTDFAT,1,0,1,,,,,,,,,,,RandomForest
5,protein,SYNTH_KLIFLWLLW,1,1,0,,,,,,,,,,,RandomForest
5,protein,SYNTH_KLIMPARFY,1,0,1,,,,,,,,,,,RandomForest
5,protein,SYNTH_KLINIIIWF,1,1,0,,,,,,,,,,,RandomForest
5,protein,SYNTH_KLMSNLLSI,1,0,1,,,,,,,,,,,RandomForest
5,protein,SYNTH_KLNDLCFTNV,1,1,0,,,,,,,,,,,RandomForest
5,protein,SYNTH_KLNDWDFVV,1,1,0,,,,,,,,,,,RandomForest
5,protein,SYNTH_KLNVGDYFV,1,1,0,,,,,,,,,,,RandomForest
5,protein,SYNTH_KLNVGDYFVL,1,0,1,,,,,,,,,,,RandomForest
5,protein,SYNTH_KLPDDFTGC,1,1,0,,,,,,,,,,,RandomForest
5,protein,SYNTH_KLPDDFTGCV,1,1,0,,,,,,,,,,,RandomForest
5,protein,SYNTH_KLVGLGLNAV,1,0,1,,,,,,,,,,,RandomForest
5,protein,SYNTH_KLVLSVNPYV,1,0,1,,,,,,,,,,,RandomForest
5,protein,SYNTH_KMQRMLLEK,1,0,1,,,,,,,,,,,RandomForest
5,protein,SYNTH_KPNYQRKPL,1,0,1,,,,,,,,,,,RandomForest
5,protein,SYNTH_KPPISFPL,1,1,0,,,,,,,,,,,RandomForest
5,protein,SYNTH_KPTLKEYVL,1,0,1,,,,,,,,,,,RandomForest
5,protein,SYNTH_KPVETSNSF,1,0,1,,,,,,,,,,,RandomForest
5,protein,SYNTH_KPYIKWDLL,1,1,0,,,,,,,,,,,RandomForest
5,protein,SYNTH_KRVDWTIEY,1,0,1,,,,,,,,,,,RandomForest
5,protein,SYNTH_KSLFNTIAVLY,1,1,0,,,,,,,,,,,RandomForest
5,protein,SYNTH_KSLYNTIAVL,1,1,0,,,,,,,,,,,RandomForest
5,protein,SYNTH_KSLYNTIAVLY,1,1,0,,,,,,,,,,,RandomForest
5,protein,SYNTH_KSNLKPFER,1,0,1,,,,,,,,,,,RandomForest
5,protein,SYNTH_KSTNLVKNK,1,0,1,,,,,,,,,,,RandomForest
5,protein,SYNTH_KSVDITFEL,1,1,0,,,,,,,,,,,RandomForest
5,protein,SYNTH_KTFDSEYVK,1,1,0,,,,,,,,,,,RandomForest
5,protein,SYNTH_KTFPPTEPK,2,1,1,,,,,,,,,,,RandomForest
5,protein,SYNTH_KTFPPTEPKK,1,1,0,,,,,,,,,,,RandomForest
5,protein,SYNTH_KTGGPIYRR,1,1,0,,,,,,,,,,,RandomForest
5,protein,SYNTH_KTSVDCTMY,1,1,0,,,,,,,,,,,RandomForest
5,protein,SYNTH_KTVWFVPSIKA,1,1,0,,,,,,,,,,,RandomForest
5,protein,SYNTH_KVGGNYNYL,1,0,1,,,,,,,,,,,RandomForest
5,protein,SYNTH_KVGNFTGLY,1,1,0,,,,,,,,,,,RandomForest
5,protein,SYNTH_KVLNPYMPSV,1,1,0,,,,,,,,,,,RandomForest
5,protein,SYNTH_KVSIWNLDY,1,1,0,,,,,,,,,,,RandomForest
5,protein,SYNTH_KYAESDYIF,1,0,1,,,,,,,,,,,RandomForest
5,protein,SYNTH_KYESWLRPL,1,0,1,,,,,,,,,,,RandomForest
5,protein,SYNTH_KYPPALPIW,1,0,1,,,,,,,,,,,RandomForest
5,protein,SYNTH_KYTQTEEKF,1,0,1,,,,,,,,,,,RandomForest
5,protein,SYNTH_LAILFEEVM,1,1,0,,,,,,,,,,,RandomForest
5,protein,SYNTH_LAMDEFIERY,1,0,1,,,,,,,,,,,RandomForest
5,protein,SYNTH_LEQWNLVIG,1,1,0,,,,,,,,,,,RandomForest
5,protein,SYNTH_LESELVIGAV,1,1,0,,,,,,,,,,,RandomForest
5,protein,SYNTH_LETTMRSPVF,1,1,0,,,,,,,,,,,RandomForest
5,protein,SYNTH_LFLNMTTRLV,1,0,1,,,,,,,,,,,RandomForest
5,protein,SYNTH_LIFLLVLLDY,1,0,1,,,,,,,,,,,RandomForest
5,protein,SYNTH_LILAYCNKTV,1,0,1,,,,,,,,,,,RandomForest
5,protein,SYNTH_LILCVTQVLM,1,1,0,,,,,,,,,,,RandomForest
5,protein,SYNTH_LIVGVALLAV,1,0,1,,,,,,,,,,,RandomForest
5,protein,SYNTH_LLADKFPVL,1,1,0,,,,,,,,,,,RandomForest
5,protein,SYNTH_LLDDFVEII,1,1,0,,,,,,,,,,,RandomForest
5,protein,SYNTH_LLDELGAVFGY,1,1,0,,,,,,,,,,,RandomForest
5,protein,SYNTH_LLDFVRFMGY,1,1,0,,,,,,,,,,,RandomForest
5,protein,SYNTH_LLDQALVSDV,1,1,0,,,,,,,,,,,RandomForest
5,protein,SYNTH_LLEWLAMAV,1,1,0,,,,,,,,,,,RandomForest
5,protein,SYNTH_LLFLMSFTV,1,1,0,,,,,,,,,,,RandomForest
5,protein,SYNTH_LLGPLLVLL,1,1,0,,,,,,,,,,,RandomForest
5,protein,SYNTH_LLKRLHQWI,1,1,0,,,,,,,,,,,RandomForest
5,protein,SYNTH_LLLDDFVEI,1,1,0,,,,,,,,,,,RandomForest
5,protein,SYNTH_LLLDRLNQL,1,0,1,,,,,,,,,,,RandomForest
5,protein,SYNTH_LLMGTVNIV,1,0,1,,,,,,,,,,,RandomForest
5,protein,SYNTH_LLMNGQQIF,1,0,1,,,,,,,,,,,RandomForest
5,protein,SYNTH_LLMNGQQIFL,1,0,1,,,,,,,,,,,RandomForest
5,protein,SYNTH_LLNKEMYLK,1,0,1,,,,,,,,,,,RandomForest
5,protein,SYNTH_LLNKHIDAYK,2,0,2,,,,,,,,,,,RandomForest
5,protein,SYNTH_LLQVMAQQV,1,1,0,,,,,,,,,,,RandomForest
5,protein,SYNTH_LLTILTSLL,1,1,0,,,,,,,,,,,RandomForest
5,protein,SYNTH_LLVPFVQWFV,1,0,1,,,,,,,,,,,RandomForest
5,protein,SYNTH_LLWPVTLACFV,1,1,0,,,,,,,,,,,RandomForest
5,protein,SYNTH_LLYDANYFLC,1,1,0,,,,,,,,,,,RandomForest
5,protein,SYNTH_LLYIDINGNL,1,0,1,,,,,,,,,,,RandomForest
5,protein,SYNTH_LMIERFVSL,1,0,1,,,,,,,,,,,RandomForest
5,protein,SYNTH_LMIERFVSLA,1,0,1,,,,,,,,,,,RandomForest
5,protein,SYNTH_LMLLALIAVL,1,1,0,,,,,,,,,,,RandomForest
5,protein,SYNTH_LMMMLPATL,1,1,0,,,,,,,,,,,RandomForest
5,protein,SYNTH_LMWLSYFIA,1,1,0,,,,,,,,,,,RandomForest
5,protein,SYNTH_LNRRRRTAG,1,1,0,,,,,,,,,,,RandomForest
5,protein,SYNTH_LPAIVREAI,2,2,0,,,,,,,,,,,RandomForest
5,protein,SYNTH_LPFDIATIM,1,1,0,,,,,,,,,,,RandomForest
5,protein,SYNTH_LPFDKATIM,1,1,0,,,,,,,,,,,RandomForest
5,protein,SYNTH_LPFDKPTIM,1,1,0,,,,,,,,,,,RandomForest
5,protein,SYNTH_LPFDKSTVM,2,2,0,,,,,,,,,,,RandomForest
5,protein,SYNTH_LPFERATIM,1,1,0,,,,,,,,,,,RandomForest
5,protein,SYNTH_LPFNDGVYF,1,1,0,,,,,,,,,,,RandomForest
5,protein,SYNTH_LPHERHREL,1,1,0,,,,,,,,,,,RandomForest
5,protein,SYNTH_LPIGINITRF,1,1,0,,,,,,,,,,,RandomForest
5,protein,SYNTH_LPIHTAELL,1,1,0,,,,,,,,,,,RandomForest
5,protein,SYNTH_LPLTQYNRY,1,1,0,,,,,,,,,,,RandomForest
5,protein,SYNTH_LPNDHHYAL,1,1,0,,,,,,,,,,,RandomForest
5,protein,SYNTH_LPPLLTDEM,1,1,0,,,,,,,,,,,RandomForest
5,protein,SYNTH_LPPVYTNSF,1,1,0,,,,,,,,,,,RandomForest
5,protein,SYNTH_LPSYAAFAT,1,1,0,,,,,,,,,,,RandomForest
5,protein,SYNTH_LPVNVAFEL,1,1,0,,,,,,,,,,,RandomForest
5,protein,SYNTH_LPVYLMTLMK,1,1,0,,,,,,,,,,,RandomForest
5,protein,SYNTH_LPYPRGYTL,1,1,0,,,,,,,,,,,RandomForest
5,protein,SYNTH_LQAGNATEV,1,1,0,,,,,,,,,,,RandomForest
5,protein,SYNTH_LQMENKAWLV,1,1,0,,,,,,,,,,,RandomForest
5,protein,SYNTH_LQTGIHVRV,1,1,0,,,,,,,,,,,RandomForest
5,protein,SYNTH_LRIAGHHLGR,1,0,1,,,,,,,,,,,RandomForest
5,protein,SYNTH_LSDLQDLKW,1,1,0,,,,,,,,,,,RandomForest
5,protein,SYNTH_LSPRWYFYY,1,1,0,,,,,,,,,,,RandomForest
5,protein,SYNTH_LSPRWYFYYL,1,1,0,,,,,,,,,,,RandomForest
5,protein,SYNTH_LTDEMIAQY,1,1,0,,,,,,,,,,,RandomForest
5,protein,SYNTH_LTNDNTSRY,1,1,0,,,,,,,,,,,RandomForest
5,protein,SYNTH_LTNIFGTVY,1,1,0,,,,,,,,,,,RandomForest
5,protein,SYNTH_LTQYNRYLAL,1,0,1,,,,,,,,,,,RandomForest
5,protein,SYNTH_LTYTGAIKL,1,1,0,,,,,,,,,,,RandomForest
5,protein,SYNTH_LVASIKNFK,1,0,1,,,,,,,,,,,RandomForest
5,protein,SYNTH_LVGLMWLSY,1,1,0,,,,,,,,,,,RandomForest
5,protein,SYNTH_LVGPTPVNI,1,1,0,,,,,,,,,,,RandomForest
5,protein,SYNTH_LVKNKCVNF,1,0,1,,,,,,,,,,,RandomForest
5,protein,SYNTH_LVYAADPAM,1,1,0,,,,,,,,,,,RandomForest
5,protein,SYNTH_LWFHISCLTF,1,1,0,,,,,,,,,,,RandomForest
5,protein,SYNTH_LYDANYFLC,1,1,0,,,,,,,,,,,RandomForest
5,protein,SYNTH_LYNILSPF,1,0,1,,,,,,,,,,,RandomForest
5,protein,SYNTH_LYNKMEFEPF,1,0,1,,,,,,,,,,,RandomForest
5,protein,SYNTH_LYRKLKREITF,1,1,0,,,,,,,,,,,RandomForest
5,protein,SYNTH_LYSHPIILGF,1,1,0,,,,,,,,,,,RandomForest
5,protein,SYNTH_LYSSTVPCF,1,1,0,,,,,,,,,,,RandomForest
5,protein,SYNTH_LYTSITNFL,1,0,1,,,,,,,,,,,RandomForest
5,protein,SYNTH_MAFIAFLRF,1,1,0,,,,,,,,,,,RandomForest
5,protein,SYNTH_MEWLKTRPI,1,0,1,,,,,,,,,,,RandomForest
5,protein,SYNTH_MGLGKGWPL,1,1,0,,,,,,,,,,,RandomForest
5,protein,SYNTH_MIAQYTSALL,1,1,0,,,,,,,,,,,RandomForest
5,protein,SYNTH_MILSDDAVV,1,0,1,,,,,,,,,,,RandomForest
5,protein,SYNTH_MKLVMAFIAF,1,1,0,,,,,,,,,,,RandomForest
5,protein,SYNTH_MLAAQMFIV,1,1,0,,,,,,,,,,,RandomForest
5,protein,SYNTH_MLGTHAMLV,1,1,0,,,,,,,,,,,RandomForest
5,protein,SYNTH_MLINRFTMR,1,1,0,,,,,,,,,,,RandomForest
5,protein,SYNTH_MLLILCVTQV,1,1,0,,,,,,,,,,,RandomForest
5,protein,SYNTH_MLLNRFTMA,1,1,0,,,,,,,,,,,RandomForest
5,protein,SYNTH_MLLRSAIGQV,1,0,1,,,,,,,,,,,RandomForest
5,protein,SYNTH_MLMTGTLAVF,1,1,0,,,,,,,,,,,RandomForest
5,protein,SYNTH_MLRTRVGTK,1,1,0,,,,,,,,,,,RandomForest
5,protein,SYNTH_MLVCGDDLV,1,1,0,,,,,,,,,,,RandomForest
5,protein,SYNTH_MLVTPSMTM,1,1,0,,,,,,,,,,,RandomForest
5,protein,SYNTH_MMFTSDLAT,1,1,0,,,,,,,,,,,RandomForest
5,protein,SYNTH_MMISAGFSLW,1,0,1,,,,,,,,,,,RandomForest
5,protein,SYNTH_MNRRKRSVT,1,1,0,,,,,,,,,,,RandomForest
5,protein,SYNTH_MPGTFQTTTG,1,1,0,,,,,,,,,,,RandomForest
5,protein,SYNTH_MPIRYQTTAV,1,1,0,,,,,,,,,,,RandomForest
5,protein,SYNTH_MPLKAPKEV,1,1,0,,,,,,,,,,,RandomForest
5,protein,SYNTH_MPVTHSSAAQ,1,1,0,,,,,,,,,,,RandomForest
5,protein,SYNTH_MQLFFSYFAV,1,1,0,,,,,,,,,,,RandomForest
5,protein,SYNTH_MSYYCKSHK,1,0,1,,,,,,,,,,,RandomForest
5,protein,SYNTH_MTNRQFHQK,1,0,1,,,,,,,,,,,RandomForest
5,protein,SYNTH_MTSCCSCLK,1,0,1,,,,,,,,,,,RandomForest
5,protein,SYNTH_MVHQIFGSAY,1,1,0,,,,,,,,,,,RandomForest
5,protein,SYNTH_MVSRLLLNR,1,1,0,,,,,,,,,,,RandomForest
5,protein,SYNTH_MVTNNTFTLK,1,0,1,,,,,,,,,,,RandomForest
5,protein,SYNTH_MYMHDSDDVL,1,0,1,,,,,,,,,,,RandomForest
5,protein,SYNTH_MYQKCCNLF,1,0,1,,,,,,,,,,,RandomForest
5,protein,SYNTH_NIFGTVYEK,1,0,1,,,,,,,,,,,RandomForest
5,protein,SYNTH_NILSPFLPLL,1,1,0,,,,,,,,,,,RandomForest
5,protein,SYNTH_NIVNVSLVK,1,0,1,,,,,,,,,,,RandomForest
5,protein,SYNTH_NLACEDLKPV,1,0,1,,,,,,,,,,,RandomForest
5,protein,SYNTH_NLAKHCLHVV,1,0,1,,,,,,,,,,,RandomForest
5,protein,SYNTH_NLAWPLIVTA,1,0,1,,,,,,,,,,,RandomForest
5,protein,SYNTH_NLVPMVATV,1,1,0,,,,,,,,,,,RandomForest
5,protein,SYNTH_NMLRIMASL,1,0,1,,,,,,,,,,,RandomForest
5,protein,SYNTH_NMVYMPASWV,1,1,0,,,,,,,,,,,RandomForest
5,protein,SYNTH_NPANNASIV,1,1,0,,,,,,,,,,,RandomForest
5,protein,SYNTH_NPANNVAIV,1,1,0,,,,,,,,,,,RandomForest
5,protein,SYNTH_NPKTPKYKF,1,1,0,,,,,,,,,,,RandomForest
5,protein,SYNTH_NPLLYDANYFL,1,1,0,,,,,,,,,,,RandomForest
5,protein,SYNTH_NQWKEPDVY,1,1,0,,,,,,,,,,,RandomForest
5,protein,SYNTH_NSPRRARSV,1,1,0,,,,,,,,,,,RandomForest
5,protein,SYNTH_NSSTCMMCY,1,1,0,,,,,,,,,,,RandomForest
5,protein,SYNTH_NTASWFTAL,1,1,0,,,,,,,,,,,RandomForest
5,protein,SYNTH_NTFSSTFNV,1,1,0,,,,,,,,,,,RandomForest
5,protein,SYNTH_NTLQCIMLV,1,1,0,,,,,,,,,,,RandomForest
5,protein,SYNTH_NVSIPWTHK,1,1,0,,,,,,,,,,,RandomForest
5,protein,SYNTH_NYDYMYRLF,1,1,0,,,,,,,,,,,RandomForest
5,protein,SYNTH_NYDYWYRLF,1,1,0,,,,,,,,,,,RandomForest
5,protein,SYNTH_NYLKRRVVF,1,0,1,,,,,,,,,,,RandomForest
5,protein,SYNTH_NYMPYFFTL,1,1,0,,,,,,,,,,,RandomForest
5,protein,SYNTH_NYNYQFRLF,1,1,0,,,,,,,,,,,RandomForest
5,protein,SYNTH_NYSVYGNTL,1,0,1,,,,,,,,,,,RandomForest
5,protein,SYNTH_PFAMQMAYRF,1,0,1,,,,,,,,,,,RandomForest
5,protein,SYNTH_PFMPLLPIFF,1,1,0,,,,,,,,,,,RandomForest
5,protein,SYNTH_PILLLDQALV,1,0,1,,,,,,,,,,,RandomForest
5,protein,SYNTH_PLDKGIKPYY,1,0,1,,,,,,,,,,,RandomForest
5,protein,SYNTH_PQFKDNVIL,1,1,0,,,,,,,,,,,RandomForest
5,protein,SYNTH_PRRCMKPVIL,1,1,0,,,,,,,,,,,RandomForest
5,protein,SYNTH_PSFPHIHLK,1,1,0,,,,,,,,,,,RandomForest
5,protein,SYNTH_PSSWAFAK,1,0,1,,,,,,,,,,,RandomForest
5,protein,SYNTH_QAGFFSLTK,1,1,0,,,,,,,,,,,RandomForest
5,protein,SYNTH_QARLTVSGLA,1,1,0,,,,,,,,,,,RandomForest
5,protein,SYNTH_QELGKYEQY,1,1,0,,,,,,,,,,,RandomForest
5,protein,SYNTH_QEPMSIYVY,1,1,0,,,,,,,,,,,RandomForest
5,protein,SYNTH_QEVFAQVKQIY,1,1,0,,,,,,,,,,,RandomForest
5,protein,SYNTH_QFAPSASAF,1,1,0,,,,,,,,,,,RandomForest
5,protein,SYNTH_QFKDNVILL,1,1,0,,,,,,,,,,,RandomForest
5,protein,SYNTH_QGYKSVNITF,1,1,0,,,,,,,,,,,RandomForest
5,protein,SYNTH_QINDMILSL,1,1,0,,,,,,,,,,,RandomForest
5,protein,SYNTH_QIYPGIRVK,1,0,1,,,,,,,,,,,RandomForest
5,protein,SYNTH_QLMCQPILL,1,1,0,,,,,,,,,,,RandomForest
5,protein,SYNTH_QLMCQPILLL,1,1,0,,,,,,,,,,,RandomForest
5,protein,SYNTH_QLPQGTTLPK,1,0,1,,,,,,,,,,,RandomForest
5,protein,SYNTH_QLRARSVSPK,1,1,0,,,,,,,,,,,RandomForest
5,protein,SYNTH_QLRRHIDLLV,1,0,1,,,,,,,,,,,RandomForest
5,protein,SYNTH_QPRVEKKKL,1,0,1,,,,,,,,,,,RandomForest
5,protein,SYNTH_QPTESIVRF,2,2,0,,,,,,,,,,,RandomForest
5,protein,SYNTH_QPYRVVVL,1,1,0,,,,,,,,,,,RandomForest
5,protein,SYNTH_QPYRVVVLS,1,1,0,,,,,,,,,,,RandomForest
5,protein,SYNTH_QPYRVVVLSF,1,0,1,,,,,,,,,,,RandomForest
5,protein,SYNTH_QQGSMASGK,1,0,1,,,,,,,,,,,RandomForest
5,protein,SYNTH_QQQGQTVTK,1,1,0,,,,,,,,,,,RandomForest
5,protein,SYNTH_QRGPQYSEH,1,0,1,,,,,,,,,,,RandomForest
5,protein,SYNTH_QRNAPRITF,1,1,0,,,,,,,,,,,RandomForest
5,protein,SYNTH_QVIELQMAL,1,0,1,,,,,,,,,,,RandomForest
5,protein,SYNTH_QVVSDIDYV,1,1,0,,,,,,,,,,,RandomForest
5,protein,SYNTH_QYDPVAALF,1,1,0,,,,,,,,,,,RandomForest
5,protein,SYNTH_QYDPVAALFFF,1,1,0,,,,,,,,,,,RandomForest
5,protein,SYNTH_QYIDIGNYTV,1,0,1,,,,,,,,,,,RandomForest
5,protein,SYNTH_QYLLDHNSL,1,0,1,,,,,,,,,,,RandomForest
5,protein,SYNTH_RAAEIRASA,1,1,0,,,,,,,,,,,RandomForest
5,protein,SYNTH_RARSVASQSI,1,1,0,,,,,,,,,,,RandomForest
5,protein,SYNTH_RFLEFEALGF,1,1,0,,,,,,,,,,,RandomForest
5,protein,SYNTH_RFLYIIKLI,1,1,0,,,,,,,,,,,RandomForest
5,protein,SYNTH_RFPLTFGWCF,1,1,0,,,,,,,,,,,RandomForest
5,protein,SYNTH_RHVVCAHEL,1,1,0,,,,,,,,,,,RandomForest
5,protein,SYNTH_RHYLHTLWK,1,0,1,,,,,,,,,,,RandomForest
5,protein,SYNTH_RIFTIGTVTL,1,1,0,,,,,,,,,,,RandomForest
5,protein,SYNTH_RIMTWLDMV,1,1,0,,,,,,,,,,,RandomForest
5,protein,SYNTH_RIQPGQTFSV,1,1,0,,,,,,,,,,,RandomForest
5,protein,SYNTH_RKYTSFPWLL,1,1,0,,,,,,,,,,,RandomForest
5,protein,SYNTH_RLCAYCCNIV,1,1,0,,,,,,,,,,,RandomForest
5,protein,SYNTH_RLDKVEAEV,1,1,0,,,,,,,,,,,RandomForest
5,protein,SYNTH_RLFDLPVYC,1,1,0,,,,,,,,,,,RandomForest
5,protein,SYNTH_RLGVRATRK,1,0,1,,,,,,,,,,,RandomForest
5,protein,SYNTH_RLIDFLKDV,1,0,1,,,,,,,,,,,RandomForest
5,protein,SYNTH_RLISMMGFK,1,0,1,,,,,,,,,,,RandomForest
5,protein,SYNTH_RLISMMGFKM,1,1,0,,,,,,,,,,,RandomForest
5,protein,SYNTH_RLITVNPIV,1,1,0,,,,,,,,,,,RandomForest
5,protein,SYNTH_RLSFKELLV,1,1,0,,,,,,,,,,,RandomForest
5,protein,SYNTH_RLVDPQIQL,1,1,0,,,,,,,,,,,RandomForest
5,protein,SYNTH_RLWGMDIDPYK,1,0,1,,,,,,,,,,,RandomForest
5,protein,SYNTH_RLWHYPCTV,1,1,0,,,,,,,,,,,RandomForest
5,protein,SYNTH_RMNYYWTLLK,1,0,1,,,,,,,,,,,RandomForest
5,protein,SYNTH_RMYVGGVEHR,1,1,0,,,,,,,,,,,RandomForest
5,protein,SYNTH_RPAEPVPLQL,1,1,0,,,,,,,,,,,RandomForest
5,protein,SYNTH_RPASAWTLY,1,1,0,,,,,,,,,,,RandomForest
5,protein,SYNTH_RPHERNGFTV,1,1,0,,,,,,,,,,,RandomForest
5,protein,SYNTH_RPHERNGFTVL,3,3,0,,,,,,,,,,,RandomForest
5,protein,SYNTH_RPMFAVGILF,1,1,0,,,,,,,,,,,RandomForest
5,protein,SYNTH_RPMTYKGAV,1,1,0,,,,,,,,,,,RandomForest
5,protein,SYNTH_RPPLNRNYV,1,1,0,,,,,,,,,,,RandomForest
5,protein,SYNTH_RPRLCTREEF,1,1,0,,,,,,,,,,,RandomForest
5,protein,SYNTH_RPSGMFDSVVL,1,1,0,,,,,,,,,,,RandomForest
5,protein,SYNTH_RQFHQKLLK,2,1,1,,,,,,,,,,,RandomForest
5,protein,SYNTH_RRSGAAGAAVE,1,1,0,,,,,,,,,,,RandomForest
5,protein,SYNTH_RRYPYPAR,1,1,0,,,,,,,,,,,RandomForest
5,protein,SYNTH_RSLFNTIATL,1,1,0,,,,,,,,,,,RandomForest
5,protein,SYNTH_RSLFNTIATLY,1,1,0,,,,,,,,,,,RandomForest
5,protein,SYNTH_RSLFNTIAVLY,1,1,0,,,,,,,,,,,RandomForest
5,protein,SYNTH_RSVRLPYMYK,1,1,0,,,,,,,,,,,RandomForest
5,protein,SYNTH_RTAPHGHEL,1,1,0,,,,,,,,,,,RandomForest
5,protein,SYNTH_RTAPHGHVV,1,1,0,,,,,,,,,,,RandomForest
5,protein,SYNTH_RTLDFHDSNVK,1,1,0,,,,,,,,,,,RandomForest
5,protein,SYNTH_RTNDWDFVV,1,0,1,,,,,,,,,,,RandomForest
5,protein,SYNTH_RTQSPRRRR,1,1,0,,,,,,,,,,,RandomForest
5,protein,SYNTH_RTWCKLDLI,1,0,1,,,,,,,,,,,RandomForest
5,protein,SYNTH_RVIDPRRCLK,1,1,0,,,,,,,,,,,RandomForest
5,protein,SYNTH_RVKARMLTM,1,0,1,,,,,,,,,,,RandomForest
5,protein,SYNTH_RVSQPSLIL,1,1,0,,,,,,,,,,,RandomForest
5,protein,SYNTH_RYGFVANF,1,1,0,,,,,,,,,,,RandomForest
5,protein,SYNTH_RYGPALSI,1,1,0,,,,,,,,,,,RandomForest
5,protein,SYNTH_RYMGEDGCWY,1,1,0,,,,,,,,,,,RandomForest
5,protein,SYNTH_RYNLPTMCDI,1,0,1,,,,,,,,,,,RandomForest
5,protein,SYNTH_RYTRPTEPPL,1,0,1,,,,,,,,,,,RandomForest
5,protein,SYNTH_SAFAMMFVK,1,1,0,,,,,,,,,,,RandomForest
5,protein,SYNTH_SAIGKIQDSL,1,0,1,,,,,,,,,,,RandomForest
5,protein,SYNTH_SAISSISSK,1,1,0,,,,,,,,,,,RandomForest
5,protein,SYNTH_SALNPADDPSR,1,0,1,,,,,,,,,,,RandomForest
5,protein,SYNTH_SASKIITLK,1,1,0,,,,,,,,,,,RandomForest
5,protein,SYNTH_SDGTGTIY,1,1,0,,,,,,,,,,,RandomForest
5,protein,SYNTH_SEHPTFTSQY,1,1,0,,,,,,,,,,,RandomForest
5,protein,SYNTH_SFCGSPYSW,1,1,0,,,,,,,,,,,RandomForest
5,protein,SYNTH_SFLPGVYSV,2,2,0,,,,,,,,,,,RandomForest
5,protein,SYNTH_SGYWAIRTR,1,0,1,,,,,,,,,,,RandomForest
5,protein,SYNTH_SIADVGKLTK,1,0,1,,,,,,,,,,,RandomForest
5,protein,SYNTH_SIIAYTMSL,1,1,0,,,,,,,,,,,RandomForest
5,protein,SYNTH_SILSPFIPLL,1,1,0,,,,,,,,,,,RandomForest
5,protein,SYNTH_SIVSPFIPLL,1,1,0,,,,,,,,,,,RandomForest
5,protein,SYNTH_SIWNLDYII,1,1,0,,,,,,,,,,,RandomForest
5,protein,SYNTH_SIYVYALPLK,1,0,1,,,,,,,,,,,RandomForest
5,protein,SYNTH_SLDNVLSTFI,1,0,1,,,,,,,,,,,RandomForest
5,protein,SYNTH_SLENFRAYV,1,1,0,,,,,,,,,,,RandomForest
5,protein,SYNTH_SLFNTIATLY,1,1,0,,,,,,,,,,,RandomForest
5,protein,SYNTH_SLFNTVATL,1,1,0,,,,,,,,,,,RandomForest
5,protein,SYNTH_SLIDFYLCF,1,0,1,,,,,,,,,,,RandomForest
5,protein,SYNTH_SLINTLNDL,1,1,0,,,,,,,,,,,RandomForest
5,protein,SYNTH_SLPFGWLIV,1,1,0,,,,,,,,,,,RandomForest
5,protein,SYNTH_SLPGVFCGVD,1,0,1,,,,,,,,,,,RandomForest
5,protein,SYNTH_SLVKPSFYVY,1,0,1,,,,,,,,,,,RandomForest
5,protein,SYNTH_SLYADSPSV,1,1,0,,,,,,,,,,,RandomForest
5,protein,SYNTH_SLYNTITVL,1,1,0,,,,,,,,,,,RandomForest
5,protein,SYNTH_SMMGFKMNY,1,0,1,,,,,,,,,,,RandomForest
5,protein,SYNTH_SMMILSDDA,1,1,0,,,,,,,,,,,RandomForest
5,protein,SYNTH_SMMILSDDAV,1,0,1,,,,,,,,,,,RandomForest
5,protein,SYNTH_SMQNCVLKL,1,1,0,,,,,,,,,,,RandomForest
5,protein,SYNTH_SNSGSDVLY,1,1,0,,,,,,,,,,,RandomForest
5,protein,SYNTH_SPIFLIVAA,1,1,0,,,,,,,,,,,RandomForest
5,protein,SYNTH_SPILSITISE,1,1,0,,,,,,,,,,,RandomForest
5,protein,SYNTH_SPNPTVEAGR,1,0,1,,,,,,,,,,,RandomForest
5,protein,SYNTH_SPRWYFYYI,1,1,0,,,,,,,,,,,RandomForest
5,protein,SYNTH_SPVALRQM,1,0,1,,,,,,,,,,,RandomForest
5,protein,SYNTH_SPVRVPNYNL,1,1,0,,,,,,,,,,,RandomForest
5,protein,SYNTH_SQLSAPSLK,1,1,0,,,,,,,,,,,RandomForest
5,protein,SYNTH_SQMEIDFLEL,1,0,1,,,,,,,,,,,RandomForest
5,protein,SYNTH_SQNPTMLYNK,1,0,1,,,,,,,,,,,RandomForest
5,protein,SYNTH_SQSPRRRRSK,1,0,1,,,,,,,,,,,RandomForest
5,protein,SYNTH_SRGRRCPEM,1,0,1,,,,,,,,,,,RandomForest
5,protein,SYNTH_SSDNIALLV,1,1,0,,,,,,,,,,,RandomForest
5,protein,SYNTH_SSVSTALAEL,1,1,0,,,,,,,,,,,RandomForest
5,protein,SYNTH_STECSNLLLQY,1,1,0,,,,,,,,,,,RandomForest
5,protein,SYNTH_STFNVPMEK,1,0,1,,,,,,,,,,,RandomForest
5,protein,SYNTH_STIKLLMSL,1,0,1,,,,,,,,,,,RandomForest
5,protein,SYNTH_STLIGDCATV,1,0,1,,,,,,,,,,,RandomForest
5,protein,SYNTH_STLQGPPGTGK,1,0,1,,,,,,,,,,,RandomForest
5,protein,SYNTH_STPCHRGDN,1,1,0,,,,,,,,,,,RandomForest
5,protein,SYNTH_STRSASFY,1,0,1,,,,,,,,,,,RandomForest
5,protein,SYNTH_STTSMGPCK,1,0,1,,,,,,,,,,,RandomForest
5,protein,SYNTH_SVLNDILSR,1,0,1,,,,,,,,,,,RandomForest
5,protein,SYNTH_SVLYYQNNV,1,1,0,,,,,,,,,,,RandomForest
5,protein,SYNTH_SVQPTFSVQR,1,0,1,,,,,,,,,,,RandomForest
5,protein,SYNTH_SVQRNLPFER,1,1,0,,,,,,,,,,,RandomForest
5,protein,SYNTH_SVRLPYMYK,1,1,0,,,,,,,,,,,RandomForest
5,protein,SYNTH_SVYAWNRKR,1,1,0,,,,,,,,,,,RandomForest
5,protein,SYNTH_SYATHSDKF,1,1,0,,,,,,,,,,,RandomForest
5,protein,SYNTH_SYENKTMQL,1,0,1,,,,,,,,,,,RandomForest
5,protein,SYNTH_SYFVVKRHTF,1,1,0,,,,,,,,,,,RandomForest
5,protein,SYNTH_TAAAWYLWEV,1,1,0,,,,,,,,,,,RandomForest
5,protein,SYNTH_TANPKTPKY,1,1,0,,,,,,,,,,,RandomForest
5,protein,SYNTH_TCGKQATKY,1,0,1,,,,,,,,,,,RandomForest
5,protein,SYNTH_TEILPVSMTK,1,0,1,,,,,,,,,,,RandomForest
5,protein,SYNTH_TFFKLVNKF,1,0,1,,,,,,,,,,,RandomForest
5,protein,SYNTH_TFKVSIWNL,1,1,0,,,,,,,,,,,RandomForest
5,protein,SYNTH_TFNGECPNF,1,1,0,,,,,,,,,,,RandomForest
5,protein,SYNTH_TIADYNYKL,1,1,0,,,,,,,,,,,RandomForest
5,protein,SYNTH_TIDQLCKTF,1,1,0,,,,,,,,,,,RandomForest
5,protein,SYNTH_TISLAGSYK,2,2,0,,,,,,,,,,,RandomForest
5,protein,SYNTH_TITEEIAVQ,1,1,0,,,,,,,,,,,RandomForest
5,protein,SYNTH_TITQMNLKY,1,1,0,,,,,,,,,,,RandomForest
5,protein,SYNTH_TIWFLLLSV,1,1,0,,,,,,,,,,,RandomForest
5,protein,SYNTH_TIYYGVPVWK,1,1,0,,,,,,,,,,,RandomForest
5,protein,SYNTH_TLACFVLAAV,1,0,1,,,,,,,,,,,RandomForest
5,protein,SYNTH_TLADAGFIK,1,0,1,,,,,,,,,,,RandomForest
5,protein,SYNTH_TLAVPYNMRV,1,0,1,,,,,,,,,,,RandomForest
5,protein,SYNTH_TLGVLVPHV,1,1,0,,,,,,,,,,,RandomForest
5,protein,SYNTH_TLGVYDYLV,1,0,1,,,,,,,,,,,RandomForest
5,protein,SYNTH_TLIVNSVLL,1,1,0,,,,,,,,,,,RandomForest
5,protein,SYNTH_TLKKRWQLA,1,1,0,,,,,,,,,,,RandomForest
5,protein,SYNTH_TLLCLIPTV,1,1,0,,,,,,,,,,,RandomForest
5,protein,SYNTH_TLMNVLTLV,1,1,0,,,,,,,,,,,RandomForest
5,protein,SYNTH_TLPETTVVRR,1,1,0,,,,,,,,,,,RandomForest
5,protein,SYNTH_TLPKGIMMNV,1,1,0,,,,,,,,,,,RandomForest
5,protein,SYNTH_TLPVNVAFEL,1,0,1,,,,,,,,,,,RandomForest
5,protein,SYNTH_TLQPVSELL,1,0,1,,,,,,,,,,,RandomForest
5,protein,SYNTH_TLQQLLMGT,1,0,1,,,,,,,,,,,RandomForest
5,protein,SYNTH_TLSEQLDFI,1,1,0,,,,,,,,,,,RandomForest
5,protein,SYNTH_TLTLAVPYNM,1,0,1,,,,,,,,,,,RandomForest
5,protein,SYNTH_TLYAVATTFV,1,1,0,,,,,,,,,,,RandomForest
5,protein,SYNTH_TMADLVYAL,1,1,0,,,,,,,,,,,RandomForest
5,protein,SYNTH_TMCDIRQLL,1,1,0,,,,,,,,,,,RandomForest
5,protein,SYNTH_TNVLEGSVAY,1,1,0,,,,,,,,,,,RandomForest
5,protein,SYNTH_TNYMPYFFTL,1,0,1,,,,,,,,,,,RandomForest
5,protein,SYNTH_TPAFDKSAF,1,1,0,,,,,,,,,,,RandomForest
5,protein,SYNTH_TPARVTGGVF,2,2,0,,,,,,,,,,,RandomForest
5,protein,SYNTH_TPCHRGDNQ,1,1,0,,,,,,,,,,,RandomForest
5,protein,SYNTH_TPCNGVEGF,1,0,1,,,,,,,,,,,RandomForest
5,protein,SYNTH_TPEGIIPSM,1,1,0,,,,,,,,,,,RandomForest
5,protein,SYNTH_TPFGQQRVF,1,1,0,,,,,,,,,,,RandomForest
5,protein,SYNTH_TPGPGTRFPL,1,1,0,,,,,,,,,,,RandomForest
5,protein,SYNTH_TPPGSRDPF,1,1,0,,,,,,,,,,,RandomForest
5,protein,SYNTH_TPRSMPGTRR,1,1,0,,,,,,,,,,,RandomForest
5,protein,SYNTH_TPRVTGGAM,1,1,0,,,,,,,,,,,RandomForest
5,protein,SYNTH_TPRVTGGGA,1,1,0,,,,,,,,,,,RandomForest
5,protein,SYNTH_TPSFKKGAKL,1,0,1,,,,,,,,,,,RandomForest
5,protein,SYNTH_TPSFPHIHLK,1,0,1,,,,,,,,,,,RandomForest
5,protein,SYNTH_TPSGTWLTYTY,1,1,0,,,,,,,,,,,RandomForest
5,protein,SYNTH_TPSVSSSISSL,1,1,0,,,,,,,,,,,RandomForest
5,protein,SYNTH_TQLPPAYTNSF,1,1,0,,,,,,,,,,,RandomForest
5,protein,SYNTH_TQMNLKYAI,1,1,0,,,,,,,,,,,RandomForest
5,protein,SYNTH_TRNPQPFMR,1,0,1,,,,,,,,,,,RandomForest
5,protein,SYNTH_TSAGRKRKS,1,1,0,,,,,,,,,,,RandomForest
5,protein,SYNTH_TSAMHTMLF,1,1,0,,,,,,,,,,,RandomForest
5,protein,SYNTH_TSCPPICPGY,1,0,1,,,,,,,,,,,RandomForest
5,protein,SYNTH_TSEDMLNPNY,1,1,0,,,,,,,,,,,RandomForest
5,protein,SYNTH_TSFGPLVRK,1,1,0,,,,,,,,,,,RandomForest
5,protein,SYNTH_TSKKRSWPL,1,1,0,,,,,,,,,,,RandomForest
5,protein,SYNTH_TSLNFLGGAPK,1,0,1,,,,,,,,,,,RandomForest
5,protein,SYNTH_TSMFPSCCCTK,1,1,0,,,,,,,,,,,RandomForest
5,protein,SYNTH_TSNEVAVLY,1,1,0,,,,,,,,,,,RandomForest
5,protein,SYNTH_TSQWLTNIF,1,1,0,,,,,,,,,,,RandomForest
5,protein,SYNTH_TTEILPVSMTK,1,0,1,,,,,,,,,,,RandomForest
5,protein,SYNTH_TTIAKNTVK,1,1,0,,,,,,,,,,,RandomForest
5,protein,SYNTH_TTVYPPSSTAK,1,1,0,,,,,,,,,,,RandomForest
5,protein,SYNTH_TTWEDVPYL,1,1,0,,,,,,,,,,,RandomForest
5,protein,SYNTH_TVDSSQGSEY,1,0,1,,,,,,,,,,,RandomForest
5,protein,SYNTH_TVIKTNMI,1,1,0,,,,,,,,,,,RandomForest
5,protein,SYNTH_TVKPGNFNK,1,1,0,,,,,,,,,,,RandomForest
5,protein,SYNTH_TVLSFCAFAV,1,0,1,,,,,,,,,,,RandomForest
5,protein,SYNTH_TVMDIISRR,1,1,0,,,,,,,,,,,RandomForest
5,protein,SYNTH_TVRSHCVSKI,1,1,0,,,,,,,,,,,RandomForest
5,protein,SYNTH_TVSGLAWTR,1,1,0,,,,,,,,,,,RandomForest
5,protein,SYNTH_TVYYGVPAGR,1,1,0,,,,,,,,,,,RandomForest
5,protein,SYNTH_TVYYGVPVWK,1,1,0,,,,,,,,,,,RandomForest
5,protein,SYNTH_TYGWNLVKL,1,1,0,,,,,,,,,,,RandomForest
5,protein,SYNTH_TYHGAIKLD,1,1,0,,,,,,,,,,,RandomForest
5,protein,SYNTH_TYLALIATF,1,1,0,,,,,,,,,,,RandomForest
5,protein,SYNTH_TYNKEWPLLL,1,0,1,,,,,,,,,,,RandomForest
5,protein,SYNTH_TYNLWNTF,1,0,1,,,,,,,,,,,RandomForest
5,protein,SYNTH_TYQWIIRNW,1,1,0,,,,,,,,,,,RandomForest
5,protein,SYNTH_TYSTYGKFL,1,1,0,,,,,,,,,,,RandomForest
5,protein,SYNTH_TYVLVTVNSL,1,0,1,,,,,,,,,,,RandomForest
5,protein,SYNTH_VAALFFFDI,2,2,0,,,,,,,,,,,RandomForest
5,protein,SYNTH_VAFLRFLTI,1,1,0,,,,,,,,,,,RandomForest
5,protein,SYNTH_VDDPCPIHFY,1,1,0,,,,,,,,,,,RandomForest
5,protein,SYNTH_VELGTEVNEF,1,1,0,,,,,,,,,,,RandomForest
5,protein,SYNTH_VENPDILRVY,1,1,0,,,,,,,,,,,RandomForest
5,protein,SYNTH_VFPTKDVAL,1,0,1,,,,,,,,,,,RandomForest
5,protein,SYNTH_VFVSNGTHW,1,1,0,,,,,,,,,,,RandomForest
5,protein,SYNTH_VGRQEKGKSL,1,1,0,,,,,,,,,,,RandomForest
5,protein,SYNTH_VIYMGTLSY,1,1,0,,,,,,,,,,,RandomForest
5,protein,SYNTH_VIYQYMDDL,1,1,0,,,,,,,,,,,RandomForest
5,protein,SYNTH_VLAWLYAAV,1,1,0,,,,,,,,,,,RandomForest
5,protein,SYNTH_VLCLRPVGA,1,1,0,,,,,,,,,,,RandomForest
5,protein,SYNTH_VLCNSQTSL,1,1,0,,,,,,,,,,,RandomForest
5,protein,SYNTH_VLCPKNMIIK,1,0,1,,,,,,,,,,,RandomForest
5,protein,SYNTH_VLDDGIYRI,1,1,0,,,,,,,,,,,RandomForest
5,protein,SYNTH_VLDDHYKTAL,1,1,0,,,,,,,,,,,RandomForest
5,protein,SYNTH_VLEWRFDSRL,1,1,0,,,,,,,,,,,RandomForest
5,protein,SYNTH_VLFLNMTTRL,1,0,1,,,,,,,,,,,RandomForest
5,protein,SYNTH_VLFSTVFPPT,1,0,1,,,,,,,,,,,RandomForest
5,protein,SYNTH_VLGGCRHKL,1,1,0,,,,,,,,,,,RandomForest
5,protein,SYNTH_VLGLAAIMQL,1,1,0,,,,,,,,,,,RandomForest
5,protein,SYNTH_VLGPISGHV,1,1,0,,,,,,,,,,,RandomForest
5,protein,SYNTH_VLLSVLQQL,1,1,0,,,,,,,,,,,RandomForest
5,protein,SYNTH_VLMHRGKRI,1,1,0,,,,,,,,,,,RandomForest
5,protein,SYNTH_VLNDIFSRL,1,1,0,,,,,,,,,,,RandomForest
5,protein,SYNTH_VLQVRDVLV,1,1,0,,,,,,,,,,,RandomForest
5,protein,SYNTH_VLRGFLILGK,1,1,0,,,,,,,,,,,RandomForest
5,protein,SYNTH_VLSEARQHL,1,1,0,,,,,,,,,,,RandomForest
5,protein,SYNTH_VLSFELLHA,1,1,0,,,,,,,,,,,RandomForest
5,protein,SYNTH_VLTAVVIPT,1,0,1,,,,,,,,,,,RandomForest
5,protein,SYNTH_VLTLDNQDL,1,1,0,,,,,,,,,,,RandomForest
5,protein,SYNTH_VLYQDVNCTEV,1,1,0,,,,,,,,,,,RandomForest
5,protein,SYNTH_VLYYTVTSL,1,1,0,,,,,,,,,,,RandomForest
5,protein,SYNTH_VMCGGSLYV,1,1,0,,,,,,,,,,,RandomForest
5,protein,SYNTH_VMDEFIERY,1,1,0,,,,,,,,,,,RandomForest
5,protein,SYNTH_VMYASAVVLL,1,1,0,,,,,,,,,,,RandomForest
5,protein,SYNTH_VPFWITIAY,1,1,0,,,,,,,,,,,RandomForest
5,protein,SYNTH_VPLHGTIL,1,1,0,,,,,,,,,,,RandomForest
5,protein,SYNTH_VPLTEDAEL,1,1,0,,,,,,,,,,,RandomForest
5,protein,SYNTH_VPNYNLIVM,1,1,0,,,,,,,,,,,RandomForest
5,protein,SYNTH_VPQEHYVRI,1,1,0,,,,,,,,,,,RandomForest
5,protein,SYNTH_VPYFNMVYM,1,1,0,,,,,,,,,,,RandomForest
5,protein,SYNTH_VQGQNLKYQ,1,1,0,,,,,,,,,,,RandomForest
5,protein,SYNTH_VRMILLTHF,1,1,0,,,,,,,,,,,RandomForest
5,protein,SYNTH_VSIPWTHK,1,0,1,,,,,,,,,,,RandomForest
5,protein,SYNTH_VSLAIDAYPL,1,0,1,,,,,,,,,,,RandomForest
5,protein,SYNTH_VTDNTFTLK,1,1,0,,,,,,,,,,,RandomForest
5,protein,SYNTH_VTEHDTLLY,1,1,0,,,,,,,,,,,RandomForest
5,protein,SYNTH_VTLADAGFIK,1,0,1,,,,,,,,,,,RandomForest
5,protein,SYNTH_VTLAILTALR,1,0,1,,,,,,,,,,,RandomForest
5,protein,SYNTH_VTLLAGVVSK,1,0,1,,,,,,,,,,,RandomForest
5,protein,SYNTH_VTLSGSPPR,1,1,0,,,,,,,,,,,RandomForest
5,protein,SYNTH_VTPSGTWLTY,1,0,1,,,,,,,,,,,RandomForest
5,protein,SYNTH_VTRGAVLMHK,1,1,0,,,,,,,,,,,RandomForest
5,protein,SYNTH_VVCTEIDPK,1,1,0,,,,,,,,,,,RandomForest
5,protein,SYNTH_VVDSYYSLL,1,1,0,,,,,,,,,,,RandomForest
5,protein,SYNTH_VVFDPQFTR,1,1,0,,,,,,,,,,,RandomForest
5,protein,SYNTH_VVISSDVLV,1,0,1,,,,,,,,,,,RandomForest
5,protein,SYNTH_VVLVGLMAL,1,0,1,,,,,,,,,,,RandomForest
5,protein,SYNTH_VVLVGLMVL,1,0,1,,,,,,,,,,,RandomForest
5,protein,SYNTH_VVNARLRAK,1,0,1,,,,,,,,,,,RandomForest
5,protein,SYNTH_VVPGLPGTIL,1,0,1,,,,,,,,,,,RandomForest
5,protein,SYNTH_VVYDAKFEK,1,1,0,,,,,,,,,,,RandomForest
5,protein,SYNTH_VVYRGTTTYK,2,1,1,,,,,,,,,,,RandomForest
5,protein,SYNTH_VYANGGKGF,1,0,1,,,,,,,,,,,RandomForest
5,protein,SYNTH_VYDLANNTL,1,0,1,,,,,,,,,,,RandomForest
5,protein,SYNTH_VYSSANNCTF,1,0,1,,,,,,,,,,,RandomForest
5,protein,SYNTH_VYTQLCDHRL,1,1,0,,,,,,,,,,,RandomForest
5,protein,SYNTH_WALCESITL,1,1,0,,,,,,,,,,,RandomForest
5,protein,SYNTH_WEPSKGWKNW,1,1,0,,,,,,,,,,,RandomForest
5,protein,SYNTH_WFHISCLTF,1,1,0,,,,,,,,,,,RandomForest
5,protein,SYNTH_WFLNRFTTTL,1,1,0,,,,,,,,,,,RandomForest
5,protein,SYNTH_WHYPCTANF,1,1,0,,,,,,,,,,,RandomForest
5,protein,SYNTH_WICLLQFAY,1,1,0,,,,,,,,,,,RandomForest
5,protein,SYNTH_WILRGTSFV,1,0,1,,,,,,,,,,,RandomForest
5,protein,SYNTH_WLIVGVALL,1,1,0,,,,,,,,,,,RandomForest
5,protein,SYNTH_WLSVIWMMWY,1,1,0,,,,,,,,,,,RandomForest
5,protein,SYNTH_WLVHRQWFL,1,1,0,,,,,,,,,,,RandomForest
5,protein,SYNTH_WPWYIWLGF,1,1,0,,,,,,,,,,,RandomForest
5,protein,SYNTH_WTAGAAAYY,2,0,2,,,,,,,,,,,RandomForest
5,protein,SYNTH_WTAGAAAYYV,1,1,0,,,,,,,,,,,RandomForest
5,protein,SYNTH_WYWGPSLYNI,1,0,1,,,,,,,,,,,RandomForest
5,protein,SYNTH_YAQMWQLMYF,1,1,0,,,,,,,,,,,RandomForest
5,protein,SYNTH_YASAVVLLI,1,1,0,,,,,,,,,,,RandomForest
5,protein,SYNTH_YDPVAALFF,1,1,0,,,,,,,,,,,RandomForest
5,protein,SYNTH_YDQENPYRTW,1,1,0,,,,,,,,,,,RandomForest
5,protein,SYNTH_YEQYIKWPW,1,1,0,,,,,,,,,,,RandomForest
5,protein,SYNTH_YGGPISQHNY,1,1,0,,,,,,,,,,,RandomForest
5,protein,SYNTH_YIATNGPLK,1,1,0,,,,,,,,,,,RandomForest
5,protein,SYNTH_YIDIGDYTV,1,1,0,,,,,,,,,,,RandomForest
5,protein,SYNTH_YIKWPWYIWL,1,1,0,,,,,,,,,,,RandomForest
5,protein,SYNTH_YILFTRFFY,1,1,0,,,,,,,,,,,RandomForest
5,protein,SYNTH_YINVFAFPF,1,1,0,,,,,,,,,,,RandomForest
5,protein,SYNTH_YIWLGFIAG,1,1,0,,,,,,,,,,,RandomForest
5,protein,SYNTH_YKVASEGFQY,1,1,0,,,,,,,,,,,RandomForest
5,protein,SYNTH_YLDAYNMMI,1,0,1,,,,,,,,,,,RandomForest
5,protein,SYNTH_YLFDESGEFKL,1,1,0,,,,,,,,,,,RandomForest
5,protein,SYNTH_YLFNWAVRT,1,1,0,,,,,,,,,,,RandomForest
5,protein,SYNTH_YLGGMSYYC,1,1,0,,,,,,,,,,,RandomForest
5,protein,SYNTH_YLGTGPEAGL,1,1,0,,,,,,,,,,,RandomForest
5,protein,SYNTH_YLLFLYLPM,1,0,1,,,,,,,,,,,RandomForest
5,protein,SYNTH_YLNTLTLAV,1,1,0,,,,,,,,,,,RandomForest
5,protein,SYNTH_YLQLRTFLL,1,1,0,,,,,,,,,,,RandomForest
5,protein,SYNTH_YLQPRTFLL,1,1,0,,,,,,,,,,,RandomForest
5,protein,SYNTH_YLTFYLTNDV,1,0,1,,,,,,,,,,,RandomForest
5,protein,SYNTH_YLTPGDSSS,1,0,1,,,,,,,,,,,RandomForest
5,protein,SYNTH_YLYFIKGLNNL,1,1,0,,,,,,,,,,,RandomForest
5,protein,SYNTH_YLYLTFYLT,1,0,1,,,,,,,,,,,RandomForest
5,protein,SYNTH_YMHHMELPTGV,1,1,0,,,,,,,,,,,RandomForest
5,protein,SYNTH_YPALMPLYA,1,0,1,,,,,,,,,,,RandomForest
5,protein,SYNTH_YPASIKKVL,1,0,1,,,,,,,,,,,RandomForest
5,protein,SYNTH_YPDKVFRSSVL,1,1,0,,,,,,,,,,,RandomForest
5,protein,SYNTH_YQDVNCTEV,1,0,1,,,,,,,,,,,RandomForest
5,protein,SYNTH_YQPYRVVVL,1,0,1,,,,,,,,,,,RandomForest
5,protein,SYNTH_YRIFAELEG,1,1,0,,,,,,,,,,,RandomForest
5,protein,SYNTH_YRIQGKLEY,1,0,1,,,,,,,,,,,RandomForest
5,protein,SYNTH_YRLFRKSNL,1,0,1,,,,,,,,,,,RandomForest
5,protein,SYNTH_YSDRRDHVWSY,1,1,0,,,,,,,,,,,RandomForest
5,protein,SYNTH_YSEHPTFTS,1,1,0,,,,,,,,,,,RandomForest
5,protein,SYNTH_YSRYRIGNY,1,0,1,,,,,,,,,,,RandomForest
5,protein,SYNTH_YTACSHAAV,1,1,0,,,,,,,,,,,RandomForest
5,protein,SYNTH_YTDFSSEII,1,1,0,,,,,,,,,,,RandomForest
5,protein,SYNTH_YTNSFTRGVY,1,1,0,,,,,,,,,,,RandomForest
5,protein,SYNTH_YTNSFTRGVYY,1,1,0,,,,,,,,,,,RandomForest
5,protein,SYNTH_YTSAFVFPTK,1,0,1,,,,,,,,,,,RandomForest
5,protein,SYNTH_YTTTIKPVTY,1,1,0,,,,,,,,,,,RandomForest
5,protein,SYNTH_YVFTGYRVTK,1,0,1,,,,,,,,,,,RandomForest
5,protein,SYNTH_YVIGSWGTL,1,0,1,,,,,,,,,,,RandomForest
5,protein,SYNTH_YVNTFSSTFNV,1,1,0,,,,,,,,,,,RandomForest
5,protein,SYNTH_YVVDDPCPI,1,1,0,,,,,,,,,,,RandomForest
5,protein,SYNTH_YVWKSYVHV,1,1,0,,,,,,,,,,,RandomForest
5,protein,SYNTH_YVWKSYVHVV,1,1,0,,,,,,,,,,,RandomForest
5,protein,SYNTH_YVYNPFMIDV,1,0,1,,,,,,,,,,,RandomForest
5,protein,SYNTH_YYEALFLYML,1,0,1,,,,,,,,,,,RandomForest
5,protein,SYNTH_YYIHNCEKV,1,0,1,,,,,,,,,,,RandomForest
5,protein,SYNTH_YYTSNPTTFHL,1,1,0,,,,,,,,,,,RandomForest
5,protein,VE1_HPV16,3,3,0,,,,,,,,,,,RandomForest
5,protein,VE2_HPV16,4,3,1,,,,,,,,,,,RandomForest
5,protein,VE5_HPV16,1,1,0,,,,,,,,,,,RandomForest
5,protein,VE6_HPV16,9,7,2,,,,,,,,,,,RandomForest
5,protein,VE6_HPV18,2,1,1,,,,,,,,,,,RandomForest
5,protein,VE7_HPV16,6,4,2,,,,,,,,,,,RandomForest
5,protein,VE7_HPV18,2,2,0,,,,,,,,,,,RandomForest
1,overall,all,914,628,286,0.666192485858091,0.8035314202008612,0.8791208791208791,0.8464912280701754,0.8791208791208791,0.12738853503184713,0.890337755013628,0.8464912280701754,0.3073248407643312,0.857333686473827,XGBoost
1,virus,CMV,100,77,23,0.8119706380575946,0.9308308051248889,1.0,0.96,1.0,0.12987012987012986,1.0,0.96,0.3116883116883117,0.9667675915608257,XGBoost
1,virus,DENV,97,97,0,,,,,,,,,,,XGBoost
1,virus,EBV,32,25,7,0.6514285714285715,0.8872471796109411,1.0,0.875,1.0,0.12,1.0,0.875,0.28,0.9202054614375519,XGBoost
1,virus,HBV,71,36,35,0.6507936507936507,0.6914121446609709,0.7142857142857143,0.7058823529411765,0.7142857142857143,0.1388888888888889,0.8020378746650065,0.7058823529411765,0.3333333333333333,0.7707701745736901,XGBoost
1,virus,HCV,38,25,13,0.6584615384615385,0.7435455596528053,0.6666666666666666,0.7777777777777778,0.6666666666666666,0.08,0.5307212739772434,0.7777777777777778,0.28,0.6740264199665358,XGBoost
1,virus,HIV-1,36,22,14,0.6006493506493507,0.7269269313286137,1.0,0.5555555555555556,1.0,0.13636363636363635,1.0,0.5555555555555556,0.22727272727272727,0.6804426793756725,XGBoost
1,virus,HPV,11,0,11,,,,,,,,,,,XGBoost
1,virus,HPV16,20,20,0,,,,,,,,,,,XGBoost
1,virus,HPV18,7,4,3,,,,,,,,,,,XGBoost
1,virus,IAV,41,21,20,0.6404761904761904,0.625184731060307,0.5,0.7,0.5,0.09523809523809523,0.4414924137367807,0.7,0.3333333333333333,0.6156886473955917,XGBoost
1,virus,RSV,3,3,0,,,,,,,,,,,XGBoost
1,virus,SARS-CoV-2,458,298,160,0.6319421140939597,0.7626811764278558,0.8888888888888888,0.8070175438596491,0.8888888888888888,0.1342281879194631,0.8980097804836804,0.8070175438596491,0.3087248322147651,0.8276060795608309,XGBoost
1,protein,BARF1_EBVG,3,3,0,,,,,,,,,,,XGBoost
1,protein,BRLF1_EBVB9,1,1,0,,,,,,,,,,,XGBoost
1,protein,BZLF1_EBVB9,1,1,0,,,,,,,,,,,XGBoost
1,protein,DPOL_EBVG,1,1,0,,,,,,,,,,,XGBoost
1,protein,EAD_EBVG,1,0,1,,,,,,,,,,,XGBoost
1,protein,EBNA1_EBVB9,1,0,1,,,,,,,,,,,XGBoost
1,protein,EBNA1_EBVG,1,1,0,,,,,,,,,,,XGBoost
1,protein,EBNA3_EBVB9,2,2,0,,,,,,,,,,,XGBoost
1,protein,EBNA4_EBVB9,1,1,0,,,,,,,,,,,XGBoost
1,protein,EBNA6_EBVG,2,1,1,,,,,,,,,,,XGBoost
1,protein,GB_EBVG,1,1,0,,,,,,,,,,,XGBoost
1,protein,ICP27_EBVB9,3,1,2,,,,,,,,,,,XGBoost
1,protein,LMP1_EBVB9,1,1,0,,,,,,,,,,,XGBoost
1,protein,LMP2_EBVB9,6,5,1,,,,,,,,,,,XGBoost
1,protein,LTP_EBVG,1,1,0,,,,,,,,,,,XGBoost
1,protein,RIR2_EBVG,1,1,0,,,,,,,,,,,XGBoost
1,protein,SYNTH_AADLDDFSKQL,1,1,0,,,,,,,,,,,XGBoost
1,protein,SYNTH_AALLADKFPV,1,0,1,,,,,,,,,,,XGBoost
1,protein,SYNTH_AEHVNNSY,1,1,0,,,,,,,,,,,XGBoost
1,protein,SYNTH_AEIPKEEVKPF,1,0,1,,,,,,,,,,,XGBoost
1,protein,SYNTH_AFAKYLWEW,1,0,1,,,,,,,,,,,XGBoost
1,protein,SYNTH_AFPFTIYSL,1,0,1,,,,,,,,,,,XGBoost
1,protein,SYNTH_AGAAAYYVGY,1,0,1,,,,,,,,,,,XGBoost
1,protein,SYNTH_AGDSGFAAY,1,0,1,,,,,,,,,,,XGBoost
1,protein,SYNTH_AGLPYGANK,1,0,1,,,,,,,,,,,XGBoost
1,protein,SYNTH_AIFQCSMTK,1,0,1,,,,,,,,,,,XGBoost
1,protein,SYNTH_AIFQSSMTK,1,0,1,,,,,,,,,,,XGBoost
1,protein,SYNTH_AIHVSGTNGTK,1,0,1,,,,,,,,,,,XGBoost
1,protein,SYNTH_AIIRILQQL,1,1,0,,,,,,,,,,,XGBoost
1,protein,SYNTH_AIKLDDKDP,1,1,0,,,,,,,,,,,XGBoost
1,protein,SYNTH_AIMTRCLAV,1,1,0,,,,,,,,,,,XGBoost
1,protein,SYNTH_AISDYDYYR,1,1,0,,,,,,,,,,,XGBoost
1,protein,SYNTH_AISGTNGTK,1,0,1,,,,,,,,,,,XGBoost
1,protein,SYNTH_AIVSTIQRK,1,0,1,,,,,,,,,,,XGBoost
1,protein,SYNTH_AIYGAAFSGV,1,1,0,,,,,,,,,,,XGBoost
1,protein,SYNTH_ALDPLSETK,1,1,0,,,,,,,,,,,XGBoost
1,protein,SYNTH_ALFFFDIDL,1,1,0,,,,,,,,,,,XGBoost
1,protein,SYNTH_ALFNQLVFTA,1,1,0,,,,,,,,,,,XGBoost
1,protein,SYNTH_ALNLGETFV,1,1,0,,,,,,,,,,,XGBoost
1,protein,SYNTH_ALNTPKDHI,1,1,0,,,,,,,,,,,XGBoost
1,protein,SYNTH_ALPLKMLNI,1,1,0,,,,,,,,,,,XGBoost
1,protein,SYNTH_ALSEGVYRI,1,1,0,,,,,,,,,,,XGBoost
1,protein,SYNTH_ALSGVFCGV,1,1,0,,,,,,,,,,,XGBoost
1,protein,SYNTH_ALSTGLIHL,1,1,0,,,,,,,,,,,XGBoost
1,protein,SYNTH_ALWYVWQVK,1,1,0,,,,,,,,,,,XGBoost
1,protein,SYNTH_ALYPEYIYTV,1,1,0,,,,,,,,,,,XGBoost
1,protein,SYNTH_ALYYPSARI,1,1,0,,,,,,,,,,,XGBoost
1,protein,SYNTH_AMASASTSA,1,0,1,,,,,,,,,,,XGBoost
1,protein,SYNTH_AMQTMLFTM,1,1,0,,,,,,,,,,,XGBoost
1,protein,SYNTH_APATVCGPK,1,1,0,,,,,,,,,,,XGBoost
1,protein,SYNTH_APGQTGKIA,1,0,1,,,,,,,,,,,XGBoost
1,protein,SYNTH_APRITFGGP,1,1,0,,,,,,,,,,,XGBoost
1,protein,SYNTH_APTLVPQEHYV,1,1,0,,,,,,,,,,,XGBoost
1,protein,SYNTH_APTRVVAAEM,2,2,0,,,,,,,,,,,XGBoost
1,protein,SYNTH_APYLRDTL,1,1,0,,,,,,,,,,,XGBoost
1,protein,SYNTH_AQFAPSASAF,1,1,0,,,,,,,,,,,XGBoost
1,protein,SYNTH_AQPKRRRHR,1,1,0,,,,,,,,,,,XGBoost
1,protein,SYNTH_ASCMGLIYNR,1,1,0,,,,,,,,,,,XGBoost
1,protein,SYNTH_ASFSTFKCY,1,1,0,,,,,,,,,,,XGBoost
1,protein,SYNTH_ASGKQMWQA,1,1,0,,,,,,,,,,,XGBoost
1,protein,SYNTH_ATAEAELAK,1,0,1,,,,,,,,,,,XGBoost
1,protein,SYNTH_ATDALMTGF,1,1,0,,,,,,,,,,,XGBoost
1,protein,SYNTH_ATPSDFVRA,1,0,1,,,,,,,,,,,XGBoost
1,protein,SYNTH_ATTFLQTMLR,1,0,1,,,,,,,,,,,XGBoost
1,protein,SYNTH_ATVQGQNLK,1,1,0,,,,,,,,,,,XGBoost
1,protein,SYNTH_AVASKILGL,1,1,0,,,,,,,,,,,XGBoost
1,protein,SYNTH_AVDLSHFLK,1,0,1,,,,,,,,,,,XGBoost
1,protein,SYNTH_AVFDKNLYDK,1,1,0,,,,,,,,,,,XGBoost
1,protein,SYNTH_AVILRGHLR,1,0,1,,,,,,,,,,,XGBoost
1,protein,SYNTH_AVLDMCASLK,1,0,1,,,,,,,,,,,XGBoost
1,protein,SYNTH_AVMYMGTLSY,1,0,1,,,,,,,,,,,XGBoost
1,protein,SYNTH_AYFKDCVFK,1,0,1,,,,,,,,,,,XGBoost
1,protein,SYNTH_AYLGLSKKL,1,0,1,,,,,,,,,,,XGBoost
1,protein,SYNTH_AYQKRMGVQM,1,0,1,,,,,,,,,,,XGBoost
1,protein,SYNTH_CFAYYFMRF,1,1,0,,,,,,,,,,,XGBoost
1,protein,SYNTH_CILHCANFNV,1,0,1,,,,,,,,,,,XGBoost
1,protein,SYNTH_CLAVHECFV,1,1,0,,,,,,,,,,,XGBoost
1,protein,SYNTH_CLGGLITMV,1,1,0,,,,,,,,,,,XGBoost
1,protein,SYNTH_CPACHNSEV,1,1,0,,,,,,,,,,,XGBoost
1,protein,SYNTH_CPTQGEATL,1,1,0,,,,,,,,,,,XGBoost
1,protein,SYNTH_CTELKLSDYH,1,0,1,,,,,,,,,,,XGBoost
1,protein,SYNTH_CTLSEQLDFI,1,0,1,,,,,,,,,,,XGBoost
1,protein,SYNTH_CVMYASAVV,1,1,0,,,,,,,,,,,XGBoost
1,protein,SYNTH_DDKDPNFKD,1,1,0,,,,,,,,,,,XGBoost
1,protein,SYNTH_DDKDPQFKD,1,1,0,,,,,,,,,,,XGBoost
1,protein,SYNTH_DEFVVVTV,1,1,0,,,,,,,,,,,XGBoost
1,protein,SYNTH_DELRRKMMYM,1,1,0,,,,,,,,,,,XGBoost
1,protein,SYNTH_DIYRIFAEL,1,1,0,,,,,,,,,,,XGBoost
1,protein,SYNTH_DKVFRSSVL,1,0,1,,,,,,,,,,,XGBoost
1,protein,SYNTH_DLCGSVFLV,1,1,0,,,,,,,,,,,XGBoost
1,protein,SYNTH_DLDFGDLLKY,1,1,0,,,,,,,,,,,XGBoost
1,protein,SYNTH_DLFMRIFTI,1,1,0,,,,,,,,,,,XGBoost
1,protein,SYNTH_DLLFNKVTL,1,0,1,,,,,,,,,,,XGBoost
1,protein,SYNTH_DLMRRGDLPV,1,1,0,,,,,,,,,,,XGBoost
1,protein,SYNTH_DLPLIIQRL,1,1,0,,,,,,,,,,,XGBoost
1,protein,SYNTH_DLPQGFSAL,1,0,1,,,,,,,,,,,XGBoost
1,protein,SYNTH_DPIPYDPKF,1,1,0,,,,,,,,,,,XGBoost
1,protein,SYNTH_DPNNMDRAV,1,0,1,,,,,,,,,,,XGBoost
1,protein,SYNTH_DVLLPLTQY,1,1,0,,,,,,,,,,,XGBoost
1,protein,SYNTH_DYEPVPRKF,1,0,1,,,,,,,,,,,XGBoost
1,protein,SYNTH_DYKHWPQIAQF,1,1,0,,,,,,,,,,,XGBoost
1,protein,SYNTH_EDMNLPGRW,1,0,1,,,,,,,,,,,XGBoost
1,protein,SYNTH_EEATALGREL,1,1,0,,,,,,,,,,,XGBoost
1,protein,SYNTH_EEDLTMTRN,1,1,0,,,,,,,,,,,XGBoost
1,protein,SYNTH_EFFWDANDI,1,1,0,,,,,,,,,,,XGBoost
1,protein,SYNTH_EILGTVSWNL,1,1,0,,,,,,,,,,,XGBoost
1,protein,SYNTH_EILPVSMTK,1,0,1,,,,,,,,,,,XGBoost
1,protein,SYNTH_EKEENLVNSL,1,1,0,,,,,,,,,,,XGBoost
1,protein,SYNTH_ELEGVWQPA,1,1,0,,,,,,,,,,,XGBoost
1,protein,SYNTH_ELKGMSYAM,1,1,0,,,,,,,,,,,XGBoost
1,protein,SYNTH_ELKSRYWAI,1,1,0,,,,,,,,,,,XGBoost
1,protein,SYNTH_ELMRRGDLPV,1,1,0,,,,,,,,,,,XGBoost
1,protein,SYNTH_ELPDEFVVV,1,1,0,,,,,,,,,,,XGBoost
1,protein,SYNTH_ELYSPIFLI,1,1,0,,,,,,,,,,,XGBoost
1,protein,SYNTH_ELYSPIFLIV,1,1,0,,,,,,,,,,,XGBoost
1,protein,SYNTH_EPKEGTKKLM,1,1,0,,,,,,,,,,,XGBoost
1,protein,SYNTH_EQYIKWPWYI,1,1,0,,,,,,,,,,,XGBoost
1,protein,SYNTH_EQYIKWPWYIW,1,1,0,,,,,,,,,,,XGBoost
1,protein,SYNTH_ETALALLLL,1,1,0,,,,,,,,,,,XGBoost
1,protein,SYNTH_EWSMATYYLF,1,0,1,,,,,,,,,,,XGBoost
1,protein,SYNTH_EYHDVRVVL,1,1,0,,,,,,,,,,,XGBoost
1,protein,SYNTH_EYLVSFGVW,1,1,0,,,,,,,,,,,XGBoost
1,protein,SYNTH_EYLVSFGVWI,1,0,1,,,,,,,,,,,XGBoost
1,protein,SYNTH_FAFADLTVV,1,0,1,,,,,,,,,,,XGBoost
1,protein,SYNTH_FAMQMAYRF,1,1,0,,,,,,,,,,,XGBoost
1,protein,SYNTH_FAPSASAFF,1,1,0,,,,,,,,,,,XGBoost
1,protein,SYNTH_FASEAARVV,1,1,0,,,,,,,,,,,XGBoost
1,protein,SYNTH_FASTEKSNII,1,0,1,,,,,,,,,,,XGBoost
1,protein,SYNTH_FAVSKGFFK,1,1,0,,,,,,,,,,,XGBoost
1,protein,SYNTH_FCNDPFLGV,1,1,0,,,,,,,,,,,XGBoost
1,protein,SYNTH_FDIDLLLQR,1,1,0,,,,,,,,,,,XGBoost
1,protein,SYNTH_FEPSTQYEY,1,1,0,,,,,,,,,,,XGBoost
1,protein,SYNTH_FFASFYYVW,1,0,1,,,,,,,,,,,XGBoost
1,protein,SYNTH_FFFDIDLLL,1,0,1,,,,,,,,,,,XGBoost
1,protein,SYNTH_FFFDIDLLLQ,1,0,1,,,,,,,,,,,XGBoost
1,protein,SYNTH_FFSYFAVHF,1,1,0,,,,,,,,,,,XGBoost
1,protein,SYNTH_FGDDTVIEV,2,2,0,,,,,,,,,,,XGBoost
1,protein,SYNTH_FGLVAEWFLA,1,1,0,,,,,,,,,,,XGBoost
1,protein,SYNTH_FIAGNSAYEYV,1,1,0,,,,,,,,,,,XGBoost
1,protein,SYNTH_FIDTKRGVY,1,1,0,,,,,,,,,,,XGBoost
1,protein,SYNTH_FIPMDSTVKNY,1,1,0,,,,,,,,,,,XGBoost
1,protein,SYNTH_FISSKHTL,1,1,0,,,,,,,,,,,XGBoost
1,protein,SYNTH_FLAFVVFLL,1,1,0,,,,,,,,,,,XGBoost
1,protein,SYNTH_FLAFVVFLLV,1,0,1,,,,,,,,,,,XGBoost
1,protein,SYNTH_FLAHIQWMV,1,1,0,,,,,,,,,,,XGBoost
1,protein,SYNTH_FLARGIVFMC,1,0,1,,,,,,,,,,,XGBoost
1,protein,SYNTH_FLCWHTNCY,1,1,0,,,,,,,,,,,XGBoost
1,protein,SYNTH_FLEGETLPT,1,1,0,,,,,,,,,,,XGBoost
1,protein,SYNTH_FLGVYYHKNN,1,0,1,,,,,,,,,,,XGBoost
1,protein,SYNTH_FLHVTYVPA,1,1,0,,,,,,,,,,,XGBoost
1,protein,SYNTH_FLIGCNYLG,1,1,0,,,,,,,,,,,XGBoost
1,protein,SYNTH_FLKKDAPYI,1,0,1,,,,,,,,,,,XGBoost
1,protein,SYNTH_FLLAQFTSAI,1,0,1,,,,,,,,,,,XGBoost
1,protein,SYNTH_FLLPSLATV,1,0,1,,,,,,,,,,,XGBoost
1,protein,SYNTH_FLLSLGIHI,1,1,0,,,,,,,,,,,XGBoost
1,protein,SYNTH_FLNMTTRLVV,1,0,1,,,,,,,,,,,XGBoost
1,protein,SYNTH_FLNRVCGVSA,1,0,1,,,,,,,,,,,XGBoost
1,protein,SYNTH_FLPADFFPSI,1,1,0,,,,,,,,,,,XGBoost
1,protein,SYNTH_FLPADFFPSV,1,1,0,,,,,,,,,,,XGBoost
1,protein,SYNTH_FLPFAMGII,1,1,0,,,,,,,,,,,XGBoost
1,protein,SYNTH_FLPGVYSVI,1,1,0,,,,,,,,,,,XGBoost
1,protein,SYNTH_FLPHDFFPSI,1,1,0,,,,,,,,,,,XGBoost
1,protein,SYNTH_FLPHDFFPSV,1,1,0,,,,,,,,,,,XGBoost
1,protein,SYNTH_FLPNDFFPSA,1,1,0,,,,,,,,,,,XGBoost
1,protein,SYNTH_FLPNDFFPSV,1,1,0,,,,,,,,,,,XGBoost
1,protein,SYNTH_FLQSINFVRI,1,0,1,,,,,,,,,,,XGBoost
1,protein,SYNTH_FLTENLLLYI,1,1,0,,,,,,,,,,,XGBoost
1,protein,SYNTH_FLVQAGNVQL,1,0,1,,,,,,,,,,,XGBoost
1,protein,SYNTH_FLWEWASAR,1,0,1,,,,,,,,,,,XGBoost
1,protein,SYNTH_FLYENAFLP,1,1,0,,,,,,,,,,,XGBoost
1,protein,SYNTH_FLYENAFLPF,1,0,1,,,,,,,,,,,XGBoost
1,protein,SYNTH_FLYIIKLIFL,1,0,1,,,,,,,,,,,XGBoost
1,protein,SYNTH_FMIDVQQWG,1,1,0,,,,,,,,,,,XGBoost
1,protein,SYNTH_FMIDVQQWGF,1,0,1,,,,,,,,,,,XGBoost
1,protein,SYNTH_FMMNRRRLL,1,1,0,,,,,,,,,,,XGBoost
1,protein,SYNTH_FMMNRRRLLA,1,0,1,,,,,,,,,,,XGBoost
1,protein,SYNTH_FMYSDFHFI,1,1,0,,,,,,,,,,,XGBoost
1,protein,SYNTH_FNATRFASVY,1,1,0,,,,,,,,,,,XGBoost
1,protein,SYNTH_FNFNGLTGT,1,0,1,,,,,,,,,,,XGBoost
1,protein,SYNTH_FPGKTVWFVP,1,1,0,,,,,,,,,,,XGBoost
1,protein,SYNTH_FPNITNLCPF,1,0,1,,,,,,,,,,,XGBoost
1,protein,SYNTH_FPQSAPHGVVF,1,1,0,,,,,,,,,,,XGBoost
1,protein,SYNTH_FPQSNAVIQD,1,1,0,,,,,,,,,,,XGBoost
1,protein,SYNTH_FPRGQGVPI,1,1,0,,,,,,,,,,,XGBoost
1,protein,SYNTH_FPVTPQVPL,1,1,0,,,,,,,,,,,XGBoost
1,protein,SYNTH_FQFCNDPFLG,1,1,0,,,,,,,,,,,XGBoost
1,protein,SYNTH_FQMIILSIGR,1,1,0,,,,,,,,,,,XGBoost
1,protein,SYNTH_FQSASKIITL,1,0,1,,,,,,,,,,,XGBoost
1,protein,SYNTH_FQYSDRRWCF,1,1,0,,,,,,,,,,,XGBoost
1,protein,SYNTH_FRRLTSREVL,1,1,0,,,,,,,,,,,XGBoost
1,protein,SYNTH_FSAVGDICY,1,1,0,,,,,,,,,,,XGBoost
1,protein,SYNTH_FSAVGNICY,1,1,0,,,,,,,,,,,XGBoost
1,protein,SYNTH_FSECNALGSY,1,1,0,,,,,,,,,,,XGBoost
1,protein,SYNTH_FSMELPSFGV,1,0,1,,,,,,,,,,,XGBoost
1,protein,SYNTH_FSYFAVHFI,1,0,1,,,,,,,,,,,XGBoost
1,protein,SYNTH_FTDNVRFSV,1,1,0,,,,,,,,,,,XGBoost
1,protein,SYNTH_FTISVTTEI,1,0,1,,,,,,,,,,,XGBoost
1,protein,SYNTH_FTRFFYVLGL,1,0,1,,,,,,,,,,,XGBoost
1,protein,SYNTH_FTSDYYQLY,1,1,0,,,,,,,,,,,XGBoost
1,protein,SYNTH_FTSQYRIQGKL,1,1,0,,,,,,,,,,,XGBoost
1,protein,SYNTH_FTVLCLTPVY,1,0,1,,,,,,,,,,,XGBoost
1,protein,SYNTH_FTYASALWEI,1,0,1,,,,,,,,,,,XGBoost
1,protein,SYNTH_FVANFSMEL,1,1,0,,,,,,,,,,,XGBoost
1,protein,SYNTH_FVDGVPFVVS,1,1,0,,,,,,,,,,,XGBoost
1,protein,SYNTH_FVFFVLLPLV,1,1,0,,,,,,,,,,,XGBoost
1,protein,SYNTH_FVFLVLLPL,1,1,0,,,,,,,,,,,XGBoost
1,protein,SYNTH_FVFPTKDVA,1,1,0,,,,,,,,,,,XGBoost
1,protein,SYNTH_FVLGGCRHKL,1,0,1,,,,,,,,,,,XGBoost
1,protein,SYNTH_FVNEFYAYL,1,1,0,,,,,,,,,,,XGBoost
1,protein,SYNTH_FVSNGTHWF,1,1,0,,,,,,,,,,,XGBoost
1,protein,SYNTH_FVVSTGYHF,1,1,0,,,,,,,,,,,XGBoost
1,protein,SYNTH_FYLTNDVSF,1,0,1,,,,,,,,,,,XGBoost
1,protein,SYNTH_FYVYSRVKNL,1,1,0,,,,,,,,,,,XGBoost
1,protein,SYNTH_GAMDTTSYR,1,0,1,,,,,,,,,,,XGBoost
1,protein,SYNTH_GAMLFLISGK,1,1,0,,,,,,,,,,,XGBoost
1,protein,SYNTH_GGKKKYQL,1,0,1,,,,,,,,,,,XGBoost
1,protein,SYNTH_GGKKRYKL,1,1,0,,,,,,,,,,,XGBoost
1,protein,SYNTH_GILGFIFTL,1,1,0,,,,,,,,,,,XGBoost
1,protein,SYNTH_GILGFVFTL,1,1,0,,,,,,,,,,,XGBoost
1,protein,SYNTH_GILGFVFTLT,1,1,0,,,,,,,,,,,XGBoost
1,protein,SYNTH_GKISHIMLD,1,1,0,,,,,,,,,,,XGBoost
1,protein,SYNTH_GLIAIVMVT,1,1,0,,,,,,,,,,,XGBoost
1,protein,SYNTH_GLITLSYHL,1,1,0,,,,,,,,,,,XGBoost
1,protein,SYNTH_GLLAHIPAL,1,1,0,,,,,,,,,,,XGBoost
1,protein,SYNTH_GLLGFAAPF,1,1,0,,,,,,,,,,,XGBoost
1,protein,SYNTH_GLMWLSYFI,1,1,0,,,,,,,,,,,XGBoost
1,protein,SYNTH_GNYNYLYRLF,1,1,0,,,,,,,,,,,XGBoost
1,protein,SYNTH_GPKVKYLYF,1,1,0,,,,,,,,,,,XGBoost
1,protein,SYNTH_GPRLGVRAT,1,1,0,,,,,,,,,,,XGBoost
1,protein,SYNTH_GPWHLGKLEM,1,1,0,,,,,,,,,,,XGBoost
1,protein,SYNTH_GSEHSLAEY,1,1,0,,,,,,,,,,,XGBoost
1,protein,SYNTH_GTASQETLLK,1,1,0,,,,,,,,,,,XGBoost
1,protein,SYNTH_GTDLEGNFY,1,0,1,,,,,,,,,,,XGBoost
1,protein,SYNTH_GTFEFTSFFY,1,1,0,,,,,,,,,,,XGBoost
1,protein,SYNTH_GTSGSPIADK,1,1,0,,,,,,,,,,,XGBoost
1,protein,SYNTH_GTSGSPIIDK,1,1,0,,,,,,,,,,,XGBoost
1,protein,SYNTH_GVEGEGLHK,1,1,0,,,,,,,,,,,XGBoost
1,protein,SYNTH_GVMTRGRLKA,1,1,0,,,,,,,,,,,XGBoost
1,protein,SYNTH_GVSSVTLLK,1,1,0,,,,,,,,,,,XGBoost
1,protein,SYNTH_GVWIRTPTA,1,1,0,,,,,,,,,,,XGBoost
1,protein,SYNTH_GVYFASIEK,1,1,0,,,,,,,,,,,XGBoost
1,protein,SYNTH_GVYFASTEK,1,1,0,,,,,,,,,,,XGBoost
1,protein,SYNTH_GYLQPRTFLL,1,0,1,,,,,,,,,,,XGBoost
1,protein,SYNTH_GYPALMPL,1,0,1,,,,,,,,,,,XGBoost
1,protein,SYNTH_GYPALMPLY,1,1,0,,,,,,,,,,,XGBoost
1,protein,SYNTH_HADQLTPTW,1,1,0,,,,,,,,,,,XGBoost
1,protein,SYNTH_HALLATSIF,1,1,0,,,,,,,,,,,XGBoost
1,protein,SYNTH_HETGVYQMW,1,1,0,,,,,,,,,,,XGBoost
1,protein,SYNTH_HFISNSWLM,1,1,0,,,,,,,,,,,XGBoost
1,protein,SYNTH_HFQRALIFIL,1,1,0,,,,,,,,,,,XGBoost
1,protein,SYNTH_HIVQKIKMCFK,1,0,1,,,,,,,,,,,XGBoost
1,protein,SYNTH_HLKDGTCGL,1,1,0,,,,,,,,,,,XGBoost
1,protein,SYNTH_HLVDFQVTIA,1,1,0,,,,,,,,,,,XGBoost
1,protein,SYNTH_HNPAVFTWP,1,1,0,,,,,,,,,,,XGBoost
1,protein,SYNTH_HPLADNKFAL,1,1,0,,,,,,,,,,,XGBoost
1,protein,SYNTH_HPNPKGFCDL,1,0,1,,,,,,,,,,,XGBoost
1,protein,SYNTH_HPRVSSEVHI,1,0,1,,,,,,,,,,,XGBoost
1,protein,SYNTH_HPVAEADYFEY,1,1,0,,,,,,,,,,,XGBoost
1,protein,SYNTH_HPVGQADYFEY,1,1,0,,,,,,,,,,,XGBoost
1,protein,SYNTH_HSDKFTDGV,1,1,0,,,,,,,,,,,XGBoost
1,protein,SYNTH_HSNLNDATY,1,1,0,,,,,,,,,,,XGBoost
1,protein,SYNTH_HSRKKCDEL,1,1,0,,,,,,,,,,,XGBoost
1,protein,SYNTH_HTLWKAGILYK,1,1,0,,,,,,,,,,,XGBoost
1,protein,SYNTH_HTWDRHDEG,1,1,0,,,,,,,,,,,XGBoost
1,protein,SYNTH_HVDTDLTKPY,1,1,0,,,,,,,,,,,XGBoost
1,protein,SYNTH_HWPQIAQF,1,1,0,,,,,,,,,,,XGBoost
1,protein,SYNTH_IAIPTNFTI,1,0,1,,,,,,,,,,,XGBoost
1,protein,SYNTH_IAMACLVGL,1,1,0,,,,,,,,,,,XGBoost
1,protein,SYNTH_IFFITGNTL,1,1,0,,,,,,,,,,,XGBoost
1,protein,SYNTH_IFVDGVPFVV,1,0,1,,,,,,,,,,,XGBoost
1,protein,SYNTH_IGMNSRSTSL,1,1,0,,,,,,,,,,,XGBoost
1,protein,SYNTH_IILEFFLMV,1,1,0,,,,,,,,,,,XGBoost
1,protein,SYNTH_IINKRKKTSL,1,1,0,,,,,,,,,,,XGBoost
1,protein,SYNTH_IINNTVYTK,2,0,2,,,,,,,,,,,XGBoost
1,protein,SYNTH_IITTDNTFV,1,1,0,,,,,,,,,,,XGBoost
1,protein,SYNTH_IIWVATEGA,1,1,0,,,,,,,,,,,XGBoost
1,protein,SYNTH_IKRGLRTLIL,1,1,0,,,,,,,,,,,XGBoost
1,protein,SYNTH_IKWPWYIWLGF,1,0,1,,,,,,,,,,,XGBoost
1,protein,SYNTH_ILAGYGAGV,1,0,1,,,,,,,,,,,XGBoost
1,protein,SYNTH_ILAYCNKTV,1,1,0,,,,,,,,,,,XGBoost
1,protein,SYNTH_ILCVPNAVIL,1,1,0,,,,,,,,,,,XGBoost
1,protein,SYNTH_ILDSFEPLR,1,0,1,,,,,,,,,,,XGBoost
1,protein,SYNTH_ILGFVFTLTV,1,1,0,,,,,,,,,,,XGBoost
1,protein,SYNTH_ILHCANFNVL,1,0,1,,,,,,,,,,,XGBoost
1,protein,SYNTH_ILKEPVHGV,1,1,0,,,,,,,,,,,XGBoost
1,protein,SYNTH_ILKGKFQTA,1,0,1,,,,,,,,,,,XGBoost
1,protein,SYNTH_ILRSFIPLL,1,1,0,,,,,,,,,,,XGBoost
1,protein,SYNTH_ILSPFLPLL,1,1,0,,,,,,,,,,,XGBoost
1,protein,SYNTH_ILTSLLVLV,1,1,0,,,,,,,,,,,XGBoost
1,protein,SYNTH_IMAKNEVFCV,1,1,0,,,,,,,,,,,XGBoost
1,protein,SYNTH_IMAVGMVSI,1,1,0,,,,,,,,,,,XGBoost
1,protein,SYNTH_IMNRRKRSV,1,1,0,,,,,,,,,,,XGBoost
1,protein,SYNTH_IPIPSSWAF,1,0,1,,,,,,,,,,,XGBoost
1,protein,SYNTH_IPIPSSWAFAK,1,0,1,,,,,,,,,,,XGBoost
1,protein,SYNTH_IPITAAAWYL,1,1,0,,,,,,,,,,,XGBoost
1,protein,SYNTH_IPLTTSSKL,1,1,0,,,,,,,,,,,XGBoost
1,protein,SYNTH_IPMSTYGWNL,1,1,0,,,,,,,,,,,XGBoost
1,protein,SYNTH_IPMTFVDRDSL,1,1,0,,,,,,,,,,,XGBoost
1,protein,SYNTH_ISEHDYQIGGY,1,0,1,,,,,,,,,,,XGBoost
1,protein,SYNTH_ISGHVLKAV,1,1,0,,,,,,,,,,,XGBoost
1,protein,SYNTH_ISWDIQDEK,1,1,0,,,,,,,,,,,XGBoost
1,protein,SYNTH_ITDVFYKENSY,1,1,0,,,,,,,,,,,XGBoost
1,protein,SYNTH_ITEIALDRY,1,1,0,,,,,,,,,,,XGBoost
1,protein,SYNTH_ITNFKSVLY,1,1,0,,,,,,,,,,,XGBoost
1,protein,SYNTH_ITYSTYCKF,1,1,0,,,,,,,,,,,XGBoost
1,protein,SYNTH_IVDTVSALV,1,1,0,,,,,,,,,,,XGBoost
1,protein,SYNTH_IYNDKVAGF,1,0,1,,,,,,,,,,,XGBoost
1,protein,SYNTH_KAYNVTQAF,2,1,1,,,,,,,,,,,XGBoost
1,protein,SYNTH_KDPQFKDNV,1,1,0,,,,,,,,,,,XGBoost
1,protein,SYNTH_KEIDRLNEV,1,1,0,,,,,,,,,,,XGBoost
1,protein,SYNTH_KIAEIPKEEV,1,1,0,,,,,,,,,,,XGBoost
1,protein,SYNTH_KIFPPTEPK,1,1,0,,,,,,,,,,,XGBoost
1,protein,SYNTH_KIFVDGVPFV,1,1,0,,,,,,,,,,,XGBoost
1,protein,SYNTH_KISHIMLDV,1,1,0,,,,,,,,,,,XGBoost
1,protein,SYNTH_KLDDKDPNF,1,1,0,,,,,,,,,,,XGBoost
1,protein,SYNTH_KLFAAETLK,1,0,1,,,,,,,,,,,XGBoost
1,protein,SYNTH_KLFAAETLKA,1,0,1,,,,,,,,,,,XGBoost
1,protein,SYNTH_KLIEYTDFA,1,0,1,,,,,,,,,,,XGBoost
1,protein,SYNTH_KLIGTDNSV,1,1,0,,,,,,,,,,,XGBoost
1,protein,SYNTH_KLLEQWNLVI,1,0,1,,,,,,,,,,,XGBoost
1,protein,SYNTH_KLMGHFAWWT,1,1,0,,,,,,,,,,,XGBoost
1,protein,SYNTH_KLMSTNLCT,1,0,1,,,,,,,,,,,XGBoost
1,protein,SYNTH_KLNEEIAII,1,1,0,,,,,,,,,,,XGBoost
1,protein,SYNTH_KLSDYEGRL,1,1,0,,,,,,,,,,,XGBoost
1,protein,SYNTH_KLSGLGINAV,1,1,0,,,,,,,,,,,XGBoost
1,protein,SYNTH_KLSGLGLNAV,1,1,0,,,,,,,,,,,XGBoost
1,protein,SYNTH_KLSYGIATV,1,1,0,,,,,,,,,,,XGBoost
1,protein,SYNTH_KLVALGLNAV,1,1,0,,,,,,,,,,,XGBoost
1,protein,SYNTH_KLVNKFLAL,1,1,0,,,,,,,,,,,XGBoost
1,protein,SYNTH_KLYISWCLW,1,1,0,,,,,,,,,,,XGBoost
1,protein,SYNTH_KMLNIPSIN,1,1,0,,,,,,,,,,,XGBoost
1,protein,SYNTH_KNLSDRVVFV,1,1,0,,,,,,,,,,,XGBoost
1,protein,SYNTH_KPANNSLKI,1,0,1,,,,,,,,,,,XGBoost
1,protein,SYNTH_KPGTSGSPIV,1,1,0,,,,,,,,,,,XGBoost
1,protein,SYNTH_KPIDDRFAN,1,1,0,,,,,,,,,,,XGBoost
1,protein,SYNTH_KPRQKRTAT,1,1,0,,,,,,,,,,,XGBoost
1,protein,SYNTH_KPSGTWLTY,1,1,0,,,,,,,,,,,XGBoost
1,protein,SYNTH_KQLIKVTLV,1,1,0,,,,,,,,,,,XGBoost
1,protein,SYNTH_KQLSSNFGA,1,1,0,,,,,,,,,,,XGBoost
1,protein,SYNTH_KQMWQARLTV,1,1,0,,,,,,,,,,,XGBoost
1,protein,SYNTH_KREDQWCGSL,1,1,0,,,,,,,,,,,XGBoost
1,protein,SYNTH_KRVDWTIEY,1,1,0,,,,,,,,,,,XGBoost
1,protein,SYNTH_KSAAEASKK,1,1,0,,,,,,,,,,,XGBoost
1,protein,SYNTH_KSAGFPFNK,1,1,0,,,,,,,,,,,XGBoost
1,protein,SYNTH_KSLFNTIATL,1,1,0,,,,,,,,,,,XGBoost
1,protein,SYNTH_KSLFNTVATLY,1,1,0,,,,,,,,,,,XGBoost
1,protein,SYNTH_KSLYNTIATL,1,1,0,,,,,,,,,,,XGBoost
1,protein,SYNTH_KSLYNTVATL,1,1,0,,,,,,,,,,,XGBoost
1,protein,SYNTH_KSLYNTVAVL,1,1,0,,,,,,,,,,,XGBoost
1,protein,SYNTH_KTAYSHLSTSK,1,1,0,,,,,,,,,,,XGBoost
1,protein,SYNTH_KTFPPTEPK,1,1,0,,,,,,,,,,,XGBoost
1,protein,SYNTH_KTMNQVVMPK,1,0,1,,,,,,,,,,,XGBoost
1,protein,SYNTH_KTNCCRFQEK,1,1,0,,,,,,,,,,,XGBoost
1,protein,SYNTH_KTSERSQPR,1,0,1,,,,,,,,,,,XGBoost
1,protein,SYNTH_KVDGVDVEL,1,1,0,,,,,,,,,,,XGBoost
1,protein,SYNTH_KVFRSSVLH,1,0,1,,,,,,,,,,,XGBoost
1,protein,SYNTH_KVGNFTGLY,1,0,1,,,,,,,,,,,XGBoost
1,protein,SYNTH_KVKYLYFIK,1,0,1,,,,,,,,,,,XGBoost
1,protein,SYNTH_KVLLDILAGY,1,0,1,,,,,,,,,,,XGBoost
1,protein,SYNTH_KVLVVLLLF,1,0,1,,,,,,,,,,,XGBoost
1,protein,SYNTH_KVTKYLPLDK,1,1,0,,,,,,,,,,,XGBoost
1,protein,SYNTH_KYCDPNVLL,1,0,1,,,,,,,,,,,XGBoost
1,protein,SYNTH_KYEQYIKWP,1,1,0,,,,,,,,,,,XGBoost
1,protein,SYNTH_KYEQYIKWPW,1,1,0,,,,,,,,,,,XGBoost
1,protein,SYNTH_KYTKTIYWW,1,0,1,,,,,,,,,,,XGBoost
1,protein,SYNTH_KYTSFPWL,1,1,0,,,,,,,,,,,XGBoost
1,protein,SYNTH_KYTSFPWLL,1,1,0,,,,,,,,,,,XGBoost
1,protein,SYNTH_LAIPPTAGVL,1,1,0,,,,,,,,,,,XGBoost
1,protein,SYNTH_LAKRFSRGL,1,1,0,,,,,,,,,,,XGBoost
1,protein,SYNTH_LARNLVPMV,1,1,0,,,,,,,,,,,XGBoost
1,protein,SYNTH_LATNNLVVM,1,1,0,,,,,,,,,,,XGBoost
1,protein,SYNTH_LCWGELMNL,1,0,1,,,,,,,,,,,XGBoost
1,protein,SYNTH_LEDKAFQL,1,1,0,,,,,,,,,,,XGBoost
1,protein,SYNTH_LEENMEVEIW,1,1,0,,,,,,,,,,,XGBoost
1,protein,SYNTH_LFFSDVTWF,1,1,0,,,,,,,,,,,XGBoost
1,protein,SYNTH_LFLAFVVFLL,1,1,0,,,,,,,,,,,XGBoost
1,protein,SYNTH_LFLLPSLATV,1,1,0,,,,,,,,,,,XGBoost
1,protein,SYNTH_LGFGAYMSK,1,0,1,,,,,,,,,,,XGBoost
1,protein,SYNTH_LGFIAGLIA,1,1,0,,,,,,,,,,,XGBoost
1,protein,SYNTH_LGKYEQYIK,1,0,1,,,,,,,,,,,XGBoost
1,protein,SYNTH_LHPSLIFDI,1,0,1,,,,,,,,,,,XGBoost
1,protein,SYNTH_LIDGISLGL,1,1,0,,,,,,,,,,,XGBoost
1,protein,SYNTH_LIDLQELGKY,1,0,1,,,,,,,,,,,XGBoost
1,protein,SYNTH_LIEDFDIYV,1,1,0,,,,,,,,,,,XGBoost
1,protein,SYNTH_LIIPNVTLAH,1,1,0,,,,,,,,,,,XGBoost
1,protein,SYNTH_LILSISTYA,1,0,1,,,,,,,,,,,XGBoost
1,protein,SYNTH_LITGRLQSL,1,0,1,,,,,,,,,,,XGBoost
1,protein,SYNTH_LIYSTAALGV,1,0,1,,,,,,,,,,,XGBoost
1,protein,SYNTH_LKGMSYAMCL,1,1,0,,,,,,,,,,,XGBoost
1,protein,SYNTH_LKKLKKSL,1,1,0,,,,,,,,,,,XGBoost
1,protein,SYNTH_LKRRVVFNGV,1,0,1,,,,,,,,,,,XGBoost
1,protein,SYNTH_LLAPGAKQNV,1,0,1,,,,,,,,,,,XGBoost
1,protein,SYNTH_LLCPAGHAV,1,1,0,,,,,,,,,,,XGBoost
1,protein,SYNTH_LLCPSGHVV,1,1,0,,,,,,,,,,,XGBoost
1,protein,SYNTH_LLESELVIGA,1,0,1,,,,,,,,,,,XGBoost
1,protein,SYNTH_LLFLYLPMM,1,0,1,,,,,,,,,,,XGBoost
1,protein,SYNTH_LLILCVTQV,1,1,0,,,,,,,,,,,XGBoost
1,protein,SYNTH_LLIQWNQFMM,1,0,1,,,,,,,,,,,XGBoost
1,protein,SYNTH_LLIVNNATNV,1,0,1,,,,,,,,,,,XGBoost
1,protein,SYNTH_LLKDCPAVAK,1,0,1,,,,,,,,,,,XGBoost
1,protein,SYNTH_LLLDRLNKL,1,1,0,,,,,,,,,,,XGBoost
1,protein,SYNTH_LLLGTLNIV,1,1,0,,,,,,,,,,,XGBoost
1,protein,SYNTH_LLMPILTLT,1,1,0,,,,,,,,,,,XGBoost
1,protein,SYNTH_LLPRRGPRL,1,1,0,,,,,,,,,,,XGBoost
1,protein,SYNTH_LLSVCLGSL,1,1,0,,,,,,,,,,,XGBoost
1,protein,SYNTH_LLYDANYFL,1,0,1,,,,,,,,,,,XGBoost
1,protein,SYNTH_LMDALKLSI,1,0,1,,,,,,,,,,,XGBoost
1,protein,SYNTH_LMGHFAWWTA,1,0,1,,,,,,,,,,,XGBoost
1,protein,SYNTH_LMIERFVSL,1,1,0,,,,,,,,,,,XGBoost
1,protein,SYNTH_LMMMLPATL,1,1,0,,,,,,,,,,,XGBoost
1,protein,SYNTH_LMMRTTWAL,1,1,0,,,,,,,,,,,XGBoost
1,protein,SYNTH_LMMTTIGIVL,1,1,0,,,,,,,,,,,XGBoost
1,protein,SYNTH_LMNVLTLVY,1,1,0,,,,,,,,,,,XGBoost
1,protein,SYNTH_LMYKGLPWNV,1,0,1,,,,,,,,,,,XGBoost
1,protein,SYNTH_LPDTIETLM,1,1,0,,,,,,,,,,,XGBoost
1,protein,SYNTH_LPDTIETLML,1,1,0,,,,,,,,,,,XGBoost
1,protein,SYNTH_LPEEQDQNY,1,1,0,,,,,,,,,,,XGBoost
1,protein,SYNTH_LPESLETLML,1,1,0,,,,,,,,,,,XGBoost
1,protein,SYNTH_LPETLETLLL,1,1,0,,,,,,,,,,,XGBoost
1,protein,SYNTH_LPFDKTTVM,1,0,1,,,,,,,,,,,XGBoost
1,protein,SYNTH_LPFDRPTIM,1,1,0,,,,,,,,,,,XGBoost
1,protein,SYNTH_LPFERATVM,1,1,0,,,,,,,,,,,XGBoost
1,protein,SYNTH_LPGCDGGSL,1,1,0,,,,,,,,,,,XGBoost
1,protein,SYNTH_LPHERHREL,1,1,0,,,,,,,,,,,XGBoost
1,protein,SYNTH_LPIGINITRF,1,0,1,,,,,,,,,,,XGBoost
1,protein,SYNTH_LPIRYQTPA,1,1,0,,,,,,,,,,,XGBoost
1,protein,SYNTH_LPIRYQTPAI,1,1,0,,,,,,,,,,,XGBoost
1,protein,SYNTH_LPKGIMMNV,1,1,0,,,,,,,,,,,XGBoost
1,protein,SYNTH_LPNNTASWF,1,1,0,,,,,,,,,,,XGBoost
1,protein,SYNTH_LPPAYTNSF,1,1,0,,,,,,,,,,,XGBoost
1,protein,SYNTH_LPQGFSAL,1,1,0,,,,,,,,,,,XGBoost
1,protein,SYNTH_LPQGFSALEPL,1,1,0,,,,,,,,,,,XGBoost
1,protein,SYNTH_LPSDFFPSV,1,0,1,,,,,,,,,,,XGBoost
1,protein,SYNTH_LPSFGVSGI,1,1,0,,,,,,,,,,,XGBoost
1,protein,SYNTH_LPYPDPSRIL,1,1,0,,,,,,,,,,,XGBoost
1,protein,SYNTH_LQAGFFLLTR,1,0,1,,,,,,,,,,,XGBoost
1,protein,SYNTH_LQLPQGTTL,1,1,0,,,,,,,,,,,XGBoost
1,protein,SYNTH_LQNNELSPV,1,1,0,,,,,,,,,,,XGBoost
1,protein,SYNTH_LSVIWMMWY,1,0,1,,,,,,,,,,,XGBoost
1,protein,SYNTH_LTDEMIAQYT,1,1,0,,,,,,,,,,,XGBoost
1,protein,SYNTH_LTDYGALTL,1,1,0,,,,,,,,,,,XGBoost
1,protein,SYNTH_LTENLLLY,1,0,1,,,,,,,,,,,XGBoost
1,protein,SYNTH_LTIKKPNEL,1,1,0,,,,,,,,,,,XGBoost
1,protein,SYNTH_LTSHTVMPL,1,1,0,,,,,,,,,,,XGBoost
1,protein,SYNTH_LTYHGAIKL,1,1,0,,,,,,,,,,,XGBoost
1,protein,SYNTH_LTYTGAIKL,1,1,0,,,,,,,,,,,XGBoost
1,protein,SYNTH_LVASIKNFK,1,0,1,,,,,,,,,,,XGBoost
1,protein,SYNTH_LVFLFVAAI,1,1,0,,,,,,,,,,,XGBoost
1,protein,SYNTH_LVLSVNPYV,1,1,0,,,,,,,,,,,XGBoost
1,protein,SYNTH_LVLSVNPYVC,1,0,1,,,,,,,,,,,XGBoost
1,protein,SYNTH_LVQQESPFV,1,0,1,,,,,,,,,,,XGBoost
1,protein,SYNTH_LVRSAMGGKY,1,0,1,,,,,,,,,,,XGBoost
1,protein,SYNTH_LVSDGGPNLY,1,1,0,,,,,,,,,,,XGBoost
1,protein,SYNTH_LVSFGVWIR,1,1,0,,,,,,,,,,,XGBoost
1,protein,SYNTH_LVYRPTTGR,1,1,0,,,,,,,,,,,XGBoost
1,protein,SYNTH_LWPVTLACF,1,1,0,,,,,,,,,,,XGBoost
1,protein,SYNTH_LYAAVTNFLL,1,1,0,,,,,,,,,,,XGBoost
1,protein,SYNTH_LYALVYFLQ,1,1,0,,,,,,,,,,,XGBoost
1,protein,SYNTH_LYDKLVSSF,1,1,0,,,,,,,,,,,XGBoost
1,protein,SYNTH_LYLEMLLKAL,1,0,1,,,,,,,,,,,XGBoost
1,protein,SYNTH_LYLQYIRKL,1,0,1,,,,,,,,,,,XGBoost
1,protein,SYNTH_LYPSLIFDI,1,1,0,,,,,,,,,,,XGBoost
1,protein,SYNTH_LYSSMSSTW,1,0,1,,,,,,,,,,,XGBoost
1,protein,SYNTH_LYVFVGTKF,1,0,1,,,,,,,,,,,XGBoost
1,protein,SYNTH_MADQAMTQMY,1,0,1,,,,,,,,,,,XGBoost
1,protein,SYNTH_MADSNGTITV,1,0,1,,,,,,,,,,,XGBoost
1,protein,SYNTH_MAILGDTAW,1,1,0,,,,,,,,,,,XGBoost
1,protein,SYNTH_MAMTCIAVG,1,1,0,,,,,,,,,,,XGBoost
1,protein,SYNTH_MANEMGFLEK,1,1,0,,,,,,,,,,,XGBoost
1,protein,SYNTH_MASSVLLWM,1,1,0,,,,,,,,,,,XGBoost
1,protein,SYNTH_MCDIRQLLF,1,1,0,,,,,,,,,,,XGBoost
1,protein,SYNTH_MFLARGIVF,1,0,1,,,,,,,,,,,XGBoost
1,protein,SYNTH_MGSLEVMPM,1,0,1,,,,,,,,,,,XGBoost
1,protein,SYNTH_MIAGVFFTF,1,1,0,,,,,,,,,,,XGBoost
1,protein,SYNTH_MISAGFSLWV,1,0,1,,,,,,,,,,,XGBoost
1,protein,SYNTH_MLFTMLRKL,1,1,0,,,,,,,,,,,XGBoost
1,protein,SYNTH_MLICGPANT,1,0,1,,,,,,,,,,,XGBoost
1,protein,SYNTH_MLKRERNRV,1,1,0,,,,,,,,,,,XGBoost
1,protein,SYNTH_MLKRVRNRV,1,1,0,,,,,,,,,,,XGBoost
1,protein,SYNTH_MLLALIAVL,1,1,0,,,,,,,,,,,XGBoost
1,protein,SYNTH_MLNIPSINV,1,1,0,,,,,,,,,,,XGBoost
1,protein,SYNTH_MLVKQGDDYV,1,0,1,,,,,,,,,,,XGBoost
1,protein,SYNTH_MMATIGIAL,1,1,0,,,,,,,,,,,XGBoost
1,protein,SYNTH_MMWFWGPSL,1,1,0,,,,,,,,,,,XGBoost
1,protein,SYNTH_MMWYWGPSL,2,2,0,,,,,,,,,,,XGBoost
1,protein,SYNTH_MPAMKRYSAP,1,1,0,,,,,,,,,,,XGBoost
1,protein,SYNTH_MPILTLTRAL,1,0,1,,,,,,,,,,,XGBoost
1,protein,SYNTH_MPLKAPKEI,1,0,1,,,,,,,,,,,XGBoost
1,protein,SYNTH_MPLSAPTLL,1,1,0,,,,,,,,,,,XGBoost
1,protein,SYNTH_MPVTHSSAA,1,1,0,,,,,,,,,,,XGBoost
1,protein,SYNTH_MPVTVASAAQ,1,1,0,,,,,,,,,,,XGBoost
1,protein,SYNTH_MPYFFTLLL,1,1,0,,,,,,,,,,,XGBoost
1,protein,SYNTH_MQLFHLCLI,1,0,1,,,,,,,,,,,XGBoost
1,protein,SYNTH_MQRKHGGML,1,1,0,,,,,,,,,,,XGBoost
1,protein,SYNTH_MQVESDDYI,1,1,0,,,,,,,,,,,XGBoost
1,protein,SYNTH_MRPHERNGF,1,1,0,,,,,,,,,,,XGBoost
1,protein,SYNTH_MSAFAMMFV,1,1,0,,,,,,,,,,,XGBoost
1,protein,SYNTH_MSDNGPQNQ,1,1,0,,,,,,,,,,,XGBoost
1,protein,SYNTH_MSDVKCTSV,1,1,0,,,,,,,,,,,XGBoost
1,protein,SYNTH_MTATFLSKK,1,0,1,,,,,,,,,,,XGBoost
1,protein,SYNTH_MTSCCSCLK,1,0,1,,,,,,,,,,,XGBoost
1,protein,SYNTH_MWSFNPETNI,1,1,0,,,,,,,,,,,XGBoost
1,protein,SYNTH_MYASAVVLL,1,1,0,,,,,,,,,,,XGBoost
1,protein,SYNTH_NCYFPLQSYGF,1,0,1,,,,,,,,,,,XGBoost
1,protein,SYNTH_NFKDQVILL,1,0,1,,,,,,,,,,,XGBoost
1,protein,SYNTH_NIFDLSEMV,1,0,1,,,,,,,,,,,XGBoost
1,protein,SYNTH_NILSPFIPLL,1,1,0,,,,,,,,,,,XGBoost
1,protein,SYNTH_NILSPFMPLL,1,1,0,,,,,,,,,,,XGBoost
1,protein,SYNTH_NIQTAINQV,1,1,0,,,,,,,,,,,XGBoost
1,protein,SYNTH_NIVNVSLVK,1,1,0,,,,,,,,,,,XGBoost
1,protein,SYNTH_NLAPFFTFK,1,0,1,,,,,,,,,,,XGBoost
1,protein,SYNTH_NLDESLIDL,1,1,0,,,,,,,,,,,XGBoost
1,protein,SYNTH_NLHPDSATL,1,1,0,,,,,,,,,,,XGBoost
1,protein,SYNTH_NLLLLFVTV,1,1,0,,,,,,,,,,,XGBoost
1,protein,SYNTH_NLLMNGQQI,1,1,0,,,,,,,,,,,XGBoost
1,protein,SYNTH_NLNESLIDL,1,0,1,,,,,,,,,,,XGBoost
1,protein,SYNTH_NLNVSIPWTHK,1,0,1,,,,,,,,,,,XGBoost
1,protein,SYNTH_NLPGCSFSI,1,1,0,,,,,,,,,,,XGBoost
1,protein,SYNTH_NLQSNHDLY,1,1,0,,,,,,,,,,,XGBoost
1,protein,SYNTH_NLSDRVVFV,1,1,0,,,,,,,,,,,XGBoost
1,protein,SYNTH_NLSWLSLDV,1,0,1,,,,,,,,,,,XGBoost
1,protein,SYNTH_NLVPMVAT,1,1,0,,,,,,,,,,,XGBoost
1,protein,SYNTH_NLVPMVATV,1,1,0,,,,,,,,,,,XGBoost
1,protein,SYNTH_NLVPMVATVQ,1,1,0,,,,,,,,,,,XGBoost
1,protein,SYNTH_NLWNTFTRL,1,1,0,,,,,,,,,,,XGBoost
1,protein,SYNTH_NMLRIMASL,1,1,0,,,,,,,,,,,XGBoost
1,protein,SYNTH_NMMVTNNTF,1,1,0,,,,,,,,,,,XGBoost
1,protein,SYNTH_NPANNAAIV,1,1,0,,,,,,,,,,,XGBoost
1,protein,SYNTH_NPITLTAAL,1,1,0,,,,,,,,,,,XGBoost
1,protein,SYNTH_NPKASLLSL,1,1,0,,,,,,,,,,,XGBoost
1,protein,SYNTH_NPWMEDKTH,1,1,0,,,,,,,,,,,XGBoost
1,protein,SYNTH_NQLESKMSG,1,0,1,,,,,,,,,,,XGBoost
1,protein,SYNTH_NRRRRTAGV,1,1,0,,,,,,,,,,,XGBoost
1,protein,SYNTH_NSASFSTFK,1,1,0,,,,,,,,,,,XGBoost
1,protein,SYNTH_NVFAFPFTI,1,1,0,,,,,,,,,,,XGBoost
1,protein,SYNTH_NVIPTITQM,1,1,0,,,,,,,,,,,XGBoost
1,protein,SYNTH_NVLTLVYKV,1,1,0,,,,,,,,,,,XGBoost
1,protein,SYNTH_NYDYLYRLF,1,1,0,,,,,,,,,,,XGBoost
1,protein,SYNTH_NYKERMVTF,1,1,0,,,,,,,,,,,XGBoost
1,protein,SYNTH_NYKNLYEKVK,1,0,1,,,,,,,,,,,XGBoost
1,protein,SYNTH_NYKYLYRLF,1,1,0,,,,,,,,,,,XGBoost
1,protein,SYNTH_NYNYMYRLF,1,1,0,,,,,,,,,,,XGBoost
1,protein,SYNTH_NYTPGPGIRY,1,1,0,,,,,,,,,,,XGBoost
1,protein,SYNTH_PFFSNVTWF,1,1,0,,,,,,,,,,,XGBoost
1,protein,SYNTH_PFMPLLPIF,1,0,1,,,,,,,,,,,XGBoost
1,protein,SYNTH_PFVMMSAPPA,1,0,1,,,,,,,,,,,XGBoost
1,protein,SYNTH_PRVTGGGAM,1,1,0,,,,,,,,,,,XGBoost
1,protein,SYNTH_PTDQSFYIV,1,1,0,,,,,,,,,,,XGBoost
1,protein,SYNTH_PTLDIELLK,1,1,0,,,,,,,,,,,XGBoost
1,protein,SYNTH_PVNRPIDWK,1,1,0,,,,,,,,,,,XGBoost
1,protein,SYNTH_PVTLACFVL,1,1,0,,,,,,,,,,,XGBoost
1,protein,SYNTH_PWYIWLGFI,1,1,0,,,,,,,,,,,XGBoost
1,protein,SYNTH_PYRVVVLSF,1,0,1,,,,,,,,,,,XGBoost
1,protein,SYNTH_PYSWEQEL,1,0,1,,,,,,,,,,,XGBoost
1,protein,SYNTH_QAIRETVEL,1,1,0,,,,,,,,,,,XGBoost
1,protein,SYNTH_QAWQPGVAM,1,1,0,,,,,,,,,,,XGBoost
1,protein,SYNTH_QEFFWDAND,1,1,0,,,,,,,,,,,XGBoost
1,protein,SYNTH_QEIRTFSFQL,1,1,0,,,,,,,,,,,XGBoost
1,protein,SYNTH_QFAPSASAFF,1,1,0,,,,,,,,,,,XGBoost
1,protein,SYNTH_QLEQALDCEIY,1,1,0,,,,,,,,,,,XGBoost
1,protein,SYNTH_QLRSVIRAL,1,1,0,,,,,,,,,,,XGBoost
1,protein,SYNTH_QMFLGTVKI,1,0,1,,,,,,,,,,,XGBoost
1,protein,SYNTH_QSAPHGVVFL,1,1,0,,,,,,,,,,,XGBoost
1,protein,SYNTH_QTFFKLVNK,1,0,1,,,,,,,,,,,XGBoost
1,protein,SYNTH_QTFSVLACY,1,1,0,,,,,,,,,,,XGBoost
1,protein,SYNTH_QVVDMSMTY,2,2,0,,,,,,,,,,,XGBoost
1,protein,SYNTH_QYDPVAALF,1,1,0,,,,,,,,,,,XGBoost
1,protein,SYNTH_QYDPVAALFF,2,2,0,,,,,,,,,,,XGBoost
1,protein,SYNTH_QYIFTGQPL,1,1,0,,,,,,,,,,,XGBoost
1,protein,SYNTH_QYIKWPWYIW,1,1,0,,,,,,,,,,,XGBoost
1,protein,SYNTH_QYIKWPWYIWL,1,0,1,,,,,,,,,,,XGBoost
1,protein,SYNTH_QYILGADPL,1,0,1,,,,,,,,,,,XGBoost
1,protein,SYNTH_RARLVSPKL,1,1,0,,,,,,,,,,,XGBoost
1,protein,SYNTH_RASANLAATK,1,1,0,,,,,,,,,,,XGBoost
1,protein,SYNTH_RENAGVALY,1,1,0,,,,,,,,,,,XGBoost
1,protein,SYNTH_RIDKVLNEK,1,0,1,,,,,,,,,,,XGBoost
1,protein,SYNTH_RKKARSTPF,1,1,0,,,,,,,,,,,XGBoost
1,protein,SYNTH_RLANECAQV,1,1,0,,,,,,,,,,,XGBoost
1,protein,SYNTH_RLFARTRSM,1,1,0,,,,,,,,,,,XGBoost
1,protein,SYNTH_RLRPGGKKK,1,0,1,,,,,,,,,,,XGBoost
1,protein,SYNTH_RLRPGGKKR,1,0,1,,,,,,,,,,,XGBoost
1,protein,SYNTH_RLVFQTSK,1,0,1,,,,,,,,,,,XGBoost
1,protein,SYNTH_RMVLASTTAK,1,1,0,,,,,,,,,,,XGBoost
1,protein,SYNTH_RMYIFFASFY,1,0,1,,,,,,,,,,,XGBoost
1,protein,SYNTH_RNALDNLAVL,1,1,0,,,,,,,,,,,XGBoost
1,protein,SYNTH_RPLKEKEENL,1,1,0,,,,,,,,,,,XGBoost
1,protein,SYNTH_RPMTFKAAL,1,0,1,,,,,,,,,,,XGBoost
1,protein,SYNTH_RPQGLPNNTA,1,1,0,,,,,,,,,,,XGBoost
1,protein,SYNTH_RPTEPVPFQL,1,1,0,,,,,,,,,,,XGBoost
1,protein,SYNTH_RPTEPVPLQL,1,0,1,,,,,,,,,,,XGBoost
1,protein,SYNTH_RPTFAAGLLL,1,1,0,,,,,,,,,,,XGBoost
1,protein,SYNTH_RPTPRGTVM,1,1,0,,,,,,,,,,,XGBoost
1,protein,SYNTH_RPWKPGQRV,1,1,0,,,,,,,,,,,XGBoost
1,protein,SYNTH_RQIAPGQTGN,1,0,1,,,,,,,,,,,XGBoost
1,protein,SYNTH_RQLLFVVEV,1,1,0,,,,,,,,,,,XGBoost
1,protein,SYNTH_RQLLFVVEVV,1,0,1,,,,,,,,,,,XGBoost
1,protein,SYNTH_RQYDPVAAL,1,1,0,,,,,,,,,,,XGBoost
1,protein,SYNTH_RSASFCGSPY,1,1,0,,,,,,,,,,,XGBoost
1,protein,SYNTH_RSFIEDLLFNK,1,0,1,,,,,,,,,,,XGBoost
1,protein,SYNTH_RSLFNTVATL,1,1,0,,,,,,,,,,,XGBoost
1,protein,SYNTH_RSLYNTIATLY,1,1,0,,,,,,,,,,,XGBoost
1,protein,SYNTH_RSLYNTIAVLY,1,1,0,,,,,,,,,,,XGBoost
1,protein,SYNTH_RSRNSSRNL,1,1,0,,,,,,,,,,,XGBoost
1,protein,SYNTH_RTATKAYNV,1,1,0,,,,,,,,,,,XGBoost
1,protein,SYNTH_RTIKGTYHW,1,1,0,,,,,,,,,,,XGBoost
1,protein,SYNTH_RTQSPRRR,1,0,1,,,,,,,,,,,XGBoost
1,protein,SYNTH_RVCCQLDPAR,1,0,1,,,,,,,,,,,XGBoost
1,protein,SYNTH_RVDPNLRNR,1,1,0,,,,,,,,,,,XGBoost
1,protein,SYNTH_RVVRSIFSR,1,0,1,,,,,,,,,,,XGBoost
1,protein,SYNTH_RVYANLGER,1,0,1,,,,,,,,,,,XGBoost
1,protein,SYNTH_RWPYLHSRL,1,0,1,,,,,,,,,,,XGBoost
1,protein,SYNTH_RYDDESWRPL,1,0,1,,,,,,,,,,,XGBoost
1,protein,SYNTH_RYTKTTYWW,1,1,0,,,,,,,,,,,XGBoost
1,protein,SYNTH_SALGPFVGK,1,1,0,,,,,,,,,,,XGBoost
1,protein,SYNTH_SALILRGSV,1,0,1,,,,,,,,,,,XGBoost
1,protein,SYNTH_SALWEIQQVV,1,1,0,,,,,,,,,,,XGBoost
1,protein,SYNTH_SANNCTFEY,1,0,1,,,,,,,,,,,XGBoost
1,protein,SYNTH_SEFSSLPSY,2,2,0,,,,,,,,,,,XGBoost
1,protein,SYNTH_SELVIGAVI,1,1,0,,,,,,,,,,,XGBoost
1,protein,SYNTH_SETKCTLKSF,1,1,0,,,,,,,,,,,XGBoost
1,protein,SYNTH_SGKQMWQAR,1,1,0,,,,,,,,,,,XGBoost
1,protein,SYNTH_SIIAYTMSL,2,2,0,,,,,,,,,,,XGBoost
1,protein,SYNTH_SILSPLYAFA,1,0,1,,,,,,,,,,,XGBoost
1,protein,SYNTH_SISGVLWQV,1,0,1,,,,,,,,,,,XGBoost
1,protein,SYNTH_SLETIQITI,1,0,1,,,,,,,,,,,XGBoost
1,protein,SYNTH_SLFDMSKFPL,1,1,0,,,,,,,,,,,XGBoost
1,protein,SYNTH_SLFNAVATL,1,1,0,,,,,,,,,,,XGBoost
1,protein,SYNTH_SLFNAVAVL,1,1,0,,,,,,,,,,,XGBoost
1,protein,SYNTH_SLFNTVATLY,1,1,0,,,,,,,,,,,XGBoost
1,protein,SYNTH_SLFNTVATV,1,1,0,,,,,,,,,,,XGBoost
1,protein,SYNTH_SLFYRAVAL,1,1,0,,,,,,,,,,,XGBoost
1,protein,SYNTH_SLIYSTAAL,1,1,0,,,,,,,,,,,XGBoost
1,protein,SYNTH_SLLMPILTLT,1,0,1,,,,,,,,,,,XGBoost
1,protein,SYNTH_SLLQVMAQQV,1,0,1,,,,,,,,,,,XGBoost
1,protein,SYNTH_SLMAFTASV,1,0,1,,,,,,,,,,,XGBoost
1,protein,SYNTH_SLNFLGGAPK,1,0,1,,,,,,,,,,,XGBoost
1,protein,SYNTH_SLPSYAAFA,1,0,1,,,,,,,,,,,XGBoost
1,protein,SYNTH_SLSSTASAL,1,1,0,,,,,,,,,,,XGBoost
1,protein,SYNTH_SLYNAIATL,1,0,1,,,,,,,,,,,XGBoost
1,protein,SYNTH_SLYNAVATL,1,0,1,,,,,,,,,,,XGBoost
1,protein,SYNTH_SLYNLVAVL,1,0,1,,,,,,,,,,,XGBoost
1,protein,SYNTH_SLYNTVATLY,1,1,0,,,,,,,,,,,XGBoost
1,protein,SYNTH_SLYNTVAVLY,1,1,0,,,,,,,,,,,XGBoost
1,protein,SYNTH_SLYTHLQCL,1,0,1,,,,,,,,,,,XGBoost
1,protein,SYNTH_SMIEAESSV,1,0,1,,,,,,,,,,,XGBoost
1,protein,SYNTH_SMWALIISV,1,1,0,,,,,,,,,,,XGBoost
1,protein,SYNTH_SNQNGERSGAA,1,1,0,,,,,,,,,,,XGBoost
1,protein,SYNTH_SPDDQIGYY,1,1,0,,,,,,,,,,,XGBoost
1,protein,SYNTH_SPHPPTSVFL,1,1,0,,,,,,,,,,,XGBoost
1,protein,SYNTH_SPKRLATAI,1,1,0,,,,,,,,,,,XGBoost
1,protein,SYNTH_SPKRLSAAI,1,1,0,,,,,,,,,,,XGBoost
1,protein,SYNTH_SPRLCTREEF,1,1,0,,,,,,,,,,,XGBoost
1,protein,SYNTH_SPRRARSVA,1,1,0,,,,,,,,,,,XGBoost
1,protein,SYNTH_SPRWYFYYL,1,0,1,,,,,,,,,,,XGBoost
1,protein,SYNTH_SQDLSVVSK,1,1,0,,,,,,,,,,,XGBoost
1,protein,SYNTH_SRGDTPVLP,1,1,0,,,,,,,,,,,XGBoost
1,protein,SYNTH_SSFYSQIAR,1,0,1,,,,,,,,,,,XGBoost
1,protein,SYNTH_SSGDATTAY,1,1,0,,,,,,,,,,,XGBoost
1,protein,SYNTH_SSPDDQIGYY,1,1,0,,,,,,,,,,,XGBoost
1,protein,SYNTH_SSPDDQIGYYR,1,1,0,,,,,,,,,,,XGBoost
1,protein,SYNTH_SSWEDVPYL,1,1,0,,,,,,,,,,,XGBoost
1,protein,SYNTH_STDTVVEHV,1,1,0,,,,,,,,,,,XGBoost
1,protein,SYNTH_STEGVPKSMR,1,0,1,,,,,,,,,,,XGBoost
1,protein,SYNTH_STGPCALR,1,0,1,,,,,,,,,,,XGBoost
1,protein,SYNTH_STLPETAVVRR,1,1,0,,,,,,,,,,,XGBoost
1,protein,SYNTH_STLPETTVVR,1,1,0,,,,,,,,,,,XGBoost
1,protein,SYNTH_STLQGPPGTGK,1,0,1,,,,,,,,,,,XGBoost
1,protein,SYNTH_STNVTIATY,1,1,0,,,,,,,,,,,XGBoost
1,protein,SYNTH_STQLGIEFLK,1,0,1,,,,,,,,,,,XGBoost
1,protein,SYNTH_STYGWNIVK,1,1,0,,,,,,,,,,,XGBoost
1,protein,SYNTH_SVAALTNNV,1,1,0,,,,,,,,,,,XGBoost
1,protein,SYNTH_SVFNICQAV,1,1,0,,,,,,,,,,,XGBoost
1,protein,SYNTH_SVIDQQLTR,1,0,1,,,,,,,,,,,XGBoost
1,protein,SYNTH_SVIYLYLTF,1,1,0,,,,,,,,,,,XGBoost
1,protein,SYNTH_SVLNDIFSRL,1,1,0,,,,,,,,,,,XGBoost
1,protein,SYNTH_SVLNDILSRL,1,1,0,,,,,,,,,,,XGBoost
1,protein,SYNTH_SVQRNLPFDR,1,0,1,,,,,,,,,,,XGBoost
1,protein,SYNTH_SVSSAPLNK,1,1,0,,,,,,,,,,,XGBoost
1,protein,SYNTH_SVTTEILPV,1,0,1,,,,,,,,,,,XGBoost
1,protein,SYNTH_SVYYTSNPTTF,1,1,0,,,,,,,,,,,XGBoost
1,protein,SYNTH_SWAFAKYLW,1,0,1,,,,,,,,,,,XGBoost
1,protein,SYNTH_SWLSLLVPF,1,0,1,,,,,,,,,,,XGBoost
1,protein,SYNTH_SWMESEFRV,1,1,0,,,,,,,,,,,XGBoost
1,protein,SYNTH_SWMIRILIGF,1,1,0,,,,,,,,,,,XGBoost
1,protein,SYNTH_SWPDGAELPF,1,1,0,,,,,,,,,,,XGBoost
1,protein,SYNTH_SYAYIYTTYL,1,0,1,,,,,,,,,,,XGBoost
1,protein,SYNTH_SYFIASFRLF,1,0,1,,,,,,,,,,,XGBoost
1,protein,SYNTH_SYFIASFRLFA,1,1,0,,,,,,,,,,,XGBoost
1,protein,SYNTH_SYINRTGTF,1,0,1,,,,,,,,,,,XGBoost
1,protein,SYNTH_SYINRTGTFEF,1,0,1,,,,,,,,,,,XGBoost
1,protein,SYNTH_SYPIILNVEL,1,0,1,,,,,,,,,,,XGBoost
1,protein,SYNTH_SYSTGALASCM,1,0,1,,,,,,,,,,,XGBoost
1,protein,SYNTH_SYVVTNQYL,1,0,1,,,,,,,,,,,XGBoost
1,protein,SYNTH_TCDGTTFIY,1,1,0,,,,,,,,,,,XGBoost
1,protein,SYNTH_TCDGTTFTY,1,1,0,,,,,,,,,,,XGBoost
1,protein,SYNTH_TEKSNIIRGW,1,1,0,,,,,,,,,,,XGBoost
1,protein,SYNTH_TFEYVSQPF,1,0,1,,,,,,,,,,,XGBoost
1,protein,SYNTH_TFSVQRNLPF,1,0,1,,,,,,,,,,,XGBoost
1,protein,SYNTH_TFTSQYRIQ,1,1,0,,,,,,,,,,,XGBoost
1,protein,SYNTH_TIAMELIRMIK,1,1,0,,,,,,,,,,,XGBoost
1,protein,SYNTH_TIEVNSFSGY,1,1,0,,,,,,,,,,,XGBoost
1,protein,SYNTH_TILDKILNV,1,1,0,,,,,,,,,,,XGBoost
1,protein,SYNTH_TILTSLLVL,1,1,0,,,,,,,,,,,XGBoost
1,protein,SYNTH_TIYTELEPP,1,0,1,,,,,,,,,,,XGBoost
1,protein,SYNTH_TKQTGSASSM,1,1,0,,,,,,,,,,,XGBoost
1,protein,SYNTH_TLATHGLAAV,1,1,0,,,,,,,,,,,XGBoost
1,protein,SYNTH_TLDSKTQSL,1,1,0,,,,,,,,,,,XGBoost
1,protein,SYNTH_TLDSKTQSLL,1,1,0,,,,,,,,,,,XGBoost
1,protein,SYNTH_TLKEYVLDL,1,0,1,,,,,,,,,,,XGBoost
1,protein,SYNTH_TLLALHRSYL,1,0,1,,,,,,,,,,,XGBoost
1,protein,SYNTH_TLLALHRSYLT,1,0,1,,,,,,,,,,,XGBoost
1,protein,SYNTH_TLLFLMSFT,1,1,0,,,,,,,,,,,XGBoost
1,protein,SYNTH_TLNAWVKVV,1,1,0,,,,,,,,,,,XGBoost
1,protein,SYNTH_TLNDFNLVA,1,1,0,,,,,,,,,,,XGBoost
1,protein,SYNTH_TLNDLNETL,1,0,1,,,,,,,,,,,XGBoost
1,protein,SYNTH_TLVTMPLGYV,1,1,0,,,,,,,,,,,XGBoost
1,protein,SYNTH_TLWKAGILYK,1,0,1,,,,,,,,,,,XGBoost
1,protein,SYNTH_TMTDDIGMGV,1,1,0,,,,,,,,,,,XGBoost
1,protein,SYNTH_TMVMELIRMIK,1,1,0,,,,,,,,,,,XGBoost
1,protein,SYNTH_TPCSFGGVSV,1,0,1,,,,,,,,,,,XGBoost
1,protein,SYNTH_TPGPGIRYPL,1,1,0,,,,,,,,,,,XGBoost
1,protein,SYNTH_TPGPGTRYPL,1,0,1,,,,,,,,,,,XGBoost
1,protein,SYNTH_TPKGPKVKYL,1,0,1,,,,,,,,,,,XGBoost
1,protein,SYNTH_TPLLKRLPL,1,1,0,,,,,,,,,,,XGBoost
1,protein,SYNTH_TPRDLGACI,1,1,0,,,,,,,,,,,XGBoost
1,protein,SYNTH_TPRMCTREEF,1,1,0,,,,,,,,,,,XGBoost
1,protein,SYNTH_TPRVTGGGAM,2,2,0,,,,,,,,,,,XGBoost
1,protein,SYNTH_TPRYTGGGAM,1,1,0,,,,,,,,,,,XGBoost
1,protein,SYNTH_TPSKLIEY,1,1,0,,,,,,,,,,,XGBoost
1,protein,SYNTH_TPTWNRKEL,1,1,0,,,,,,,,,,,XGBoost
1,protein,SYNTH_TQLNVQTLV,1,0,1,,,,,,,,,,,XGBoost
1,protein,SYNTH_TSAMQTMLF,1,1,0,,,,,,,,,,,XGBoost
1,protein,SYNTH_TSDPTTFHL,1,1,0,,,,,,,,,,,XGBoost
1,protein,SYNTH_TSETHFGNY,1,1,0,,,,,,,,,,,XGBoost
1,protein,SYNTH_TSGSPIIDK,1,1,0,,,,,,,,,,,XGBoost
1,protein,SYNTH_TSSGDATTAY,1,1,0,,,,,,,,,,,XGBoost
1,protein,SYNTH_TSYNQTYEK,1,0,1,,,,,,,,,,,XGBoost
1,protein,SYNTH_TTDPSFLGRYM,1,1,0,,,,,,,,,,,XGBoost
1,protein,SYNTH_TTEELPDEF,1,1,0,,,,,,,,,,,XGBoost
1,protein,SYNTH_TTFLQTMLRK,1,0,1,,,,,,,,,,,XGBoost
1,protein,SYNTH_TTIKPVTYK,1,0,1,,,,,,,,,,,XGBoost
1,protein,SYNTH_TTLDSKTQSL,1,0,1,,,,,,,,,,,XGBoost
1,protein,SYNTH_TTLEISTFLK,1,0,1,,,,,,,,,,,XGBoost
1,protein,SYNTH_TVAYFNMVY,1,1,0,,,,,,,,,,,XGBoost
1,protein,SYNTH_TVIRRRGR,1,0,1,,,,,,,,,,,XGBoost
1,protein,SYNTH_TVNAHQILPK,1,1,0,,,,,,,,,,,XGBoost
1,protein,SYNTH_TVSCLPFTI,1,1,0,,,,,,,,,,,XGBoost
1,protein,SYNTH_TVYEKLKPV,1,1,0,,,,,,,,,,,XGBoost
1,protein,SYNTH_TYACWHHSI,1,1,0,,,,,,,,,,,XGBoost
1,protein,SYNTH_TYKLNVGDYFV,1,0,1,,,,,,,,,,,XGBoost
1,protein,SYNTH_TYKPNTWCI,1,0,1,,,,,,,,,,,XGBoost
1,protein,SYNTH_TYNKEWPLL,1,0,1,,,,,,,,,,,XGBoost
1,protein,SYNTH_TYNRLTLLNL,1,0,1,,,,,,,,,,,XGBoost
1,protein,SYNTH_VAAGLEAPF,1,1,0,,,,,,,,,,,XGBoost
1,protein,SYNTH_VAATMANEM,1,1,0,,,,,,,,,,,XGBoost
1,protein,SYNTH_VAGDSGFAAY,1,0,1,,,,,,,,,,,XGBoost
1,protein,SYNTH_VATSRTLSY,2,1,1,,,,,,,,,,,XGBoost
1,protein,SYNTH_VCWGELMNL,1,1,0,,,,,,,,,,,XGBoost
1,protein,SYNTH_VDRKGKVVGL,1,1,0,,,,,,,,,,,XGBoost
1,protein,SYNTH_VFLLVTLAI,1,1,0,,,,,,,,,,,XGBoost
1,protein,SYNTH_VFNGVSFSTF,1,0,1,,,,,,,,,,,XGBoost
1,protein,SYNTH_VFSDMETKL,1,1,0,,,,,,,,,,,XGBoost
1,protein,SYNTH_VFSDMETKV,1,1,0,,,,,,,,,,,XGBoost
1,protein,SYNTH_VGLSPTVWL,1,1,0,,,,,,,,,,,XGBoost
1,protein,SYNTH_VGYLQPRTF,1,1,0,,,,,,,,,,,XGBoost
1,protein,SYNTH_VIDLDPIPY,1,1,0,,,,,,,,,,,XGBoost
1,protein,SYNTH_VINGDRWFL,1,1,0,,,,,,,,,,,XGBoost
1,protein,SYNTH_VLEETSVML,1,1,0,,,,,,,,,,,XGBoost
1,protein,SYNTH_VLFGLMALTL,1,1,0,,,,,,,,,,,XGBoost
1,protein,SYNTH_VLHKRTLGL,1,0,1,,,,,,,,,,,XGBoost
1,protein,SYNTH_VLLAPLLSA,1,1,0,,,,,,,,,,,XGBoost
1,protein,SYNTH_VLLFLAFVV,1,1,0,,,,,,,,,,,XGBoost
1,protein,SYNTH_VLNEKCSAYTV,1,0,1,,,,,,,,,,,XGBoost
1,protein,SYNTH_VLPKVLHK,1,0,1,,,,,,,,,,,XGBoost
1,protein,SYNTH_VLSDRELHL,1,0,1,,,,,,,,,,,XGBoost
1,protein,SYNTH_VLVPHVGEI,1,0,1,,,,,,,,,,,XGBoost
1,protein,SYNTH_VMHANYIFW,1,1,0,,,,,,,,,,,XGBoost
1,protein,SYNTH_VMVELVAELE,1,0,1,,,,,,,,,,,XGBoost
1,protein,SYNTH_VPVAIHADQL,1,0,1,,,,,,,,,,,XGBoost
1,protein,SYNTH_VQQLTKRFSL,1,1,0,,,,,,,,,,,XGBoost
1,protein,SYNTH_VSLVKPSFYV,1,0,1,,,,,,,,,,,XGBoost
1,protein,SYNTH_VTDVTQLYL,1,0,1,,,,,,,,,,,XGBoost
1,protein,SYNTH_VTFQSAVKR,1,0,1,,,,,,,,,,,XGBoost
1,protein,SYNTH_VTVPVSVEK,1,0,1,,,,,,,,,,,XGBoost
1,protein,SYNTH_VVFDEISMA,1,0,1,,,,,,,,,,,XGBoost
1,protein,SYNTH_VVFLHVTYV,1,1,0,,,,,,,,,,,XGBoost
1,protein,SYNTH_VVHPTLVFDI,1,0,1,,,,,,,,,,,XGBoost
1,protein,SYNTH_VVIPDYNTYK,1,0,1,,,,,,,,,,,XGBoost
1,protein,SYNTH_VYDPLQPEL,1,1,0,,,,,,,,,,,XGBoost
1,protein,SYNTH_VYFLQSINF,1,1,0,,,,,,,,,,,XGBoost
1,protein,SYNTH_VYIEVLHL,1,0,1,,,,,,,,,,,XGBoost
1,protein,SYNTH_VYIGDPAQL,1,1,0,,,,,,,,,,,XGBoost
1,protein,SYNTH_VYSSANNCTFE,1,1,0,,,,,,,,,,,XGBoost
1,protein,SYNTH_VYSTGSNVF,1,0,1,,,,,,,,,,,XGBoost
1,protein,SYNTH_VYSVIYLYL,1,0,1,,,,,,,,,,,XGBoost
1,protein,SYNTH_VYYPDKVF,1,1,0,,,,,,,,,,,XGBoost
1,protein,SYNTH_WLGNIIMYA,1,1,0,,,,,,,,,,,XGBoost
1,protein,SYNTH_WLMWLIINL,1,1,0,,,,,,,,,,,XGBoost
1,protein,SYNTH_WMESEFRVY,1,1,0,,,,,,,,,,,XGBoost
1,protein,SYNTH_WMNRLIAFA,1,1,0,,,,,,,,,,,XGBoost
1,protein,SYNTH_WPKFAVPNL,1,1,0,,,,,,,,,,,XGBoost
1,protein,SYNTH_WPWYIWLGF,1,1,0,,,,,,,,,,,XGBoost
1,protein,SYNTH_WSMATYYLF,1,1,0,,,,,,,,,,,XGBoost
1,protein,SYNTH_WSYSGQSTQL,1,0,1,,,,,,,,,,,XGBoost
1,protein,SYNTH_WTSLNFLGG,1,0,1,,,,,,,,,,,XGBoost
1,protein,SYNTH_YENLKYSVI,1,1,0,,,,,,,,,,,XGBoost
1,protein,SYNTH_YEQYIKWPW,1,1,0,,,,,,,,,,,XGBoost
1,protein,SYNTH_YFGMSLIQF,1,0,1,,,,,,,,,,,XGBoost
1,protein,SYNTH_YFNKKDWYDF,1,0,1,,,,,,,,,,,XGBoost
1,protein,SYNTH_YFQPRTFLL,1,1,0,,,,,,,,,,,XGBoost
1,protein,SYNTH_YFTSDYYQL,1,1,0,,,,,,,,,,,XGBoost
1,protein,SYNTH_YFVVKRHTF,1,1,0,,,,,,,,,,,XGBoost
1,protein,SYNTH_YHPNCVNCL,1,1,0,,,,,,,,,,,XGBoost
1,protein,SYNTH_YIDIGNYTV,1,1,0,,,,,,,,,,,XGBoost
1,protein,SYNTH_YIDIGNYTVS,1,0,1,,,,,,,,,,,XGBoost
1,protein,SYNTH_YILEETSVLM,1,1,0,,,,,,,,,,,XGBoost
1,protein,SYNTH_YILEETSVML,1,1,0,,,,,,,,,,,XGBoost
1,protein,SYNTH_YILEETSVMM,1,1,0,,,,,,,,,,,XGBoost
1,protein,SYNTH_YILFTRFFYV,1,1,0,,,,,,,,,,,XGBoost
1,protein,SYNTH_YKIEELFYSY,1,1,0,,,,,,,,,,,XGBoost
1,protein,SYNTH_YKVASAGISY,1,1,0,,,,,,,,,,,XGBoost
1,protein,SYNTH_YLAGAGLAF,1,1,0,,,,,,,,,,,XGBoost
1,protein,SYNTH_YLATALLTL,1,1,0,,,,,,,,,,,XGBoost
1,protein,SYNTH_YLDAYNMMI,1,1,0,,,,,,,,,,,XGBoost
1,protein,SYNTH_YLEKESIYY,1,1,0,,,,,,,,,,,XGBoost
1,protein,SYNTH_YLPQNAVVKI,1,0,1,,,,,,,,,,,XGBoost
1,protein,SYNTH_YLPYPDPSRIL,1,1,0,,,,,,,,,,,XGBoost
1,protein,SYNTH_YLQPRIFLL,1,1,0,,,,,,,,,,,XGBoost
1,protein,SYNTH_YLQPRTFLF,1,1,0,,,,,,,,,,,XGBoost
1,protein,SYNTH_YLQPRTFLLK,1,1,0,,,,,,,,,,,XGBoost
1,protein,SYNTH_YLRKHFSM,1,0,1,,,,,,,,,,,XGBoost
1,protein,SYNTH_YLRPRTFLL,1,1,0,,,,,,,,,,,XGBoost
1,protein,SYNTH_YLTNDVSFL,1,0,1,,,,,,,,,,,XGBoost
1,protein,SYNTH_YLVQQESPFV,1,1,0,,,,,,,,,,,XGBoost
1,protein,SYNTH_YLVTRHADV,1,0,1,,,,,,,,,,,XGBoost
1,protein,SYNTH_YLWEWASVR,1,0,1,,,,,,,,,,,XGBoost
1,protein,SYNTH_YMCYRNIEF,1,1,0,,,,,,,,,,,XGBoost
1,protein,SYNTH_YMDDVVLGA,1,1,0,,,,,,,,,,,XGBoost
1,protein,SYNTH_YMHHMELPT,1,1,0,,,,,,,,,,,XGBoost
1,protein,SYNTH_YMPYFFTLL,1,1,0,,,,,,,,,,,XGBoost
1,protein,SYNTH_YMRSLKVPA,1,1,0,,,,,,,,,,,XGBoost
1,protein,SYNTH_YPDKVFRSSV,1,1,0,,,,,,,,,,,XGBoost
1,protein,SYNTH_YPDPSRIL,1,1,0,,,,,,,,,,,XGBoost
1,protein,SYNTH_YPKTKLTDWD,1,1,0,,,,,,,,,,,XGBoost
1,protein,SYNTH_YPQVNGLTSI,1,0,1,,,,,,,,,,,XGBoost
1,protein,SYNTH_YQHEETIYNL,1,1,0,,,,,,,,,,,XGBoost
1,protein,SYNTH_YQLYSTQLST,1,0,1,,,,,,,,,,,XGBoost
1,protein,SYNTH_YSEHPTFTS,1,0,1,,,,,,,,,,,XGBoost
1,protein,SYNTH_YSHPIILGFRK,1,0,1,,,,,,,,,,,XGBoost
1,protein,SYNTH_YSKHTPINLV,1,0,1,,,,,,,,,,,XGBoost
1,protein,SYNTH_YSLLMPILTL,1,0,1,,,,,,,,,,,XGBoost
1,protein,SYNTH_YSSANNCTF,1,1,0,,,,,,,,,,,XGBoost
1,protein,SYNTH_YSSTVPCFNPK,1,0,1,,,,,,,,,,,XGBoost
1,protein,SYNTH_YSYATHSDK,1,0,1,,,,,,,,,,,XGBoost
1,protein,SYNTH_YTNSFTRGV,1,1,0,,,,,,,,,,,XGBoost
1,protein,SYNTH_YTPSKLIEY,1,1,0,,,,,,,,,,,XGBoost
1,protein,SYNTH_YTSRGALYLY,1,1,0,,,,,,,,,,,XGBoost
1,protein,SYNTH_YVDDSSLTI,1,1,0,,,,,,,,,,,XGBoost
1,protein,SYNTH_YVFHLYLQY,1,1,0,,,,,,,,,,,XGBoost
1,protein,SYNTH_YVLDLQPEAT,1,1,0,,,,,,,,,,,XGBoost
1,protein,SYNTH_YVLEETSVLL,1,1,0,,,,,,,,,,,XGBoost
1,protein,SYNTH_YVLEETSVM,1,1,0,,,,,,,,,,,XGBoost
1,protein,SYNTH_YVVIAILTV,1,1,0,,,,,,,,,,,XGBoost
1,protein,SYNTH_YYHKNNKSW,1,0,1,,,,,,,,,,,XGBoost
1,protein,SYNTH_YYHTTDPSF,1,1,0,,,,,,,,,,,XGBoost
1,protein,SYNTH_YYKVFLARL,1,1,0,,,,,,,,,,,XGBoost
1,protein,SYNTH_YYRRATRRI,1,0,1,,,,,,,,,,,XGBoost
1,protein,VE1_HPV16,3,3,0,,,,,,,,,,,XGBoost
1,protein,VE2_HPV16,5,5,0,,,,,,,,,,,XGBoost
1,protein,VE4_HPV16,1,1,0,,,,,,,,,,,XGBoost
1,protein,VE5_HPV16,1,1,0,,,,,,,,,,,XGBoost
1,protein,VE6_HPV16,6,6,0,,,,,,,,,,,XGBoost
1,protein,VE6_HPV18,5,2,3,,,,,,,,,,,XGBoost
1,protein,VE7_HPV16,3,3,0,,,,,,,,,,,XGBoost
1,protein,VL1_HPV16,1,1,0,,,,,,,,,,,XGBoost
2,overall,all,914,628,286,0.6771552492093894,0.8101433266929204,0.8901098901098901,0.8464912280701754,0.8901098901098901,0.12898089171974522,0.9006305189197183,0.8464912280701754,0.3073248407643312,0.8604630874846233,XGBoost
2,virus,CMV,99,69,30,0.721256038647343,0.8574870827128174,0.8888888888888888,0.9583333333333334,0.8888888888888888,0.11594202898550725,0.8987713917876998,0.9583333333333334,0.3333333333333333,0.9456149138522364,XGBoost
2,virus,DENV,104,104,0,,,,,,,,,,,XGBoost
2,virus,EBV,25,18,7,0.5,0.7734403296143324,1.0,0.8333333333333334,1.0,0.1111111111111111,1.0,0.8333333333333334,0.2777777777777778,0.8696762340896294,XGBoost
2,virus,HBV,76,33,43,0.7942212825933755,0.7566261869675405,0.8571428571428571,0.7368421052631579,0.8571428571428571,0.18181818181818182,0.9083745556952364,0.7368421052631579,0.42424242424242425,0.7996888403985656,XGBoost
2,virus,HCV,46,37,9,0.6516516516516517,0.8671894585424509,1.0,0.8181818181818182,1.0,0.10810810810810811,0.9999999999999998,0.8181818181818182,0.24324324324324326,0.8598408888614755,XGBoost
2,virus,HIV-1,34,25,9,0.72,0.8936061590441386,1.0,0.875,1.0,0.12,1.0,0.875,0.28,0.9202054614375519,XGBoost
2,virus,HPV,18,1,17,1.0,1.0,1.0,0.25,1.0,1.0,1.0,0.25,1.0,1.0,XGBoost
2,virus,HPV16,22,21,1,0.2857142857142857,0.947716375839994,1.0,1.0,1.0,0.09523809523809523,1.0,1.0,0.23809523809523808,0.9999999999999999,XGBoost
2,virus,HPV18,7,5,2,,,,,,,,,,,XGBoost
2,virus,IAV,53,33,20,0.5931818181818181,0.7175231703236377,0.6,0.7692307692307693,0.6,0.09090909090909091,0.7227265726449517,0.7692307692307693,0.30303030303030304,0.7911339105893886,XGBoost
2,virus,RSV,4,3,1,,,,,,,,,,,XGBoost
2,virus,SARS-CoV-2,426,279,147,0.6658864262550899,0.776765124893055,0.8809523809523809,0.8018867924528302,0.8809523809523809,0.13261648745519714,0.8815043161094057,0.8018867924528302,0.3046594982078853,0.8198559881734956,XGBoost
2,protein,BTRF1_EBVG,1,1,0,,,,,,,,,,,XGBoost
2,protein,BZLF1_EBVB9,1,1,0,,,,,,,,,,,XGBoost
2,protein,DNBI_EBVG,2,0,2,,,,,,,,,,,XGBoost
2,protein,EBNA2_EBVG,2,1,1,,,,,,,,,,,XGBoost
2,protein,EBNA3_EBVB9,4,3,1,,,,,,,,,,,XGBoost
2,protein,EBNA4_EBVB9,2,1,1,,,,,,,,,,,XGBoost
2,protein,EBNA6_EBVG,1,1,0,,,,,,,,,,,XGBoost
2,protein,GB_EBVG,1,1,0,,,,,,,,,,,XGBoost
2,protein,GP350_EBVB9,1,1,0,,,,,,,,,,,XGBoost
2,protein,ICP27_EBVB9,1,1,0,,,,,,,,,,,XGBoost
2,protein,LMP2_EBVB9,5,5,0,,,,,,,,,,,XGBoost
2,protein,PORTL_EBVG,1,1,0,,,,,,,,,,,XGBoost
2,protein,SYNTH_AAAWYLWEV,1,1,0,,,,,,,,,,,XGBoost
2,protein,SYNTH_AACFARSR,1,0,1,,,,,,,,,,,XGBoost
2,protein,SYNTH_AAIFYLITPV,1,1,0,,,,,,,,,,,XGBoost
2,protein,SYNTH_AALFFFDID,1,1,0,,,,,,,,,,,XGBoost
2,protein,SYNTH_AANDIVLNR,1,1,0,,,,,,,,,,,XGBoost
2,protein,SYNTH_AAQPKRRRH,1,1,0,,,,,,,,,,,XGBoost
2,protein,SYNTH_AEVAVKMF,1,1,0,,,,,,,,,,,XGBoost
2,protein,SYNTH_AFEDLRVSSF,1,0,1,,,,,,,,,,,XGBoost
2,protein,SYNTH_AFLGAFKKF,1,0,1,,,,,,,,,,,XGBoost
2,protein,SYNTH_AFLLFLVLI,1,1,0,,,,,,,,,,,XGBoost
2,protein,SYNTH_AFTFSPTYK,1,0,1,,,,,,,,,,,XGBoost
2,protein,SYNTH_AICGKYLFNW,1,1,0,,,,,,,,,,,XGBoost
2,protein,SYNTH_AIDAYPLTK,1,0,1,,,,,,,,,,,XGBoost
2,protein,SYNTH_AIFQSSMTR,1,0,1,,,,,,,,,,,XGBoost
2,protein,SYNTH_AIILASFSA,1,1,0,,,,,,,,,,,XGBoost
2,protein,SYNTH_AILHTPGCV,1,1,0,,,,,,,,,,,XGBoost
2,protein,SYNTH_AIMDKKIIL,1,0,1,,,,,,,,,,,XGBoost
2,protein,SYNTH_AIMEKNIIL,1,1,0,,,,,,,,,,,XGBoost
2,protein,SYNTH_AIMEKNIVL,1,1,0,,,,,,,,,,,XGBoost
2,protein,SYNTH_AIMQLFFSY,1,1,0,,,,,,,,,,,XGBoost
2,protein,SYNTH_AIPTNFTISV,1,0,1,,,,,,,,,,,XGBoost
2,protein,SYNTH_AIVSTIQRK,1,1,0,,,,,,,,,,,XGBoost
2,protein,SYNTH_ALCTFLLNK,1,1,0,,,,,,,,,,,XGBoost
2,protein,SYNTH_ALDGNEISI,1,0,1,,,,,,,,,,,XGBoost
2,protein,SYNTH_ALGGSVAIK,1,0,1,,,,,,,,,,,XGBoost
2,protein,SYNTH_ALLADKFPV,1,1,0,,,,,,,,,,,XGBoost
2,protein,SYNTH_ALLAVFQSA,1,1,0,,,,,,,,,,,XGBoost
2,protein,SYNTH_ALLGRLYFI,1,1,0,,,,,,,,,,,XGBoost
2,protein,SYNTH_ALMPLYACI,1,1,0,,,,,,,,,,,XGBoost
2,protein,SYNTH_ALRGLPIRY,1,1,0,,,,,,,,,,,XGBoost
2,protein,SYNTH_ALSELPETL,1,1,0,,,,,,,,,,,XGBoost
2,protein,SYNTH_ALVYFLQSI,1,1,0,,,,,,,,,,,XGBoost
2,protein,SYNTH_ALWDVALLEV,1,1,0,,,,,,,,,,,XGBoost
2,protein,SYNTH_ALWEIQQFV,1,0,1,,,,,,,,,,,XGBoost
2,protein,SYNTH_ALWEIQQVV,1,0,1,,,,,,,,,,,XGBoost
2,protein,SYNTH_ALYDVVSKL,1,1,0,,,,,,,,,,,XGBoost
2,protein,SYNTH_ALYWFRTAM,1,0,1,,,,,,,,,,,XGBoost
2,protein,SYNTH_ALYYPSARIV,1,0,1,,,,,,,,,,,XGBoost
2,protein,SYNTH_AMAVMLLLL,1,1,0,,,,,,,,,,,XGBoost
2,protein,SYNTH_AMDEFIERY,1,0,1,,,,,,,,,,,XGBoost
2,protein,SYNTH_AMQWNSTTF,1,0,1,,,,,,,,,,,XGBoost
2,protein,SYNTH_AMRNAGIVGV,1,1,0,,,,,,,,,,,XGBoost
2,protein,SYNTH_APFESEGVL,1,1,0,,,,,,,,,,,XGBoost
2,protein,SYNTH_APHGHVMVEL,1,1,0,,,,,,,,,,,XGBoost
2,protein,SYNTH_APHGVVFLH,1,1,0,,,,,,,,,,,XGBoost
2,protein,SYNTH_APIMDEEREI,1,1,0,,,,,,,,,,,XGBoost
2,protein,SYNTH_APRITFGGL,1,1,0,,,,,,,,,,,XGBoost
2,protein,SYNTH_AQGDDDVWT,1,1,0,,,,,,,,,,,XGBoost
2,protein,SYNTH_ARMILLTHF,1,1,0,,,,,,,,,,,XGBoost
2,protein,SYNTH_ASALGKLQDV,1,0,1,,,,,,,,,,,XGBoost
2,protein,SYNTH_ASANLAATK,1,0,1,,,,,,,,,,,XGBoost
2,protein,SYNTH_ASKIITLKK,1,0,1,,,,,,,,,,,XGBoost
2,protein,SYNTH_ASLPFGWLI,1,1,0,,,,,,,,,,,XGBoost
2,protein,SYNTH_ASTNRQSGRK,1,0,1,,,,,,,,,,,XGBoost
2,protein,SYNTH_ATEETFKLSY,1,0,1,,,,,,,,,,,XGBoost
2,protein,SYNTH_ATEGALNTPK,1,0,1,,,,,,,,,,,XGBoost
2,protein,SYNTH_ATSRTLSYY,1,1,0,,,,,,,,,,,XGBoost
2,protein,SYNTH_AVATTHSWIPK,1,1,0,,,,,,,,,,,XGBoost
2,protein,SYNTH_AVEPGKNPK,1,1,0,,,,,,,,,,,XGBoost
2,protein,SYNTH_AVIKTLQPV,1,1,0,,,,,,,,,,,XGBoost
2,protein,SYNTH_AVPADHGAHL,1,0,1,,,,,,,,,,,XGBoost
2,protein,SYNTH_AVQTKPGLFK,1,1,0,,,,,,,,,,,XGBoost
2,protein,SYNTH_AYANRNRF,1,1,0,,,,,,,,,,,XGBoost
2,protein,SYNTH_AYGISFMEL,1,0,1,,,,,,,,,,,XGBoost
2,protein,SYNTH_AYIYTTYLL,1,0,1,,,,,,,,,,,XGBoost
2,protein,SYNTH_AYNVTQAF,1,1,0,,,,,,,,,,,XGBoost
2,protein,SYNTH_AYQRMGVQM,1,0,1,,,,,,,,,,,XGBoost
2,protein,SYNTH_AYRPQNAPI,1,0,1,,,,,,,,,,,XGBoost
2,protein,SYNTH_AYVDNSSLTI,1,1,0,,,,,,,,,,,XGBoost
2,protein,SYNTH_CAANWILR,1,0,1,,,,,,,,,,,XGBoost
2,protein,SYNTH_CINGVCWTV,1,1,0,,,,,,,,,,,XGBoost
2,protein,SYNTH_CLGSLIYST,1,1,0,,,,,,,,,,,XGBoost
2,protein,SYNTH_CLMMMLPATL,1,1,0,,,,,,,,,,,XGBoost
2,protein,SYNTH_CPSQEPMSI,1,1,0,,,,,,,,,,,XGBoost
2,protein,SYNTH_CPTVKASKL,1,1,0,,,,,,,,,,,XGBoost
2,protein,SYNTH_CSQSSGILSR,1,0,1,,,,,,,,,,,XGBoost
2,protein,SYNTH_CVADYSVLY,1,1,0,,,,,,,,,,,XGBoost
2,protein,SYNTH_CVNGSCFTV,1,1,0,,,,,,,,,,,XGBoost
2,protein,SYNTH_CVREGNASR,1,0,1,,,,,,,,,,,XGBoost
2,protein,SYNTH_CYHQLLGAL,1,0,1,,,,,,,,,,,XGBoost
2,protein,SYNTH_CYSQVNPITL,1,1,0,,,,,,,,,,,XGBoost
2,protein,SYNTH_CYVLEETSVML,1,1,0,,,,,,,,,,,XGBoost
2,protein,SYNTH_DIDLLLQRG,1,0,1,,,,,,,,,,,XGBoost
2,protein,SYNTH_DILSRLDKV,1,0,1,,,,,,,,,,,XGBoost
2,protein,SYNTH_DKDPQFKDN,1,1,0,,,,,,,,,,,XGBoost
2,protein,SYNTH_DLHPEPTDL,1,1,0,,,,,,,,,,,XGBoost
2,protein,SYNTH_DLLLQRGPQY,1,0,1,,,,,,,,,,,XGBoost
2,protein,SYNTH_DLMGYIPLV,1,1,0,,,,,,,,,,,XGBoost
2,protein,SYNTH_DLPQGFSAL,1,0,1,,,,,,,,,,,XGBoost
2,protein,SYNTH_DPASIAARGY,1,1,0,,,,,,,,,,,XGBoost
2,protein,SYNTH_DPKKTGGPI,1,0,1,,,,,,,,,,,XGBoost
2,protein,SYNTH_DQYVKVYLE,1,1,0,,,,,,,,,,,XGBoost
2,protein,SYNTH_DSCNNYMLTY,1,1,0,,,,,,,,,,,XGBoost
2,protein,SYNTH_DTDFVNEFY,1,1,0,,,,,,,,,,,XGBoost
2,protein,SYNTH_DYLRFPTRL,1,0,1,,,,,,,,,,,XGBoost
2,protein,SYNTH_DYTEISFML,1,1,0,,,,,,,,,,,XGBoost
2,protein,SYNTH_EAFEKMVSL,1,1,0,,,,,,,,,,,XGBoost
2,protein,SYNTH_EDTDEDSDN,1,1,0,,,,,,,,,,,XGBoost
2,protein,SYNTH_EEFEPSTQYEY,1,1,0,,,,,,,,,,,XGBoost
2,protein,SYNTH_EERDIPERSW,1,1,0,,,,,,,,,,,XGBoost
2,protein,SYNTH_EESSAKSASVY,1,1,0,,,,,,,,,,,XGBoost
2,protein,SYNTH_EGFNCYFPL,1,0,1,,,,,,,,,,,XGBoost
2,protein,SYNTH_EIKESVQTF,1,1,0,,,,,,,,,,,XGBoost
2,protein,SYNTH_EILDITPCSF,1,1,0,,,,,,,,,,,XGBoost
2,protein,SYNTH_EIRLKVFVL,1,0,1,,,,,,,,,,,XGBoost
2,protein,SYNTH_ELDERIDKV,1,1,0,,,,,,,,,,,XGBoost
2,protein,SYNTH_ELYHYQECV,1,1,0,,,,,,,,,,,XGBoost
2,protein,SYNTH_EPKLGSLVV,1,0,1,,,,,,,,,,,XGBoost
2,protein,SYNTH_EPMSIYVYA,1,1,0,,,,,,,,,,,XGBoost
2,protein,SYNTH_ESNKKFLPF,1,0,1,,,,,,,,,,,XGBoost
2,protein,SYNTH_ETLGVLVPHV,1,0,1,,,,,,,,,,,XGBoost
2,protein,SYNTH_ETVELRQYD,1,1,0,,,,,,,,,,,XGBoost
2,protein,SYNTH_EWSMATYYL,1,1,0,,,,,,,,,,,XGBoost
2,protein,SYNTH_FAFACPDGV,1,1,0,,,,,,,,,,,XGBoost
2,protein,SYNTH_FAMQMAYRF,1,1,0,,,,,,,,,,,XGBoost
2,protein,SYNTH_FAQDGNAAI,2,2,0,,,,,,,,,,,XGBoost
2,protein,SYNTH_FASPLHVAWK,1,0,1,,,,,,,,,,,XGBoost
2,protein,SYNTH_FAVDAAKAY,2,2,0,,,,,,,,,,,XGBoost
2,protein,SYNTH_FAVDAAKAYK,1,0,1,,,,,,,,,,,XGBoost
2,protein,SYNTH_FCLEASFNYL,1,1,0,,,,,,,,,,,XGBoost
2,protein,SYNTH_FCNDPFLGVYY,1,1,0,,,,,,,,,,,XGBoost
2,protein,SYNTH_FFPSIRDLL,1,1,0,,,,,,,,,,,XGBoost
2,protein,SYNTH_FGMSLIQFL,1,0,1,,,,,,,,,,,XGBoost
2,protein,SYNTH_FIAGLIAIV,1,1,0,,,,,,,,,,,XGBoost
2,protein,SYNTH_FIASFRLFA,1,0,1,,,,,,,,,,,XGBoost
2,protein,SYNTH_FIDIKRGVY,1,1,0,,,,,,,,,,,XGBoost
2,protein,SYNTH_FLCLFLLPS,1,1,0,,,,,,,,,,,XGBoost
2,protein,SYNTH_FLCWHTSCY,1,1,0,,,,,,,,,,,XGBoost
2,protein,SYNTH_FLGKIWPSYK,1,1,0,,,,,,,,,,,XGBoost
2,protein,SYNTH_FLGPLLVLQA,1,1,0,,,,,,,,,,,XGBoost
2,protein,SYNTH_FLIGCNYL,1,1,0,,,,,,,,,,,XGBoost
2,protein,SYNTH_FLKKDAPYIV,1,0,1,,,,,,,,,,,XGBoost
2,protein,SYNTH_FLLAMTSLR,1,1,0,,,,,,,,,,,XGBoost
2,protein,SYNTH_FLLNKEMYL,1,1,0,,,,,,,,,,,XGBoost
2,protein,SYNTH_FLLPSLATVA,1,1,0,,,,,,,,,,,XGBoost
2,protein,SYNTH_FLLTRILTI,1,1,0,,,,,,,,,,,XGBoost
2,protein,SYNTH_FLNKVVSTT,1,1,0,,,,,,,,,,,XGBoost
2,protein,SYNTH_FLPFFSNV,1,1,0,,,,,,,,,,,XGBoost
2,protein,SYNTH_FLPRVFSAV,1,1,0,,,,,,,,,,,XGBoost
2,protein,SYNTH_FLPRVFSAVG,1,1,0,,,,,,,,,,,XGBoost
2,protein,SYNTH_FLTENLLLYID,1,1,0,,,,,,,,,,,XGBoost
2,protein,SYNTH_FLWEWASVR,1,1,0,,,,,,,,,,,XGBoost
2,protein,SYNTH_FMCVEYCPI,1,1,0,,,,,,,,,,,XGBoost
2,protein,SYNTH_FMCVEYCPIF,1,0,1,,,,,,,,,,,XGBoost
2,protein,SYNTH_FPHCLAFSYM,1,0,1,,,,,,,,,,,XGBoost
2,protein,SYNTH_FPQSAPHGVVF,1,1,0,,,,,,,,,,,XGBoost
2,protein,SYNTH_FPVKPQVPV,1,0,1,,,,,,,,,,,XGBoost
2,protein,SYNTH_FPVKPQVPVR,1,0,1,,,,,,,,,,,XGBoost
2,protein,SYNTH_FPVTPQVPLT,1,0,1,,,,,,,,,,,XGBoost
2,protein,SYNTH_FPVTPQVPV,1,0,1,,,,,,,,,,,XGBoost
2,protein,SYNTH_FSFGGFTFK,1,1,0,,,,,,,,,,,XGBoost
2,protein,SYNTH_FSNSGSDVLY,1,0,1,,,,,,,,,,,XGBoost
2,protein,SYNTH_FTCASEYTGNY,1,1,0,,,,,,,,,,,XGBoost
2,protein,SYNTH_FTGSEVENV,1,0,1,,,,,,,,,,,XGBoost
2,protein,SYNTH_FTISVTTEIL,1,1,0,,,,,,,,,,,XGBoost
2,protein,SYNTH_FTMGVLCLAI,1,1,0,,,,,,,,,,,XGBoost
2,protein,SYNTH_FTSAICSVVRR,1,0,1,,,,,,,,,,,XGBoost
2,protein,SYNTH_FTSHEHFGL,1,0,1,,,,,,,,,,,XGBoost
2,protein,SYNTH_FTVLCLTPV,1,1,0,,,,,,,,,,,XGBoost
2,protein,SYNTH_FVAAIFYLI,1,1,0,,,,,,,,,,,XGBoost
2,protein,SYNTH_FVENPDILRV,1,0,1,,,,,,,,,,,XGBoost
2,protein,SYNTH_FVFLVLLPLV,1,1,0,,,,,,,,,,,XGBoost
2,protein,SYNTH_FVLAAVYRI,1,1,0,,,,,,,,,,,XGBoost
2,protein,SYNTH_FVLCFILFL,1,0,1,,,,,,,,,,,XGBoost
2,protein,SYNTH_FWAKHMWNF,1,1,0,,,,,,,,,,,XGBoost
2,protein,SYNTH_FWITIAYII,1,1,0,,,,,,,,,,,XGBoost
2,protein,SYNTH_FYIQMCTEL,1,1,0,,,,,,,,,,,XGBoost
2,protein,SYNTH_FYQIRKPPWL,1,0,1,,,,,,,,,,,XGBoost
2,protein,SYNTH_FYWFFSNYL,1,1,0,,,,,,,,,,,XGBoost
2,protein,SYNTH_GAIKLDDKD,1,1,0,,,,,,,,,,,XGBoost
2,protein,SYNTH_GARKSAPLI,1,1,0,,,,,,,,,,,XGBoost
2,protein,SYNTH_GGCRHKLVC,1,0,1,,,,,,,,,,,XGBoost
2,protein,SYNTH_GGKKKYKL,1,1,0,,,,,,,,,,,XGBoost
2,protein,SYNTH_GGRKKYKL,1,0,1,,,,,,,,,,,XGBoost
2,protein,SYNTH_GILGFVFTL,1,1,0,,,,,,,,,,,XGBoost
2,protein,SYNTH_GIWGFVFTL,1,1,0,,,,,,,,,,,XGBoost
2,protein,SYNTH_GIYQTSNFR,1,0,1,,,,,,,,,,,XGBoost
2,protein,SYNTH_GKIADYNYK,1,0,1,,,,,,,,,,,XGBoost
2,protein,SYNTH_GKMKDLSPRW,1,1,0,,,,,,,,,,,XGBoost
2,protein,SYNTH_GLCQVFADA,1,1,0,,,,,,,,,,,XGBoost
2,protein,SYNTH_GLFKDCSKV,1,1,0,,,,,,,,,,,XGBoost
2,protein,SYNTH_GLKRGPSTE,1,0,1,,,,,,,,,,,XGBoost
2,protein,SYNTH_GLLPPKNSI,1,1,0,,,,,,,,,,,XGBoost
2,protein,SYNTH_GLNERLLSV,1,1,0,,,,,,,,,,,XGBoost
2,protein,SYNTH_GLPVCAFSSA,1,0,1,,,,,,,,,,,XGBoost
2,protein,SYNTH_GLQPSVGPK,1,0,1,,,,,,,,,,,XGBoost
2,protein,SYNTH_GLSAMSTTDL,1,1,0,,,,,,,,,,,XGBoost
2,protein,SYNTH_GLSPTVWLS,1,1,0,,,,,,,,,,,XGBoost
2,protein,SYNTH_GLSPTVWLSA,1,1,0,,,,,,,,,,,XGBoost
2,protein,SYNTH_GLSPTVWLSV,1,1,0,,,,,,,,,,,XGBoost
2,protein,SYNTH_GLSRYVARL,1,1,0,,,,,,,,,,,XGBoost
2,protein,SYNTH_GLVEVEKGV,1,1,0,,,,,,,,,,,XGBoost
2,protein,SYNTH_GLYGNGVVTK,1,1,0,,,,,,,,,,,XGBoost
2,protein,SYNTH_GMFNMLSTV,1,0,1,,,,,,,,,,,XGBoost
2,protein,SYNTH_GMLGFVFTL,1,1,0,,,,,,,,,,,XGBoost
2,protein,SYNTH_GMSRIGMEV,1,1,0,,,,,,,,,,,XGBoost
2,protein,SYNTH_GPGHKARVL,1,1,0,,,,,,,,,,,XGBoost
2,protein,SYNTH_GPKKSTNL,1,0,1,,,,,,,,,,,XGBoost
2,protein,SYNTH_GPLKLFMAL,1,1,0,,,,,,,,,,,XGBoost
2,protein,SYNTH_GPLVAGGLL,1,1,0,,,,,,,,,,,XGBoost
2,protein,SYNTH_GPMKLVMAF,1,1,0,,,,,,,,,,,XGBoost
2,protein,SYNTH_GPWHLGKLEL,1,1,0,,,,,,,,,,,XGBoost
2,protein,SYNTH_GQINDMILSL,1,0,1,,,,,,,,,,,XGBoost
2,protein,SYNTH_GSSSGTVMK,1,1,0,,,,,,,,,,,XGBoost
2,protein,SYNTH_GTGPEAGLPY,1,0,1,,,,,,,,,,,XGBoost
2,protein,SYNTH_GTITVEELK,1,0,1,,,,,,,,,,,XGBoost
2,protein,SYNTH_GTITVEELKK,1,0,1,,,,,,,,,,,XGBoost
2,protein,SYNTH_GTSGSPIINK,1,1,0,,,,,,,,,,,XGBoost
2,protein,SYNTH_GTSTDVVYR,1,1,0,,,,,,,,,,,XGBoost
2,protein,SYNTH_GVAGALVAFK,1,0,1,,,,,,,,,,,XGBoost
2,protein,SYNTH_GVDPNIRTGV,1,1,0,,,,,,,,,,,XGBoost
2,protein,SYNTH_GVFCGVDAV,1,1,0,,,,,,,,,,,XGBoost
2,protein,SYNTH_GVLDAVWRV,1,1,0,,,,,,,,,,,XGBoost
2,protein,SYNTH_GVLVLFGFF,1,0,1,,,,,,,,,,,XGBoost
2,protein,SYNTH_GVQEDAASLR,1,1,0,,,,,,,,,,,XGBoost
2,protein,SYNTH_GVVFLHVTYV,1,0,1,,,,,,,,,,,XGBoost
2,protein,SYNTH_GVYFASTEK,1,1,0,,,,,,,,,,,XGBoost
2,protein,SYNTH_GYHLGAFFGL,1,0,1,,,,,,,,,,,XGBoost
2,protein,SYNTH_GYICSGIF,1,0,1,,,,,,,,,,,XGBoost
2,protein,SYNTH_GYLQPRTFL,1,1,0,,,,,,,,,,,XGBoost
2,protein,SYNTH_GYRWMCLRRF,1,0,1,,,,,,,,,,,XGBoost
2,protein,SYNTH_GYYRRATRRI,1,1,0,,,,,,,,,,,XGBoost
2,protein,SYNTH_HEETIYNLL,1,1,0,,,,,,,,,,,XGBoost
2,protein,SYNTH_HERNGFTVL,2,2,0,,,,,,,,,,,XGBoost
2,protein,SYNTH_HFGLLCPKS,1,1,0,,,,,,,,,,,XGBoost
2,protein,SYNTH_HGAIKLDDK,1,1,0,,,,,,,,,,,XGBoost
2,protein,SYNTH_HISCLTFGR,1,0,1,,,,,,,,,,,XGBoost
2,protein,SYNTH_HLLLVAAGL,1,1,0,,,,,,,,,,,XGBoost
2,protein,SYNTH_HLMGWDYPK,1,1,0,,,,,,,,,,,XGBoost
2,protein,SYNTH_HLPVADAVI,1,1,0,,,,,,,,,,,XGBoost
2,protein,SYNTH_HLRIAGHHL,1,1,0,,,,,,,,,,,XGBoost
2,protein,SYNTH_HLSLRGLFV,1,1,0,,,,,,,,,,,XGBoost
2,protein,SYNTH_HLSLRGLPV,1,0,1,,,,,,,,,,,XGBoost
2,protein,SYNTH_HLYLQYIRK,1,0,1,,,,,,,,,,,XGBoost
2,protein,SYNTH_HMLDMYSVM,2,1,1,,,,,,,,,,,XGBoost
2,protein,SYNTH_HMLDMYSVML,1,0,1,,,,,,,,,,,XGBoost
2,protein,SYNTH_HMWNFISGI,1,1,0,,,,,,,,,,,XGBoost
2,protein,SYNTH_HNPTGRSIC,1,1,0,,,,,,,,,,,XGBoost
2,protein,SYNTH_HPAAMPHLL,1,0,1,,,,,,,,,,,XGBoost
2,protein,SYNTH_HPALVFDIT,1,1,0,,,,,,,,,,,XGBoost
2,protein,SYNTH_HPGFTVIALF,1,1,0,,,,,,,,,,,XGBoost
2,protein,SYNTH_HPGSGKTRRY,1,1,0,,,,,,,,,,,XGBoost
2,protein,SYNTH_HPLADNKFAL,1,0,1,,,,,,,,,,,XGBoost
2,protein,SYNTH_HPTFTSQY,1,1,0,,,,,,,,,,,XGBoost
2,protein,SYNTH_HSYFTSDYY,1,1,0,,,,,,,,,,,XGBoost
2,protein,SYNTH_HVMVELVAEL,1,0,1,,,,,,,,,,,XGBoost
2,protein,SYNTH_HVQRIETWIL,1,1,0,,,,,,,,,,,XGBoost
2,protein,SYNTH_HYFTTLKQYL,1,0,1,,,,,,,,,,,XGBoost
2,protein,SYNTH_IAGNSAYEYV,1,1,0,,,,,,,,,,,XGBoost
2,protein,SYNTH_IANQAAILM,1,1,0,,,,,,,,,,,XGBoost
2,protein,SYNTH_IDLLLQRGPQY,1,1,0,,,,,,,,,,,XGBoost
2,protein,SYNTH_IIIGGAKLK,1,0,1,,,,,,,,,,,XGBoost
2,protein,SYNTH_IILEFFLMVL,1,1,0,,,,,,,,,,,XGBoost
2,protein,SYNTH_ILASFSAST,1,0,1,,,,,,,,,,,XGBoost
2,protein,SYNTH_ILDCVLVHL,1,1,0,,,,,,,,,,,XGBoost
2,protein,SYNTH_ILDEERDKV,1,1,0,,,,,,,,,,,XGBoost
2,protein,SYNTH_ILGADPLRV,1,0,1,,,,,,,,,,,XGBoost
2,protein,SYNTH_ILGFRKIPM,1,1,0,,,,,,,,,,,XGBoost
2,protein,SYNTH_ILKGKFQTA,1,1,0,,,,,,,,,,,XGBoost
2,protein,SYNTH_ILLAKDTTEA,1,0,1,,,,,,,,,,,XGBoost
2,protein,SYNTH_ILLTAVAPSM,1,1,0,,,,,,,,,,,XGBoost
2,protein,SYNTH_ILLVAVSFV,1,1,0,,,,,,,,,,,XGBoost
2,protein,SYNTH_ILNNPKASL,1,1,0,,,,,,,,,,,XGBoost
2,protein,SYNTH_ILPDPSKPS,1,1,0,,,,,,,,,,,XGBoost
2,protein,SYNTH_ILRGSVAHK,1,1,0,,,,,,,,,,,XGBoost
2,protein,SYNTH_ILSPLTKGI,1,0,1,,,,,,,,,,,XGBoost
2,protein,SYNTH_ILSTLPETTV,1,1,0,,,,,,,,,,,XGBoost
2,protein,SYNTH_ILVLFGFFTL,1,0,1,,,,,,,,,,,XGBoost
2,protein,SYNTH_IMAVGMVSIL,1,1,0,,,,,,,,,,,XGBoost
2,protein,SYNTH_IMKIGIGVLL,1,1,0,,,,,,,,,,,XGBoost
2,protein,SYNTH_IMKSVGTGK,1,1,0,,,,,,,,,,,XGBoost
2,protein,SYNTH_INITRFQTL,1,0,1,,,,,,,,,,,XGBoost
2,protein,SYNTH_IPFAMQMAY,1,1,0,,,,,,,,,,,XGBoost
2,protein,SYNTH_IPFEIMDLEK,1,1,0,,,,,,,,,,,XGBoost
2,protein,SYNTH_IPIQASLPF,2,2,0,,,,,,,,,,,XGBoost
2,protein,SYNTH_IPMATYGWNL,1,1,0,,,,,,,,,,,XGBoost
2,protein,SYNTH_IPMTGPLVAG,1,1,0,,,,,,,,,,,XGBoost
2,protein,SYNTH_IPMVTQIAM,1,1,0,,,,,,,,,,,XGBoost
2,protein,SYNTH_IPRRIRQGL,1,1,0,,,,,,,,,,,XGBoost
2,protein,SYNTH_IPRRNVATL,1,1,0,,,,,,,,,,,XGBoost
2,protein,SYNTH_IQPFLALGF,1,1,0,,,,,,,,,,,XGBoost
2,protein,SYNTH_IQPGQTFSV,1,1,0,,,,,,,,,,,XGBoost
2,protein,SYNTH_ISDYFHNTY,1,1,0,,,,,,,,,,,XGBoost
2,protein,SYNTH_ISENGNLQVTY,1,1,0,,,,,,,,,,,XGBoost
2,protein,SYNTH_ITFDNLKTL,1,1,0,,,,,,,,,,,XGBoost
2,protein,SYNTH_ITLLCLIPTV,1,1,0,,,,,,,,,,,XGBoost
2,protein,SYNTH_ITPVHVMSK,1,0,1,,,,,,,,,,,XGBoost
2,protein,SYNTH_ITYSTYGKF,1,1,0,,,,,,,,,,,XGBoost
2,protein,SYNTH_IVNSVLLFL,1,1,0,,,,,,,,,,,XGBoost
2,protein,SYNTH_IVSPFIPLL,1,1,0,,,,,,,,,,,XGBoost
2,protein,SYNTH_IYKTYFERV,1,0,1,,,,,,,,,,,XGBoost
2,protein,SYNTH_IYNKPIAARF,1,0,1,,,,,,,,,,,XGBoost
2,protein,SYNTH_IYQLFEYTRL,1,0,1,,,,,,,,,,,XGBoost
2,protein,SYNTH_IYSKHTPINL,1,0,1,,,,,,,,,,,XGBoost
2,protein,SYNTH_IYVLGGCRHKL,1,0,1,,,,,,,,,,,XGBoost
2,protein,SYNTH_KAFQLTPIAV,1,1,0,,,,,,,,,,,XGBoost
2,protein,SYNTH_KCYGVSPTK,1,1,0,,,,,,,,,,,XGBoost
2,protein,SYNTH_KDNVILLNK,1,1,0,,,,,,,,,,,XGBoost
2,protein,SYNTH_KFALTCFSTQF,1,1,0,,,,,,,,,,,XGBoost
2,protein,SYNTH_KHIDAYKTF,1,0,1,,,,,,,,,,,XGBoost
2,protein,SYNTH_KHWPQIAQF,1,0,1,,,,,,,,,,,XGBoost
2,protein,SYNTH_KKQQTVTLL,1,1,0,,,,,,,,,,,XGBoost
2,protein,SYNTH_KLAEAIFKL,1,1,0,,,,,,,,,,,XGBoost
2,protein,SYNTH_KLDDKDPNFK,1,0,1,,,,,,,,,,,XGBoost
2,protein,SYNTH_KLDNDALNNI,1,0,1,,,,,,,,,,,XGBoost
2,protein,SYNTH_KLIGTHNSV,1,1,0,,,,,,,,,,,XGBoost
2,protein,SYNTH_KLINIIIWFL,1,1,0,,,,,,,,,,,XGBoost
2,protein,SYNTH_KLMPVCVET,1,1,0,,,,,,,,,,,XGBoost
2,protein,SYNTH_KLPDDFMGC,1,1,0,,,,,,,,,,,XGBoost
2,protein,SYNTH_KLPDDFMGCV,1,0,1,,,,,,,,,,,XGBoost
2,protein,SYNTH_KLPHLCTEL,1,1,0,,,,,,,,,,,XGBoost
2,protein,SYNTH_KLQDVVNHNA,1,0,1,,,,,,,,,,,XGBoost
2,protein,SYNTH_KLQFTSLEI,1,1,0,,,,,,,,,,,XGBoost
2,protein,SYNTH_KLSSLGLNAV,1,1,0,,,,,,,,,,,XGBoost
2,protein,SYNTH_KLVALGINAV,1,1,0,,,,,,,,,,,XGBoost
2,protein,SYNTH_KLVALGVNAV,1,1,0,,,,,,,,,,,XGBoost
2,protein,SYNTH_KLVGINMSKK,2,1,1,,,,,,,,,,,XGBoost
2,protein,SYNTH_KLVSSFLEM,1,1,0,,,,,,,,,,,XGBoost
2,protein,SYNTH_KLWAQCVQL,1,1,0,,,,,,,,,,,XGBoost
2,protein,SYNTH_KLWAQCVQLH,1,1,0,,,,,,,,,,,XGBoost
2,protein,SYNTH_KMFDAYVNT,1,1,0,,,,,,,,,,,XGBoost
2,protein,SYNTH_KMMYMCYRNI,1,0,1,,,,,,,,,,,XGBoost
2,protein,SYNTH_KMSDVKCTSV,1,0,1,,,,,,,,,,,XGBoost
2,protein,SYNTH_KPADNSLKI,1,1,0,,,,,,,,,,,XGBoost
2,protein,SYNTH_KPFERDIST,1,0,1,,,,,,,,,,,XGBoost
2,protein,SYNTH_KPGTSGSPI,1,1,0,,,,,,,,,,,XGBoost
2,protein,SYNTH_KPGTSGSPII,1,1,0,,,,,,,,,,,XGBoost
2,protein,SYNTH_KPNELSRVL,1,1,0,,,,,,,,,,,XGBoost
2,protein,SYNTH_KPRLCTREEF,1,1,0,,,,,,,,,,,XGBoost
2,protein,SYNTH_KPRSQMEI,1,0,1,,,,,,,,,,,XGBoost
2,protein,SYNTH_KPVPEVKIL,1,1,0,,,,,,,,,,,XGBoost
2,protein,SYNTH_KQEILGTVSW,1,1,0,,,,,,,,,,,XGBoost
2,protein,SYNTH_KQGDDYVYL,1,1,0,,,,,,,,,,,XGBoost
2,protein,SYNTH_KQLPFFYYS,1,1,0,,,,,,,,,,,XGBoost
2,protein,SYNTH_KREDLWCGSL,1,1,0,,,,,,,,,,,XGBoost
2,protein,SYNTH_KRFKESPFEL,1,0,1,,,,,,,,,,,XGBoost
2,protein,SYNTH_KRWIILGLNK,1,1,0,,,,,,,,,,,XGBoost
2,protein,SYNTH_KSAAEASKK,1,0,1,,,,,,,,,,,XGBoost
2,protein,SYNTH_KSAGFPFNK,1,1,0,,,,,,,,,,,XGBoost
2,protein,SYNTH_KSCLPACVY,1,1,0,,,,,,,,,,,XGBoost
2,protein,SYNTH_KSLFNTIAVL,1,1,0,,,,,,,,,,,XGBoost
2,protein,SYNTH_KSLFNTVAVL,1,1,0,,,,,,,,,,,XGBoost
2,protein,SYNTH_KTFPPIEPK,1,1,0,,,,,,,,,,,XGBoost
2,protein,SYNTH_KTFPPTEPKK,1,1,0,,,,,,,,,,,XGBoost
2,protein,SYNTH_KTSVDCTMYI,1,0,1,,,,,,,,,,,XGBoost
2,protein,SYNTH_KWKSRLNAL,1,1,0,,,,,,,,,,,XGBoost
2,protein,SYNTH_KYQEFFWDA,1,1,0,,,,,,,,,,,XGBoost
2,protein,SYNTH_LACFVLAAV,1,1,0,,,,,,,,,,,XGBoost
2,protein,SYNTH_LADAGFIKQY,1,1,0,,,,,,,,,,,XGBoost
2,protein,SYNTH_LALLLLDRL,1,1,0,,,,,,,,,,,XGBoost
2,protein,SYNTH_LALMATFKM,1,1,0,,,,,,,,,,,XGBoost
2,protein,SYNTH_LALSKGVHFV,1,0,1,,,,,,,,,,,XGBoost
2,protein,SYNTH_LATLRKLCI,1,1,0,,,,,,,,,,,XGBoost
2,protein,SYNTH_LATWVGSNL,1,1,0,,,,,,,,,,,XGBoost
2,protein,SYNTH_LDRLNQLES,1,1,0,,,,,,,,,,,XGBoost
2,protein,SYNTH_LEIPRRNVATL,1,1,0,,,,,,,,,,,XGBoost
2,protein,SYNTH_LFLTWICLL,1,1,0,,,,,,,,,,,XGBoost
2,protein,SYNTH_LGFGAYMSK,1,0,1,,,,,,,,,,,XGBoost
2,protein,SYNTH_LGKKKTPRM,1,1,0,,,,,,,,,,,XGBoost
2,protein,SYNTH_LIFLWLLWPV,1,1,0,,,,,,,,,,,XGBoost
2,protein,SYNTH_LIVTTIVYL,1,0,1,,,,,,,,,,,XGBoost
2,protein,SYNTH_LLADKFPVL,1,1,0,,,,,,,,,,,XGBoost
2,protein,SYNTH_LLAPLLSAGI,1,0,1,,,,,,,,,,,XGBoost
2,protein,SYNTH_LLDDEAGPL,1,0,1,,,,,,,,,,,XGBoost
2,protein,SYNTH_LLDYQGMLPV,1,1,0,,,,,,,,,,,XGBoost
2,protein,SYNTH_LLFNILGGWV,1,1,0,,,,,,,,,,,XGBoost
2,protein,SYNTH_LLFNKVTLA,1,1,0,,,,,,,,,,,XGBoost
2,protein,SYNTH_LLLDDFVEII,1,1,0,,,,,,,,,,,XGBoost
2,protein,SYNTH_LLLDRLNQL,1,1,0,,,,,,,,,,,XGBoost
2,protein,SYNTH_LLLMRTTWAF,1,1,0,,,,,,,,,,,XGBoost
2,protein,SYNTH_LLLTILTSL,1,1,0,,,,,,,,,,,XGBoost
2,protein,SYNTH_LLLVAHYAI,1,1,0,,,,,,,,,,,XGBoost
2,protein,SYNTH_LLMPILTL,1,1,0,,,,,,,,,,,XGBoost
2,protein,SYNTH_LLQMEDKAWL,1,1,0,,,,,,,,,,,XGBoost
2,protein,SYNTH_LLSEFCRVL,1,0,1,,,,,,,,,,,XGBoost
2,protein,SYNTH_LLSTTEWQI,1,1,0,,,,,,,,,,,XGBoost
2,protein,SYNTH_LLTDEMIAQY,1,1,0,,,,,,,,,,,XGBoost
2,protein,SYNTH_LLTEVETPI,1,0,1,,,,,,,,,,,XGBoost
2,protein,SYNTH_LLYDANYFL,1,1,0,,,,,,,,,,,XGBoost
2,protein,SYNTH_LMCHATFTM,1,1,0,,,,,,,,,,,XGBoost
2,protein,SYNTH_LMGLGKGWPL,1,1,0,,,,,,,,,,,XGBoost
2,protein,SYNTH_LMIERFVSL,1,1,0,,,,,,,,,,,XGBoost
2,protein,SYNTH_LMNGQQIFL,1,1,0,,,,,,,,,,,XGBoost
2,protein,SYNTH_LMWLIINLV,1,1,0,,,,,,,,,,,XGBoost
2,protein,SYNTH_LNKHIDAYK,1,1,0,,,,,,,,,,,XGBoost
2,protein,SYNTH_LPAADLDDF,1,1,0,,,,,,,,,,,XGBoost
2,protein,SYNTH_LPDDFMGCV,1,1,0,,,,,,,,,,,XGBoost
2,protein,SYNTH_LPDDFTGCV,1,1,0,,,,,,,,,,,XGBoost
2,protein,SYNTH_LPESLETLM,1,1,0,,,,,,,,,,,XGBoost
2,protein,SYNTH_LPFDKSTIM,1,1,0,,,,,,,,,,,XGBoost
2,protein,SYNTH_LPFDKTTIM,1,1,0,,,,,,,,,,,XGBoost
2,protein,SYNTH_LPFEKSTIM,1,1,0,,,,,,,,,,,XGBoost
2,protein,SYNTH_LPFEKSTVM,1,1,0,,,,,,,,,,,XGBoost
2,protein,SYNTH_LPFERATIM,1,1,0,,,,,,,,,,,XGBoost
2,protein,SYNTH_LPFERATVL,1,1,0,,,,,,,,,,,XGBoost
2,protein,SYNTH_LPPANTNSF,1,1,0,,,,,,,,,,,XGBoost
2,protein,SYNTH_LPSDFFPSV,1,1,0,,,,,,,,,,,XGBoost
2,protein,SYNTH_LPSYAALAT,1,1,0,,,,,,,,,,,XGBoost
2,protein,SYNTH_LPTFMTQKAR,1,1,0,,,,,,,,,,,XGBoost
2,protein,SYNTH_LPVSMTKTSV,1,1,0,,,,,,,,,,,XGBoost
2,protein,SYNTH_LPYQNIHPVTI,1,1,0,,,,,,,,,,,XGBoost
2,protein,SYNTH_LQLGFSTGV,1,1,0,,,,,,,,,,,XGBoost
2,protein,SYNTH_LQLKGMSYSM,1,1,0,,,,,,,,,,,XGBoost
2,protein,SYNTH_LRLIDAMMFT,1,0,1,,,,,,,,,,,XGBoost
2,protein,SYNTH_LRTTTVSGKL,1,1,0,,,,,,,,,,,XGBoost
2,protein,SYNTH_LSFKELLVY,1,1,0,,,,,,,,,,,XGBoost
2,protein,SYNTH_LSPRPVSYLK,1,1,0,,,,,,,,,,,XGBoost
2,protein,SYNTH_LSPRWYFYY,1,1,0,,,,,,,,,,,XGBoost
2,protein,SYNTH_LSYFIASFR,1,0,1,,,,,,,,,,,XGBoost
2,protein,SYNTH_LTAVVIPTK,1,0,1,,,,,,,,,,,XGBoost
2,protein,SYNTH_LTFGRETVLEN,1,1,0,,,,,,,,,,,XGBoost
2,protein,SYNTH_LTMTRNPQPF,1,1,0,,,,,,,,,,,XGBoost
2,protein,SYNTH_LTYTGAIKL,1,1,0,,,,,,,,,,,XGBoost
2,protein,SYNTH_LVAEWFLAYI,1,0,1,,,,,,,,,,,XGBoost
2,protein,SYNTH_LVISGLFPV,1,1,0,,,,,,,,,,,XGBoost
2,protein,SYNTH_LVMPARFY,1,0,1,,,,,,,,,,,XGBoost
2,protein,SYNTH_LVYAADPAM,1,1,0,,,,,,,,,,,XGBoost
2,protein,SYNTH_LWPKTHTLW,1,1,0,,,,,,,,,,,XGBoost
2,protein,SYNTH_LYALVYFLH,1,1,0,,,,,,,,,,,XGBoost
2,protein,SYNTH_LYASPQLEGF,1,0,1,,,,,,,,,,,XGBoost
2,protein,SYNTH_LYAVATTIL,1,1,0,,,,,,,,,,,XGBoost
2,protein,SYNTH_LYIIKLIFLW,1,1,0,,,,,,,,,,,XGBoost
2,protein,SYNTH_LYLLLYRHL,1,0,1,,,,,,,,,,,XGBoost
2,protein,SYNTH_LYLYALVYF,1,1,0,,,,,,,,,,,XGBoost
2,protein,SYNTH_LYNAVKEFCL,1,0,1,,,,,,,,,,,XGBoost
2,protein,SYNTH_LYNETFGKQL,1,0,1,,,,,,,,,,,XGBoost
2,protein,SYNTH_LYPSLIFDI,1,1,0,,,,,,,,,,,XGBoost
2,protein,SYNTH_LYRPLLRL,1,0,1,,,,,,,,,,,XGBoost
2,protein,SYNTH_LYSILSPFL,1,1,0,,,,,,,,,,,XGBoost
2,protein,SYNTH_LYTAKQMGF,1,0,1,,,,,,,,,,,XGBoost
2,protein,SYNTH_MALSIVSLF,1,1,0,,,,,,,,,,,XGBoost
2,protein,SYNTH_MANIFRGSY,1,1,0,,,,,,,,,,,XGBoost
2,protein,SYNTH_MATNYDLSV,1,0,1,,,,,,,,,,,XGBoost
2,protein,SYNTH_MAVGMVSIL,1,1,0,,,,,,,,,,,XGBoost
2,protein,SYNTH_MFTTNIWMKF,1,1,0,,,,,,,,,,,XGBoost
2,protein,SYNTH_MGSLEMLPM,1,0,1,,,,,,,,,,,XGBoost
2,protein,SYNTH_MIAQYTSAL,1,1,0,,,,,,,,,,,XGBoost
2,protein,SYNTH_MIAQYTSALL,1,1,0,,,,,,,,,,,XGBoost
2,protein,SYNTH_MIDVQQWGF,1,1,0,,,,,,,,,,,XGBoost
2,protein,SYNTH_MISVLGPIS,1,1,0,,,,,,,,,,,XGBoost
2,protein,SYNTH_MKDLSPRWY,1,0,1,,,,,,,,,,,XGBoost
2,protein,SYNTH_MLAKALRKV,1,1,0,,,,,,,,,,,XGBoost
2,protein,SYNTH_MLLGSMLYM,2,2,0,,,,,,,,,,,XGBoost
2,protein,SYNTH_MLNPNYEDLL,1,1,0,,,,,,,,,,,XGBoost
2,protein,SYNTH_MLRLLFTL,1,1,0,,,,,,,,,,,XGBoost
2,protein,SYNTH_MMATIGIALL,1,1,0,,,,,,,,,,,XGBoost
2,protein,SYNTH_MMGFKMNYQV,1,0,1,,,,,,,,,,,XGBoost
2,protein,SYNTH_MMMLPATLAF,1,1,0,,,,,,,,,,,XGBoost
2,protein,SYNTH_MMMNWSPTT,1,1,0,,,,,,,,,,,XGBoost
2,protein,SYNTH_MMPTIFFAGI,1,1,0,,,,,,,,,,,XGBoost
2,protein,SYNTH_MMVTNNTFTL,1,0,1,,,,,,,,,,,XGBoost
2,protein,SYNTH_MMWYWGRSLY,1,0,1,,,,,,,,,,,XGBoost
2,protein,SYNTH_MPASWVMRI,1,1,0,,,,,,,,,,,XGBoost
2,protein,SYNTH_MPNMLRIMA,1,1,0,,,,,,,,,,,XGBoost
2,protein,SYNTH_MPSMKRFRRE,1,1,0,,,,,,,,,,,XGBoost
2,protein,SYNTH_MPVTHSSAA,1,1,0,,,,,,,,,,,XGBoost
2,protein,SYNTH_MPVTVASAA,1,1,0,,,,,,,,,,,XGBoost
2,protein,SYNTH_MPVYNRQVL,1,0,1,,,,,,,,,,,XGBoost
2,protein,SYNTH_MPYIFTLLL,1,1,0,,,,,,,,,,,XGBoost
2,protein,SYNTH_MQNLHSSCSR,1,0,1,,,,,,,,,,,XGBoost
2,protein,SYNTH_MQVIGDQYV,1,0,1,,,,,,,,,,,XGBoost
2,protein,SYNTH_MRPHERNGF,1,0,1,,,,,,,,,,,XGBoost
2,protein,SYNTH_MSFRDLGRVM,1,1,0,,,,,,,,,,,XGBoost
2,protein,SYNTH_MSTYGWNIVK,1,1,0,,,,,,,,,,,XGBoost
2,protein,SYNTH_MTIIFLILM,1,1,0,,,,,,,,,,,XGBoost
2,protein,SYNTH_MTNRQFHQK,1,0,1,,,,,,,,,,,XGBoost
2,protein,SYNTH_MVMCGGSLYV,1,0,1,,,,,,,,,,,XGBoost
2,protein,SYNTH_MVMELVRMIK,1,0,1,,,,,,,,,,,XGBoost
2,protein,SYNTH_MVTNNTFTL,1,1,0,,,,,,,,,,,XGBoost
2,protein,SYNTH_MVTNNTFTLK,1,1,0,,,,,,,,,,,XGBoost
2,protein,SYNTH_MWLSYFIASF,1,0,1,,,,,,,,,,,XGBoost
2,protein,SYNTH_MYMCYRNIEF,1,1,0,,,,,,,,,,,XGBoost
2,protein,SYNTH_NATNVVIKV,1,1,0,,,,,,,,,,,XGBoost
2,protein,SYNTH_NATRFASVY,1,1,0,,,,,,,,,,,XGBoost
2,protein,SYNTH_NFKNLREFVF,1,1,0,,,,,,,,,,,XGBoost
2,protein,SYNTH_NFSKLINII,1,1,0,,,,,,,,,,,XGBoost
2,protein,SYNTH_NIDGYFKIY,1,0,1,,,,,,,,,,,XGBoost
2,protein,SYNTH_NIFGTVYEK,2,0,2,,,,,,,,,,,XGBoost
2,protein,SYNTH_NLAKHCLHV,1,0,1,,,,,,,,,,,XGBoost
2,protein,SYNTH_NLDAVPTGY,1,1,0,,,,,,,,,,,XGBoost
2,protein,SYNTH_NLIIKNLSK,1,0,1,,,,,,,,,,,XGBoost
2,protein,SYNTH_NLKTLLSL,1,1,0,,,,,,,,,,,XGBoost
2,protein,SYNTH_NLLTNMFTPL,1,0,1,,,,,,,,,,,XGBoost
2,protein,SYNTH_NLVAVPTGYV,1,0,1,,,,,,,,,,,XGBoost
2,protein,SYNTH_NLVPIVATV,1,1,0,,,,,,,,,,,XGBoost
2,protein,SYNTH_NMLRIMASLV,1,0,1,,,,,,,,,,,XGBoost
2,protein,SYNTH_NMLSTVLGV,1,1,0,,,,,,,,,,,XGBoost
2,protein,SYNTH_NPAQEDDQY,1,1,0,,,,,,,,,,,XGBoost
2,protein,SYNTH_NPIQLSSYSL,1,1,0,,,,,,,,,,,XGBoost
2,protein,SYNTH_NPKTPKYKF,1,1,0,,,,,,,,,,,XGBoost
2,protein,SYNTH_NRFLYIIKL,1,1,0,,,,,,,,,,,XGBoost
2,protein,SYNTH_NSAIGKIQY,1,1,0,,,,,,,,,,,XGBoost
2,protein,SYNTH_NSFTRGVYY,1,0,1,,,,,,,,,,,XGBoost
2,protein,SYNTH_NTCDGTTFTY,1,0,1,,,,,,,,,,,XGBoost
2,protein,SYNTH_NTDFRVLELY,1,1,0,,,,,,,,,,,XGBoost
2,protein,SYNTH_NTLEQTVKK,1,0,1,,,,,,,,,,,XGBoost
2,protein,SYNTH_NTLTLAVPY,1,1,0,,,,,,,,,,,XGBoost
2,protein,SYNTH_NVKDFMSL,1,1,0,,,,,,,,,,,XGBoost
2,protein,SYNTH_NVSIPWTHK,1,1,0,,,,,,,,,,,XGBoost
2,protein,SYNTH_NYNYLFRLF,1,1,0,,,,,,,,,,,XGBoost
2,protein,SYNTH_NYNYLYRFF,1,1,0,,,,,,,,,,,XGBoost
2,protein,SYNTH_NYNYLYRLFR,2,2,0,,,,,,,,,,,XGBoost
2,protein,SYNTH_PFERATVMAAF,1,1,0,,,,,,,,,,,XGBoost
2,protein,SYNTH_PFHPLADNKF,1,0,1,,,,,,,,,,,XGBoost
2,protein,SYNTH_PFLPLLPIF,1,0,1,,,,,,,,,,,XGBoost
2,protein,SYNTH_PFMRPHERN,1,1,0,,,,,,,,,,,XGBoost
2,protein,SYNTH_PKNMIIKPG,1,1,0,,,,,,,,,,,XGBoost
2,protein,SYNTH_PSQEPMSIYVY,1,1,0,,,,,,,,,,,XGBoost
2,protein,SYNTH_PTDQSYYIV,1,1,0,,,,,,,,,,,XGBoost
2,protein,SYNTH_PTSEIQLTDY,1,1,0,,,,,,,,,,,XGBoost
2,protein,SYNTH_PVAGGTSSIYI,1,1,0,,,,,,,,,,,XGBoost
2,protein,SYNTH_PYLHSRLTV,1,0,1,,,,,,,,,,,XGBoost
2,protein,SYNTH_QECSLQSCTQ,1,0,1,,,,,,,,,,,XGBoost
2,protein,SYNTH_QEYADVFHL,1,1,0,,,,,,,,,,,XGBoost
2,protein,SYNTH_QIKVRVDMV,1,1,0,,,,,,,,,,,XGBoost
2,protein,SYNTH_QIKVRVKMV,1,1,0,,,,,,,,,,,XGBoost
2,protein,SYNTH_QIPFAMQMAY,1,1,0,,,,,,,,,,,XGBoost
2,protein,SYNTH_QIYKTPPIK,1,0,1,,,,,,,,,,,XGBoost
2,protein,SYNTH_QIYPGIKVK,1,1,0,,,,,,,,,,,XGBoost
2,protein,SYNTH_QLAKRFSRG,1,1,0,,,,,,,,,,,XGBoost
2,protein,SYNTH_QLCQYLNTL,1,0,1,,,,,,,,,,,XGBoost
2,protein,SYNTH_QLDPARDVL,1,1,0,,,,,,,,,,,XGBoost
2,protein,SYNTH_QLLSSSKYT,1,1,0,,,,,,,,,,,XGBoost
2,protein,SYNTH_QLSTRGVQI,1,1,0,,,,,,,,,,,XGBoost
2,protein,SYNTH_QMAMIKLGAL,1,1,0,,,,,,,,,,,XGBoost
2,protein,SYNTH_QMAPISAMV,1,1,0,,,,,,,,,,,XGBoost
2,protein,SYNTH_QMQRKHGGML,1,1,0,,,,,,,,,,,XGBoost
2,protein,SYNTH_QPSLILVSQY,1,1,0,,,,,,,,,,,XGBoost
2,protein,SYNTH_QPYRVVVL,1,1,0,,,,,,,,,,,XGBoost
2,protein,SYNTH_QSAPHGVVF,1,0,1,,,,,,,,,,,XGBoost
2,protein,SYNTH_QSASKIITLK,1,1,0,,,,,,,,,,,XGBoost
2,protein,SYNTH_QTVKPGNFNK,1,1,0,,,,,,,,,,,XGBoost
2,protein,SYNTH_QVILLNKHI,1,1,0,,,,,,,,,,,XGBoost
2,protein,SYNTH_QYDPVAALF,1,1,0,,,,,,,,,,,XGBoost
2,protein,SYNTH_QYSDRRWCF,1,1,0,,,,,,,,,,,XGBoost
2,protein,SYNTH_QYSEHPTF,1,1,0,,,,,,,,,,,XGBoost
2,protein,SYNTH_QYSTSQWTL,1,0,1,,,,,,,,,,,XGBoost
2,protein,SYNTH_QYVKVYLESF,1,1,0,,,,,,,,,,,XGBoost
2,protein,SYNTH_RAMPNMLRI,1,1,0,,,,,,,,,,,XGBoost
2,protein,SYNTH_RFDNPVLPF,1,1,0,,,,,,,,,,,XGBoost
2,protein,SYNTH_RFHNISGRW,1,0,1,,,,,,,,,,,XGBoost
2,protein,SYNTH_RFLYIIKLIF,1,1,0,,,,,,,,,,,XGBoost
2,protein,SYNTH_RFPLTFGW,1,1,0,,,,,,,,,,,XGBoost
2,protein,SYNTH_RIAGHHLGR,1,0,1,,,,,,,,,,,XGBoost
2,protein,SYNTH_RIFTIGTVTLK,1,0,1,,,,,,,,,,,XGBoost
2,protein,SYNTH_RIRGGDGKM,1,1,0,,,,,,,,,,,XGBoost
2,protein,SYNTH_RLFRKSNLK,1,0,1,,,,,,,,,,,XGBoost
2,protein,SYNTH_RLGVRATRK,1,0,1,,,,,,,,,,,XGBoost
2,protein,SYNTH_RLIDAMMFTS,1,0,1,,,,,,,,,,,XGBoost
2,protein,SYNTH_RLLLLGLLLL,1,1,0,,,,,,,,,,,XGBoost
2,protein,SYNTH_RLLQTGIHV,1,1,0,,,,,,,,,,,XGBoost
2,protein,SYNTH_RLNEVAKNL,1,0,1,,,,,,,,,,,XGBoost
2,protein,SYNTH_RLQPNVPLV,1,1,0,,,,,,,,,,,XGBoost
2,protein,SYNTH_RLQSLQIYV,1,1,0,,,,,,,,,,,XGBoost
2,protein,SYNTH_RLQSLQTYV,1,1,0,,,,,,,,,,,XGBoost
2,protein,SYNTH_RLRMDKLQL,1,1,0,,,,,,,,,,,XGBoost
2,protein,SYNTH_RLRPGGKK,1,1,0,,,,,,,,,,,XGBoost
2,protein,SYNTH_RLTKYTMADL,1,0,1,,,,,,,,,,,XGBoost
2,protein,SYNTH_RLTVSGLAWTR,1,1,0,,,,,,,,,,,XGBoost
2,protein,SYNTH_RMQFSSFTV,1,0,1,,,,,,,,,,,XGBoost
2,protein,SYNTH_RNLVPMVATVQ,1,1,0,,,,,,,,,,,XGBoost
2,protein,SYNTH_RNLYVSLLL,1,0,1,,,,,,,,,,,XGBoost
2,protein,SYNTH_RNPAWRKAVF,1,0,1,,,,,,,,,,,XGBoost
2,protein,SYNTH_RPGYHTQTA,1,1,0,,,,,,,,,,,XGBoost
2,protein,SYNTH_RPLLESELVI,1,0,1,,,,,,,,,,,XGBoost
2,protein,SYNTH_RPMTYKAAI,1,0,1,,,,,,,,,,,XGBoost
2,protein,SYNTH_RPNFTIKGSF,1,0,1,,,,,,,,,,,XGBoost
2,protein,SYNTH_RPPIFIRLL,1,0,1,,,,,,,,,,,XGBoost
2,protein,SYNTH_RPRWLDART,1,1,0,,,,,,,,,,,XGBoost
2,protein,SYNTH_RPTPKGAVM,1,1,0,,,,,,,,,,,XGBoost
2,protein,SYNTH_RPTPKGTVM,1,1,0,,,,,,,,,,,XGBoost
2,protein,SYNTH_RQLANAIFK,1,1,0,,,,,,,,,,,XGBoost
2,protein,SYNTH_RQVVNVVTTK,2,0,2,,,,,,,,,,,XGBoost
2,protein,SYNTH_RRSGAAGAAMK,1,1,0,,,,,,,,,,,XGBoost
2,protein,SYNTH_RSCTLPPLRY,1,1,0,,,,,,,,,,,XGBoost
2,protein,SYNTH_RSDTRYVLM,1,1,0,,,,,,,,,,,XGBoost
2,protein,SYNTH_RSLFNTIAVL,1,1,0,,,,,,,,,,,XGBoost
2,protein,SYNTH_RSLYNTIATL,1,1,0,,,,,,,,,,,XGBoost
2,protein,SYNTH_RSLYNTIAVL,1,1,0,,,,,,,,,,,XGBoost
2,protein,SYNTH_RSQSPRRRRSK,1,1,0,,,,,,,,,,,XGBoost
2,protein,SYNTH_RTAPHGHVM,1,0,1,,,,,,,,,,,XGBoost
2,protein,SYNTH_RTLNAWVKV,1,1,0,,,,,,,,,,,XGBoost
2,protein,SYNTH_RVAGDSGFAAY,1,1,0,,,,,,,,,,,XGBoost
2,protein,SYNTH_RVCTNYMPY,1,1,0,,,,,,,,,,,XGBoost
2,protein,SYNTH_RVIDPRRCM,1,1,0,,,,,,,,,,,XGBoost
2,protein,SYNTH_RVIDPRRCMK,1,1,0,,,,,,,,,,,XGBoost
2,protein,SYNTH_RVKARMLTI,1,1,0,,,,,,,,,,,XGBoost
2,protein,SYNTH_RVKNRPIYR,1,1,0,,,,,,,,,,,XGBoost
2,protein,SYNTH_RVLSFIKGTK,1,1,0,,,,,,,,,,,XGBoost
2,protein,SYNTH_RVQPTESIVRF,1,1,0,,,,,,,,,,,XGBoost
2,protein,SYNTH_RVTGGVFLV,1,1,0,,,,,,,,,,,XGBoost
2,protein,SYNTH_RVYSTGSNVFQ,1,0,1,,,,,,,,,,,XGBoost
2,protein,SYNTH_RWMCLRRFII,1,0,1,,,,,,,,,,,XGBoost
2,protein,SYNTH_RYAPACKPL,1,1,0,,,,,,,,,,,XGBoost
2,protein,SYNTH_RYFKYWDQTY,1,1,0,,,,,,,,,,,XGBoost
2,protein,SYNTH_RYLEFEALGF,1,1,0,,,,,,,,,,,XGBoost
2,protein,SYNTH_RYMNSQGLL,1,0,1,,,,,,,,,,,XGBoost
2,protein,SYNTH_RYPLTFGWCF,1,1,0,,,,,,,,,,,XGBoost
2,protein,SYNTH_SACVLAAEC,1,1,0,,,,,,,,,,,XGBoost
2,protein,SYNTH_SAGRKRKSA,1,1,0,,,,,,,,,,,XGBoost
2,protein,SYNTH_SASKIITLK,1,1,0,,,,,,,,,,,XGBoost
2,protein,SYNTH_SCMGLIYN,1,0,1,,,,,,,,,,,XGBoost
2,protein,SYNTH_SCMGLIYNR,1,1,0,,,,,,,,,,,XGBoost
2,protein,SYNTH_SDNEIHNPAV,1,1,0,,,,,,,,,,,XGBoost
2,protein,SYNTH_SFGPLVRKI,1,1,0,,,,,,,,,,,XGBoost
2,protein,SYNTH_SFNPETNIL,1,1,0,,,,,,,,,,,XGBoost
2,protein,SYNTH_SIILEFFLMV,1,1,0,,,,,,,,,,,XGBoost
2,protein,SYNTH_SIIQFPNTY,1,1,0,,,,,,,,,,,XGBoost
2,protein,SYNTH_SIVAYTMSL,1,1,0,,,,,,,,,,,XGBoost
2,protein,SYNTH_SIYPGHITG,1,0,1,,,,,,,,,,,XGBoost
2,protein,SYNTH_SIYVYALPL,1,1,0,,,,,,,,,,,XGBoost
2,protein,SYNTH_SLENVAFNV,1,1,0,,,,,,,,,,,XGBoost
2,protein,SYNTH_SLFFFLYENA,1,0,1,,,,,,,,,,,XGBoost
2,protein,SYNTH_SLFNAVVTL,1,0,1,,,,,,,,,,,XGBoost
2,protein,SYNTH_SLFNTVAVL,1,1,0,,,,,,,,,,,XGBoost
2,protein,SYNTH_SLFNTVVTL,1,1,0,,,,,,,,,,,XGBoost
2,protein,SYNTH_SLHTGFLASL,1,1,0,,,,,,,,,,,XGBoost
2,protein,SYNTH_SLIDLQEL,1,1,0,,,,,,,,,,,XGBoost
2,protein,SYNTH_SLIDLQELGK,1,1,0,,,,,,,,,,,XGBoost
2,protein,SYNTH_SLISTSKR,1,0,1,,,,,,,,,,,XGBoost
2,protein,SYNTH_SLLFKTEDGV,1,1,0,,,,,,,,,,,XGBoost
2,protein,SYNTH_SLLSEFCRV,1,0,1,,,,,,,,,,,XGBoost
2,protein,SYNTH_SLLSVLLSMQ,1,0,1,,,,,,,,,,,XGBoost
2,protein,SYNTH_SLMAFTAAV,1,1,0,,,,,,,,,,,XGBoost
2,protein,SYNTH_SLNFLGGTTV,1,0,1,,,,,,,,,,,XGBoost
2,protein,SYNTH_SLVKPSFYV,1,0,1,,,,,,,,,,,XGBoost
2,protein,SYNTH_SLYEANPEL,1,1,0,,,,,,,,,,,XGBoost
2,protein,SYNTH_SLYNSVATL,1,1,0,,,,,,,,,,,XGBoost
2,protein,SYNTH_SLYNTIATL,1,1,0,,,,,,,,,,,XGBoost
2,protein,SYNTH_SLYNTVATL,1,1,0,,,,,,,,,,,XGBoost
2,protein,SYNTH_SLYNTVAVL,1,1,0,,,,,,,,,,,XGBoost
2,protein,SYNTH_SLYVNKHAF,1,1,0,,,,,,,,,,,XGBoost
2,protein,SYNTH_SMATNYDLSV,1,1,0,,,,,,,,,,,XGBoost
2,protein,SYNTH_SMDNSPNLA,1,1,0,,,,,,,,,,,XGBoost
2,protein,SYNTH_SMINGVVKL,1,1,0,,,,,,,,,,,XGBoost
2,protein,SYNTH_SMVGNWAKV,1,1,0,,,,,,,,,,,XGBoost
2,protein,SYNTH_SMWSFNPET,1,1,0,,,,,,,,,,,XGBoost
2,protein,SYNTH_SNQNGERSGA,1,0,1,,,,,,,,,,,XGBoost
2,protein,SYNTH_SPIFRIVAA,1,1,0,,,,,,,,,,,XGBoost
2,protein,SYNTH_SPIINREGKV,1,1,0,,,,,,,,,,,XGBoost
2,protein,SYNTH_SPLHVAWK,1,0,1,,,,,,,,,,,XGBoost
2,protein,SYNTH_SPLPSYAAF,1,1,0,,,,,,,,,,,XGBoost
2,protein,SYNTH_SPRRARSV,1,1,0,,,,,,,,,,,XGBoost
2,protein,SYNTH_SPSGVYQCA,1,1,0,,,,,,,,,,,XGBoost
2,protein,SYNTH_SPSGVYQCAM,1,1,0,,,,,,,,,,,XGBoost
2,protein,SYNTH_SPSRDRFVQL,1,1,0,,,,,,,,,,,XGBoost
2,protein,SYNTH_SPVRVPNYNM,1,1,0,,,,,,,,,,,XGBoost
2,protein,SYNTH_SQCVNLTTRT,1,0,1,,,,,,,,,,,XGBoost
2,protein,SYNTH_SRTLSYYKL,1,0,1,,,,,,,,,,,XGBoost
2,protein,SYNTH_SRYWAIRTR,1,1,0,,,,,,,,,,,XGBoost
2,protein,SYNTH_SSMSSTWHW,1,0,1,,,,,,,,,,,XGBoost
2,protein,SYNTH_SSSRHAVELR,1,0,1,,,,,,,,,,,XGBoost
2,protein,SYNTH_SSTSRNINY,1,0,1,,,,,,,,,,,XGBoost
2,protein,SYNTH_SSWAFAKY,1,0,1,,,,,,,,,,,XGBoost
2,protein,SYNTH_SSYSLFDMSK,1,0,1,,,,,,,,,,,XGBoost
2,protein,SYNTH_STDGNKIADKY,1,0,1,,,,,,,,,,,XGBoost
2,protein,SYNTH_STGHISTQK,1,0,1,,,,,,,,,,,XGBoost
2,protein,SYNTH_STLPETTVV,1,1,0,,,,,,,,,,,XGBoost
2,protein,SYNTH_STLPETTVVRR,1,1,0,,,,,,,,,,,XGBoost
2,protein,SYNTH_STQDLFLPF,1,1,0,,,,,,,,,,,XGBoost
2,protein,SYNTH_STSAFVETV,1,0,1,,,,,,,,,,,XGBoost
2,protein,SYNTH_STTTDVRTL,1,1,0,,,,,,,,,,,XGBoost
2,protein,SYNTH_STVPCFNPK,1,1,0,,,,,,,,,,,XGBoost
2,protein,SYNTH_STYGWNLVR,1,1,0,,,,,,,,,,,XGBoost
2,protein,SYNTH_SVIDCNTCV,1,1,0,,,,,,,,,,,XGBoost
2,protein,SYNTH_SVMKRRIEEIC,1,1,0,,,,,,,,,,,XGBoost
2,protein,SYNTH_SVRNGTYDYPK,1,0,1,,,,,,,,,,,XGBoost
2,protein,SYNTH_SVVRRAFPH,1,1,0,,,,,,,,,,,XGBoost
2,protein,SYNTH_SVVSKVVKV,1,1,0,,,,,,,,,,,XGBoost
2,protein,SYNTH_SVYAAVTNFLL,1,0,1,,,,,,,,,,,XGBoost
2,protein,SYNTH_SWMVRILIGF,1,1,0,,,,,,,,,,,XGBoost
2,protein,SYNTH_SYAQMWTLMY,1,1,0,,,,,,,,,,,XGBoost
2,protein,SYNTH_SYEDQDALFAY,1,0,1,,,,,,,,,,,XGBoost
2,protein,SYNTH_SYFIASFRL,1,1,0,,,,,,,,,,,XGBoost
2,protein,SYNTH_SYGADLKSF,1,0,1,,,,,,,,,,,XGBoost
2,protein,SYNTH_SYQHFRKL,1,0,1,,,,,,,,,,,XGBoost
2,protein,SYNTH_SYSLFDMSKF,1,1,0,,,,,,,,,,,XGBoost
2,protein,SYNTH_SYVNVNMGL,1,1,0,,,,,,,,,,,XGBoost
2,protein,SYNTH_SYYSLLMPI,1,1,0,,,,,,,,,,,XGBoost
2,protein,SYNTH_TALALLLLD,1,1,0,,,,,,,,,,,XGBoost
2,protein,SYNTH_TECSNLLLQY,1,1,0,,,,,,,,,,,XGBoost
2,protein,SYNTH_TEIDPKLDNYY,1,1,0,,,,,,,,,,,XGBoost
2,protein,SYNTH_TFFKLVNKF,1,0,1,,,,,,,,,,,XGBoost
2,protein,SYNTH_TIFKDASGK,2,0,2,,,,,,,,,,,XGBoost
2,protein,SYNTH_TIMAAILAY,1,1,0,,,,,,,,,,,XGBoost
2,protein,SYNTH_TIVEVQPQL,1,1,0,,,,,,,,,,,XGBoost
2,protein,SYNTH_TLADAGFIK,1,0,1,,,,,,,,,,,XGBoost
2,protein,SYNTH_TLDSKTQSL,1,1,0,,,,,,,,,,,XGBoost
2,protein,SYNTH_TLHDLCQAL,1,0,1,,,,,,,,,,,XGBoost
2,protein,SYNTH_TLIVNLVEV,1,1,0,,,,,,,,,,,XGBoost
2,protein,SYNTH_TLKGGAPTK,1,0,1,,,,,,,,,,,XGBoost
2,protein,SYNTH_TLMNVITLV,1,1,0,,,,,,,,,,,XGBoost
2,protein,SYNTH_TLMNVLTLVY,1,0,1,,,,,,,,,,,XGBoost
2,protein,SYNTH_TLREYILDL,1,0,1,,,,,,,,,,,XGBoost
2,protein,SYNTH_TLVFLFVAA,1,1,0,,,,,,,,,,,XGBoost
2,protein,SYNTH_TLYCVHQK,1,1,0,,,,,,,,,,,XGBoost
2,protein,SYNTH_TLYCVHQR,1,0,1,,,,,,,,,,,XGBoost
2,protein,SYNTH_TMLFTMLRK,1,0,1,,,,,,,,,,,XGBoost
2,protein,SYNTH_TMVMELVRMIK,1,1,0,,,,,,,,,,,XGBoost
2,protein,SYNTH_TMYGGISLL,1,1,0,,,,,,,,,,,XGBoost
2,protein,SYNTH_TPARVTGGV,1,1,0,,,,,,,,,,,XGBoost
2,protein,SYNTH_TPEGIIPALF,1,1,0,,,,,,,,,,,XGBoost
2,protein,SYNTH_TPEGIIPSMF,1,1,0,,,,,,,,,,,XGBoost
2,protein,SYNTH_TPGPGVRWPL,1,1,0,,,,,,,,,,,XGBoost
2,protein,SYNTH_TPHTVLQAV,1,1,0,,,,,,,,,,,XGBoost
2,protein,SYNTH_TPKGAVMDII,1,1,0,,,,,,,,,,,XGBoost
2,protein,SYNTH_TPLIQPIGAL,1,0,1,,,,,,,,,,,XGBoost
2,protein,SYNTH_TPPGSRDPF,1,1,0,,,,,,,,,,,XGBoost
2,protein,SYNTH_TPQDLNTM,1,1,0,,,,,,,,,,,XGBoost
2,protein,SYNTH_TPQDNQLAYV,1,1,0,,,,,,,,,,,XGBoost
2,protein,SYNTH_TPRVTGGGA,1,1,0,,,,,,,,,,,XGBoost
2,protein,SYNTH_TPRVTGGGAMA,1,1,0,,,,,,,,,,,XGBoost
2,protein,SYNTH_TQWSLFFFL,1,1,0,,,,,,,,,,,XGBoost
2,protein,SYNTH_TSFGPLVRK,1,0,1,,,,,,,,,,,XGBoost
2,protein,SYNTH_TSKGHSSSR,1,0,1,,,,,,,,,,,XGBoost
2,protein,SYNTH_TTDPSFLGRY,1,0,1,,,,,,,,,,,XGBoost
2,protein,SYNTH_TTIKPVTYK,1,0,1,,,,,,,,,,,XGBoost
2,protein,SYNTH_TTLNDFNLV,1,1,0,,,,,,,,,,,XGBoost
2,protein,SYNTH_TVIEVQGYK,1,0,1,,,,,,,,,,,XGBoost
2,protein,SYNTH_TVRSHCVSK,1,1,0,,,,,,,,,,,XGBoost
2,protein,SYNTH_TVYDPLQPEL,1,1,0,,,,,,,,,,,XGBoost
2,protein,SYNTH_TYAQMVKKL,1,0,1,,,,,,,,,,,XGBoost
2,protein,SYNTH_TYASALWEI,1,1,0,,,,,,,,,,,XGBoost
2,protein,SYNTH_TYERHSLSHF,1,1,0,,,,,,,,,,,XGBoost
2,protein,SYNTH_TYGRPIRFL,1,0,1,,,,,,,,,,,XGBoost
2,protein,SYNTH_TYHWLLLTI,1,1,0,,,,,,,,,,,XGBoost
2,protein,SYNTH_TYPVLNVTM,1,1,0,,,,,,,,,,,XGBoost
2,protein,SYNTH_TYRCGAVSDL,1,0,1,,,,,,,,,,,XGBoost
2,protein,SYNTH_TYSSSMMW,1,0,1,,,,,,,,,,,XGBoost
2,protein,SYNTH_VAFNTLLFL,1,1,0,,,,,,,,,,,XGBoost
2,protein,SYNTH_VAGALVAFK,1,0,1,,,,,,,,,,,XGBoost
2,protein,SYNTH_VALRHVVCA,1,1,0,,,,,,,,,,,XGBoost
2,protein,SYNTH_VEEDLTMTR,1,1,0,,,,,,,,,,,XGBoost
2,protein,SYNTH_VENPHLMGWD,1,1,0,,,,,,,,,,,XGBoost
2,protein,SYNTH_VFAGKNTDL,1,0,1,,,,,,,,,,,XGBoost
2,protein,SYNTH_VFVSNGTHWF,1,0,1,,,,,,,,,,,XGBoost
2,protein,SYNTH_VIAWNSNNL,1,0,1,,,,,,,,,,,XGBoost
2,protein,SYNTH_VIWMMWYWGR,1,1,0,,,,,,,,,,,XGBoost
2,protein,SYNTH_VLHDIGNPK,1,0,1,,,,,,,,,,,XGBoost
2,protein,SYNTH_VLLFLAFVVF,1,1,0,,,,,,,,,,,XGBoost
2,protein,SYNTH_VLLLVTHYAI,1,1,0,,,,,,,,,,,XGBoost
2,protein,SYNTH_VLLSMQGAV,1,1,0,,,,,,,,,,,XGBoost
2,protein,SYNTH_VLNDILSRLDK,1,0,1,,,,,,,,,,,XGBoost
2,protein,SYNTH_VLPFNDGVYFA,1,1,0,,,,,,,,,,,XGBoost
2,protein,SYNTH_VLTESSVSTA,1,1,0,,,,,,,,,,,XGBoost
2,protein,SYNTH_VLYENQKLI,1,1,0,,,,,,,,,,,XGBoost
2,protein,SYNTH_VMKFKETSF,1,1,0,,,,,,,,,,,XGBoost
2,protein,SYNTH_VMVELVAEL,1,1,0,,,,,,,,,,,XGBoost
2,protein,SYNTH_VPHHVVATV,1,1,0,,,,,,,,,,,XGBoost
2,protein,SYNTH_VPHISRQRL,1,1,0,,,,,,,,,,,XGBoost
2,protein,SYNTH_VPMEKLKTL,1,0,1,,,,,,,,,,,XGBoost
2,protein,SYNTH_VPSMEDLVNL,1,1,0,,,,,,,,,,,XGBoost
2,protein,SYNTH_VQMAPISAMV,1,0,1,,,,,,,,,,,XGBoost
2,protein,SYNTH_VRMILMTHF,1,1,0,,,,,,,,,,,XGBoost
2,protein,SYNTH_VSDGGPNLY,1,1,0,,,,,,,,,,,XGBoost
2,protein,SYNTH_VTDPEHLMM,1,1,0,,,,,,,,,,,XGBoost
2,protein,SYNTH_VTDTPKGPK,1,1,0,,,,,,,,,,,XGBoost
2,protein,SYNTH_VTDVTQLYL,1,1,0,,,,,,,,,,,XGBoost
2,protein,SYNTH_VTEHDTLL,1,1,0,,,,,,,,,,,XGBoost
2,protein,SYNTH_VTNNTFTLK,1,1,0,,,,,,,,,,,XGBoost
2,protein,SYNTH_VTPSGTWLTY,1,0,1,,,,,,,,,,,XGBoost
2,protein,SYNTH_VTTTTYLVK,1,0,1,,,,,,,,,,,XGBoost
2,protein,SYNTH_VTVKNGSIHLY,1,1,0,,,,,,,,,,,XGBoost
2,protein,SYNTH_VTYECPLLV,1,1,0,,,,,,,,,,,XGBoost
2,protein,SYNTH_VVDFSQFSR,1,0,1,,,,,,,,,,,XGBoost
2,protein,SYNTH_VVDKYFDCY,1,1,0,,,,,,,,,,,XGBoost
2,protein,SYNTH_VVENPTIQK,1,0,1,,,,,,,,,,,XGBoost
2,protein,SYNTH_VVLDSLDPMV,1,1,0,,,,,,,,,,,XGBoost
2,protein,SYNTH_VVNAANVYLK,1,0,1,,,,,,,,,,,XGBoost
2,protein,SYNTH_VVNARLRAK,1,1,0,,,,,,,,,,,XGBoost
2,protein,SYNTH_VVTTKIALK,1,1,0,,,,,,,,,,,XGBoost
2,protein,SYNTH_VYFASTEKSNI,1,1,0,,,,,,,,,,,XGBoost
2,protein,SYNTH_VYFLQSINF,1,1,0,,,,,,,,,,,XGBoost
2,protein,SYNTH_VYHQLCRAL,1,0,1,,,,,,,,,,,XGBoost
2,protein,SYNTH_VYMPASWVM,1,1,0,,,,,,,,,,,XGBoost
2,protein,SYNTH_VYNAPNLHTL,1,0,1,,,,,,,,,,,XGBoost
2,protein,SYNTH_VYRDEALNNRF,1,1,0,,,,,,,,,,,XGBoost
2,protein,SYNTH_VYSVIYLYL,1,0,1,,,,,,,,,,,XGBoost
2,protein,SYNTH_VYYTSAFVF,1,0,1,,,,,,,,,,,XGBoost
2,protein,SYNTH_WHYDQDHPY,1,1,0,,,,,,,,,,,XGBoost
2,protein,SYNTH_WHYPCTVNF,1,1,0,,,,,,,,,,,XGBoost
2,protein,SYNTH_WKTWGKAKML,1,1,0,,,,,,,,,,,XGBoost
2,protein,SYNTH_WLDDDSQQTV,1,0,1,,,,,,,,,,,XGBoost
2,protein,SYNTH_WLDMVDTSL,1,1,0,,,,,,,,,,,XGBoost
2,protein,SYNTH_WLGFIAGLI,1,1,0,,,,,,,,,,,XGBoost
2,protein,SYNTH_WLGNIIQYA,1,1,0,,,,,,,,,,,XGBoost
2,protein,SYNTH_WLLVLVLLL,1,0,1,,,,,,,,,,,XGBoost
2,protein,SYNTH_WLPTGTLLV,1,1,0,,,,,,,,,,,XGBoost
2,protein,SYNTH_WLQFRNSK,1,0,1,,,,,,,,,,,XGBoost
2,protein,SYNTH_WLTYTGAIK,1,1,0,,,,,,,,,,,XGBoost
2,protein,SYNTH_WLTYTGAIKL,1,1,0,,,,,,,,,,,XGBoost
2,protein,SYNTH_WPAPPGARSM,1,1,0,,,,,,,,,,,XGBoost
2,protein,SYNTH_WQPAAQPKR,1,1,0,,,,,,,,,,,XGBoost
2,protein,SYNTH_WSMATYYLF,1,0,1,,,,,,,,,,,XGBoost
2,protein,SYNTH_WTDNNCYLA,1,1,0,,,,,,,,,,,XGBoost
2,protein,SYNTH_YADVFHLYL,1,0,1,,,,,,,,,,,XGBoost
2,protein,SYNTH_YANRNRFLY,1,1,0,,,,,,,,,,,XGBoost
2,protein,SYNTH_YAQMWTLMY,1,1,0,,,,,,,,,,,XGBoost
2,protein,SYNTH_YEKLKPVL,1,1,0,,,,,,,,,,,XGBoost
2,protein,SYNTH_YFLQSINFV,1,1,0,,,,,,,,,,,XGBoost
2,protein,SYNTH_YFPLQSYGF,1,0,1,,,,,,,,,,,XGBoost
2,protein,SYNTH_YFVVKRHTF,1,1,0,,,,,,,,,,,XGBoost
2,protein,SYNTH_YGFQPTNGV,1,1,0,,,,,,,,,,,XGBoost
2,protein,SYNTH_YICGFIQQK,1,1,0,,,,,,,,,,,XGBoost
2,protein,SYNTH_YIDDYMRNA,1,0,1,,,,,,,,,,,XGBoost
2,protein,SYNTH_YILGADPLRV,1,1,0,,,,,,,,,,,XGBoost
2,protein,SYNTH_YINVFAFPF,1,1,0,,,,,,,,,,,XGBoost
2,protein,SYNTH_YIVRWEWVV,1,1,0,,,,,,,,,,,XGBoost
2,protein,SYNTH_YKTFPPTEPK,1,1,0,,,,,,,,,,,XGBoost
2,protein,SYNTH_YLDGADVTKI,1,0,1,,,,,,,,,,,XGBoost
2,protein,SYNTH_YLEGSVRVV,1,1,0,,,,,,,,,,,XGBoost
2,protein,SYNTH_YLESFCEDV,1,1,0,,,,,,,,,,,XGBoost
2,protein,SYNTH_YLHTLWKAGI,1,0,1,,,,,,,,,,,XGBoost
2,protein,SYNTH_YLITPVHVM,1,1,0,,,,,,,,,,,XGBoost
2,protein,SYNTH_YLKLRSDVL,1,0,1,,,,,,,,,,,XGBoost
2,protein,SYNTH_YLKLTDNVYIK,1,0,1,,,,,,,,,,,XGBoost
2,protein,SYNTH_YLNTLTLAVP,1,0,1,,,,,,,,,,,XGBoost
2,protein,SYNTH_YLPYPDPSRI,1,0,1,,,,,,,,,,,XGBoost
2,protein,SYNTH_YLPYPDPSRIL,1,0,1,,,,,,,,,,,XGBoost
2,protein,SYNTH_YLQPRTFLL,2,2,0,,,,,,,,,,,XGBoost
2,protein,SYNTH_YLTNDVSFLA,1,1,0,,,,,,,,,,,XGBoost
2,protein,SYNTH_YLVRRPMTI,1,1,0,,,,,,,,,,,XGBoost
2,protein,SYNTH_YLYALVYFL,1,1,0,,,,,,,,,,,XGBoost
2,protein,SYNTH_YMDDVVLG,1,0,1,,,,,,,,,,,XGBoost
2,protein,SYNTH_YMDDVVLGAK,1,0,1,,,,,,,,,,,XGBoost
2,protein,SYNTH_YMPYFFTLL,1,1,0,,,,,,,,,,,XGBoost
2,protein,SYNTH_YNLWNTFTRL,1,1,0,,,,,,,,,,,XGBoost
2,protein,SYNTH_YPALMPLYA,1,0,1,,,,,,,,,,,XGBoost
2,protein,SYNTH_YPLECIKDL,1,1,0,,,,,,,,,,,XGBoost
2,protein,SYNTH_YQCAMRPNFT,1,0,1,,,,,,,,,,,XGBoost
2,protein,SYNTH_YQKCCNLFEK,1,0,1,,,,,,,,,,,XGBoost
2,protein,SYNTH_YSDPLALRE,1,1,0,,,,,,,,,,,XGBoost
2,protein,SYNTH_YSEHPTFTSQY,1,1,0,,,,,,,,,,,XGBoost
2,protein,SYNTH_YSFLPGVYSV,1,0,1,,,,,,,,,,,XGBoost
2,protein,SYNTH_YSFRPTYGV,1,1,0,,,,,,,,,,,XGBoost
2,protein,SYNTH_YSYATHSDK,1,0,1,,,,,,,,,,,XGBoost
2,protein,SYNTH_YTAFTIPSV,1,1,0,,,,,,,,,,,XGBoost
2,protein,SYNTH_YTDIATSAC,1,1,0,,,,,,,,,,,XGBoost
2,protein,SYNTH_YTDYMPSMK,1,1,0,,,,,,,,,,,XGBoost
2,protein,SYNTH_YTGNYQCGHY,1,1,0,,,,,,,,,,,XGBoost
2,protein,SYNTH_YTNDKACPL,1,1,0,,,,,,,,,,,XGBoost
2,protein,SYNTH_YTNWGEIYI,1,0,1,,,,,,,,,,,XGBoost
2,protein,SYNTH_YTVSCLPFT,1,1,0,,,,,,,,,,,XGBoost
2,protein,SYNTH_YVFTGYRVTK,1,0,1,,,,,,,,,,,XGBoost
2,protein,SYNTH_YVGDLCGSV,1,1,0,,,,,,,,,,,XGBoost
2,protein,SYNTH_YVLEETSVML,1,1,0,,,,,,,,,,,XGBoost
2,protein,SYNTH_YVLPRRGPRL,1,0,1,,,,,,,,,,,XGBoost
2,protein,SYNTH_YVNKHAFHT,1,1,0,,,,,,,,,,,XGBoost
2,protein,SYNTH_YVNVNMGLK,1,0,1,,,,,,,,,,,XGBoost
2,protein,SYNTH_YVVIAILTVV,1,1,0,,,,,,,,,,,XGBoost
2,protein,SYNTH_YYAGLPPEL,1,0,1,,,,,,,,,,,XGBoost
2,protein,SYNTH_YYMATLKNV,1,1,0,,,,,,,,,,,XGBoost
2,protein,SYNTH_YYVFHMPRCL,1,0,1,,,,,,,,,,,XGBoost
2,protein,SYNTH_YYVGYLQPRTF,1,0,1,,,,,,,,,,,XGBoost
2,protein,VE2_HPV16,5,5,0,,,,,,,,,,,XGBoost
2,protein,VE5_HPV16,1,1,0,,,,,,,,,,,XGBoost
2,protein,VE6_HPV16,6,6,0,,,,,,,,,,,XGBoost
2,protein,VE6_HPV18,4,2,2,,,,,,,,,,,XGBoost
2,protein,VE7_HPV16,8,7,1,,,,,,,,,,,XGBoost
2,protein,VE7_HPV18,1,1,0,,,,,,,,,,,XGBoost
2,protein,VL1_HPV16,1,1,0,,,,,,,,,,,XGBoost
3,overall,all,913,627,286,0.6748168099842742,0.8023323532293827,0.8571428571428571,0.8421052631578947,0.8571428571428571,0.12440191387559808,0.8556518871412843,0.8421052631578947,0.3062200956937799,0.8454122012130538,XGBoost
3,virus,CMV,97,76,21,0.7738095238095238,0.8962957432259341,0.8888888888888888,0.875,0.8888888888888888,0.10526315789473684,0.8517027694298509,0.875,0.27631578947368424,0.8640944997866553,XGBoost
3,virus,DENV,100,99,1,0.30303030303030304,0.988281491694918,1.0,1.0,1.0,0.10101010101010101,1.0,1.0,0.25252525252525254,1.0,XGBoost
3,virus,EBV,37,25,12,0.6033333333333334,0.7965317292086094,1.0,0.8888888888888888,1.0,0.12,1.0,0.8888888888888888,0.32,0.9162750860008065,XGBoost
3,virus,HBV,88,44,44,0.6461776859504131,0.6414773625606766,0.75,0.6363636363636364,0.75,0.13636363636363635,0.7425593282399433,0.6363636363636364,0.3181818181818182,0.6651973583642053,XGBoost
3,virus,HCV,30,22,8,0.6931818181818181,0.8340364298720645,0.6666666666666666,0.8571428571428571,0.6666666666666666,0.09090909090909091,0.7039180890341348,0.8571428571428571,0.2727272727272727,0.8265723430117607,XGBoost
3,virus,HIV-1,43,30,13,0.6641025641025641,0.8367595146361364,1.0,0.8,1.0,0.13333333333333333,0.9999999999999998,0.8,0.26666666666666666,0.8630152897016883,XGBoost
3,virus,HPV,12,0,12,,,,,,,,,,,XGBoost
3,virus,HPV16,19,17,2,0.8235294117647058,0.9796740626074991,1.0,1.0,1.0,0.058823529411764705,1.0,1.0,0.23529411764705882,0.9999999999999998,XGBoost
3,virus,HPV18,9,5,4,,,,,,,,,,,XGBoost
3,virus,IAV,46,28,18,0.6408730158730159,0.7160436556453371,0.75,0.7272727272727273,0.75,0.10714285714285714,0.6096199500078981,0.7272727272727273,0.2857142857142857,0.6635775238258306,XGBoost
3,virus,RSV,1,1,0,,,,,,,,,,,XGBoost
3,virus,SARS-CoV-2,431,280,151,0.6547658467360453,0.7585515153432774,0.8372093023255814,0.7850467289719626,0.8372093023255814,0.12857142857142856,0.8312543290738755,0.7850467289719626,0.3,0.7932291423851872,XGBoost
3,protein,BARF1_EBVG,2,2,0,,,,,,,,,,,XGBoost
3,protein,BRLF1_EBVB9,2,1,1,,,,,,,,,,,XGBoost
3,protein,BZLF1_EBVB9,2,0,2,,,,,,,,,,,XGBoost
3,protein,DNBI_EBVG,5,1,4,,,,,,,,,,,XGBoost
3,protein,EAD_EBVG,2,2,0,,,,,,,,,,,XGBoost
3,protein,EBNA1_EBVB9,1,1,0,,,,,,,,,,,XGBoost
3,protein,EBNA2_EBVG,1,0,1,,,,,,,,,,,XGBoost
3,protein,EBNA3_EBVB9,2,2,0,,,,,,,,,,,XGBoost
3,protein,EBNA4_EBVB9,1,1,0,,,,,,,,,,,XGBoost
3,protein,EBNA6_EBVG,3,1,2,,,,,,,,,,,XGBoost
3,protein,LMP1_EBVB9,1,0,1,,,,,,,,,,,XGBoost
3,protein,LMP2_EBVB9,6,6,0,,,,,,,,,,,XGBoost
3,protein,MTP_EBVG,1,1,0,,,,,,,,,,,XGBoost
3,protein,SYNTH_AAFYHLPLH,1,0,1,,,,,,,,,,,XGBoost
3,protein,SYNTH_AAGLEAPFLY,1,1,0,,,,,,,,,,,XGBoost
3,protein,SYNTH_AAGRKSLTL,1,1,0,,,,,,,,,,,XGBoost
3,protein,SYNTH_AAISDYDYY,1,1,0,,,,,,,,,,,XGBoost
3,protein,SYNTH_AANFCALILA,1,1,0,,,,,,,,,,,XGBoost
3,protein,SYNTH_ADLMGYIPLV,1,1,0,,,,,,,,,,,XGBoost
3,protein,SYNTH_AEAELAKNV,1,1,0,,,,,,,,,,,XGBoost
3,protein,SYNTH_AEGGVGWRHW,1,1,0,,,,,,,,,,,XGBoost
3,protein,SYNTH_AEIRASANL,1,1,0,,,,,,,,,,,XGBoost
3,protein,SYNTH_AEPNFPKNVW,1,1,0,,,,,,,,,,,XGBoost
3,protein,SYNTH_AEVQIDRLI,1,1,0,,,,,,,,,,,XGBoost
3,protein,SYNTH_AGFSLWVYK,1,1,0,,,,,,,,,,,XGBoost
3,protein,SYNTH_AGRRSVSGDL,1,1,0,,,,,,,,,,,XGBoost
3,protein,SYNTH_AHIQWMVMF,1,1,0,,,,,,,,,,,XGBoost
3,protein,SYNTH_AICSVVRR,1,0,1,,,,,,,,,,,XGBoost
3,protein,SYNTH_AIDAYPLTK,1,1,0,,,,,,,,,,,XGBoost
3,protein,SYNTH_AIMDKNIIL,1,1,0,,,,,,,,,,,XGBoost
3,protein,SYNTH_AIVDKNITL,1,1,0,,,,,,,,,,,XGBoost
3,protein,SYNTH_AIVSTIQRKYK,1,1,0,,,,,,,,,,,XGBoost
3,protein,SYNTH_ALALLLLDRL,1,0,1,,,,,,,,,,,XGBoost
3,protein,SYNTH_ALDLSHFLR,1,0,1,,,,,,,,,,,XGBoost
3,protein,SYNTH_ALFFFDIDLL,1,1,0,,,,,,,,,,,XGBoost
3,protein,SYNTH_ALGNLPKVLHK,1,0,1,,,,,,,,,,,XGBoost
3,protein,SYNTH_ALITLATCEL,1,0,1,,,,,,,,,,,XGBoost
3,protein,SYNTH_ALKMTMASV,1,0,1,,,,,,,,,,,XGBoost
3,protein,SYNTH_ALKYLPIDK,1,0,1,,,,,,,,,,,XGBoost
3,protein,SYNTH_ALLADKFPVL,1,1,0,,,,,,,,,,,XGBoost
3,protein,SYNTH_ALLALNDMGK,1,1,0,,,,,,,,,,,XGBoost
3,protein,SYNTH_ALLATSIFK,1,1,0,,,,,,,,,,,XGBoost
3,protein,SYNTH_ALLKHRFEI,1,0,1,,,,,,,,,,,XGBoost
3,protein,SYNTH_ALLTKSSEYK,1,0,1,,,,,,,,,,,XGBoost
3,protein,SYNTH_ALLTLQQIEL,1,1,0,,,,,,,,,,,XGBoost
3,protein,SYNTH_ALNTLVKQL,1,1,0,,,,,,,,,,,XGBoost
3,protein,SYNTH_ALPETTADI,1,1,0,,,,,,,,,,,XGBoost
3,protein,SYNTH_ALPETTADIV,1,0,1,,,,,,,,,,,XGBoost
3,protein,SYNTH_ALRANSAVK,1,0,1,,,,,,,,,,,XGBoost
3,protein,SYNTH_ALRFTSARR,1,1,0,,,,,,,,,,,XGBoost
3,protein,SYNTH_ALSPSTSKV,1,1,0,,,,,,,,,,,XGBoost
3,protein,SYNTH_ALWEIQQV,1,1,0,,,,,,,,,,,XGBoost
3,protein,SYNTH_AMMFTSDLA,1,1,0,,,,,,,,,,,XGBoost
3,protein,SYNTH_APISAMVRM,1,1,0,,,,,,,,,,,XGBoost
3,protein,SYNTH_APTKVTFGV,1,1,0,,,,,,,,,,,XGBoost
3,protein,SYNTH_AQALNTLVK,1,0,1,,,,,,,,,,,XGBoost
3,protein,SYNTH_AQLPAPRTL,1,1,0,,,,,,,,,,,XGBoost
3,protein,SYNTH_AQVAKSHNIAL,1,0,1,,,,,,,,,,,XGBoost
3,protein,SYNTH_ASCDAIMTR,1,0,1,,,,,,,,,,,XGBoost
3,protein,SYNTH_ASFCGSPYSW,1,1,0,,,,,,,,,,,XGBoost
3,protein,SYNTH_ASMPTTIAK,1,1,0,,,,,,,,,,,XGBoost
3,protein,SYNTH_ASSASSCLY,1,0,1,,,,,,,,,,,XGBoost
3,protein,SYNTH_ATDALMTGF,1,1,0,,,,,,,,,,,XGBoost
3,protein,SYNTH_ATSRTLSYYK,1,1,0,,,,,,,,,,,XGBoost
3,protein,SYNTH_ATVVIGTSK,1,0,1,,,,,,,,,,,XGBoost
3,protein,SYNTH_AVDLSHFLK,1,1,0,,,,,,,,,,,XGBoost
3,protein,SYNTH_AVFDKNLYDK,1,1,0,,,,,,,,,,,XGBoost
3,protein,SYNTH_AVLDMCASL,1,1,0,,,,,,,,,,,XGBoost
3,protein,SYNTH_AVMEKNIVL,1,1,0,,,,,,,,,,,XGBoost
3,protein,SYNTH_AYAQKIFKI,1,1,0,,,,,,,,,,,XGBoost
3,protein,SYNTH_AYAQKIFKIL,1,1,0,,,,,,,,,,,XGBoost
3,protein,SYNTH_AYEYVDYLF,1,0,1,,,,,,,,,,,XGBoost
3,protein,SYNTH_AYMLERELV,1,0,1,,,,,,,,,,,XGBoost
3,protein,SYNTH_AYRIKQRGIL,1,1,0,,,,,,,,,,,XGBoost
3,protein,SYNTH_AYRPQNAPIL,1,0,1,,,,,,,,,,,XGBoost
3,protein,SYNTH_AYSQQTRGL,1,0,1,,,,,,,,,,,XGBoost
3,protein,SYNTH_AYVCCQEYL,1,0,1,,,,,,,,,,,XGBoost
3,protein,SYNTH_CGYPALMPLY,1,1,0,,,,,,,,,,,XGBoost
3,protein,SYNTH_CIDDNALAY,1,1,0,,,,,,,,,,,XGBoost
3,protein,SYNTH_CLEASFNYL,1,1,0,,,,,,,,,,,XGBoost
3,protein,SYNTH_CLFKDWEEL,1,1,0,,,,,,,,,,,XGBoost
3,protein,SYNTH_CLHQSAVRK,2,2,0,,,,,,,,,,,XGBoost
3,protein,SYNTH_CLIGAEHV,1,0,1,,,,,,,,,,,XGBoost
3,protein,SYNTH_CLPACVYGL,1,1,0,,,,,,,,,,,XGBoost
3,protein,SYNTH_CRVLCCYVL,1,1,0,,,,,,,,,,,XGBoost
3,protein,SYNTH_CSMENTRATK,1,0,1,,,,,,,,,,,XGBoost
3,protein,SYNTH_CTDDNALAY,1,1,0,,,,,,,,,,,XGBoost
3,protein,SYNTH_CTEIDPKLDNY,1,0,1,,,,,,,,,,,XGBoost
3,protein,SYNTH_CVNGVCWTV,1,1,0,,,,,,,,,,,XGBoost
3,protein,SYNTH_DEQVSKRSW,1,1,0,,,,,,,,,,,XGBoost
3,protein,SYNTH_DFFPSIRDLL,1,0,1,,,,,,,,,,,XGBoost
3,protein,SYNTH_DLDDFSKQL,1,0,1,,,,,,,,,,,XGBoost
3,protein,SYNTH_DLMCHATF,1,1,0,,,,,,,,,,,XGBoost
3,protein,SYNTH_DPNFKDQVI,1,1,0,,,,,,,,,,,XGBoost
3,protein,SYNTH_DYCLTHIVNL,1,0,1,,,,,,,,,,,XGBoost
3,protein,SYNTH_DYMTSMKRF,1,1,0,,,,,,,,,,,XGBoost
3,protein,SYNTH_DYQGKPLEF,1,0,1,,,,,,,,,,,XGBoost
3,protein,SYNTH_DYYQLYSTQL,1,1,0,,,,,,,,,,,XGBoost
3,protein,SYNTH_EARKTFVDL,1,1,0,,,,,,,,,,,XGBoost
3,protein,SYNTH_EEFEPSTQYEY,1,1,0,,,,,,,,,,,XGBoost
3,protein,SYNTH_EEMNLPGRW,1,0,1,,,,,,,,,,,XGBoost
3,protein,SYNTH_EFFLMVLLI,1,1,0,,,,,,,,,,,XGBoost
3,protein,SYNTH_EGAAQGDDD,1,1,0,,,,,,,,,,,XGBoost
3,protein,SYNTH_EIDPKLDNY,1,1,0,,,,,,,,,,,XGBoost
3,protein,SYNTH_EILDITPCSFG,1,1,0,,,,,,,,,,,XGBoost
3,protein,SYNTH_EIYKRWII,1,1,0,,,,,,,,,,,XGBoost
3,protein,SYNTH_ELKRKMIYM,1,1,0,,,,,,,,,,,XGBoost
3,protein,SYNTH_ELKRKMMYM,1,1,0,,,,,,,,,,,XGBoost
3,protein,SYNTH_ELNRKMIYM,1,1,0,,,,,,,,,,,XGBoost
3,protein,SYNTH_ELRSRYWAI,1,1,0,,,,,,,,,,,XGBoost
3,protein,SYNTH_EPGVVSPTSY,1,1,0,,,,,,,,,,,XGBoost
3,protein,SYNTH_EPVLKGVKL,2,0,2,,,,,,,,,,,XGBoost
3,protein,SYNTH_EQYIKWPWY,1,0,1,,,,,,,,,,,XGBoost
3,protein,SYNTH_EWMSIRPYF,1,1,0,,,,,,,,,,,XGBoost
3,protein,SYNTH_EYADVFHLYL,1,1,0,,,,,,,,,,,XGBoost
3,protein,SYNTH_EYHDVRVVLDF,1,0,1,,,,,,,,,,,XGBoost
3,protein,SYNTH_EYTRLGVWL,1,0,1,,,,,,,,,,,XGBoost
3,protein,SYNTH_FACPDGVKHVY,1,1,0,,,,,,,,,,,XGBoost
3,protein,SYNTH_FAVDAAKAYK,1,0,1,,,,,,,,,,,XGBoost
3,protein,SYNTH_FAVPNLQSL,1,1,0,,,,,,,,,,,XGBoost
3,protein,SYNTH_FDIYNDKVAGF,1,1,0,,,,,,,,,,,XGBoost
3,protein,SYNTH_FEFTSFFY,1,0,1,,,,,,,,,,,XGBoost
3,protein,SYNTH_FELDERIDKV,1,1,0,,,,,,,,,,,XGBoost
3,protein,SYNTH_FFDIDLLLQR,1,0,1,,,,,,,,,,,XGBoost
3,protein,SYNTH_FFFDIDLLL,1,0,1,,,,,,,,,,,XGBoost
3,protein,SYNTH_FFLLTRILTI,1,1,0,,,,,,,,,,,XGBoost
3,protein,SYNTH_FFWDANDIY,1,1,0,,,,,,,,,,,XGBoost
3,protein,SYNTH_FGMSRIGM,1,0,1,,,,,,,,,,,XGBoost
3,protein,SYNTH_FIEDLLFNK,1,1,0,,,,,,,,,,,XGBoost
3,protein,SYNTH_FIERYKLEGY,1,1,0,,,,,,,,,,,XGBoost
3,protein,SYNTH_FIRQEEVQELY,1,1,0,,,,,,,,,,,XGBoost
3,protein,SYNTH_FKNLREFVF,1,0,1,,,,,,,,,,,XGBoost
3,protein,SYNTH_FLAHIQWMVM,1,0,1,,,,,,,,,,,XGBoost
3,protein,SYNTH_FLALCADSII,1,0,1,,,,,,,,,,,XGBoost
3,protein,SYNTH_FLCCKCCYD,1,1,0,,,,,,,,,,,XGBoost
3,protein,SYNTH_FLELAMDEFI,1,0,1,,,,,,,,,,,XGBoost
3,protein,SYNTH_FLEYHDVRVV,1,0,1,,,,,,,,,,,XGBoost
3,protein,SYNTH_FLFLTWICLL,1,1,0,,,,,,,,,,,XGBoost
3,protein,SYNTH_FLGRYMSAL,1,1,0,,,,,,,,,,,XGBoost
3,protein,SYNTH_FLKQQYMNL,1,1,0,,,,,,,,,,,XGBoost
3,protein,SYNTH_FLLNKEMYL,1,0,1,,,,,,,,,,,XGBoost
3,protein,SYNTH_FLLVTLAIL,1,1,0,,,,,,,,,,,XGBoost
3,protein,SYNTH_FLNGSCGSVG,1,0,1,,,,,,,,,,,XGBoost
3,protein,SYNTH_FLPFFSDVT,1,1,0,,,,,,,,,,,XGBoost
3,protein,SYNTH_FLPFFSNVTW,1,0,1,,,,,,,,,,,XGBoost
3,protein,SYNTH_FLPHDFYPSV,1,1,0,,,,,,,,,,,XGBoost
3,protein,SYNTH_FLPSDFFPGV,1,1,0,,,,,,,,,,,XGBoost
3,protein,SYNTH_FLPSDFFPS,1,1,0,,,,,,,,,,,XGBoost
3,protein,SYNTH_FLPSDFFPSI,1,1,0,,,,,,,,,,,XGBoost
3,protein,SYNTH_FLPSDFLPSV,1,1,0,,,,,,,,,,,XGBoost
3,protein,SYNTH_FLTEAIVHSV,1,1,0,,,,,,,,,,,XGBoost
3,protein,SYNTH_FLTENLLLY,1,1,0,,,,,,,,,,,XGBoost
3,protein,SYNTH_FMLWCKDGHV,1,0,1,,,,,,,,,,,XGBoost
3,protein,SYNTH_FMPLLPIFF,1,0,1,,,,,,,,,,,XGBoost
3,protein,SYNTH_FNATRFASV,1,0,1,,,,,,,,,,,XGBoost
3,protein,SYNTH_FNDGVYFAS,1,0,1,,,,,,,,,,,XGBoost
3,protein,SYNTH_FPQSNAPIM,1,1,0,,,,,,,,,,,XGBoost
3,protein,SYNTH_FPQSNAPIMD,1,1,0,,,,,,,,,,,XGBoost
3,protein,SYNTH_FPREGVFV,1,1,0,,,,,,,,,,,XGBoost
3,protein,SYNTH_FPREGVFVS,1,0,1,,,,,,,,,,,XGBoost
3,protein,SYNTH_FPVKPQVPL,1,1,0,,,,,,,,,,,XGBoost
3,protein,SYNTH_FPVKPQVPLR,1,0,1,,,,,,,,,,,XGBoost
3,protein,SYNTH_FPVKPRVPL,1,0,1,,,,,,,,,,,XGBoost
3,protein,SYNTH_FPVRPQVPLR,1,1,0,,,,,,,,,,,XGBoost
3,protein,SYNTH_FPVTPRVPL,1,0,1,,,,,,,,,,,XGBoost
3,protein,SYNTH_FRLFARTRSM,1,1,0,,,,,,,,,,,XGBoost
3,protein,SYNTH_FSLHYAWKTM,1,1,0,,,,,,,,,,,XGBoost
3,protein,SYNTH_FSVAALTNNV,1,0,1,,,,,,,,,,,XGBoost
3,protein,SYNTH_FTALTQHGK,1,0,1,,,,,,,,,,,XGBoost
3,protein,SYNTH_FTDTCFANK,1,1,0,,,,,,,,,,,XGBoost
3,protein,SYNTH_FTIMAAILAY,1,1,0,,,,,,,,,,,XGBoost
3,protein,SYNTH_FTINCQEPKL,1,0,1,,,,,,,,,,,XGBoost
3,protein,SYNTH_FTMRHKKATY,1,1,0,,,,,,,,,,,XGBoost
3,protein,SYNTH_FTNMEAQLVR,1,1,0,,,,,,,,,,,XGBoost
3,protein,SYNTH_FTPLVPFWI,1,1,0,,,,,,,,,,,XGBoost
3,protein,SYNTH_FTYASALWEI,1,0,1,,,,,,,,,,,XGBoost
3,protein,SYNTH_FVDGVPFVV,1,1,0,,,,,,,,,,,XGBoost
3,protein,SYNTH_FVENPDILRVY,1,0,1,,,,,,,,,,,XGBoost
3,protein,SYNTH_FVLAAVYRI,1,1,0,,,,,,,,,,,XGBoost
3,protein,SYNTH_FVSGNCDVV,1,1,0,,,,,,,,,,,XGBoost
3,protein,SYNTH_FVVPGLPGTI,1,0,1,,,,,,,,,,,XGBoost
3,protein,SYNTH_FVVSTGYHF,1,1,0,,,,,,,,,,,XGBoost
3,protein,SYNTH_FWDANDIYR,1,1,0,,,,,,,,,,,XGBoost
3,protein,SYNTH_FYDLRDLKL,1,0,1,,,,,,,,,,,XGBoost
3,protein,SYNTH_FYVAMFASL,1,0,1,,,,,,,,,,,XGBoost
3,protein,SYNTH_GAKLKALNL,1,0,1,,,,,,,,,,,XGBoost
3,protein,SYNTH_GANKDGIIW,1,1,0,,,,,,,,,,,XGBoost
3,protein,SYNTH_GDTPVLPHE,1,1,0,,,,,,,,,,,XGBoost
3,protein,SYNTH_GESSSNPTI,1,1,0,,,,,,,,,,,XGBoost
3,protein,SYNTH_GEVFNATRF,1,1,0,,,,,,,,,,,XGBoost
3,protein,SYNTH_GGKKKYRL,1,0,1,,,,,,,,,,,XGBoost
3,protein,SYNTH_GGPNLDNIL,1,1,0,,,,,,,,,,,XGBoost
3,protein,SYNTH_GILGFVYTL,1,1,0,,,,,,,,,,,XGBoost
3,protein,SYNTH_GILGVVFTL,1,1,0,,,,,,,,,,,XGBoost
3,protein,SYNTH_GILPRSSVGPR,1,1,0,,,,,,,,,,,XGBoost
3,protein,SYNTH_GINASVVNI,1,1,0,,,,,,,,,,,XGBoost
3,protein,SYNTH_GKKHMIAGVL,1,1,0,,,,,,,,,,,XGBoost
3,protein,SYNTH_GKYEQYIKW,1,1,0,,,,,,,,,,,XGBoost
3,protein,SYNTH_GLCVDIPGI,1,0,1,,,,,,,,,,,XGBoost
3,protein,SYNTH_GLFGAIAGFI,1,1,0,,,,,,,,,,,XGBoost
3,protein,SYNTH_GLFGKTQVGV,1,1,0,,,,,,,,,,,XGBoost
3,protein,SYNTH_GLIAIVMVTI,1,0,1,,,,,,,,,,,XGBoost
3,protein,SYNTH_GLITLSYHL,1,1,0,,,,,,,,,,,XGBoost
3,protein,SYNTH_GLLAHIPALGV,1,1,0,,,,,,,,,,,XGBoost
3,protein,SYNTH_GLNSRSTSL,1,1,0,,,,,,,,,,,XGBoost
3,protein,SYNTH_GLPRYVARL,1,1,0,,,,,,,,,,,XGBoost
3,protein,SYNTH_GLQDCTMLV,1,1,0,,,,,,,,,,,XGBoost
3,protein,SYNTH_GLVAEWFLA,1,1,0,,,,,,,,,,,XGBoost
3,protein,SYNTH_GLYTQPRWK,1,1,0,,,,,,,,,,,XGBoost
3,protein,SYNTH_GPCALRFTS,1,0,1,,,,,,,,,,,XGBoost
3,protein,SYNTH_GRLQSLQTYV,1,0,1,,,,,,,,,,,XGBoost
3,protein,SYNTH_GSSRGTSPA,1,0,1,,,,,,,,,,,XGBoost
3,protein,SYNTH_GTHPSSSAGLK,1,0,1,,,,,,,,,,,XGBoost
3,protein,SYNTH_GTHWFVTQR,1,0,1,,,,,,,,,,,XGBoost
3,protein,SYNTH_GTSGSPIINR,1,1,0,,,,,,,,,,,XGBoost
3,protein,SYNTH_GTSGSPIVDK,1,1,0,,,,,,,,,,,XGBoost
3,protein,SYNTH_GTSGSPIVDR,1,1,0,,,,,,,,,,,XGBoost
3,protein,SYNTH_GTVFVAYHR,1,0,1,,,,,,,,,,,XGBoost
3,protein,SYNTH_GVKHVYQLR,1,0,1,,,,,,,,,,,XGBoost
3,protein,SYNTH_GVRVLEDGV,1,1,0,,,,,,,,,,,XGBoost
3,protein,SYNTH_GVWIRTPPA,1,1,0,,,,,,,,,,,XGBoost
3,protein,SYNTH_GVYDYLVST,1,1,0,,,,,,,,,,,XGBoost
3,protein,SYNTH_GVYYHKNNK,1,0,1,,,,,,,,,,,XGBoost
3,protein,SYNTH_HADQLTPTW,1,1,0,,,,,,,,,,,XGBoost
3,protein,SYNTH_HEMYWVSGV,1,1,0,,,,,,,,,,,XGBoost
3,protein,SYNTH_HFISNSWLMW,1,1,0,,,,,,,,,,,XGBoost
3,protein,SYNTH_HLKLRPATF,1,1,0,,,,,,,,,,,XGBoost
3,protein,SYNTH_HLSLRGLPV,1,0,1,,,,,,,,,,,XGBoost
3,protein,SYNTH_HLYSHPIIL,1,1,0,,,,,,,,,,,XGBoost
3,protein,SYNTH_HMIAGVFFTF,1,1,0,,,,,,,,,,,XGBoost
3,protein,SYNTH_HPTQAPTHL,1,0,1,,,,,,,,,,,XGBoost
3,protein,SYNTH_HQLDPAFK,1,0,1,,,,,,,,,,,XGBoost
3,protein,SYNTH_HSKKKCDEL,1,1,0,,,,,,,,,,,XGBoost
3,protein,SYNTH_HSWEDIPYL,1,1,0,,,,,,,,,,,XGBoost
3,protein,SYNTH_HTQVVDMSMTY,1,1,0,,,,,,,,,,,XGBoost
3,protein,SYNTH_HTTDPSFLGRY,1,1,0,,,,,,,,,,,XGBoost
3,protein,SYNTH_HVVGPNVNK,1,0,1,,,,,,,,,,,XGBoost
3,protein,SYNTH_HWFVTQRNF,1,1,0,,,,,,,,,,,XGBoost
3,protein,SYNTH_HYFKTRHYL,1,0,1,,,,,,,,,,,XGBoost
3,protein,SYNTH_HYLHTLWEA,1,1,0,,,,,,,,,,,XGBoost
3,protein,SYNTH_IANQATVLM,1,1,0,,,,,,,,,,,XGBoost
3,protein,SYNTH_IAVGMVTLY,1,1,0,,,,,,,,,,,XGBoost
3,protein,SYNTH_IHVRAWIGF,1,1,0,,,,,,,,,,,XGBoost
3,protein,SYNTH_IHVRVSQPS,1,1,0,,,,,,,,,,,XGBoost
3,protein,SYNTH_IILEFFLIV,1,1,0,,,,,,,,,,,XGBoost
3,protein,SYNTH_IIWFLLLSV,1,1,0,,,,,,,,,,,XGBoost
3,protein,SYNTH_IKWPWYIWL,1,1,0,,,,,,,,,,,XGBoost
3,protein,SYNTH_ILEETSVML,1,1,0,,,,,,,,,,,XGBoost
3,protein,SYNTH_ILHCANFNV,1,1,0,,,,,,,,,,,XGBoost
3,protein,SYNTH_ILKPANNSLKI,1,0,1,,,,,,,,,,,XGBoost
3,protein,SYNTH_ILLLDQALV,1,1,0,,,,,,,,,,,XGBoost
3,protein,SYNTH_ILLNKHID,1,1,0,,,,,,,,,,,XGBoost
3,protein,SYNTH_ILNRRRRTA,1,1,0,,,,,,,,,,,XGBoost
3,protein,SYNTH_ILRGTSFVYV,1,0,1,,,,,,,,,,,XGBoost
3,protein,SYNTH_ILRKGGRTI,1,1,0,,,,,,,,,,,XGBoost
3,protein,SYNTH_ILRLGSPLSL,1,0,1,,,,,,,,,,,XGBoost
3,protein,SYNTH_ILSPLYAFA,1,1,0,,,,,,,,,,,XGBoost
3,protein,SYNTH_IMMNVAKYT,1,1,0,,,,,,,,,,,XGBoost
3,protein,SYNTH_INVHHYPSA,1,1,0,,,,,,,,,,,XGBoost
3,protein,SYNTH_IPIPSSWAF,1,0,1,,,,,,,,,,,XGBoost
3,protein,SYNTH_IPIQASLSF,1,1,0,,,,,,,,,,,XGBoost
3,protein,SYNTH_IPKAYAGPF,1,1,0,,,,,,,,,,,XGBoost
3,protein,SYNTH_IPLTTAAKL,1,1,0,,,,,,,,,,,XGBoost
3,protein,SYNTH_IPMSTYGWNL,1,1,0,,,,,,,,,,,XGBoost
3,protein,SYNTH_IPRRNVATL,1,1,0,,,,,,,,,,,XGBoost
3,protein,SYNTH_IPSINVHHY,1,1,0,,,,,,,,,,,XGBoost
3,protein,SYNTH_IPSSWAFAK,1,0,1,,,,,,,,,,,XGBoost
3,protein,SYNTH_IPVAYRNVL,1,1,0,,,,,,,,,,,XGBoost
3,protein,SYNTH_IPVERQAL,1,1,0,,,,,,,,,,,XGBoost
3,protein,SYNTH_IPVTMALWY,1,1,0,,,,,,,,,,,XGBoost
3,protein,SYNTH_IQPGQTFSVL,1,1,0,,,,,,,,,,,XGBoost
3,protein,SYNTH_IRQEEVQEL,1,1,0,,,,,,,,,,,XGBoost
3,protein,SYNTH_ISDYDYYRY,1,1,0,,,,,,,,,,,XGBoost
3,protein,SYNTH_ITFGGPSDST,1,0,1,,,,,,,,,,,XGBoost
3,protein,SYNTH_ITGRLQSLQTY,1,1,0,,,,,,,,,,,XGBoost
3,protein,SYNTH_ITLKKRWQL,1,1,0,,,,,,,,,,,XGBoost
3,protein,SYNTH_KAFQLTPIAV,1,1,0,,,,,,,,,,,XGBoost
3,protein,SYNTH_KAYNVTQAF,1,1,0,,,,,,,,,,,XGBoost
3,protein,SYNTH_KFLPDLYDYK,1,1,0,,,,,,,,,,,XGBoost
3,protein,SYNTH_KFPLAMPVW,1,1,0,,,,,,,,,,,XGBoost
3,protein,SYNTH_KFPRGQGVPI,1,0,1,,,,,,,,,,,XGBoost
3,protein,SYNTH_KISHIMLDVA,1,1,0,,,,,,,,,,,XGBoost
3,protein,SYNTH_KKADETQAL,1,0,1,,,,,,,,,,,XGBoost
3,protein,SYNTH_KKPNELSRVL,1,0,1,,,,,,,,,,,XGBoost
3,protein,SYNTH_KLDGVVCTEI,1,0,1,,,,,,,,,,,XGBoost
3,protein,SYNTH_KLFDRYFKY,1,1,0,,,,,,,,,,,XGBoost
3,protein,SYNTH_KLFIRQEEV,1,1,0,,,,,,,,,,,XGBoost
3,protein,SYNTH_KLGEFGRAK,1,1,0,,,,,,,,,,,XGBoost
3,protein,SYNTH_KLGSLVVRC,1,1,0,,,,,,,,,,,XGBoost
3,protein,SYNTH_KLGYRPHAK,1,1,0,,,,,,,,,,,XGBoost
3,protein,SYNTH_KLHLYSHPI,1,1,0,,,,,,,,,,,XGBoost
3,protein,SYNTH_KLIANQFNSA,1,1,0,,,,,,,,,,,XGBoost
3,protein,SYNTH_KLIRMECAL,1,0,1,,,,,,,,,,,XGBoost
3,protein,SYNTH_KLKDCVMYA,1,1,0,,,,,,,,,,,XGBoost
3,protein,SYNTH_KLLEQWNLV,1,1,0,,,,,,,,,,,XGBoost
3,protein,SYNTH_KLLKSIAAT,1,1,0,,,,,,,,,,,XGBoost
3,protein,SYNTH_KLLTKPWDV,1,0,1,,,,,,,,,,,XGBoost
3,protein,SYNTH_KLMPVCVETK,2,0,2,,,,,,,,,,,XGBoost
3,protein,SYNTH_KLQDVVNQNA,1,1,0,,,,,,,,,,,XGBoost
3,protein,SYNTH_KLSYGIATVR,1,1,0,,,,,,,,,,,XGBoost
3,protein,SYNTH_KLVCSEPLVK,1,1,0,,,,,,,,,,,XGBoost
3,protein,SYNTH_KLVSLGVNAV,1,1,0,,,,,,,,,,,XGBoost
3,protein,SYNTH_KLWAQCVQL,1,0,1,,,,,,,,,,,XGBoost
3,protein,SYNTH_KMFDAYVNTF,1,1,0,,,,,,,,,,,XGBoost
3,protein,SYNTH_KPASRELKV,1,1,0,,,,,,,,,,,XGBoost
3,protein,SYNTH_KPASRELKVTF,1,0,1,,,,,,,,,,,XGBoost
3,protein,SYNTH_KPLPEVKIL,1,1,0,,,,,,,,,,,XGBoost
3,protein,SYNTH_KPNELSRVL,1,1,0,,,,,,,,,,,XGBoost
3,protein,SYNTH_KPREQIDGYVM,1,0,1,,,,,,,,,,,XGBoost
3,protein,SYNTH_KPRSQMEIDF,1,1,0,,,,,,,,,,,XGBoost
3,protein,SYNTH_KPSFYVYSRV,1,0,1,,,,,,,,,,,XGBoost
3,protein,SYNTH_KRFDNPVLP,1,0,1,,,,,,,,,,,XGBoost
3,protein,SYNTH_KRGPSTEGV,1,0,1,,,,,,,,,,,XGBoost
3,protein,SYNTH_KRWIIMGLNK,1,1,0,,,,,,,,,,,XGBoost
3,protein,SYNTH_KSGAIKVLK,1,1,0,,,,,,,,,,,XGBoost
3,protein,SYNTH_KSLYNTIATLY,1,1,0,,,,,,,,,,,XGBoost
3,protein,SYNTH_KSLYNTVATLY,1,1,0,,,,,,,,,,,XGBoost
3,protein,SYNTH_KSMREEYRK,1,0,1,,,,,,,,,,,XGBoost
3,protein,SYNTH_KTFVDLMRR,1,1,0,,,,,,,,,,,XGBoost
3,protein,SYNTH_KTQFNYYKK,1,0,1,,,,,,,,,,,XGBoost
3,protein,SYNTH_KVLRDMNVK,1,0,1,,,,,,,,,,,XGBoost
3,protein,SYNTH_KVTKGKAKK,1,0,1,,,,,,,,,,,XGBoost
3,protein,SYNTH_KVYPIILRL,1,1,0,,,,,,,,,,,XGBoost
3,protein,SYNTH_KWPWYIWLGF,1,1,0,,,,,,,,,,,XGBoost
3,protein,SYNTH_KYQEFFWDA,1,1,0,,,,,,,,,,,XGBoost
3,protein,SYNTH_KYTQLCQYL,1,0,1,,,,,,,,,,,XGBoost
3,protein,SYNTH_KYYAGLPPEL,1,0,1,,,,,,,,,,,XGBoost
3,protein,SYNTH_LAILTALRL,1,1,0,,,,,,,,,,,XGBoost
3,protein,SYNTH_LAKRFSRGLL,1,1,0,,,,,,,,,,,XGBoost
3,protein,SYNTH_LATLRKYCI,1,1,0,,,,,,,,,,,XGBoost
3,protein,SYNTH_LATNNLVVM,1,1,0,,,,,,,,,,,XGBoost
3,protein,SYNTH_LCLIFLLVL,1,0,1,,,,,,,,,,,XGBoost
3,protein,SYNTH_LDDKDPQFK,1,1,0,,,,,,,,,,,XGBoost
3,protein,SYNTH_LESFCEDVP,1,1,0,,,,,,,,,,,XGBoost
3,protein,SYNTH_LEVQAIRET,1,1,0,,,,,,,,,,,XGBoost
3,protein,SYNTH_LFEVEQEIRT,1,0,1,,,,,,,,,,,XGBoost
3,protein,SYNTH_LGAENSVAY,1,0,1,,,,,,,,,,,XGBoost
3,protein,SYNTH_LGDVRETMSY,1,1,0,,,,,,,,,,,XGBoost
3,protein,SYNTH_LGLNSRSTSL,1,1,0,,,,,,,,,,,XGBoost
3,protein,SYNTH_LIDFYLCFL,1,1,0,,,,,,,,,,,XGBoost
3,protein,SYNTH_LIFLARSAL,1,1,0,,,,,,,,,,,XGBoost
3,protein,SYNTH_LIIMRTFKV,2,2,0,,,,,,,,,,,XGBoost
3,protein,SYNTH_LIVAAIVFI,1,1,0,,,,,,,,,,,XGBoost
3,protein,SYNTH_LLALHRSYL,2,1,1,,,,,,,,,,,XGBoost
3,protein,SYNTH_LLALLSCLTV,1,1,0,,,,,,,,,,,XGBoost
3,protein,SYNTH_LLCLIFLLV,1,1,0,,,,,,,,,,,XGBoost
3,protein,SYNTH_LLGCAANWIL,1,0,1,,,,,,,,,,,XGBoost
3,protein,SYNTH_LLHPSLIFDI,1,0,1,,,,,,,,,,,XGBoost
3,protein,SYNTH_LLIIMRTFK,1,1,0,,,,,,,,,,,XGBoost
3,protein,SYNTH_LLIQWNQFM,1,0,1,,,,,,,,,,,XGBoost
3,protein,SYNTH_LLLEWLAMA,1,1,0,,,,,,,,,,,XGBoost
3,protein,SYNTH_LLLLDRLNKL,1,1,0,,,,,,,,,,,XGBoost
3,protein,SYNTH_LLLLDRLNQL,1,1,0,,,,,,,,,,,XGBoost
3,protein,SYNTH_LLMGTCTIV,1,0,1,,,,,,,,,,,XGBoost
3,protein,SYNTH_LLMLLPTAL,1,1,0,,,,,,,,,,,XGBoost
3,protein,SYNTH_LLMLVTPSM,1,1,0,,,,,,,,,,,XGBoost
3,protein,SYNTH_LLNATDIAV,1,1,0,,,,,,,,,,,XGBoost
3,protein,SYNTH_LLNKHIDAY,1,1,0,,,,,,,,,,,XGBoost
3,protein,SYNTH_LLQRGPQYS,1,1,0,,,,,,,,,,,XGBoost
3,protein,SYNTH_LLQYGSFCT,1,1,0,,,,,,,,,,,XGBoost
3,protein,SYNTH_LLRPLILSI,1,0,1,,,,,,,,,,,XGBoost
3,protein,SYNTH_LLSAGIFGA,1,1,0,,,,,,,,,,,XGBoost
3,protein,SYNTH_LLSVLQQLRV,1,0,1,,,,,,,,,,,XGBoost
3,protein,SYNTH_LLTEVETYV,1,0,1,,,,,,,,,,,XGBoost
3,protein,SYNTH_LLVISGLFPV,1,1,0,,,,,,,,,,,XGBoost
3,protein,SYNTH_LLWAARPRL,1,1,0,,,,,,,,,,,XGBoost
3,protein,SYNTH_LLWFHISCL,1,1,0,,,,,,,,,,,XGBoost
3,protein,SYNTH_LLWPVTLAC,1,1,0,,,,,,,,,,,XGBoost
3,protein,SYNTH_LMWKQITPEL,1,1,0,,,,,,,,,,,XGBoost
3,protein,SYNTH_LPFAMGIIAM,1,1,0,,,,,,,,,,,XGBoost
3,protein,SYNTH_LPFDKSTIM,1,1,0,,,,,,,,,,,XGBoost
3,protein,SYNTH_LPFDKTTIM,1,1,0,,,,,,,,,,,XGBoost
3,protein,SYNTH_LPFEKSTIM,1,1,0,,,,,,,,,,,XGBoost
3,protein,SYNTH_LPFNDGVYF,1,1,0,,,,,,,,,,,XGBoost
3,protein,SYNTH_LPKEITVAT,1,1,0,,,,,,,,,,,XGBoost
3,protein,SYNTH_LPLKMLNIP,1,1,0,,,,,,,,,,,XGBoost
3,protein,SYNTH_LPPAYTNSF,1,1,0,,,,,,,,,,,XGBoost
3,protein,SYNTH_LPPSYTNSF,1,1,0,,,,,,,,,,,XGBoost
3,protein,SYNTH_LPQGFSAL,1,1,0,,,,,,,,,,,XGBoost
3,protein,SYNTH_LPSDFFPSV,1,1,0,,,,,,,,,,,XGBoost
3,protein,SYNTH_LPTYLSSRAK,1,1,0,,,,,,,,,,,XGBoost
3,protein,SYNTH_LPVADAVIH,1,1,0,,,,,,,,,,,XGBoost
3,protein,SYNTH_LQDVVNQNA,1,0,1,,,,,,,,,,,XGBoost
3,protein,SYNTH_LQTYVTQQLI,1,1,0,,,,,,,,,,,XGBoost
3,protein,SYNTH_LSIPHDLMEF,1,1,0,,,,,,,,,,,XGBoost
3,protein,SYNTH_LTALRLCAY,1,1,0,,,,,,,,,,,XGBoost
3,protein,SYNTH_LTDALALGM,1,1,0,,,,,,,,,,,XGBoost
3,protein,SYNTH_LTDFQSHQL,1,1,0,,,,,,,,,,,XGBoost
3,protein,SYNTH_LTGHMLDMY,1,1,0,,,,,,,,,,,XGBoost
3,protein,SYNTH_LTQKVVIFIL,1,1,0,,,,,,,,,,,XGBoost
3,protein,SYNTH_LVAEWFLAY,1,1,0,,,,,,,,,,,XGBoost
3,protein,SYNTH_LVIGAVILR,1,1,0,,,,,,,,,,,XGBoost
3,protein,SYNTH_LVPMVATVQ,1,1,0,,,,,,,,,,,XGBoost
3,protein,SYNTH_LVQSTQWSL,1,1,0,,,,,,,,,,,XGBoost
3,protein,SYNTH_LVRSVMGGKY,1,1,0,,,,,,,,,,,XGBoost
3,protein,SYNTH_LVSDIDITF,1,1,0,,,,,,,,,,,XGBoost
3,protein,SYNTH_LVTRDADVI,1,1,0,,,,,,,,,,,XGBoost
3,protein,SYNTH_LVVDFSQFSR,1,1,0,,,,,,,,,,,XGBoost
3,protein,SYNTH_LVWMACHSA,1,0,1,,,,,,,,,,,XGBoost
3,protein,SYNTH_LYAAVTNF,1,0,1,,,,,,,,,,,XGBoost
3,protein,SYNTH_LYLALGAGF,1,0,1,,,,,,,,,,,XGBoost
3,protein,SYNTH_LYLDAYNMM,1,0,1,,,,,,,,,,,XGBoost
3,protein,SYNTH_LYLDAYNMMI,1,0,1,,,,,,,,,,,XGBoost
3,protein,SYNTH_LYNILSPFL,1,1,0,,,,,,,,,,,XGBoost
3,protein,SYNTH_LYNSASFSTF,1,1,0,,,,,,,,,,,XGBoost
3,protein,SYNTH_LYNSASFSTFK,1,0,1,,,,,,,,,,,XGBoost
3,protein,SYNTH_LYPEYIYTVL,1,0,1,,,,,,,,,,,XGBoost
3,protein,SYNTH_LYQPPQTSI,1,1,0,,,,,,,,,,,XGBoost
3,protein,SYNTH_LYSSTVPVF,1,0,1,,,,,,,,,,,XGBoost
3,protein,SYNTH_LYYQNNVFM,1,1,0,,,,,,,,,,,XGBoost
3,protein,SYNTH_MCDVRQLLF,1,1,0,,,,,,,,,,,XGBoost
3,protein,SYNTH_MDLEKRHVL,1,1,0,,,,,,,,,,,XGBoost
3,protein,SYNTH_MENTRATKM,1,1,0,,,,,,,,,,,XGBoost
3,protein,SYNTH_MFDAYVNTF,1,1,0,,,,,,,,,,,XGBoost
3,protein,SYNTH_MFTPLVPFW,1,1,0,,,,,,,,,,,XGBoost
3,protein,SYNTH_MGSLEMMPM,1,0,1,,,,,,,,,,,XGBoost
3,protein,SYNTH_MLDMYSVML,1,1,0,,,,,,,,,,,XGBoost
3,protein,SYNTH_MLDMYSVMLT,1,0,1,,,,,,,,,,,XGBoost
3,protein,SYNTH_MLIPTAMAF,1,1,0,,,,,,,,,,,XGBoost
3,protein,SYNTH_MLSDTLKNL,1,1,0,,,,,,,,,,,XGBoost
3,protein,SYNTH_MLSTVLGVSI,1,0,1,,,,,,,,,,,XGBoost
3,protein,SYNTH_MLWMAEIPL,1,1,0,,,,,,,,,,,XGBoost
3,protein,SYNTH_MMFVKHKHA,1,1,0,,,,,,,,,,,XGBoost
3,protein,SYNTH_MMILSDDAV,1,1,0,,,,,,,,,,,XGBoost
3,protein,SYNTH_MMISAGFSL,1,1,0,,,,,,,,,,,XGBoost
3,protein,SYNTH_MMMGMFNML,1,0,1,,,,,,,,,,,XGBoost
3,protein,SYNTH_MMMLPATLA,1,1,0,,,,,,,,,,,XGBoost
3,protein,SYNTH_MPNMLRIMASL,1,1,0,,,,,,,,,,,XGBoost
3,protein,SYNTH_MQLFFSYFA,1,1,0,,,,,,,,,,,XGBoost
3,protein,SYNTH_MRGAKRMAIL,1,1,0,,,,,,,,,,,XGBoost
3,protein,SYNTH_MSAFAMMFV,1,1,0,,,,,,,,,,,XGBoost
3,protein,SYNTH_MSIGVTVIK,1,0,1,,,,,,,,,,,XGBoost
3,protein,SYNTH_MSTTDLEAY,1,0,1,,,,,,,,,,,XGBoost
3,protein,SYNTH_MSYAMCTNTF,1,1,0,,,,,,,,,,,XGBoost
3,protein,SYNTH_MSYSMCTGKF,1,1,0,,,,,,,,,,,XGBoost
3,protein,SYNTH_MSYYCKSHK,1,0,1,,,,,,,,,,,XGBoost
3,protein,SYNTH_MTDDIGMGV,1,1,0,,,,,,,,,,,XGBoost
3,protein,SYNTH_MTQKARNAL,1,1,0,,,,,,,,,,,XGBoost
3,protein,SYNTH_MVMCGGSLY,1,1,0,,,,,,,,,,,XGBoost
3,protein,SYNTH_NIADYNYKL,1,1,0,,,,,,,,,,,XGBoost
3,protein,SYNTH_NLHSSRLSF,1,1,0,,,,,,,,,,,XGBoost
3,protein,SYNTH_NLIDSYFVV,1,1,0,,,,,,,,,,,XGBoost
3,protein,SYNTH_NLIDSYFVVK,1,1,0,,,,,,,,,,,XGBoost
3,protein,SYNTH_NLIIKNLSK,1,0,1,,,,,,,,,,,XGBoost
3,protein,SYNTH_NLSDRVVFVL,1,1,0,,,,,,,,,,,XGBoost
3,protein,SYNTH_NLYDKLVSSFL,1,1,0,,,,,,,,,,,XGBoost
3,protein,SYNTH_NMLSTVLGV,1,1,0,,,,,,,,,,,XGBoost
3,protein,SYNTH_NMMISAGFSL,1,0,1,,,,,,,,,,,XGBoost
3,protein,SYNTH_NPEIEDDIF,1,1,0,,,,,,,,,,,XGBoost
3,protein,SYNTH_NPIVPSFDM,1,0,1,,,,,,,,,,,XGBoost
3,protein,SYNTH_NPLTLTAAV,1,1,0,,,,,,,,,,,XGBoost
3,protein,SYNTH_NPRLCTREEF,1,1,0,,,,,,,,,,,XGBoost
3,protein,SYNTH_NQRNAPRITF,1,0,1,,,,,,,,,,,XGBoost
3,protein,SYNTH_NRFLYIIKL,1,0,1,,,,,,,,,,,XGBoost
3,protein,SYNTH_NSASFSTFK,1,0,1,,,,,,,,,,,XGBoost
3,protein,SYNTH_NSTRFASVY,1,1,0,,,,,,,,,,,XGBoost
3,protein,SYNTH_NSVVLSRK,1,0,1,,,,,,,,,,,XGBoost
3,protein,SYNTH_NTCDGTTFTY,1,1,0,,,,,,,,,,,XGBoost
3,protein,SYNTH_NTNSSPDDQI,1,0,1,,,,,,,,,,,XGBoost
3,protein,SYNTH_NTRATKMQV,1,1,0,,,,,,,,,,,XGBoost
3,protein,SYNTH_NVLAWLYAA,1,1,0,,,,,,,,,,,XGBoost
3,protein,SYNTH_NVLEGSVAY,1,0,1,,,,,,,,,,,XGBoost
3,protein,SYNTH_NYNYQYRLF,1,1,0,,,,,,,,,,,XGBoost
3,protein,SYNTH_NYNYRYRLF,1,1,0,,,,,,,,,,,XGBoost
3,protein,SYNTH_NYTPGPGTRF,1,1,0,,,,,,,,,,,XGBoost
3,protein,SYNTH_PAQEKNFT,1,0,1,,,,,,,,,,,XGBoost
3,protein,SYNTH_PFDKPTIMAAF,1,1,0,,,,,,,,,,,XGBoost
3,protein,SYNTH_PFVQWFVGL,1,0,1,,,,,,,,,,,XGBoost
3,protein,SYNTH_PGLSISGNL,1,1,0,,,,,,,,,,,XGBoost
3,protein,SYNTH_PLVVAASII,1,0,1,,,,,,,,,,,XGBoost
3,protein,SYNTH_PMMCINFHA,1,0,1,,,,,,,,,,,XGBoost
3,protein,SYNTH_PRVTGGGAM,1,0,1,,,,,,,,,,,XGBoost
3,protein,SYNTH_PTGRSICPS,1,1,0,,,,,,,,,,,XGBoost
3,protein,SYNTH_PTYKAFLCK,1,1,0,,,,,,,,,,,XGBoost
3,protein,SYNTH_PWQAGILAR,1,1,0,,,,,,,,,,,XGBoost
3,protein,SYNTH_PYNSVTSSI,1,0,1,,,,,,,,,,,XGBoost
3,protein,SYNTH_QAFTFSPTYK,1,1,0,,,,,,,,,,,XGBoost
3,protein,SYNTH_QAIRETVELR,1,1,0,,,,,,,,,,,XGBoost
3,protein,SYNTH_QDALPGPCI,1,1,0,,,,,,,,,,,XGBoost
3,protein,SYNTH_QEEHKETWHY,1,1,0,,,,,,,,,,,XGBoost
3,protein,SYNTH_QEFFWDAND,1,1,0,,,,,,,,,,,XGBoost
3,protein,SYNTH_QEGAMHTAL,1,1,0,,,,,,,,,,,XGBoost
3,protein,SYNTH_QIFLEVQAI,1,1,0,,,,,,,,,,,XGBoost
3,protein,SYNTH_QIFTSSMSK,1,0,1,,,,,,,,,,,XGBoost
3,protein,SYNTH_QIKVRVDMV,1,1,0,,,,,,,,,,,XGBoost
3,protein,SYNTH_QIYAGIKVK,1,1,0,,,,,,,,,,,XGBoost
3,protein,SYNTH_QIYKTPPIK,1,0,1,,,,,,,,,,,XGBoost
3,protein,SYNTH_QLCTQHQPY,1,1,0,,,,,,,,,,,XGBoost
3,protein,SYNTH_QLKGMSYSM,1,1,0,,,,,,,,,,,XGBoost
3,protein,SYNTH_QLLFVVEVV,1,1,0,,,,,,,,,,,XGBoost
3,protein,SYNTH_QLLMGTVNI,1,0,1,,,,,,,,,,,XGBoost
3,protein,SYNTH_QLSLPVLQV,1,1,0,,,,,,,,,,,XGBoost
3,protein,SYNTH_QMWKCLIRL,1,1,0,,,,,,,,,,,XGBoost
3,protein,SYNTH_QMWQARLTV,1,1,0,,,,,,,,,,,XGBoost
3,protein,SYNTH_QPILLLDQAL,1,0,1,,,,,,,,,,,XGBoost
3,protein,SYNTH_QQQQGQTVTK,1,1,0,,,,,,,,,,,XGBoost
3,protein,SYNTH_QSCTQHQPY,1,1,0,,,,,,,,,,,XGBoost
3,protein,SYNTH_QTMGTSTVRK,1,1,0,,,,,,,,,,,XGBoost
3,protein,SYNTH_QTPSFPHIHLK,1,0,1,,,,,,,,,,,XGBoost
3,protein,SYNTH_QVATEGLAK,1,1,0,,,,,,,,,,,XGBoost
3,protein,SYNTH_QVVNVVTTK,2,2,0,,,,,,,,,,,XGBoost
3,protein,SYNTH_QWKEPDVYY,1,1,0,,,,,,,,,,,XGBoost
3,protein,SYNTH_QWNLVIGFL,1,1,0,,,,,,,,,,,XGBoost
3,protein,SYNTH_QWNLVIGFLF,1,1,0,,,,,,,,,,,XGBoost
3,protein,SYNTH_QYGSFCTQL,1,0,1,,,,,,,,,,,XGBoost
3,protein,SYNTH_QYIKWPWYI,2,2,0,,,,,,,,,,,XGBoost
3,protein,SYNTH_QYIYMGQPL,1,1,0,,,,,,,,,,,XGBoost
3,protein,SYNTH_QYSGFVRTLF,1,0,1,,,,,,,,,,,XGBoost
3,protein,SYNTH_RAFDIYNDK,1,0,1,,,,,,,,,,,XGBoost
3,protein,SYNTH_RAFPHCLAFSY,1,0,1,,,,,,,,,,,XGBoost
3,protein,SYNTH_RARSVSPKL,1,1,0,,,,,,,,,,,XGBoost
3,protein,SYNTH_RARTVAGVSI,1,1,0,,,,,,,,,,,XGBoost
3,protein,SYNTH_RDIADTTDAV,1,1,0,,,,,,,,,,,XGBoost
3,protein,SYNTH_RGDNQLQVQ,1,1,0,,,,,,,,,,,XGBoost
3,protein,SYNTH_RGDPFDKNY,1,0,1,,,,,,,,,,,XGBoost
3,protein,SYNTH_RGPGRAFVTI,1,1,0,,,,,,,,,,,XGBoost
3,protein,SYNTH_RGRPVSGPF,1,1,0,,,,,,,,,,,XGBoost
3,protein,SYNTH_RIDKVLNEK,1,0,1,,,,,,,,,,,XGBoost
3,protein,SYNTH_RIFAELEGV,1,1,0,,,,,,,,,,,XGBoost
3,protein,SYNTH_RIKEHMLKK,1,1,0,,,,,,,,,,,XGBoost
3,protein,SYNTH_RIRLRPGGK,1,0,1,,,,,,,,,,,XGBoost
3,protein,SYNTH_RIYSDPLALK,1,1,0,,,,,,,,,,,XGBoost
3,protein,SYNTH_RLADVLIKR,1,1,0,,,,,,,,,,,XGBoost
3,protein,SYNTH_RLCAYCCNI,1,1,0,,,,,,,,,,,XGBoost
3,protein,SYNTH_RLDKVEAEVQI,1,1,0,,,,,,,,,,,XGBoost
3,protein,SYNTH_RLFARTRSM,1,1,0,,,,,,,,,,,XGBoost
3,protein,SYNTH_RLFFKCIYRR,1,1,0,,,,,,,,,,,XGBoost
3,protein,SYNTH_RLIDAMMFT,1,1,0,,,,,,,,,,,XGBoost
3,protein,SYNTH_RLISMMGFK,1,0,1,,,,,,,,,,,XGBoost
3,protein,SYNTH_RLITGRLQSL,1,1,0,,,,,,,,,,,XGBoost
3,protein,SYNTH_RLIVFPDLGV,1,1,0,,,,,,,,,,,XGBoost
3,protein,SYNTH_RLKMDKLEL,1,1,0,,,,,,,,,,,XGBoost
3,protein,SYNTH_RLNKLESKM,1,1,0,,,,,,,,,,,XGBoost
3,protein,SYNTH_RLNQLESKM,1,1,0,,,,,,,,,,,XGBoost
3,protein,SYNTH_RLNQLESKV,1,1,0,,,,,,,,,,,XGBoost
3,protein,SYNTH_RLRGMGLNAV,1,0,1,,,,,,,,,,,XGBoost
3,protein,SYNTH_RLWHYPCTI,1,1,0,,,,,,,,,,,XGBoost
3,protein,SYNTH_RPAEPVPFQL,1,1,0,,,,,,,,,,,XGBoost
3,protein,SYNTH_RPALVFDIT,1,0,1,,,,,,,,,,,XGBoost
3,protein,SYNTH_RPASAWTLY,1,1,0,,,,,,,,,,,XGBoost
3,protein,SYNTH_RPASAWTLYA,1,1,0,,,,,,,,,,,XGBoost
3,protein,SYNTH_RPDTRYVLM,2,2,0,,,,,,,,,,,XGBoost
3,protein,SYNTH_RPLLESEL,1,1,0,,,,,,,,,,,XGBoost
3,protein,SYNTH_RPMFAVGLLF,1,1,0,,,,,,,,,,,XGBoost
3,protein,SYNTH_RPMTFKGAL,1,1,0,,,,,,,,,,,XGBoost
3,protein,SYNTH_RPMTYKAAF,1,1,0,,,,,,,,,,,XGBoost
3,protein,SYNTH_RPMTYKAAL,1,1,0,,,,,,,,,,,XGBoost
3,protein,SYNTH_RPMTYKAAV,1,1,0,,,,,,,,,,,XGBoost
3,protein,SYNTH_RPMTYKGAL,1,1,0,,,,,,,,,,,XGBoost
3,protein,SYNTH_RQEEVQELY,1,0,1,,,,,,,,,,,XGBoost
3,protein,SYNTH_RQFPPNTSR,1,0,1,,,,,,,,,,,XGBoost
3,protein,SYNTH_RQLLWFHISCR,1,0,1,,,,,,,,,,,XGBoost
3,protein,SYNTH_RQYDPVAAL,1,1,0,,,,,,,,,,,XGBoost
3,protein,SYNTH_RREEEEAGVL,1,1,0,,,,,,,,,,,XGBoost
3,protein,SYNTH_RRWLRLLV,1,1,0,,,,,,,,,,,XGBoost
3,protein,SYNTH_RSLFNTVATLY,1,1,0,,,,,,,,,,,XGBoost
3,protein,SYNTH_RSLPGVFCGV,1,0,1,,,,,,,,,,,XGBoost
3,protein,SYNTH_RSRSGANIL,1,1,0,,,,,,,,,,,XGBoost
3,protein,SYNTH_RTDPATLTAY,1,1,0,,,,,,,,,,,XGBoost
3,protein,SYNTH_RTTWSIHAK,1,1,0,,,,,,,,,,,XGBoost
3,protein,SYNTH_RVDWTIEYPI,1,0,1,,,,,,,,,,,XGBoost
3,protein,SYNTH_RVIDPRRCL,1,1,0,,,,,,,,,,,XGBoost
3,protein,SYNTH_RVIDPRRCLK,1,1,0,,,,,,,,,,,XGBoost
3,protein,SYNTH_RVIDPRRCMK,1,1,0,,,,,,,,,,,XGBoost
3,protein,SYNTH_RVLCCYVL,1,0,1,,,,,,,,,,,XGBoost
3,protein,SYNTH_RVYAYDTREK,1,1,0,,,,,,,,,,,XGBoost
3,protein,SYNTH_RYKLEGYAF,1,0,1,,,,,,,,,,,XGBoost
3,protein,SYNTH_RYLALYNKY,1,1,0,,,,,,,,,,,XGBoost
3,protein,SYNTH_RYLRDQQLL,1,0,1,,,,,,,,,,,XGBoost
3,protein,SYNTH_RYMGEDGCW,1,1,0,,,,,,,,,,,XGBoost
3,protein,SYNTH_RYPLCFGW,1,1,0,,,,,,,,,,,XGBoost
3,protein,SYNTH_RYPLTFGW,1,1,0,,,,,,,,,,,XGBoost
3,protein,SYNTH_RYWAIRTR,1,1,0,,,,,,,,,,,XGBoost
3,protein,SYNTH_SAFYILPSI,1,0,1,,,,,,,,,,,XGBoost
3,protein,SYNTH_SAMVRMYIF,1,1,0,,,,,,,,,,,XGBoost
3,protein,SYNTH_SAQCFKMFYK,1,0,1,,,,,,,,,,,XGBoost
3,protein,SYNTH_SEFSSLPSY,1,0,1,,,,,,,,,,,XGBoost
3,protein,SYNTH_SENGNLQVTY,1,1,0,,,,,,,,,,,XGBoost
3,protein,SYNTH_SEPVLKGVKL,1,0,1,,,,,,,,,,,XGBoost
3,protein,SYNTH_SESEFIVRY,1,1,0,,,,,,,,,,,XGBoost
3,protein,SYNTH_SESLVAKRY,1,1,0,,,,,,,,,,,XGBoost
3,protein,SYNTH_SFELLHAPATV,1,1,0,,,,,,,,,,,XGBoost
3,protein,SYNTH_SFIEDLLF,1,1,0,,,,,,,,,,,XGBoost
3,protein,SYNTH_SFSFGGFTFK,1,1,0,,,,,,,,,,,XGBoost
3,protein,SYNTH_SFVYVPSAL,1,1,0,,,,,,,,,,,XGBoost
3,protein,SYNTH_SFYVYSRVK,1,0,1,,,,,,,,,,,XGBoost
3,protein,SYNTH_SGNLLMNGQ,1,1,0,,,,,,,,,,,XGBoost
3,protein,SYNTH_SIIPSGPLK,1,1,0,,,,,,,,,,,XGBoost
3,protein,SYNTH_SIIQFPNTYL,1,0,1,,,,,,,,,,,XGBoost
3,protein,SYNTH_SINFVRIIM,1,1,0,,,,,,,,,,,XGBoost
3,protein,SYNTH_SIRARVHPTSR,1,0,1,,,,,,,,,,,XGBoost
3,protein,SYNTH_SISTYAWLL,1,0,1,,,,,,,,,,,XGBoost
3,protein,SYNTH_SLCPIRGWAI,1,1,0,,,,,,,,,,,XGBoost
3,protein,SYNTH_SLDTYPSLETI,1,1,0,,,,,,,,,,,XGBoost
3,protein,SYNTH_SLEDKAFQL,1,1,0,,,,,,,,,,,XGBoost
3,protein,SYNTH_SLENVAFNVV,1,0,1,,,,,,,,,,,XGBoost
3,protein,SYNTH_SLFNTIAVLY,1,1,0,,,,,,,,,,,XGBoost
3,protein,SYNTH_SLFNTVAVLY,1,1,0,,,,,,,,,,,XGBoost
3,protein,SYNTH_SLFYRAVAL,1,1,0,,,,,,,,,,,XGBoost
3,protein,SYNTH_SLGGLLTMA,1,1,0,,,,,,,,,,,XGBoost
3,protein,SYNTH_SLILVSQYT,1,1,0,,,,,,,,,,,XGBoost
3,protein,SYNTH_SLIYSTAAL,1,1,0,,,,,,,,,,,XGBoost
3,protein,SYNTH_SLLFKTASG,1,1,0,,,,,,,,,,,XGBoost
3,protein,SYNTH_SLLLRPLIL,1,0,1,,,,,,,,,,,XGBoost
3,protein,SYNTH_SLLMPILTL,1,1,0,,,,,,,,,,,XGBoost
3,protein,SYNTH_SLPGVFCGV,1,1,0,,,,,,,,,,,XGBoost
3,protein,SYNTH_SLSGFKLKDCV,1,1,0,,,,,,,,,,,XGBoost
3,protein,SYNTH_SLSHRFYRL,1,0,1,,,,,,,,,,,XGBoost
3,protein,SYNTH_SLTYSTAAL,1,1,0,,,,,,,,,,,XGBoost
3,protein,SYNTH_SLYNAVVTL,1,0,1,,,,,,,,,,,XGBoost
3,protein,SYNTH_SLYNTIATLY,1,1,0,,,,,,,,,,,XGBoost
3,protein,SYNTH_SLYNTIAVL,1,1,0,,,,,,,,,,,XGBoost
3,protein,SYNTH_SLYNTVSTL,1,1,0,,,,,,,,,,,XGBoost
3,protein,SYNTH_SLYNTVVTL,1,1,0,,,,,,,,,,,XGBoost
3,protein,SYNTH_SMTMRCVGI,1,1,0,,,,,,,,,,,XGBoost
3,protein,SYNTH_SMVGNWAKVL,1,1,0,,,,,,,,,,,XGBoost
3,protein,SYNTH_SMYPSCCCTK,1,1,0,,,,,,,,,,,XGBoost
3,protein,SYNTH_SPAIFQASM,1,1,0,,,,,,,,,,,XGBoost
3,protein,SYNTH_SPAIFQCSM,1,1,0,,,,,,,,,,,XGBoost
3,protein,SYNTH_SPAIFQSSM,1,0,1,,,,,,,,,,,XGBoost
3,protein,SYNTH_SPCKIPFEIM,1,1,0,,,,,,,,,,,XGBoost
3,protein,SYNTH_SPDDQIGYY,1,0,1,,,,,,,,,,,XGBoost
3,protein,SYNTH_SPGKFWNTTI,1,1,0,,,,,,,,,,,XGBoost
3,protein,SYNTH_SPIVPSFDM,1,0,1,,,,,,,,,,,XGBoost
3,protein,SYNTH_SPKRLATAIA,1,1,0,,,,,,,,,,,XGBoost
3,protein,SYNTH_SPNLAWPLI,1,1,0,,,,,,,,,,,XGBoost
3,protein,SYNTH_SPRDAWIVL,1,1,0,,,,,,,,,,,XGBoost
3,protein,SYNTH_SPRHLYISL,1,1,0,,,,,,,,,,,XGBoost
3,protein,SYNTH_SPRRARSV,1,1,0,,,,,,,,,,,XGBoost
3,protein,SYNTH_SPRRARSVAS,1,1,0,,,,,,,,,,,XGBoost
3,protein,SYNTH_SPRWYFYYL,2,2,0,,,,,,,,,,,XGBoost
3,protein,SYNTH_SPYNSQNAV,1,1,0,,,,,,,,,,,XGBoost
3,protein,SYNTH_SPYSWEQEL,1,1,0,,,,,,,,,,,XGBoost
3,protein,SYNTH_SQIGAGVYK,1,1,0,,,,,,,,,,,XGBoost
3,protein,SYNTH_SRLDKVEAEV,1,1,0,,,,,,,,,,,XGBoost
3,protein,SYNTH_SRYWAIRTR,1,1,0,,,,,,,,,,,XGBoost
3,protein,SYNTH_SSANNCTFEY,1,1,0,,,,,,,,,,,XGBoost
3,protein,SYNTH_SSARSQSER,1,1,0,,,,,,,,,,,XGBoost
3,protein,SYNTH_SSEAFLIGCNY,1,1,0,,,,,,,,,,,XGBoost
3,protein,SYNTH_SSTASALGK,1,0,1,,,,,,,,,,,XGBoost
3,protein,SYNTH_SSTVPCFNPK,1,0,1,,,,,,,,,,,XGBoost
3,protein,SYNTH_STDVTIATY,1,1,0,,,,,,,,,,,XGBoost
3,protein,SYNTH_STECSNLLL,1,1,0,,,,,,,,,,,XGBoost
3,protein,SYNTH_STFNVPMEK,1,0,1,,,,,,,,,,,XGBoost
3,protein,SYNTH_STHPMVTRSK,1,1,0,,,,,,,,,,,XGBoost
3,protein,SYNTH_STQDLFLPFF,1,1,0,,,,,,,,,,,XGBoost
3,protein,SYNTH_STQWSLFFF,1,1,0,,,,,,,,,,,XGBoost
3,protein,SYNTH_STSAFVETV,1,1,0,,,,,,,,,,,XGBoost
3,protein,SYNTH_STSAFVETVK,1,0,1,,,,,,,,,,,XGBoost
3,protein,SYNTH_STSAGRKRK,1,1,0,,,,,,,,,,,XGBoost
3,protein,SYNTH_STTDLEAYFK,1,1,0,,,,,,,,,,,XGBoost
3,protein,SYNTH_STVAPEEDT,1,1,0,,,,,,,,,,,XGBoost
3,protein,SYNTH_SVLLFLAFV,1,1,0,,,,,,,,,,,XGBoost
3,protein,SYNTH_SVSSAPLNK,1,1,0,,,,,,,,,,,XGBoost
3,protein,SYNTH_SVYNTVATL,1,1,0,,,,,,,,,,,XGBoost
3,protein,SYNTH_SWPKFAVPNL,1,1,0,,,,,,,,,,,XGBoost
3,protein,SYNTH_SWWTSLNFL,1,1,0,,,,,,,,,,,XGBoost
3,protein,SYNTH_SYFTSDYYQLY,1,1,0,,,,,,,,,,,XGBoost
3,protein,SYNTH_SYKVASEGF,1,1,0,,,,,,,,,,,XGBoost
3,protein,SYNTH_SYLFQHANL,1,0,1,,,,,,,,,,,XGBoost
3,protein,SYNTH_SYMDDVVL,1,0,1,,,,,,,,,,,XGBoost
3,protein,SYNTH_SYRSFSQQL,1,0,1,,,,,,,,,,,XGBoost
3,protein,SYNTH_SYTWTGALI,1,1,0,,,,,,,,,,,XGBoost
3,protein,SYNTH_SYVNVNMGLKI,1,0,1,,,,,,,,,,,XGBoost
3,protein,SYNTH_TDEMIAQY,1,1,0,,,,,,,,,,,XGBoost
3,protein,SYNTH_TDLEGNFY,1,1,0,,,,,,,,,,,XGBoost
3,protein,SYNTH_TDNYITTY,1,1,0,,,,,,,,,,,XGBoost
3,protein,SYNTH_TEIDPKLDNYY,1,1,0,,,,,,,,,,,XGBoost
3,protein,SYNTH_TFFKLVNKF,1,0,1,,,,,,,,,,,XGBoost
3,protein,SYNTH_TFHGAKEVSL,1,1,0,,,,,,,,,,,XGBoost
3,protein,SYNTH_TFISAARQGF,1,1,0,,,,,,,,,,,XGBoost
3,protein,SYNTH_TFLARSALI,1,1,0,,,,,,,,,,,XGBoost
3,protein,SYNTH_TFMQALHLL,1,1,0,,,,,,,,,,,XGBoost
3,protein,SYNTH_TFNGECPNFV,1,0,1,,,,,,,,,,,XGBoost
3,protein,SYNTH_TFTYASALW,1,1,0,,,,,,,,,,,XGBoost
3,protein,SYNTH_TGAIKLDDK,1,1,0,,,,,,,,,,,XGBoost
3,protein,SYNTH_TISGVLWQV,1,0,1,,,,,,,,,,,XGBoost
3,protein,SYNTH_TKPVETSNSF,1,0,1,,,,,,,,,,,XGBoost
3,protein,SYNTH_TLACFVLAA,1,1,0,,,,,,,,,,,XGBoost
3,protein,SYNTH_TLCFTLKRKT,1,0,1,,,,,,,,,,,XGBoost
3,protein,SYNTH_TLDSKTQSLL,1,0,1,,,,,,,,,,,XGBoost
3,protein,SYNTH_TLGFGAYMSK,1,0,1,,,,,,,,,,,XGBoost
3,protein,SYNTH_TLIGDCATV,1,0,1,,,,,,,,,,,XGBoost
3,protein,SYNTH_TLIVNSVLLF,1,1,0,,,,,,,,,,,XGBoost
3,protein,SYNTH_TLKDIVLDL,1,1,0,,,,,,,,,,,XGBoost
3,protein,SYNTH_TLKSFTVEK,2,1,1,,,,,,,,,,,XGBoost
3,protein,SYNTH_TLMIERFVSL,1,0,1,,,,,,,,,,,XGBoost
3,protein,SYNTH_TLMLLALIAV,1,1,0,,,,,,,,,,,XGBoost
3,protein,SYNTH_TLNDFNLVAM,1,0,1,,,,,,,,,,,XGBoost
3,protein,SYNTH_TLQEISNVL,1,0,1,,,,,,,,,,,XGBoost
3,protein,SYNTH_TLTAAVLLLV,1,1,0,,,,,,,,,,,XGBoost
3,protein,SYNTH_TLTHPVTK,1,1,0,,,,,,,,,,,XGBoost
3,protein,SYNTH_TLVPQEHYV,1,1,0,,,,,,,,,,,XGBoost
3,protein,SYNTH_TLWKAGILYK,1,0,1,,,,,,,,,,,XGBoost
3,protein,SYNTH_TMYCVHQK,1,0,1,,,,,,,,,,,XGBoost
3,protein,SYNTH_TPARVTGGVF,1,1,0,,,,,,,,,,,XGBoost
3,protein,SYNTH_TPEAKNSTF,1,1,0,,,,,,,,,,,XGBoost
3,protein,SYNTH_TPEARNSTF,1,1,0,,,,,,,,,,,XGBoost
3,protein,SYNTH_TPEGIIPALF,1,1,0,,,,,,,,,,,XGBoost
3,protein,SYNTH_TPEGIIPSMF,1,1,0,,,,,,,,,,,XGBoost
3,protein,SYNTH_TPEGIIPTLF,1,1,0,,,,,,,,,,,XGBoost
3,protein,SYNTH_TPGPGVRYPL,1,1,0,,,,,,,,,,,XGBoost
3,protein,SYNTH_TPMLRHSIE,1,1,0,,,,,,,,,,,XGBoost
3,protein,SYNTH_TPPGATDPF,1,1,0,,,,,,,,,,,XGBoost
3,protein,SYNTH_TPQDNQLAY,1,1,0,,,,,,,,,,,XGBoost
3,protein,SYNTH_TPQDNQLTY,1,1,0,,,,,,,,,,,XGBoost
3,protein,SYNTH_TPRMCTREEF,1,1,0,,,,,,,,,,,XGBoost
3,protein,SYNTH_TPSGTWLIY,1,1,0,,,,,,,,,,,XGBoost
3,protein,SYNTH_TRLLQTGIH,1,0,1,,,,,,,,,,,XGBoost
3,protein,SYNTH_TRVGTKHAIL,1,1,0,,,,,,,,,,,XGBoost
3,protein,SYNTH_TSAMQTMLF,1,1,0,,,,,,,,,,,XGBoost
3,protein,SYNTH_TSCPPICPGYR,1,0,1,,,,,,,,,,,XGBoost
3,protein,SYNTH_TSNQVAVLY,1,1,0,,,,,,,,,,,XGBoost
3,protein,SYNTH_TSNSFDVLK,1,0,1,,,,,,,,,,,XGBoost
3,protein,SYNTH_TTDPSFLGRY,1,1,0,,,,,,,,,,,XGBoost
3,protein,SYNTH_TTERKTPRV,1,1,0,,,,,,,,,,,XGBoost
3,protein,SYNTH_TTGRTSLY,1,0,1,,,,,,,,,,,XGBoost
3,protein,SYNTH_TTIQTIVEV,1,1,0,,,,,,,,,,,XGBoost
3,protein,SYNTH_TTRTQLPPA,1,0,1,,,,,,,,,,,XGBoost
3,protein,SYNTH_TTYPGQGLNGY,1,1,0,,,,,,,,,,,XGBoost
3,protein,SYNTH_TVATSRTLSY,1,1,0,,,,,,,,,,,XGBoost
3,protein,SYNTH_TVHYGVPVWR,1,0,1,,,,,,,,,,,XGBoost
3,protein,SYNTH_TVIEYLVSF,1,1,0,,,,,,,,,,,XGBoost
3,protein,SYNTH_TVKPGNFNK,1,0,1,,,,,,,,,,,XGBoost
3,protein,SYNTH_TVLCPKNMI,1,1,0,,,,,,,,,,,XGBoost
3,protein,SYNTH_TVLYYTVTSL,1,0,1,,,,,,,,,,,XGBoost
3,protein,SYNTH_TVNAHQVLPK,1,1,0,,,,,,,,,,,XGBoost
3,protein,SYNTH_TVPCFNPK,1,1,0,,,,,,,,,,,XGBoost
3,protein,SYNTH_TVQASKLY,1,0,1,,,,,,,,,,,XGBoost
3,protein,SYNTH_TYAWLLVLV,1,0,1,,,,,,,,,,,XGBoost
3,protein,SYNTH_TYHPNCVNCL,1,0,1,,,,,,,,,,,XGBoost
3,protein,SYNTH_TYKLNVGDYFV,1,0,1,,,,,,,,,,,XGBoost
3,protein,SYNTH_TYSTLDRAL,1,0,1,,,,,,,,,,,XGBoost
3,protein,SYNTH_VADAVIHAS,1,1,0,,,,,,,,,,,XGBoost
3,protein,SYNTH_VAKNLNESL,1,0,1,,,,,,,,,,,XGBoost
3,protein,SYNTH_VATSRTLSY,1,1,0,,,,,,,,,,,XGBoost
3,protein,SYNTH_VATSRTLSYY,1,1,0,,,,,,,,,,,XGBoost
3,protein,SYNTH_VATTFVTPM,1,1,0,,,,,,,,,,,XGBoost
3,protein,SYNTH_VFKNIDGYF,1,1,0,,,,,,,,,,,XGBoost
3,protein,SYNTH_VFLVLWPLV,1,1,0,,,,,,,,,,,XGBoost
3,protein,SYNTH_VGYLQPRTF,1,1,0,,,,,,,,,,,XGBoost
3,protein,SYNTH_VGYLQPRTFL,1,1,0,,,,,,,,,,,XGBoost
3,protein,SYNTH_VIGFLFLTW,1,1,0,,,,,,,,,,,XGBoost
3,protein,SYNTH_VLCPKNMII,1,1,0,,,,,,,,,,,XGBoost
3,protein,SYNTH_VLDDHYKIAL,1,0,1,,,,,,,,,,,XGBoost
3,protein,SYNTH_VLFSTVFPP,1,0,1,,,,,,,,,,,XGBoost
3,protein,SYNTH_VLGSLAATV,1,1,0,,,,,,,,,,,XGBoost
3,protein,SYNTH_VLLVSLGAI,1,1,0,,,,,,,,,,,XGBoost
3,protein,SYNTH_VLRGFLILGK,1,1,0,,,,,,,,,,,XGBoost
3,protein,SYNTH_VLSDFKTWL,1,1,0,,,,,,,,,,,XGBoost
3,protein,SYNTH_VLTSHTVMPL,1,0,1,,,,,,,,,,,XGBoost
3,protein,SYNTH_VLVQSTQWSL,1,0,1,,,,,,,,,,,XGBoost
3,protein,SYNTH_VLYCVHQR,1,0,1,,,,,,,,,,,XGBoost
3,protein,SYNTH_VLYNSASFST,1,0,1,,,,,,,,,,,XGBoost
3,protein,SYNTH_VLYYQNNVFM,1,0,1,,,,,,,,,,,XGBoost
3,protein,SYNTH_VMYASAVVLL,1,1,0,,,,,,,,,,,XGBoost
3,protein,SYNTH_VNAHWNLPK,1,0,1,,,,,,,,,,,XGBoost
3,protein,SYNTH_VNSVLLFLAF,1,1,0,,,,,,,,,,,XGBoost
3,protein,SYNTH_VPANSTVL,1,1,0,,,,,,,,,,,XGBoost
3,protein,SYNTH_VPANSTVLSF,1,1,0,,,,,,,,,,,XGBoost
3,protein,SYNTH_VPGLPGTIL,1,1,0,,,,,,,,,,,XGBoost
3,protein,SYNTH_VPYCYDTNVL,1,0,1,,,,,,,,,,,XGBoost
3,protein,SYNTH_VPYNMRVIHF,1,0,1,,,,,,,,,,,XGBoost
3,protein,SYNTH_VQSTQWSLF,1,0,1,,,,,,,,,,,XGBoost
3,protein,SYNTH_VQWAYDNEL,1,0,1,,,,,,,,,,,XGBoost
3,protein,SYNTH_VSDGTHWFV,1,1,0,,,,,,,,,,,XGBoost
3,protein,SYNTH_VSYVNVNMR,1,0,1,,,,,,,,,,,XGBoost
3,protein,SYNTH_VTDYGNVAFKY,1,1,0,,,,,,,,,,,XGBoost
3,protein,SYNTH_VTINQTSVK,1,0,1,,,,,,,,,,,XGBoost
3,protein,SYNTH_VTITTARSK,1,0,1,,,,,,,,,,,XGBoost
3,protein,SYNTH_VTLAHAGYY,1,1,0,,,,,,,,,,,XGBoost
3,protein,SYNTH_VTLLCLIPTV,1,1,0,,,,,,,,,,,XGBoost
3,protein,SYNTH_VTNNTFTLK,1,1,0,,,,,,,,,,,XGBoost
3,protein,SYNTH_VTWFHAIHV,1,1,0,,,,,,,,,,,XGBoost
3,protein,SYNTH_VTYVPAQEK,1,1,0,,,,,,,,,,,XGBoost
3,protein,SYNTH_VVDDPCPIHFY,1,0,1,,,,,,,,,,,XGBoost
3,protein,SYNTH_VVFDITKWLL,1,1,0,,,,,,,,,,,XGBoost
3,protein,SYNTH_VVIPDYNTYK,1,0,1,,,,,,,,,,,XGBoost
3,protein,SYNTH_VVLAGLMAL,1,0,1,,,,,,,,,,,XGBoost
3,protein,SYNTH_VVLFGLMAL,1,1,0,,,,,,,,,,,XGBoost
3,protein,SYNTH_VVMAYITGGV,1,0,1,,,,,,,,,,,XGBoost
3,protein,SYNTH_VVSYVNVNMR,1,0,1,,,,,,,,,,,XGBoost
3,protein,SYNTH_VVTTKIALK,1,1,0,,,,,,,,,,,XGBoost
3,protein,SYNTH_VWLSVIWMMW,1,0,1,,,,,,,,,,,XGBoost
3,protein,SYNTH_VWLSVIWMMWF,1,1,0,,,,,,,,,,,XGBoost
3,protein,SYNTH_VYAINDENW,1,0,1,,,,,,,,,,,XGBoost
3,protein,SYNTH_VYALPLKML,1,1,0,,,,,,,,,,,XGBoost
3,protein,SYNTH_VYIGDPAQL,1,1,0,,,,,,,,,,,XGBoost
3,protein,SYNTH_VYSTGSNVFQ,1,0,1,,,,,,,,,,,XGBoost
3,protein,SYNTH_VYSVIYLYL,1,0,1,,,,,,,,,,,XGBoost
3,protein,SYNTH_WEPEFYEAM,1,1,0,,,,,,,,,,,XGBoost
3,protein,SYNTH_WILGFVFTL,1,1,0,,,,,,,,,,,XGBoost
3,protein,SYNTH_WLSLLVPF,1,1,0,,,,,,,,,,,XGBoost
3,protein,SYNTH_WLSLLVPFV,1,1,0,,,,,,,,,,,XGBoost
3,protein,SYNTH_WLTNIFGTV,1,1,0,,,,,,,,,,,XGBoost
3,protein,SYNTH_WLTYHGAIK,1,1,0,,,,,,,,,,,XGBoost
3,protein,SYNTH_WMVMFTPLV,1,1,0,,,,,,,,,,,XGBoost
3,protein,SYNTH_WMVMFTPLVP,1,1,0,,,,,,,,,,,XGBoost
3,protein,SYNTH_WPLVSSQCV,1,1,0,,,,,,,,,,,XGBoost
3,protein,SYNTH_YADPFFLKY,1,1,0,,,,,,,,,,,XGBoost
3,protein,SYNTH_YADVFHLYL,1,1,0,,,,,,,,,,,XGBoost
3,protein,SYNTH_YAFEHIVY,1,1,0,,,,,,,,,,,XGBoost
3,protein,SYNTH_YANRNRFLY,1,1,0,,,,,,,,,,,XGBoost
3,protein,SYNTH_YDYLVSTQEF,1,0,1,,,,,,,,,,,XGBoost
3,protein,SYNTH_YEDQDALFAY,1,1,0,,,,,,,,,,,XGBoost
3,protein,SYNTH_YEQYIKWPW,1,1,0,,,,,,,,,,,XGBoost
3,protein,SYNTH_YEQYIKWPWYI,1,1,0,,,,,,,,,,,XGBoost
3,protein,SYNTH_YERHSLSHF,1,1,0,,,,,,,,,,,XGBoost
3,protein,SYNTH_YFKDCLFKDW,1,0,1,,,,,,,,,,,XGBoost
3,protein,SYNTH_YFPLQSYGFQ,1,0,1,,,,,,,,,,,XGBoost
3,protein,SYNTH_YFTSDYYQLY,1,1,0,,,,,,,,,,,XGBoost
3,protein,SYNTH_YGISFMELV,1,0,1,,,,,,,,,,,XGBoost
3,protein,SYNTH_YHGAIKLDD,1,1,0,,,,,,,,,,,XGBoost
3,protein,SYNTH_YIFWRNTNPI,1,0,1,,,,,,,,,,,XGBoost
3,protein,SYNTH_YIIKLIFLWL,1,1,0,,,,,,,,,,,XGBoost
3,protein,SYNTH_YIINLIIKNL,1,0,1,,,,,,,,,,,XGBoost
3,protein,SYNTH_YIKWPWYIW,1,1,0,,,,,,,,,,,XGBoost
3,protein,SYNTH_YILEETSVLL,1,1,0,,,,,,,,,,,XGBoost
3,protein,SYNTH_YLASGGQPI,1,1,0,,,,,,,,,,,XGBoost
3,protein,SYNTH_YLATALLTLQ,1,0,1,,,,,,,,,,,XGBoost
3,protein,SYNTH_YLAVFDKNL,1,0,1,,,,,,,,,,,XGBoost
3,protein,SYNTH_YLDAYNMMIS,1,0,1,,,,,,,,,,,XGBoost
3,protein,SYNTH_YLFDESGEFKL,1,0,1,,,,,,,,,,,XGBoost
3,protein,SYNTH_YLITPVHV,1,1,0,,,,,,,,,,,XGBoost
3,protein,SYNTH_YLLPSRGPKL,1,1,0,,,,,,,,,,,XGBoost
3,protein,SYNTH_YLNSTNVTI,2,2,0,,,,,,,,,,,XGBoost
3,protein,SYNTH_YLPYPDPSRIL,1,0,1,,,,,,,,,,,XGBoost
3,protein,SYNTH_YLQPRHFLL,1,1,0,,,,,,,,,,,XGBoost
3,protein,SYNTH_YLQPSTFLL,1,0,1,,,,,,,,,,,XGBoost
3,protein,SYNTH_YLVAYQATV,1,1,0,,,,,,,,,,,XGBoost
3,protein,SYNTH_YMDDVVLGA,1,0,1,,,,,,,,,,,XGBoost
3,protein,SYNTH_YMDDVVLGAK,1,0,1,,,,,,,,,,,XGBoost
3,protein,SYNTH_YMSALNHTK,1,1,0,,,,,,,,,,,XGBoost
3,protein,SYNTH_YNSASFSTF,1,0,1,,,,,,,,,,,XGBoost
3,protein,SYNTH_YPRPPGSGL,1,1,0,,,,,,,,,,,XGBoost
3,protein,SYNTH_YQLAVTIMA,1,1,0,,,,,,,,,,,XGBoost
3,protein,SYNTH_YSEHPTFTSQ,1,1,0,,,,,,,,,,,XGBoost
3,protein,SYNTH_YSEHPTFTSQY,1,1,0,,,,,,,,,,,XGBoost
3,protein,SYNTH_YSLNFMGY,1,0,1,,,,,,,,,,,XGBoost
3,protein,SYNTH_YSRYRIGNYK,1,1,0,,,,,,,,,,,XGBoost
3,protein,SYNTH_YTACSHAAV,1,1,0,,,,,,,,,,,XGBoost
3,protein,SYNTH_YTDFATSACV,1,0,1,,,,,,,,,,,XGBoost
3,protein,SYNTH_YTDINGNLH,1,1,0,,,,,,,,,,,XGBoost
3,protein,SYNTH_YTELEPPCRF,1,1,0,,,,,,,,,,,XGBoost
3,protein,SYNTH_YTMADLVYA,1,1,0,,,,,,,,,,,XGBoost
3,protein,SYNTH_YTVSCLPFTI,1,0,1,,,,,,,,,,,XGBoost
3,protein,SYNTH_YTVTSLQTI,1,0,1,,,,,,,,,,,XGBoost
3,protein,SYNTH_YVDDSSLTI,1,1,0,,,,,,,,,,,XGBoost
3,protein,SYNTH_YVDNSSLTI,1,1,0,,,,,,,,,,,XGBoost
3,protein,SYNTH_YVFCTVNAL,1,1,0,,,,,,,,,,,XGBoost
3,protein,SYNTH_YVGPLTVNEK,1,0,1,,,,,,,,,,,XGBoost
3,protein,SYNTH_YVLGGCRHK,1,0,1,,,,,,,,,,,XGBoost
3,protein,SYNTH_YVYALPLKM,1,1,0,,,,,,,,,,,XGBoost
3,protein,SYNTH_YVYSRVKNL,1,1,0,,,,,,,,,,,XGBoost
3,protein,SYNTH_YYLGTGPEAGL,1,0,1,,,,,,,,,,,XGBoost
3,protein,SYNTH_YYMATLKNVT,1,1,0,,,,,,,,,,,XGBoost
3,protein,SYNTH_YYQLYSTQL,1,1,0,,,,,,,,,,,XGBoost
3,protein,SYNTH_YYRSLPGVF,1,1,0,,,,,,,,,,,XGBoost
3,protein,SYNTH_YYTSNPTTF,1,1,0,,,,,,,,,,,XGBoost
3,protein,VE1_HPV16,2,2,0,,,,,,,,,,,XGBoost
3,protein,VE2_HPV16,5,4,1,,,,,,,,,,,XGBoost
3,protein,VE5_HPV16,1,1,0,,,,,,,,,,,XGBoost
3,protein,VE6_HPV16,7,6,1,,,,,,,,,,,XGBoost
3,protein,VE6_HPV18,7,3,4,,,,,,,,,,,XGBoost
3,protein,VE7_HPV16,4,4,0,,,,,,,,,,,XGBoost
3,protein,VE7_HPV18,1,1,0,,,,,,,,,,,XGBoost
4,overall,all,913,627,286,0.6743316492120319,0.8086140676787761,0.8791208791208791,0.8596491228070176,0.8791208791208791,0.12759170653907495,0.8912324877535968,0.8596491228070176,0.31259968102073366,0.8697194311156256,XGBoost
4,virus,CMV,75,53,22,0.6423670668953687,0.8176860114872752,1.0,0.8333333333333334,1.0,0.1320754716981132,1.0000000000000002,0.8333333333333334,0.2830188679245283,0.8737836879643766,XGBoost
4,virus,DENV,102,101,1,0.9207920792079208,0.999195423126654,1.0,1.0,1.0,0.09900990099009901,1.0,1.0,0.24752475247524752,1.0,XGBoost
4,virus,EBV,40,28,12,0.7440476190476191,0.8401585261787271,0.75,0.8,0.75,0.10714285714285714,0.804809975003949,0.8,0.2857142857142857,0.8263333286520083,XGBoost
4,virus,HBV,68,36,32,0.6549479166666667,0.6916552485358739,0.8333333333333334,0.7058823529411765,0.8333333333333334,0.1388888888888889,0.876306820475833,0.7058823529411765,0.3333333333333333,0.7635419584954335,XGBoost
4,virus,HCV,39,25,14,0.6485714285714286,0.7798807259124705,1.0,0.7777777777777778,1.0,0.12,1.0,0.7777777777777778,0.28,0.8383162086599406,XGBoost
4,virus,HIV-1,38,30,8,0.7708333333333334,0.9080503560953382,1.0,0.8888888888888888,1.0,0.1,1.0,0.8888888888888888,0.26666666666666666,0.8987713917876998,XGBoost
4,virus,HPV,12,2,10,,,,,,,,,,,XGBoost
4,virus,HPV16,15,15,0,,,,,,,,,,,XGBoost
4,virus,HPV18,11,9,2,,,,,,,,,,,XGBoost
4,virus,IAV,61,39,22,0.5425407925407926,0.6674256043854249,0.5,0.8,0.5,0.07692307692307693,0.4224032002276127,0.8,0.3076923076923077,0.6743471496145975,XGBoost
4,virus,RSV,3,2,1,,,,,,,,,,,XGBoost
4,virus,SARS-CoV-2,449,287,162,0.6629134942143072,0.762827929984593,0.8636363636363636,0.8035714285714286,0.8636363636363636,0.13240418118466898,0.8643134329182893,0.8035714285714286,0.313588850174216,0.8166141825002606,XGBoost
4,protein,BZLF1_EBVB9,1,0,1,,,,,,,,,,,XGBoost
4,protein,DNBI_EBVG,4,0,4,,,,,,,,,,,XGBoost
4,protein,EAD_EBVG,1,0,1,,,,,,,,,,,XGBoost
4,protein,EBNA1_EBVB9,3,2,1,,,,,,,,,,,XGBoost
4,protein,EBNA2_EBVG,1,1,0,,,,,,,,,,,XGBoost
4,protein,EBNA3_EBVB9,3,2,1,,,,,,,,,,,XGBoost
4,protein,EBNA4_EBVB9,2,2,0,,,,,,,,,,,XGBoost
4,protein,EBNA6_EBVG,4,3,1,,,,,,,,,,,XGBoost
4,protein,GH_EBVG,1,1,0,,,,,,,,,,,XGBoost
4,protein,ICP27_EBVB9,1,0,1,,,,,,,,,,,XGBoost
4,protein,IL10H_EBVG,1,1,0,,,,,,,,,,,XGBoost
4,protein,LMP1_EBVB9,2,2,0,,,,,,,,,,,XGBoost
4,protein,LMP2_EBVB9,7,7,0,,,,,,,,,,,XGBoost
4,protein,RIR2_EBVG,1,1,0,,,,,,,,,,,XGBoost
4,protein,SYNTH_AAATDTIRK,1,1,0,,,,,,,,,,,XGBoost
4,protein,SYNTH_AAERKHRHL,1,1,0,,,,,,,,,,,XGBoost
4,protein,SYNTH_ACQGVGGPAHK,1,1,0,,,,,,,,,,,XGBoost
4,protein,SYNTH_ADAGFIKQY,1,1,0,,,,,,,,,,,XGBoost
4,protein,SYNTH_AEWFLAYIL,1,1,0,,,,,,,,,,,XGBoost
4,protein,SYNTH_AEWFLAYILF,1,1,0,,,,,,,,,,,XGBoost
4,protein,SYNTH_AIDAYPLTK,1,0,1,,,,,,,,,,,XGBoost
4,protein,SYNTH_AIFYLITPV,1,1,0,,,,,,,,,,,XGBoost
4,protein,SYNTH_AIMDKNIML,1,1,0,,,,,,,,,,,XGBoost
4,protein,SYNTH_AIVREAIKR,1,1,0,,,,,,,,,,,XGBoost
4,protein,SYNTH_ALAYYNTTK,2,0,2,,,,,,,,,,,XGBoost
4,protein,SYNTH_ALCTFLLNK,1,0,1,,,,,,,,,,,XGBoost
4,protein,SYNTH_ALFFFDIDL,1,1,0,,,,,,,,,,,XGBoost
4,protein,SYNTH_ALGGSVAIK,1,0,1,,,,,,,,,,,XGBoost
4,protein,SYNTH_ALIRILQQL,1,1,0,,,,,,,,,,,XGBoost
4,protein,SYNTH_ALLSDLQDL,1,0,1,,,,,,,,,,,XGBoost
4,protein,SYNTH_ALNNIINNA,1,1,0,,,,,,,,,,,XGBoost
4,protein,SYNTH_ALPVYLMTL,1,1,0,,,,,,,,,,,XGBoost
4,protein,SYNTH_ALQIPFAMQM,1,1,0,,,,,,,,,,,XGBoost
4,protein,SYNTH_ALSKGVHFV,1,1,0,,,,,,,,,,,XGBoost
4,protein,SYNTH_ALSYSTGAL,1,0,1,,,,,,,,,,,XGBoost
4,protein,SYNTH_ALWEIQQVV,1,1,0,,,,,,,,,,,XGBoost
4,protein,SYNTH_ALWEIQQVVD,1,0,1,,,,,,,,,,,XGBoost
4,protein,SYNTH_ALYDVVTKL,1,1,0,,,,,,,,,,,XGBoost
4,protein,SYNTH_ALYVGDLCG,1,0,1,,,,,,,,,,,XGBoost
4,protein,SYNTH_AMDEFIEQY,1,1,0,,,,,,,,,,,XGBoost
4,protein,SYNTH_AMQTMLFTML,1,1,0,,,,,,,,,,,XGBoost
4,protein,SYNTH_AMRPNFTIK,1,0,1,,,,,,,,,,,XGBoost
4,protein,SYNTH_AMSAFAMMFV,1,1,0,,,,,,,,,,,XGBoost
4,protein,SYNTH_APAHISTI,1,0,1,,,,,,,,,,,XGBoost
4,protein,SYNTH_APFLYLYAL,1,1,0,,,,,,,,,,,XGBoost
4,protein,SYNTH_APGQTGVIA,1,1,0,,,,,,,,,,,XGBoost
4,protein,SYNTH_APHGVVFL,1,1,0,,,,,,,,,,,XGBoost
4,protein,SYNTH_APKEIIFL,1,1,0,,,,,,,,,,,XGBoost
4,protein,SYNTH_APLLSAGIF,1,1,0,,,,,,,,,,,XGBoost
4,protein,SYNTH_APRTLLTKGTL,1,0,1,,,,,,,,,,,XGBoost
4,protein,SYNTH_APSASAFFG,1,1,0,,,,,,,,,,,XGBoost
4,protein,SYNTH_APTRVVASEM,2,2,0,,,,,,,,,,,XGBoost
4,protein,SYNTH_AQCFKMFYK,1,0,1,,,,,,,,,,,XGBoost
4,protein,SYNTH_AQFAPSASA,1,1,0,,,,,,,,,,,XGBoost
4,protein,SYNTH_ASAFFGMSR,1,1,0,,,,,,,,,,,XGBoost
4,protein,SYNTH_ASCMGLIY,1,1,0,,,,,,,,,,,XGBoost
4,protein,SYNTH_ASCMGLIYNR,1,1,0,,,,,,,,,,,XGBoost
4,protein,SYNTH_ASDIKAFSK,1,1,0,,,,,,,,,,,XGBoost
4,protein,SYNTH_ASMPTTIAK,1,0,1,,,,,,,,,,,XGBoost
4,protein,SYNTH_ASPISSIFSR,1,1,0,,,,,,,,,,,XGBoost
4,protein,SYNTH_ASRELVVSY,1,1,0,,,,,,,,,,,XGBoost
4,protein,SYNTH_ATAEAELAK,1,0,1,,,,,,,,,,,XGBoost
4,protein,SYNTH_ATDALMTGY,1,1,0,,,,,,,,,,,XGBoost
4,protein,SYNTH_ATSRMLSYY,1,1,0,,,,,,,,,,,XGBoost
4,protein,SYNTH_ATVQGQNLK,1,1,0,,,,,,,,,,,XGBoost
4,protein,SYNTH_ATYGWNLVK,1,1,0,,,,,,,,,,,XGBoost
4,protein,SYNTH_AVFQETGTAR,1,1,0,,,,,,,,,,,XGBoost
4,protein,SYNTH_AVINGDRWFL,1,0,1,,,,,,,,,,,XGBoost
4,protein,SYNTH_AVKSEHTGR,1,1,0,,,,,,,,,,,XGBoost
4,protein,SYNTH_AVLQSGFRK,1,0,1,,,,,,,,,,,XGBoost
4,protein,SYNTH_AYCPFDEQSL,1,0,1,,,,,,,,,,,XGBoost
4,protein,SYNTH_AYFKDCLFKDW,1,0,1,,,,,,,,,,,XGBoost
4,protein,SYNTH_AYQKRMGVQM,1,1,0,,,,,,,,,,,XGBoost
4,protein,SYNTH_AYRHAMEEL,1,1,0,,,,,,,,,,,XGBoost
4,protein,SYNTH_AYVNTFSSTF,1,1,0,,,,,,,,,,,XGBoost
4,protein,SYNTH_CFVLAAVYRI,1,1,0,,,,,,,,,,,XGBoost
4,protein,SYNTH_CINGVCWTA,1,1,0,,,,,,,,,,,XGBoost
4,protein,SYNTH_CINSTTTDV,1,0,1,,,,,,,,,,,XGBoost
4,protein,SYNTH_CLAYYFMRF,1,1,0,,,,,,,,,,,XGBoost
4,protein,SYNTH_CLGLLTMV,1,1,0,,,,,,,,,,,XGBoost
4,protein,SYNTH_CLLNRYFRL,1,1,0,,,,,,,,,,,XGBoost
4,protein,SYNTH_CLMMILPAA,1,1,0,,,,,,,,,,,XGBoost
4,protein,SYNTH_CLMMMLPATL,1,1,0,,,,,,,,,,,XGBoost
4,protein,SYNTH_CNDPFLGVY,1,0,1,,,,,,,,,,,XGBoost
4,protein,SYNTH_CNDPFLGVYY,1,1,0,,,,,,,,,,,XGBoost
4,protein,SYNTH_CPKSIPGLS,1,1,0,,,,,,,,,,,XGBoost
4,protein,SYNTH_CSLSHRFYR,1,1,0,,,,,,,,,,,XGBoost
4,protein,SYNTH_CSTVQASK,1,0,1,,,,,,,,,,,XGBoost
4,protein,SYNTH_CTDDNALAYY,1,1,0,,,,,,,,,,,XGBoost
4,protein,SYNTH_CTELKLNDY,1,1,0,,,,,,,,,,,XGBoost
4,protein,SYNTH_CTLKSFTVEK,1,1,0,,,,,,,,,,,XGBoost
4,protein,SYNTH_CYFPLQSYGF,1,0,1,,,,,,,,,,,XGBoost
4,protein,SYNTH_CYSQVNPTTL,1,1,0,,,,,,,,,,,XGBoost
4,protein,SYNTH_DASGKPVPY,1,1,0,,,,,,,,,,,XGBoost
4,protein,SYNTH_DCKTILKAL,1,1,0,,,,,,,,,,,XGBoost
4,protein,SYNTH_DEELVTTERK,1,1,0,,,,,,,,,,,XGBoost
4,protein,SYNTH_DELRRKMMY,1,1,0,,,,,,,,,,,XGBoost
4,protein,SYNTH_DFFPSIRDL,1,1,0,,,,,,,,,,,XGBoost
4,protein,SYNTH_DIDLLLQRGP,1,0,1,,,,,,,,,,,XGBoost
4,protein,SYNTH_DLIAQPIRLL,1,1,0,,,,,,,,,,,XGBoost
4,protein,SYNTH_DLLLGTLNI,1,1,0,,,,,,,,,,,XGBoost
4,protein,SYNTH_DLSPRWYFYY,1,1,0,,,,,,,,,,,XGBoost
4,protein,SYNTH_DNVILLNKH,1,1,0,,,,,,,,,,,XGBoost
4,protein,SYNTH_DRLNQLESK,1,1,0,,,,,,,,,,,XGBoost
4,protein,SYNTH_DTDFVNEFY,1,0,1,,,,,,,,,,,XGBoost
4,protein,SYNTH_DVAFTSHEH,1,1,0,,,,,,,,,,,XGBoost
4,protein,SYNTH_DYGNVAFKYL,1,0,1,,,,,,,,,,,XGBoost
4,protein,SYNTH_DYKHYTPSF,1,1,0,,,,,,,,,,,XGBoost
4,protein,SYNTH_DYVYNPFMI,1,0,1,,,,,,,,,,,XGBoost
4,protein,SYNTH_EAYFKDCVFK,1,0,1,,,,,,,,,,,XGBoost
4,protein,SYNTH_EEQDYRALL,1,1,0,,,,,,,,,,,XGBoost
4,protein,SYNTH_EHPTFTSQY,1,1,0,,,,,,,,,,,XGBoost
4,protein,SYNTH_EIKESVQTF,1,1,0,,,,,,,,,,,XGBoost
4,protein,SYNTH_EILDITPCSF,1,1,0,,,,,,,,,,,XGBoost
4,protein,SYNTH_EILDITPCSFG,1,1,0,,,,,,,,,,,XGBoost
4,protein,SYNTH_ELIRQGTDY,1,1,0,,,,,,,,,,,XGBoost
4,protein,SYNTH_ELLHAPATV,1,1,0,,,,,,,,,,,XGBoost
4,protein,SYNTH_ELMTLATWV,1,1,0,,,,,,,,,,,XGBoost
4,protein,SYNTH_ELPDEFVVV,1,1,0,,,,,,,,,,,XGBoost
4,protein,SYNTH_ELPDEFVVVTV,1,1,0,,,,,,,,,,,XGBoost
4,protein,SYNTH_ELRSRYWAI,1,1,0,,,,,,,,,,,XGBoost
4,protein,SYNTH_ELSLIDFYL,1,1,0,,,,,,,,,,,XGBoost
4,protein,SYNTH_EMCEDTVTY,1,1,0,,,,,,,,,,,XGBoost
4,protein,SYNTH_EPGQLKLNWF,1,1,0,,,,,,,,,,,XGBoost
4,protein,SYNTH_EWFLAYILF,1,1,0,,,,,,,,,,,XGBoost
4,protein,SYNTH_EYHGVYEHL,1,0,1,,,,,,,,,,,XGBoost
4,protein,SYNTH_EYVSQPFLM,1,0,1,,,,,,,,,,,XGBoost
4,protein,SYNTH_FADDLNQLTGY,1,1,0,,,,,,,,,,,XGBoost
4,protein,SYNTH_FAFPFTIYS,1,1,0,,,,,,,,,,,XGBoost
4,protein,SYNTH_FASEAARVV,1,1,0,,,,,,,,,,,XGBoost
4,protein,SYNTH_FAVDAAKAY,1,0,1,,,,,,,,,,,XGBoost
4,protein,SYNTH_FCNDPFLGVY,1,1,0,,,,,,,,,,,XGBoost
4,protein,SYNTH_FCSHHFHQL,1,1,0,,,,,,,,,,,XGBoost
4,protein,SYNTH_FELDERIDKVL,1,0,1,,,,,,,,,,,XGBoost
4,protein,SYNTH_FEYYHTTDPSF,1,1,0,,,,,,,,,,,XGBoost
4,protein,SYNTH_FGMSRIGMEV,1,0,1,,,,,,,,,,,XGBoost
4,protein,SYNTH_FIEDLLFNKV,1,1,0,,,,,,,,,,,XGBoost
4,protein,SYNTH_FIRQEEVQEL,1,0,1,,,,,,,,,,,XGBoost
4,protein,SYNTH_FISTCACEI,1,1,0,,,,,,,,,,,XGBoost
4,protein,SYNTH_FKDQVILLN,1,1,0,,,,,,,,,,,XGBoost
4,protein,SYNTH_FLARGIVFM,1,1,0,,,,,,,,,,,XGBoost
4,protein,SYNTH_FLATCINGV,1,1,0,,,,,,,,,,,XGBoost
4,protein,SYNTH_FLDHKNNK,1,0,1,,,,,,,,,,,XGBoost
4,protein,SYNTH_FLEEMLRTRV,1,1,0,,,,,,,,,,,XGBoost
4,protein,SYNTH_FLEYHDVRV,1,1,0,,,,,,,,,,,XGBoost
4,protein,SYNTH_FLFLTWICL,1,1,0,,,,,,,,,,,XGBoost
4,protein,SYNTH_FLGAFKKFL,1,0,1,,,,,,,,,,,XGBoost
4,protein,SYNTH_FLLLADARV,1,0,1,,,,,,,,,,,XGBoost
4,protein,SYNTH_FLLTKILTI,1,1,0,,,,,,,,,,,XGBoost
4,protein,SYNTH_FLMSFTVLC,1,0,1,,,,,,,,,,,XGBoost
4,protein,SYNTH_FLNGSCGSV,1,1,0,,,,,,,,,,,XGBoost
4,protein,SYNTH_FLNRFTTTL,1,1,0,,,,,,,,,,,XGBoost
4,protein,SYNTH_FLNRFTTTLN,1,0,1,,,,,,,,,,,XGBoost
4,protein,SYNTH_FLPFFSNVT,1,1,0,,,,,,,,,,,XGBoost
4,protein,SYNTH_FLPGVYSV,1,1,0,,,,,,,,,,,XGBoost
4,protein,SYNTH_FLPGVYSVIY,1,0,1,,,,,,,,,,,XGBoost
4,protein,SYNTH_FLPSDFFPSV,2,2,0,,,,,,,,,,,XGBoost
4,protein,SYNTH_FLPTDFFPSV,1,1,0,,,,,,,,,,,XGBoost
4,protein,SYNTH_FLVLLPLVS,1,1,0,,,,,,,,,,,XGBoost
4,protein,SYNTH_FLWLLWPVT,1,1,0,,,,,,,,,,,XGBoost
4,protein,SYNTH_FLWLLWPVTL,1,0,1,,,,,,,,,,,XGBoost
4,protein,SYNTH_FLYENAFLPFA,1,1,0,,,,,,,,,,,XGBoost
4,protein,SYNTH_FMDILTTCVET,1,1,0,,,,,,,,,,,XGBoost
4,protein,SYNTH_FMSEAKCWT,1,1,0,,,,,,,,,,,XGBoost
4,protein,SYNTH_FNMLSTVLGV,1,1,0,,,,,,,,,,,XGBoost
4,protein,SYNTH_FPFTSFGPL,1,1,0,,,,,,,,,,,XGBoost
4,protein,SYNTH_FPHCLAFSYM,1,0,1,,,,,,,,,,,XGBoost
4,protein,SYNTH_FPLCANGQV,1,1,0,,,,,,,,,,,XGBoost
4,protein,SYNTH_FPLKLRGTA,1,1,0,,,,,,,,,,,XGBoost
4,protein,SYNTH_FPLKLRGTAV,1,1,0,,,,,,,,,,,XGBoost
4,protein,SYNTH_FPLTSFGPL,1,1,0,,,,,,,,,,,XGBoost
4,protein,SYNTH_FPNITNLCP,1,1,0,,,,,,,,,,,XGBoost
4,protein,SYNTH_FPQSAPHGV,1,1,0,,,,,,,,,,,XGBoost
4,protein,SYNTH_FPQSAPHGVVF,1,1,0,,,,,,,,,,,XGBoost
4,protein,SYNTH_FPQSNSPIED,1,1,0,,,,,,,,,,,XGBoost
4,protein,SYNTH_FPRGQGVPI,1,1,0,,,,,,,,,,,XGBoost
4,protein,SYNTH_FPVKPQVSL,1,0,1,,,,,,,,,,,XGBoost
4,protein,SYNTH_FPVSIPITAA,1,1,0,,,,,,,,,,,XGBoost
4,protein,SYNTH_FQFCNDPFLGV,1,0,1,,,,,,,,,,,XGBoost
4,protein,SYNTH_FQGRGVFEL,1,1,0,,,,,,,,,,,XGBoost
4,protein,SYNTH_FSASTSAFV,1,1,0,,,,,,,,,,,XGBoost
4,protein,SYNTH_FSKQLQQSM,1,1,0,,,,,,,,,,,XGBoost
4,protein,SYNTH_FSSEIIGYKAI,1,0,1,,,,,,,,,,,XGBoost
4,protein,SYNTH_FSVVGNICY,1,1,0,,,,,,,,,,,XGBoost
4,protein,SYNTH_FTDGVCLFW,1,1,0,,,,,,,,,,,XGBoost
4,protein,SYNTH_FTLKRKTE,1,0,1,,,,,,,,,,,XGBoost
4,protein,SYNTH_FTWPPWQAGI,1,1,0,,,,,,,,,,,XGBoost
4,protein,SYNTH_FVCDNIKFA,1,1,0,,,,,,,,,,,XGBoost
4,protein,SYNTH_FVEGPGFMRY,1,1,0,,,,,,,,,,,XGBoost
4,protein,SYNTH_FVFKNIDGY,1,0,1,,,,,,,,,,,XGBoost
4,protein,SYNTH_FVFPLNSII,1,1,0,,,,,,,,,,,XGBoost
4,protein,SYNTH_FVSDADSTL,1,0,1,,,,,,,,,,,XGBoost
4,protein,SYNTH_FVVFLLVTL,1,1,0,,,,,,,,,,,XGBoost
4,protein,SYNTH_FVVPGLPGT,1,1,0,,,,,,,,,,,XGBoost
4,protein,SYNTH_FYAYLRKHF,1,1,0,,,,,,,,,,,XGBoost
4,protein,SYNTH_FYLTNDVSF,1,0,1,,,,,,,,,,,XGBoost
4,protein,SYNTH_FYPNLTKYL,1,0,1,,,,,,,,,,,XGBoost
4,protein,SYNTH_FYSKWYIRV,1,1,0,,,,,,,,,,,XGBoost
4,protein,SYNTH_GDDDVWTSG,1,1,0,,,,,,,,,,,XGBoost
4,protein,SYNTH_GFADLMGYI,1,1,0,,,,,,,,,,,XGBoost
4,protein,SYNTH_GFMWLSYFI,1,1,0,,,,,,,,,,,XGBoost
4,protein,SYNTH_GIDPNIRTGV,1,1,0,,,,,,,,,,,XGBoost
4,protein,SYNTH_GIHHPSNSK,1,1,0,,,,,,,,,,,XGBoost
4,protein,SYNTH_GILGFVFTL,1,1,0,,,,,,,,,,,XGBoost
4,protein,SYNTH_GILVLFGFF,1,1,0,,,,,,,,,,,XGBoost
4,protein,SYNTH_GLALYYPSA,1,1,0,,,,,,,,,,,XGBoost
4,protein,SYNTH_GLDQYLESV,1,1,0,,,,,,,,,,,XGBoost
4,protein,SYNTH_GLEAPFLYL,1,1,0,,,,,,,,,,,XGBoost
4,protein,SYNTH_GLISLILQI,1,0,1,,,,,,,,,,,XGBoost
4,protein,SYNTH_GLKILQLL,1,1,0,,,,,,,,,,,XGBoost
4,protein,SYNTH_GLLTVCYVL,1,1,0,,,,,,,,,,,XGBoost
4,protein,SYNTH_GLNDNLLEI,1,1,0,,,,,,,,,,,XGBoost
4,protein,SYNTH_GLRDCTMLV,1,0,1,,,,,,,,,,,XGBoost
4,protein,SYNTH_GLSISGNLL,1,1,0,,,,,,,,,,,XGBoost
4,protein,SYNTH_GMDPRMCSL,1,0,1,,,,,,,,,,,XGBoost
4,protein,SYNTH_GNIADYNYK,1,0,1,,,,,,,,,,,XGBoost
4,protein,SYNTH_GPATAQMAL,1,0,1,,,,,,,,,,,XGBoost
4,protein,SYNTH_GPSLRTTTV,1,1,0,,,,,,,,,,,XGBoost
4,protein,SYNTH_GPSTEGVPE,1,0,1,,,,,,,,,,,XGBoost
4,protein,SYNTH_GSLIYSTAAL,1,0,1,,,,,,,,,,,XGBoost
4,protein,SYNTH_GTITSGWTF,1,1,0,,,,,,,,,,,XGBoost
4,protein,SYNTH_GTLGFVFTL,1,1,0,,,,,,,,,,,XGBoost
4,protein,SYNTH_GTSGSPIINK,1,1,0,,,,,,,,,,,XGBoost
4,protein,SYNTH_GVAGALVAFK,1,0,1,,,,,,,,,,,XGBoost
4,protein,SYNTH_GVAMPNLYK,2,0,2,,,,,,,,,,,XGBoost
4,protein,SYNTH_GVYYHKNNK,1,1,0,,,,,,,,,,,XGBoost
4,protein,SYNTH_GVYYPDKVFR,1,1,0,,,,,,,,,,,XGBoost
4,protein,SYNTH_GYINVFAFPF,1,0,1,,,,,,,,,,,XGBoost
4,protein,SYNTH_HGVVFLHVTY,1,1,0,,,,,,,,,,,XGBoost
4,protein,SYNTH_HIMLDVAFT,1,1,0,,,,,,,,,,,XGBoost
4,protein,SYNTH_HLHQNIVDV,1,0,1,,,,,,,,,,,XGBoost
4,protein,SYNTH_HLRMAGHSL,1,1,0,,,,,,,,,,,XGBoost
4,protein,SYNTH_HLVDFQVTI,1,1,0,,,,,,,,,,,XGBoost
4,protein,SYNTH_HLYLQYIRK,2,0,2,,,,,,,,,,,XGBoost
4,protein,SYNTH_HMLDMYSVM,1,1,0,,,,,,,,,,,XGBoost
4,protein,SYNTH_HPGAGKTKRY,1,1,0,,,,,,,,,,,XGBoost
4,protein,SYNTH_HPGFTILALF,1,1,0,,,,,,,,,,,XGBoost
4,protein,SYNTH_HPKISSEVHI,1,0,1,,,,,,,,,,,XGBoost
4,protein,SYNTH_HSIGFDYVY,1,1,0,,,,,,,,,,,XGBoost
4,protein,SYNTH_HSWNADLYK,1,0,1,,,,,,,,,,,XGBoost
4,protein,SYNTH_HTDLMAAYV,1,1,0,,,,,,,,,,,XGBoost
4,protein,SYNTH_HTNCYDYCI,1,0,1,,,,,,,,,,,XGBoost
4,protein,SYNTH_HVLKAVFSR,1,1,0,,,,,,,,,,,XGBoost
4,protein,SYNTH_HVYQLRARL,1,1,0,,,,,,,,,,,XGBoost
4,protein,SYNTH_HYPKIYKTYF,1,1,0,,,,,,,,,,,XGBoost
4,protein,SYNTH_HYPKVYKTYF,1,0,1,,,,,,,,,,,XGBoost
4,protein,SYNTH_IAVSMANIF,1,1,0,,,,,,,,,,,XGBoost
4,protein,SYNTH_IFNGECPNF,1,1,0,,,,,,,,,,,XGBoost
4,protein,SYNTH_IFVDGVPFV,1,1,0,,,,,,,,,,,XGBoost
4,protein,SYNTH_IHASGKQMW,1,1,0,,,,,,,,,,,XGBoost
4,protein,SYNTH_IIFWFSLEL,1,1,0,,,,,,,,,,,XGBoost
4,protein,SYNTH_IIIGALVGV,1,1,0,,,,,,,,,,,XGBoost
4,protein,SYNTH_IKLDDKDPN,1,1,0,,,,,,,,,,,XGBoost
4,protein,SYNTH_IKLDDKDPQ,1,1,0,,,,,,,,,,,XGBoost
4,protein,SYNTH_IKLTVVVGDI,1,1,0,,,,,,,,,,,XGBoost
4,protein,SYNTH_ILARNLVPM,1,0,1,,,,,,,,,,,XGBoost
4,protein,SYNTH_ILFLCLSLL,1,0,1,,,,,,,,,,,XGBoost
4,protein,SYNTH_ILFTRFFYV,1,1,0,,,,,,,,,,,XGBoost
4,protein,SYNTH_ILGFVFTLT,1,1,0,,,,,,,,,,,XGBoost
4,protein,SYNTH_ILGLPTQTV,1,1,0,,,,,,,,,,,XGBoost
4,protein,SYNTH_ILLNKHIDA,1,1,0,,,,,,,,,,,XGBoost
4,protein,SYNTH_ILMTHFFSI,1,1,0,,,,,,,,,,,XGBoost
4,protein,SYNTH_ILPCSFTTL,1,1,0,,,,,,,,,,,XGBoost
4,protein,SYNTH_ILRGSVAHK,1,0,1,,,,,,,,,,,XGBoost
4,protein,SYNTH_IMASLVLAR,1,0,1,,,,,,,,,,,XGBoost
4,protein,SYNTH_IMDLEKRHVL,1,1,0,,,,,,,,,,,XGBoost
4,protein,SYNTH_IMLCCMTSC,1,1,0,,,,,,,,,,,XGBoost
4,protein,SYNTH_IMLDVAFTS,1,1,0,,,,,,,,,,,XGBoost
4,protein,SYNTH_IMSGEVPSM,1,1,0,,,,,,,,,,,XGBoost
4,protein,SYNTH_INKRKKTSL,1,1,0,,,,,,,,,,,XGBoost
4,protein,SYNTH_IPEPDRQRTP,1,1,0,,,,,,,,,,,XGBoost
4,protein,SYNTH_IPITAAAWY,1,1,0,,,,,,,,,,,XGBoost
4,protein,SYNTH_IPLALTIKGL,1,1,0,,,,,,,,,,,XGBoost
4,protein,SYNTH_IPLTEEAEL,1,1,0,,,,,,,,,,,XGBoost
4,protein,SYNTH_IPVAYRKVL,1,1,0,,,,,,,,,,,XGBoost
4,protein,SYNTH_IQITISSFK,1,0,1,,,,,,,,,,,XGBoost
4,protein,SYNTH_IQLSSYSLF,1,1,0,,,,,,,,,,,XGBoost
4,protein,SYNTH_IRQEEVQEL,1,1,0,,,,,,,,,,,XGBoost
4,protein,SYNTH_ISDEFSSNV,1,1,0,,,,,,,,,,,XGBoost
4,protein,SYNTH_ITEAELTGY,1,1,0,,,,,,,,,,,XGBoost
4,protein,SYNTH_ITNLCPFGEV,1,0,1,,,,,,,,,,,XGBoost
4,protein,SYNTH_ITPMLRHTI,1,1,0,,,,,,,,,,,XGBoost
4,protein,SYNTH_ITPVHVMSK,1,0,1,,,,,,,,,,,XGBoost
4,protein,SYNTH_ITSGWTFGA,1,1,0,,,,,,,,,,,XGBoost
4,protein,SYNTH_IVAGGIVAI,1,1,0,,,,,,,,,,,XGBoost
4,protein,SYNTH_IVCRFDTRV,1,1,0,,,,,,,,,,,XGBoost
4,protein,SYNTH_IVDTVSALVY,1,1,0,,,,,,,,,,,XGBoost
4,protein,SYNTH_IWLGFIAGL,1,1,0,,,,,,,,,,,XGBoost
4,protein,SYNTH_IYKTPPIKDF,1,0,1,,,,,,,,,,,XGBoost
4,protein,SYNTH_IYRILQRGL,1,1,0,,,,,,,,,,,XGBoost
4,protein,SYNTH_KALNLGETFV,1,0,1,,,,,,,,,,,XGBoost
4,protein,SYNTH_KAYDVTQAF,1,1,0,,,,,,,,,,,XGBoost
4,protein,SYNTH_KCYGVSPTK,1,1,0,,,,,,,,,,,XGBoost
4,protein,SYNTH_KFLPDLYDYK,1,1,0,,,,,,,,,,,XGBoost
4,protein,SYNTH_KIRLRPGGK,1,0,1,,,,,,,,,,,XGBoost
4,protein,SYNTH_KIYSKHTPI,2,2,0,,,,,,,,,,,XGBoost
4,protein,SYNTH_KKLLEQWNLV,1,0,1,,,,,,,,,,,XGBoost
4,protein,SYNTH_KLASHMYCS,1,1,0,,,,,,,,,,,XGBoost
4,protein,SYNTH_KLCLRFLSK,1,0,1,,,,,,,,,,,XGBoost
4,protein,SYNTH_KLFCADPAL,1,0,1,,,,,,,,,,,XGBoost
4,protein,SYNTH_KLFDRYFKY,1,0,1,,,,,,,,,,,XGBoost
4,protein,SYNTH_KLKKSLNVAK,1,0,1,,,,,,,,,,,XGBoost
4,protein,SYNTH_KLLEQWNL,1,0,1,,,,,,,,,,,XGBoost
4,protein,SYNTH_KLLHKPIVWHV,1,1,0,,,,,,,,,,,XGBoost
4,protein,SYNTH_KLNEEIAIIL,1,0,1,,,,,,,,,,,XGBoost
4,protein,SYNTH_KLNIKLLGV,1,1,0,,,,,,,,,,,XGBoost
4,protein,SYNTH_KLNIKLLGVG,1,0,1,,,,,,,,,,,XGBoost
4,protein,SYNTH_KLPTTQLRR,1,0,1,,,,,,,,,,,XGBoost
4,protein,SYNTH_KLRGMGLNAV,1,0,1,,,,,,,,,,,XGBoost
4,protein,SYNTH_KLSGLGINAV,1,1,0,,,,,,,,,,,XGBoost
4,protein,SYNTH_KLSHQSDIEV,1,0,1,,,,,,,,,,,XGBoost
4,protein,SYNTH_KLTDWDFVV,1,1,0,,,,,,,,,,,XGBoost
4,protein,SYNTH_KLTPLCVTL,1,1,0,,,,,,,,,,,XGBoost
4,protein,SYNTH_KLVCSPAPC,1,1,0,,,,,,,,,,,XGBoost
4,protein,SYNTH_KLWAQCVQL,1,1,0,,,,,,,,,,,XGBoost
4,protein,SYNTH_KLYQNPTTYI,1,1,0,,,,,,,,,,,XGBoost
4,protein,SYNTH_KMLKEMGEV,1,1,0,,,,,,,,,,,XGBoost
4,protein,SYNTH_KMVSLLSVL,1,1,0,,,,,,,,,,,XGBoost
4,protein,SYNTH_KNIDGYFKIY,2,2,0,,,,,,,,,,,XGBoost
4,protein,SYNTH_KPAPRELKV,1,1,0,,,,,,,,,,,XGBoost
4,protein,SYNTH_KPFERDISTEI,1,0,1,,,,,,,,,,,XGBoost
4,protein,SYNTH_KPHNSHEGKTF,1,1,0,,,,,,,,,,,XGBoost
4,protein,SYNTH_KPRICTREEF,1,1,0,,,,,,,,,,,XGBoost
4,protein,SYNTH_KPRQKRTAT,1,1,0,,,,,,,,,,,XGBoost
4,protein,SYNTH_KPRWLDARI,1,1,0,,,,,,,,,,,XGBoost
4,protein,SYNTH_KQIYKTPPI,2,2,0,,,,,,,,,,,XGBoost
4,protein,SYNTH_KQMGFSHLC,1,0,1,,,,,,,,,,,XGBoost
4,protein,SYNTH_KRWIIIGLHK,1,1,0,,,,,,,,,,,XGBoost
4,protein,SYNTH_KSLFNTIATLY,1,1,0,,,,,,,,,,,XGBoost
4,protein,SYNTH_KSLFNTVATL,1,1,0,,,,,,,,,,,XGBoost
4,protein,SYNTH_KSLFNTVAVLY,1,1,0,,,,,,,,,,,XGBoost
4,protein,SYNTH_KSLYNTVAVLY,1,1,0,,,,,,,,,,,XGBoost
4,protein,SYNTH_KSTNLVKNK,1,1,0,,,,,,,,,,,XGBoost
4,protein,SYNTH_KSVNITFEL,1,1,0,,,,,,,,,,,XGBoost
4,protein,SYNTH_KTIQPRVEK,2,2,0,,,,,,,,,,,XGBoost
4,protein,SYNTH_KTLPPTEPK,1,1,0,,,,,,,,,,,XGBoost
4,protein,SYNTH_KTSERSQPR,1,0,1,,,,,,,,,,,XGBoost
4,protein,SYNTH_KVAGFAKFLK,2,0,2,,,,,,,,,,,XGBoost
4,protein,SYNTH_KVDGVVQQL,1,1,0,,,,,,,,,,,XGBoost
4,protein,SYNTH_KVLHKRTLGL,1,1,0,,,,,,,,,,,XGBoost
4,protein,SYNTH_KVLIRCYLC,1,1,0,,,,,,,,,,,XGBoost
4,protein,SYNTH_KWPWYIWLG,1,1,0,,,,,,,,,,,XGBoost
4,protein,SYNTH_KWPWYIWLGFI,1,1,0,,,,,,,,,,,XGBoost
4,protein,SYNTH_KYAESDYIFL,1,0,1,,,,,,,,,,,XGBoost
4,protein,SYNTH_KYKLKHIVW,1,1,0,,,,,,,,,,,XGBoost
4,protein,SYNTH_KYQLKHIVW,1,1,0,,,,,,,,,,,XGBoost
4,protein,SYNTH_KYRLKHIVW,1,0,1,,,,,,,,,,,XGBoost
4,protein,SYNTH_KYTSFPWLLG,1,1,0,,,,,,,,,,,XGBoost
4,protein,SYNTH_KYVRNLQHRL,1,0,1,,,,,,,,,,,XGBoost
4,protein,SYNTH_LAYTIGTTHF,1,1,0,,,,,,,,,,,XGBoost
4,protein,SYNTH_LDDKDPNFK,1,1,0,,,,,,,,,,,XGBoost
4,protein,SYNTH_LEDKAFQL,1,1,0,,,,,,,,,,,XGBoost
4,protein,SYNTH_LEKRHVLGRL,1,1,0,,,,,,,,,,,XGBoost
4,protein,SYNTH_LENGVTHRF,1,1,0,,,,,,,,,,,XGBoost
4,protein,SYNTH_LFARTRSMW,1,0,1,,,,,,,,,,,XGBoost
4,protein,SYNTH_LFTRFFYVL,1,1,0,,,,,,,,,,,XGBoost
4,protein,SYNTH_LGMLQGRGPL,1,1,0,,,,,,,,,,,XGBoost
4,protein,SYNTH_LITGRLQSL,1,0,1,,,,,,,,,,,XGBoost
4,protein,SYNTH_LLAKDTTEA,1,0,1,,,,,,,,,,,XGBoost
4,protein,SYNTH_LLAQFTSAI,1,1,0,,,,,,,,,,,XGBoost
4,protein,SYNTH_LLCPKSIPG,1,1,0,,,,,,,,,,,XGBoost
4,protein,SYNTH_LLCPKSIPGL,1,1,0,,,,,,,,,,,XGBoost
4,protein,SYNTH_LLDFVRMGV,1,1,0,,,,,,,,,,,XGBoost
4,protein,SYNTH_LLDRLNQLE,1,1,0,,,,,,,,,,,XGBoost
4,protein,SYNTH_LLDTASALY,1,1,0,,,,,,,,,,,XGBoost
4,protein,SYNTH_LLFLVLIML,1,1,0,,,,,,,,,,,XGBoost
4,protein,SYNTH_LLGCIITSL,1,1,0,,,,,,,,,,,XGBoost
4,protein,SYNTH_LLHKPIVWHV,1,0,1,,,,,,,,,,,XGBoost
4,protein,SYNTH_LLHPSLVFDI,1,1,0,,,,,,,,,,,XGBoost
4,protein,SYNTH_LLILCVTQVL,1,1,0,,,,,,,,,,,XGBoost
4,protein,SYNTH_LLLQLCTFT,1,0,1,,,,,,,,,,,XGBoost
4,protein,SYNTH_LLLSVCLGSL,1,0,1,,,,,,,,,,,XGBoost
4,protein,SYNTH_LLMPILTLTR,1,0,1,,,,,,,,,,,XGBoost
4,protein,SYNTH_LLMPLKAPK,1,0,1,,,,,,,,,,,XGBoost
4,protein,SYNTH_LLNKEMYLK,1,0,1,,,,,,,,,,,XGBoost
4,protein,SYNTH_LLNKHIDAY,1,0,1,,,,,,,,,,,XGBoost
4,protein,SYNTH_LLPIFFCLWV,1,0,1,,,,,,,,,,,XGBoost
4,protein,SYNTH_LLPRRGPRL,1,1,0,,,,,,,,,,,XGBoost
4,protein,SYNTH_LLQLSLLQV,1,1,0,,,,,,,,,,,XGBoost
4,protein,SYNTH_LLSAGIFGAD,1,0,1,,,,,,,,,,,XGBoost
4,protein,SYNTH_LLTLQQIEL,1,1,0,,,,,,,,,,,XGBoost
4,protein,SYNTH_LLTNMFTPL,1,1,0,,,,,,,,,,,XGBoost
4,protein,SYNTH_LLTNMFTPLI,1,0,1,,,,,,,,,,,XGBoost
4,protein,SYNTH_LLVYAADPAM,1,0,1,,,,,,,,,,,XGBoost
4,protein,SYNTH_LLWTLVLL,1,0,1,,,,,,,,,,,XGBoost
4,protein,SYNTH_LMCQPILLL,1,1,0,,,,,,,,,,,XGBoost
4,protein,SYNTH_LMGHFAWWT,1,1,0,,,,,,,,,,,XGBoost
4,protein,SYNTH_LMMMLPATLA,1,1,0,,,,,,,,,,,XGBoost
4,protein,SYNTH_LMNVLTLFY,1,1,0,,,,,,,,,,,XGBoost
4,protein,SYNTH_LPEYGTLGLE,1,1,0,,,,,,,,,,,XGBoost
4,protein,SYNTH_LPFDKPTIM,1,1,0,,,,,,,,,,,XGBoost
4,protein,SYNTH_LPFDRPTIM,1,1,0,,,,,,,,,,,XGBoost
4,protein,SYNTH_LPFDRTTIM,2,1,1,,,,,,,,,,,XGBoost
4,protein,SYNTH_LPFEKSTVM,1,1,0,,,,,,,,,,,XGBoost
4,protein,SYNTH_LPFERATVM,1,1,0,,,,,,,,,,,XGBoost
4,protein,SYNTH_LPGADTQGSN,1,1,0,,,,,,,,,,,XGBoost
4,protein,SYNTH_LPLPWLPGAD,1,1,0,,,,,,,,,,,XGBoost
4,protein,SYNTH_LPNNTASWF,1,1,0,,,,,,,,,,,XGBoost
4,protein,SYNTH_LPPHDITPY,1,1,0,,,,,,,,,,,XGBoost
4,protein,SYNTH_LPQHLTQRAQ,1,1,0,,,,,,,,,,,XGBoost
4,protein,SYNTH_LPRRSGAAGA,1,1,0,,,,,,,,,,,XGBoost
4,protein,SYNTH_LPVCAFSSA,1,1,0,,,,,,,,,,,XGBoost
4,protein,SYNTH_LPVWLAHKVA,1,1,0,,,,,,,,,,,XGBoost
4,protein,SYNTH_LPVWLAYKVA,1,1,0,,,,,,,,,,,XGBoost
4,protein,SYNTH_LPWTSGATT,1,1,0,,,,,,,,,,,XGBoost
4,protein,SYNTH_LQAENVTGL,1,1,0,,,,,,,,,,,XGBoost
4,protein,SYNTH_LQELGKYEQ,1,0,1,,,,,,,,,,,XGBoost
4,protein,SYNTH_LQELGKYEQY,1,1,0,,,,,,,,,,,XGBoost
4,protein,SYNTH_LQLPQGTTL,1,1,0,,,,,,,,,,,XGBoost
4,protein,SYNTH_LQPPDPVGL,1,1,0,,,,,,,,,,,XGBoost
4,protein,SYNTH_LQYGSFCTQL,1,1,0,,,,,,,,,,,XGBoost
4,protein,SYNTH_LSDRVVFVL,1,1,0,,,,,,,,,,,XGBoost
4,protein,SYNTH_LSIAPIMFSNK,1,0,1,,,,,,,,,,,XGBoost
4,protein,SYNTH_LSPRWYFYY,1,1,0,,,,,,,,,,,XGBoost
4,protein,SYNTH_LTDEMIAQY,1,1,0,,,,,,,,,,,XGBoost
4,protein,SYNTH_LTIPPTAGIL,1,1,0,,,,,,,,,,,XGBoost
4,protein,SYNTH_LTLGVYDYLV,1,0,1,,,,,,,,,,,XGBoost
4,protein,SYNTH_LTNDDTSRY,1,1,0,,,,,,,,,,,XGBoost
4,protein,SYNTH_LTNDVSFLA,1,0,1,,,,,,,,,,,XGBoost
4,protein,SYNTH_LTQDLFLPFF,1,1,0,,,,,,,,,,,XGBoost
4,protein,SYNTH_LTTVPAASLLA,1,1,0,,,,,,,,,,,XGBoost
4,protein,SYNTH_LVMAQLLRI,1,1,0,,,,,,,,,,,XGBoost
4,protein,SYNTH_LVSDIDITFLK,1,0,1,,,,,,,,,,,XGBoost
4,protein,SYNTH_LVVDFSQFSR,1,1,0,,,,,,,,,,,XGBoost
4,protein,SYNTH_LWEGSPGKF,1,1,0,,,,,,,,,,,XGBoost
4,protein,SYNTH_LWEWASVRF,1,1,0,,,,,,,,,,,XGBoost
4,protein,SYNTH_LWLLWPVTL,1,1,0,,,,,,,,,,,XGBoost
4,protein,SYNTH_LYASPQLEGF,1,1,0,,,,,,,,,,,XGBoost
4,protein,SYNTH_LYDAITENL,1,0,1,,,,,,,,,,,XGBoost
4,protein,SYNTH_LYIIKLIFL,1,1,0,,,,,,,,,,,XGBoost
4,protein,SYNTH_LYKKLKREI,1,0,1,,,,,,,,,,,XGBoost
4,protein,SYNTH_LYKKLKREITF,1,1,0,,,,,,,,,,,XGBoost
4,protein,SYNTH_LYKKLKREMTF,1,1,0,,,,,,,,,,,XGBoost
4,protein,SYNTH_LYRGDVESL,1,0,1,,,,,,,,,,,XGBoost
4,protein,SYNTH_LYSHPIIL,1,0,1,,,,,,,,,,,XGBoost
4,protein,SYNTH_MALKDFKEF,1,1,0,,,,,,,,,,,XGBoost
4,protein,SYNTH_MAMVLSIVS,1,1,0,,,,,,,,,,,XGBoost
4,protein,SYNTH_MATYGWNLVK,1,1,0,,,,,,,,,,,XGBoost
4,protein,SYNTH_MAYAQKIFKIL,1,1,0,,,,,,,,,,,XGBoost
4,protein,SYNTH_MDLFMRIFTI,1,0,1,,,,,,,,,,,XGBoost
4,protein,SYNTH_MFDAYVNTF,1,1,0,,,,,,,,,,,XGBoost
4,protein,SYNTH_MFLARGIVF,1,1,0,,,,,,,,,,,XGBoost
4,protein,SYNTH_MGYWIESAL,1,1,0,,,,,,,,,,,XGBoost
4,protein,SYNTH_MIAQYTSAL,2,1,1,,,,,,,,,,,XGBoost
4,protein,SYNTH_MLNPNYEDL,1,1,0,,,,,,,,,,,XGBoost
4,protein,SYNTH_MLPSSSTIKL,1,0,1,,,,,,,,,,,XGBoost
4,protein,SYNTH_MLRIMASL,1,1,0,,,,,,,,,,,XGBoost
4,protein,SYNTH_MLWCKDGHV,1,1,0,,,,,,,,,,,XGBoost
4,protein,SYNTH_MMILSDDAVV,1,0,1,,,,,,,,,,,XGBoost
4,protein,SYNTH_MMISAGFSL,1,1,0,,,,,,,,,,,XGBoost
4,protein,SYNTH_MMLPATLAF,1,1,0,,,,,,,,,,,XGBoost
4,protein,SYNTH_MMWFWGPSLY,1,0,1,,,,,,,,,,,XGBoost
4,protein,SYNTH_MPASWVMRIM,1,1,0,,,,,,,,,,,XGBoost
4,protein,SYNTH_MPLSAPTL,1,0,1,,,,,,,,,,,XGBoost
4,protein,SYNTH_MPSVIEKMET,1,1,0,,,,,,,,,,,XGBoost
4,protein,SYNTH_MQMAYRFNGI,1,0,1,,,,,,,,,,,XGBoost
4,protein,SYNTH_MRGAKRMAI,1,1,0,,,,,,,,,,,XGBoost
4,protein,SYNTH_MSMRGVRISK,1,0,1,,,,,,,,,,,XGBoost
4,protein,SYNTH_MSYEDQDALF,1,1,0,,,,,,,,,,,XGBoost
4,protein,SYNTH_MSYTMCSGK,1,1,0,,,,,,,,,,,XGBoost
4,protein,SYNTH_MVHPELIFTI,1,0,1,,,,,,,,,,,XGBoost
4,protein,SYNTH_MVLALITFL,1,1,0,,,,,,,,,,,XGBoost
4,protein,SYNTH_MVLASTTAK,1,0,1,,,,,,,,,,,XGBoost
4,protein,SYNTH_MVLGSLAATV,1,0,1,,,,,,,,,,,XGBoost
4,protein,SYNTH_MVMELIRMI,1,1,0,,,,,,,,,,,XGBoost
4,protein,SYNTH_MVPHISRQRL,1,0,1,,,,,,,,,,,XGBoost
4,protein,SYNTH_MYMGTLSYEQF,1,0,1,,,,,,,,,,,XGBoost
4,protein,SYNTH_MYTKIKHIL,1,0,1,,,,,,,,,,,XGBoost
4,protein,SYNTH_NATNVVIKV,1,1,0,,,,,,,,,,,XGBoost
4,protein,SYNTH_NCYFPLQSY,1,0,1,,,,,,,,,,,XGBoost
4,protein,SYNTH_NELSRVLGL,1,1,0,,,,,,,,,,,XGBoost
4,protein,SYNTH_NFLEVEDYGF,1,1,0,,,,,,,,,,,XGBoost
4,protein,SYNTH_NFNKDFYDF,1,0,1,,,,,,,,,,,XGBoost
4,protein,SYNTH_NGFTVLCPK,1,1,0,,,,,,,,,,,XGBoost
4,protein,SYNTH_NGLTVLPPL,1,0,1,,,,,,,,,,,XGBoost
4,protein,SYNTH_NINLHTQVV,1,1,0,,,,,,,,,,,XGBoost
4,protein,SYNTH_NITRFQTL,1,1,0,,,,,,,,,,,XGBoost
4,protein,SYNTH_NIVCPLCTL,1,1,0,,,,,,,,,,,XGBoost
4,protein,SYNTH_NLDYIINLI,1,1,0,,,,,,,,,,,XGBoost
4,protein,SYNTH_NLLKDCPAV,1,1,0,,,,,,,,,,,XGBoost
4,protein,SYNTH_NLNSSRVPDL,1,0,1,,,,,,,,,,,XGBoost
4,protein,SYNTH_NLVPMVATV,1,1,0,,,,,,,,,,,XGBoost
4,protein,SYNTH_NMFTPLIQPI,1,0,1,,,,,,,,,,,XGBoost
4,protein,SYNTH_NMLKTVYSDV,1,0,1,,,,,,,,,,,XGBoost
4,protein,SYNTH_NMLPSSSTI,1,0,1,,,,,,,,,,,XGBoost
4,protein,SYNTH_NMMGGCLQNA,1,0,1,,,,,,,,,,,XGBoost
4,protein,SYNTH_NPANNAAIVL,1,1,0,,,,,,,,,,,XGBoost
4,protein,SYNTH_NPNMIDKTPV,1,1,0,,,,,,,,,,,XGBoost
4,protein,SYNTH_NPTIQKNVL,1,1,0,,,,,,,,,,,XGBoost
4,protein,SYNTH_NPWMEDKTPV,1,1,0,,,,,,,,,,,XGBoost
4,protein,SYNTH_NRRKRSVTM,1,1,0,,,,,,,,,,,XGBoost
4,protein,SYNTH_NSPRRARSVAS,1,1,0,,,,,,,,,,,XGBoost
4,protein,SYNTH_NSSPDDQIGYY,1,0,1,,,,,,,,,,,XGBoost
4,protein,SYNTH_NTSRYWEPEFY,1,1,0,,,,,,,,,,,XGBoost
4,protein,SYNTH_NVILLNKHI,1,1,0,,,,,,,,,,,XGBoost
4,protein,SYNTH_NVPMEKLKTL,1,0,1,,,,,,,,,,,XGBoost
4,protein,SYNTH_NVTKYLPLDK,1,0,1,,,,,,,,,,,XGBoost
4,protein,SYNTH_NVVIKVCEF,1,0,1,,,,,,,,,,,XGBoost
4,protein,SYNTH_NYLDLSALL,1,1,0,,,,,,,,,,,XGBoost
4,protein,SYNTH_NYNYLYRLF,1,1,0,,,,,,,,,,,XGBoost
4,protein,SYNTH_NYNYLYRLL,1,1,0,,,,,,,,,,,XGBoost
4,protein,SYNTH_NYNYWYRLF,1,1,0,,,,,,,,,,,XGBoost
4,protein,SYNTH_NYTPGPGIRF,1,1,0,,,,,,,,,,,XGBoost
4,protein,SYNTH_PFEKSTIMAAF,1,1,0,,,,,,,,,,,XGBoost
4,protein,SYNTH_PFMIDVQQW,1,1,0,,,,,,,,,,,XGBoost
4,protein,SYNTH_PGKISHIML,1,1,0,,,,,,,,,,,XGBoost
4,protein,SYNTH_PIILGFRK,1,0,1,,,,,,,,,,,XGBoost
4,protein,SYNTH_PIPSSWAFAK,1,0,1,,,,,,,,,,,XGBoost
4,protein,SYNTH_PLKMLNIPS,1,1,0,,,,,,,,,,,XGBoost
4,protein,SYNTH_PLTQHYQIL,1,1,0,,,,,,,,,,,XGBoost
4,protein,SYNTH_PMDSTVKNY,1,1,0,,,,,,,,,,,XGBoost
4,protein,SYNTH_PSLILVSQY,1,1,0,,,,,,,,,,,XGBoost
4,protein,SYNTH_PTDNYITTY,2,1,1,,,,,,,,,,,XGBoost
4,protein,SYNTH_PTDSYITTY,1,1,0,,,,,,,,,,,XGBoost
4,protein,SYNTH_PVNRPIDWK,1,1,0,,,,,,,,,,,XGBoost
4,protein,SYNTH_QADVEWKFY,1,1,0,,,,,,,,,,,XGBoost
4,protein,SYNTH_QAFTFSPTYK,1,0,1,,,,,,,,,,,XGBoost
4,protein,SYNTH_QAIRETVEL,1,1,0,,,,,,,,,,,XGBoost
4,protein,SYNTH_QELGKYEQY,1,0,1,,,,,,,,,,,XGBoost
4,protein,SYNTH_QELIRQGTDY,1,1,0,,,,,,,,,,,XGBoost
4,protein,SYNTH_QFAYANRNRF,1,1,0,,,,,,,,,,,XGBoost
4,protein,SYNTH_QIAPGQTGK,1,0,1,,,,,,,,,,,XGBoost
4,protein,SYNTH_QLDGSNVSAA,1,0,1,,,,,,,,,,,XGBoost
4,protein,SYNTH_QLEMELTPV,1,1,0,,,,,,,,,,,XGBoost
4,protein,SYNTH_QLEMELTPVV,1,0,1,,,,,,,,,,,XGBoost
4,protein,SYNTH_QLFTFSPRH,1,1,0,,,,,,,,,,,XGBoost
4,protein,SYNTH_QLPQGTTLPK,1,1,0,,,,,,,,,,,XGBoost
4,protein,SYNTH_QLSGLGINAV,1,1,0,,,,,,,,,,,XGBoost
4,protein,SYNTH_QLTYVVIAIL,1,1,0,,,,,,,,,,,XGBoost
4,protein,SYNTH_QPEWFRNVL,1,1,0,,,,,,,,,,,XGBoost
4,protein,SYNTH_QPGQTFSVL,1,1,0,,,,,,,,,,,XGBoost
4,protein,SYNTH_QPRTFLLKY,1,1,0,,,,,,,,,,,XGBoost
4,protein,SYNTH_QQIFLEVQA,1,1,0,,,,,,,,,,,XGBoost
4,protein,SYNTH_QSASKIITL,1,1,0,,,,,,,,,,,XGBoost
4,protein,SYNTH_QSSGILSR,1,1,0,,,,,,,,,,,XGBoost
4,protein,SYNTH_QTMLFTMLR,1,0,1,,,,,,,,,,,XGBoost
4,protein,SYNTH_QVRNSSGLY,1,1,0,,,,,,,,,,,XGBoost
4,protein,SYNTH_QYHLEGWFPL,1,0,1,,,,,,,,,,,XGBoost
4,protein,SYNTH_QYSGFVRTL,1,1,0,,,,,,,,,,,XGBoost
4,protein,SYNTH_QYVGPLTVN,1,1,0,,,,,,,,,,,XGBoost
4,protein,SYNTH_REQAAIPQIY,1,1,0,,,,,,,,,,,XGBoost
4,protein,SYNTH_RFPNITNLCPF,1,0,1,,,,,,,,,,,XGBoost
4,protein,SYNTH_RHLPVADAV,1,1,0,,,,,,,,,,,XGBoost
4,protein,SYNTH_RIFTIGTVTLK,1,0,1,,,,,,,,,,,XGBoost
4,protein,SYNTH_RIINNQHR,1,1,0,,,,,,,,,,,XGBoost
4,protein,SYNTH_RILGAGCFV,1,1,0,,,,,,,,,,,XGBoost
4,protein,SYNTH_RIMASLVLA,1,1,0,,,,,,,,,,,XGBoost
4,protein,SYNTH_RKSGAAGAAVK,1,0,1,,,,,,,,,,,XGBoost
4,protein,SYNTH_RLFFKCIYRR,1,0,1,,,,,,,,,,,XGBoost
4,protein,SYNTH_RLFRKSNLK,1,0,1,,,,,,,,,,,XGBoost
4,protein,SYNTH_RLIQNSITI,1,1,0,,,,,,,,,,,XGBoost
4,protein,SYNTH_RLMIFVLGGCR,1,0,1,,,,,,,,,,,XGBoost
4,protein,SYNTH_RLRPGGKKQ,1,0,1,,,,,,,,,,,XGBoost
4,protein,SYNTH_RLYLDAYNM,1,1,0,,,,,,,,,,,XGBoost
4,protein,SYNTH_RLYQNPTTYI,1,1,0,,,,,,,,,,,XGBoost
4,protein,SYNTH_RLYYDSMSY,2,0,2,,,,,,,,,,,XGBoost
4,protein,SYNTH_RMYVGGVEHR,1,0,1,,,,,,,,,,,XGBoost
4,protein,SYNTH_RPDTRYVL,1,1,0,,,,,,,,,,,XGBoost
4,protein,SYNTH_RPFPSTHQL,1,1,0,,,,,,,,,,,XGBoost
4,protein,SYNTH_RPINEKEENM,1,1,0,,,,,,,,,,,XGBoost
4,protein,SYNTH_RPISEKEENM,1,1,0,,,,,,,,,,,XGBoost
4,protein,SYNTH_RPQGLSNNT,1,1,0,,,,,,,,,,,XGBoost
4,protein,SYNTH_RPQIGVVREF,1,0,1,,,,,,,,,,,XGBoost
4,protein,SYNTH_RPTEPVPLPL,1,1,0,,,,,,,,,,,XGBoost
4,protein,SYNTH_RQIAPGQTGK,1,1,0,,,,,,,,,,,XGBoost
4,protein,SYNTH_RQLLFVVEV,1,0,1,,,,,,,,,,,XGBoost
4,protein,SYNTH_RQMEGEGVFK,1,0,1,,,,,,,,,,,XGBoost
4,protein,SYNTH_RRKRSVTMLL,1,1,0,,,,,,,,,,,XGBoost
4,protein,SYNTH_RRRHRQDAL,1,0,1,,,,,,,,,,,XGBoost
4,protein,SYNTH_RRRKGWIPL,1,1,0,,,,,,,,,,,XGBoost
4,protein,SYNTH_RRSGAAGAAVK,1,1,0,,,,,,,,,,,XGBoost
4,protein,SYNTH_RSALGPFVGK,1,1,0,,,,,,,,,,,XGBoost
4,protein,SYNTH_RSLFNTVAVL,1,1,0,,,,,,,,,,,XGBoost
4,protein,SYNTH_RSLFNTVAVLY,1,1,0,,,,,,,,,,,XGBoost
4,protein,SYNTH_RSLYNTVATL,1,1,0,,,,,,,,,,,XGBoost
4,protein,SYNTH_RSLYNTVATLY,1,1,0,,,,,,,,,,,XGBoost
4,protein,SYNTH_RSLYNTVAVL,1,1,0,,,,,,,,,,,XGBoost
4,protein,SYNTH_RSLYNTVAVLY,1,1,0,,,,,,,,,,,XGBoost
4,protein,SYNTH_RSQFKQSR,1,0,1,,,,,,,,,,,XGBoost
4,protein,SYNTH_RSRSGAKLI,1,1,0,,,,,,,,,,,XGBoost
4,protein,SYNTH_RTFAGTLSR,1,1,0,,,,,,,,,,,XGBoost
4,protein,SYNTH_RTIKVFTTV,1,1,0,,,,,,,,,,,XGBoost
4,protein,SYNTH_RTSEVIVKR,1,1,0,,,,,,,,,,,XGBoost
4,protein,SYNTH_RVCEKMALY,1,1,0,,,,,,,,,,,XGBoost
4,protein,SYNTH_RVECFDKFKV,1,0,1,,,,,,,,,,,XGBoost
4,protein,SYNTH_RVHFASPLH,2,0,2,,,,,,,,,,,XGBoost
4,protein,SYNTH_RVLSFIKGTK,1,1,0,,,,,,,,,,,XGBoost
4,protein,SYNTH_RVVVLSFEL,1,1,0,,,,,,,,,,,XGBoost
4,protein,SYNTH_RVYAYDTREK,1,1,0,,,,,,,,,,,XGBoost
4,protein,SYNTH_RVYSSANNCTF,1,1,0,,,,,,,,,,,XGBoost
4,protein,SYNTH_RVYSTGSNVF,1,1,0,,,,,,,,,,,XGBoost
4,protein,SYNTH_RYLKDQQLL,1,0,1,,,,,,,,,,,XGBoost
4,protein,SYNTH_RYPLTLGWCF,1,1,0,,,,,,,,,,,XGBoost
4,protein,SYNTH_RYRIGNYKL,1,1,0,,,,,,,,,,,XGBoost
4,protein,SYNTH_RYRPVKQACL,1,0,1,,,,,,,,,,,XGBoost
4,protein,SYNTH_RYTAESLRL,1,0,1,,,,,,,,,,,XGBoost
4,protein,SYNTH_SAMQTMLFTM,1,0,1,,,,,,,,,,,XGBoost
4,protein,SYNTH_SANNCTFEY,1,1,0,,,,,,,,,,,XGBoost
4,protein,SYNTH_SASFSTFKCY,1,1,0,,,,,,,,,,,XGBoost
4,protein,SYNTH_SCIQSQLRK,1,0,1,,,,,,,,,,,XGBoost
4,protein,SYNTH_SDNEIHNPA,1,1,0,,,,,,,,,,,XGBoost
4,protein,SYNTH_SEHPTFTSQY,1,1,0,,,,,,,,,,,XGBoost
4,protein,SYNTH_SEQAAEAMEV,1,1,0,,,,,,,,,,,XGBoost
4,protein,SYNTH_SETLQRFAW,1,1,0,,,,,,,,,,,XGBoost
4,protein,SYNTH_SFLPGVYSVI,1,0,1,,,,,,,,,,,XGBoost
4,protein,SYNTH_SFLPSDFF,1,0,1,,,,,,,,,,,XGBoost
4,protein,SYNTH_SFMELVRPF,1,0,1,,,,,,,,,,,XGBoost
4,protein,SYNTH_SFPHIHLK,1,0,1,,,,,,,,,,,XGBoost
4,protein,SYNTH_SFSFGGFTF,1,0,1,,,,,,,,,,,XGBoost
4,protein,SYNTH_SFSFGGFTFK,1,1,0,,,,,,,,,,,XGBoost
4,protein,SYNTH_SIDQLCKTF,1,1,0,,,,,,,,,,,XGBoost
4,protein,SYNTH_SILLSSLLK,1,1,0,,,,,,,,,,,XGBoost
4,protein,SYNTH_SILSPFLPLL,1,1,0,,,,,,,,,,,XGBoost
4,protein,SYNTH_SIWNLDYIINL,1,0,1,,,,,,,,,,,XGBoost
4,protein,SYNTH_SKRVDFCGKGY,1,1,0,,,,,,,,,,,XGBoost
4,protein,SYNTH_SLAIDAYPL,1,1,0,,,,,,,,,,,XGBoost
4,protein,SYNTH_SLATVAYFNM,1,0,1,,,,,,,,,,,XGBoost
4,protein,SYNTH_SLEDKAFQL,1,1,0,,,,,,,,,,,XGBoost
4,protein,SYNTH_SLFNTIATL,1,1,0,,,,,,,,,,,XGBoost
4,protein,SYNTH_SLFNTIAVL,1,1,0,,,,,,,,,,,XGBoost
4,protein,SYNTH_SLGGLLTMV,1,1,0,,,,,,,,,,,XGBoost
4,protein,SYNTH_SLHNAVAVL,1,0,1,,,,,,,,,,,XGBoost
4,protein,SYNTH_SLIDFYLCFL,1,0,1,,,,,,,,,,,XGBoost
4,protein,SYNTH_SLKITEEV,1,0,1,,,,,,,,,,,XGBoost
4,protein,SYNTH_SLLAPGAKQNV,1,1,0,,,,,,,,,,,XGBoost
4,protein,SYNTH_SLLSVLLSM,1,1,0,,,,,,,,,,,XGBoost
4,protein,SYNTH_SLLVLVQST,1,1,0,,,,,,,,,,,XGBoost
4,protein,SYNTH_SLSHRFYRL,1,1,0,,,,,,,,,,,XGBoost
4,protein,SYNTH_SLVKPSFYVY,1,0,1,,,,,,,,,,,XGBoost
4,protein,SYNTH_SLVPGFNEK,2,0,2,,,,,,,,,,,XGBoost
4,protein,SYNTH_SLYNTIAIL,1,1,0,,,,,,,,,,,XGBoost
4,protein,SYNTH_SLYNTIAVLY,1,1,0,,,,,,,,,,,XGBoost
4,protein,SYNTH_SLYNTISVL,1,1,0,,,,,,,,,,,XGBoost
4,protein,SYNTH_SLYNTVAIF,1,1,0,,,,,,,,,,,XGBoost
4,protein,SYNTH_SMLTDPSHI,1,1,0,,,,,,,,,,,XGBoost
4,protein,SYNTH_SMMGFKMNY,1,0,1,,,,,,,,,,,XGBoost
4,protein,SYNTH_SMQGAVDINK,1,0,1,,,,,,,,,,,XGBoost
4,protein,SYNTH_SMWALVISV,1,1,0,,,,,,,,,,,XGBoost
4,protein,SYNTH_SNVSAALAAL,1,0,1,,,,,,,,,,,XGBoost
4,protein,SYNTH_SPRRARSVA,1,1,0,,,,,,,,,,,XGBoost
4,protein,SYNTH_SPRRARSVASQ,1,1,0,,,,,,,,,,,XGBoost
4,protein,SYNTH_SPSPTVEESR,1,1,0,,,,,,,,,,,XGBoost
4,protein,SYNTH_SQEPMSIYV,1,0,1,,,,,,,,,,,XGBoost
4,protein,SYNTH_SQLGGLHLL,1,0,1,,,,,,,,,,,XGBoost
4,protein,SYNTH_SQLMCQPILL,1,0,1,,,,,,,,,,,XGBoost
4,protein,SYNTH_SQLRKSRLGPK,1,0,1,,,,,,,,,,,XGBoost
4,protein,SYNTH_SQSSGILSR,1,0,1,,,,,,,,,,,XGBoost
4,protein,SYNTH_SRNSTHEMY,1,1,0,,,,,,,,,,,XGBoost
4,protein,SYNTH_SRSTSLSVSL,1,1,0,,,,,,,,,,,XGBoost
4,protein,SYNTH_SSASSCLY,1,0,1,,,,,,,,,,,XGBoost
4,protein,SYNTH_SSCSRNLY,1,0,1,,,,,,,,,,,XGBoost
4,protein,SYNTH_SSNVANYQK,1,0,1,,,,,,,,,,,XGBoost
4,protein,SYNTH_SSSKLWAQY,1,1,0,,,,,,,,,,,XGBoost
4,protein,SYNTH_SSSTCMMCY,1,1,0,,,,,,,,,,,XGBoost
4,protein,SYNTH_SSYSLFDMSK,1,0,1,,,,,,,,,,,XGBoost
4,protein,SYNTH_STELNYNHLY,1,1,0,,,,,,,,,,,XGBoost
4,protein,SYNTH_STLPETAVVRR,1,1,0,,,,,,,,,,,XGBoost
4,protein,SYNTH_STLPETTVVRQ,1,1,0,,,,,,,,,,,XGBoost
4,protein,SYNTH_STLPETTVVRR,1,1,0,,,,,,,,,,,XGBoost
4,protein,SYNTH_STSAFVETV,1,1,0,,,,,,,,,,,XGBoost
4,protein,SYNTH_STTSTGPCK,1,0,1,,,,,,,,,,,XGBoost
4,protein,SYNTH_STYAWLLVL,1,0,1,,,,,,,,,,,XGBoost
4,protein,SYNTH_SVLNDIFSRL,1,1,0,,,,,,,,,,,XGBoost
4,protein,SYNTH_SVLNDILSRL,1,1,0,,,,,,,,,,,XGBoost
4,protein,SYNTH_SWMESEFRV,1,1,0,,,,,,,,,,,XGBoost
4,protein,SYNTH_SYLKDSDFL,1,0,1,,,,,,,,,,,XGBoost
4,protein,SYNTH_SYMDDVVLGAK,1,0,1,,,,,,,,,,,XGBoost
4,protein,SYNTH_SYVNTNMGL,1,1,0,,,,,,,,,,,XGBoost
4,protein,SYNTH_TAEAGGRAY,1,1,0,,,,,,,,,,,XGBoost
4,protein,SYNTH_TDDNALAYY,1,1,0,,,,,,,,,,,XGBoost
4,protein,SYNTH_TDDNALSYY,1,1,0,,,,,,,,,,,XGBoost
4,protein,SYNTH_TFEYVSQPFLM,1,1,0,,,,,,,,,,,XGBoost
4,protein,SYNTH_TLDTKPLSV,1,1,0,,,,,,,,,,,XGBoost
4,protein,SYNTH_TLIGDCATVH,1,0,1,,,,,,,,,,,XGBoost
4,protein,SYNTH_TLINGVWVV,1,1,0,,,,,,,,,,,XGBoost
4,protein,SYNTH_TLKNTVCTV,1,1,0,,,,,,,,,,,XGBoost
4,protein,SYNTH_TLMAMDLGEL,1,1,0,,,,,,,,,,,XGBoost
4,protein,SYNTH_TLMIERFVSL,1,0,1,,,,,,,,,,,XGBoost
4,protein,SYNTH_TLQQTSLEV,1,0,1,,,,,,,,,,,XGBoost
4,protein,SYNTH_TLSPFLPLL,1,1,0,,,,,,,,,,,XGBoost
4,protein,SYNTH_TLVKQLSSK,1,0,1,,,,,,,,,,,XGBoost
4,protein,SYNTH_TLYAVATTI,1,1,0,,,,,,,,,,,XGBoost
4,protein,SYNTH_TMADLVYALR,1,0,1,,,,,,,,,,,XGBoost
4,protein,SYNTH_TMGVLCLAIL,1,1,0,,,,,,,,,,,XGBoost
4,protein,SYNTH_TMNQVVMPK,1,0,1,,,,,,,,,,,XGBoost
4,protein,SYNTH_TPEGIIPAL,1,1,0,,,,,,,,,,,XGBoost
4,protein,SYNTH_TPEGIIPSM,1,1,0,,,,,,,,,,,XGBoost
4,protein,SYNTH_TPEGIIPTL,1,1,0,,,,,,,,,,,XGBoost
4,protein,SYNTH_TPEGIIPTLF,1,1,0,,,,,,,,,,,XGBoost
4,protein,SYNTH_TPGPGVRLPL,1,0,1,,,,,,,,,,,XGBoost
4,protein,SYNTH_TPINLVRDL,1,0,1,,,,,,,,,,,XGBoost
4,protein,SYNTH_TPKYKFVRI,1,1,0,,,,,,,,,,,XGBoost
4,protein,SYNTH_TPMLRHSI,1,1,0,,,,,,,,,,,XGBoost
4,protein,SYNTH_TPMLRHTIEN,1,1,0,,,,,,,,,,,XGBoost
4,protein,SYNTH_TPRGTVMDII,1,1,0,,,,,,,,,,,XGBoost
4,protein,SYNTH_TPSGTWLTY,1,1,0,,,,,,,,,,,XGBoost
4,protein,SYNTH_TPVVQTIEV,1,1,0,,,,,,,,,,,XGBoost
4,protein,SYNTH_TQDLFLPFF,1,1,0,,,,,,,,,,,XGBoost
4,protein,SYNTH_TQLNRALTGI,1,0,1,,,,,,,,,,,XGBoost
4,protein,SYNTH_TSDACMMTMY,1,1,0,,,,,,,,,,,XGBoost
4,protein,SYNTH_TSNQVAVLY,1,0,1,,,,,,,,,,,XGBoost
4,protein,SYNTH_TSQYRIQGK,1,0,1,,,,,,,,,,,XGBoost
4,protein,SYNTH_TSTTSMGPCK,1,0,1,,,,,,,,,,,XGBoost
4,protein,SYNTH_TTDLEAYFK,1,0,1,,,,,,,,,,,XGBoost
4,protein,SYNTH_TTDPSFLGRY,1,1,0,,,,,,,,,,,XGBoost
4,protein,SYNTH_TTKRDLGMSK,1,1,0,,,,,,,,,,,XGBoost
4,protein,SYNTH_TTSTGPCK,1,1,0,,,,,,,,,,,XGBoost
4,protein,SYNTH_TVIEVQGYK,1,0,1,,,,,,,,,,,XGBoost
4,protein,SYNTH_TVLEYLVSF,1,0,1,,,,,,,,,,,XGBoost
4,protein,SYNTH_TVLSFCAFA,1,1,0,,,,,,,,,,,XGBoost
4,protein,SYNTH_TVNAHGNLPK,1,1,0,,,,,,,,,,,XGBoost
4,protein,SYNTH_TVQASKLCLGR,1,0,1,,,,,,,,,,,XGBoost
4,protein,SYNTH_TVYPPSSTAK,1,1,0,,,,,,,,,,,XGBoost
4,protein,SYNTH_TVYSHLLLV,1,1,0,,,,,,,,,,,XGBoost
4,protein,SYNTH_TWLTYTGAI,2,2,0,,,,,,,,,,,XGBoost
4,protein,SYNTH_TWRDMAHTLI,1,1,0,,,,,,,,,,,XGBoost
4,protein,SYNTH_TYALVSKDL,1,0,1,,,,,,,,,,,XGBoost
4,protein,SYNTH_TYFERVERL,1,0,1,,,,,,,,,,,XGBoost
4,protein,SYNTH_TYGPVFMSL,1,0,1,,,,,,,,,,,XGBoost
4,protein,SYNTH_TYKNTCDGTTF,1,1,0,,,,,,,,,,,XGBoost
4,protein,SYNTH_TYNCTYNRL,1,0,1,,,,,,,,,,,XGBoost
4,protein,SYNTH_TYVPAQEKNF,1,0,1,,,,,,,,,,,XGBoost
4,protein,SYNTH_TYVPAQEKNFT,1,1,0,,,,,,,,,,,XGBoost
4,protein,SYNTH_VAGALVAFK,1,0,1,,,,,,,,,,,XGBoost
4,protein,SYNTH_VAKSHNIAL,1,1,0,,,,,,,,,,,XGBoost
4,protein,SYNTH_VASQSIIAY,1,0,1,,,,,,,,,,,XGBoost
4,protein,SYNTH_VATSRTLSY,1,1,0,,,,,,,,,,,XGBoost
4,protein,SYNTH_VELRQYDPV,1,1,0,,,,,,,,,,,XGBoost
4,protein,SYNTH_VFADATPTGW,1,1,0,,,,,,,,,,,XGBoost
4,protein,SYNTH_VFLVLLPLV,1,1,0,,,,,,,,,,,XGBoost
4,protein,SYNTH_VIGDQYVKV,1,1,0,,,,,,,,,,,XGBoost
4,protein,SYNTH_VISGTNGTK,1,1,0,,,,,,,,,,,XGBoost
4,protein,SYNTH_VLAELVRQI,1,0,1,,,,,,,,,,,XGBoost
4,protein,SYNTH_VLASTTAKA,1,0,1,,,,,,,,,,,XGBoost
4,protein,SYNTH_VLDMCASLK,1,1,0,,,,,,,,,,,XGBoost
4,protein,SYNTH_VLHKRTLGL,1,1,0,,,,,,,,,,,XGBoost
4,protein,SYNTH_VLMMRTTWA,1,1,0,,,,,,,,,,,XGBoost
4,protein,SYNTH_VLMSNLGMPS,1,0,1,,,,,,,,,,,XGBoost
4,protein,SYNTH_VLNDIFSRLDK,1,0,1,,,,,,,,,,,XGBoost
4,protein,SYNTH_VLNDILSRL,2,1,1,,,,,,,,,,,XGBoost
4,protein,SYNTH_VLNPYMPSV,1,1,0,,,,,,,,,,,XGBoost
4,protein,SYNTH_VLPCSFTTL,1,1,0,,,,,,,,,,,XGBoost
4,protein,SYNTH_VLQAVGACV,1,1,0,,,,,,,,,,,XGBoost
4,protein,SYNTH_VLQLPQGTTL,1,0,1,,,,,,,,,,,XGBoost
4,protein,SYNTH_VLRGSVAHK,1,1,0,,,,,,,,,,,XGBoost
4,protein,SYNTH_VLSFCAFAV,1,1,0,,,,,,,,,,,XGBoost
4,protein,SYNTH_VLSGHNLAK,1,0,1,,,,,,,,,,,XGBoost
4,protein,SYNTH_VLSTFISAA,1,1,0,,,,,,,,,,,XGBoost
4,protein,SYNTH_VLWAHGFEL,1,1,0,,,,,,,,,,,XGBoost
4,protein,SYNTH_VMCGGSLYVK,1,0,1,,,,,,,,,,,XGBoost
4,protein,SYNTH_VMLAAQMFIV,1,1,0,,,,,,,,,,,XGBoost
4,protein,SYNTH_VMLLVHYAI,1,1,0,,,,,,,,,,,XGBoost
4,protein,SYNTH_VMPLSAPTL,1,1,0,,,,,,,,,,,XGBoost
4,protein,SYNTH_VMPLSAPTLV,1,0,1,,,,,,,,,,,XGBoost
4,protein,SYNTH_VMYASAVVL,1,1,0,,,,,,,,,,,XGBoost
4,protein,SYNTH_VMYMGTLSY,1,1,0,,,,,,,,,,,XGBoost
4,protein,SYNTH_VPHVGEIPV,1,1,0,,,,,,,,,,,XGBoost
4,protein,SYNTH_VPHVGEIPVAY,1,0,1,,,,,,,,,,,XGBoost
4,protein,SYNTH_VPLLAIGCY,1,1,0,,,,,,,,,,,XGBoost
4,protein,SYNTH_VPLLAMGCY,1,1,0,,,,,,,,,,,XGBoost
4,protein,SYNTH_VPLRPMTYK,1,1,0,,,,,,,,,,,XGBoost
4,protein,SYNTH_VPMEKFKTL,1,1,0,,,,,,,,,,,XGBoost
4,protein,SYNTH_VPMEKLKTL,1,0,1,,,,,,,,,,,XGBoost
4,protein,SYNTH_VPMVTQMAM,1,1,0,,,,,,,,,,,XGBoost
4,protein,SYNTH_VPNYNLIIM,2,2,0,,,,,,,,,,,XGBoost
4,protein,SYNTH_VPNYNMIIM,1,1,0,,,,,,,,,,,XGBoost
4,protein,SYNTH_VPYLGKREDQ,1,1,0,,,,,,,,,,,XGBoost
4,protein,SYNTH_VPYNMRVIHF,1,0,1,,,,,,,,,,,XGBoost
4,protein,SYNTH_VQMAPISAM,1,1,0,,,,,,,,,,,XGBoost
4,protein,SYNTH_VQPTESIVRF,1,1,0,,,,,,,,,,,XGBoost
4,protein,SYNTH_VSLVKPSFY,1,0,1,,,,,,,,,,,XGBoost
4,protein,SYNTH_VSSPDAVTAY,1,1,0,,,,,,,,,,,XGBoost
4,protein,SYNTH_VTAACSHAGK,1,1,0,,,,,,,,,,,XGBoost
4,protein,SYNTH_VTGGVFLVDK,1,1,0,,,,,,,,,,,XGBoost
4,protein,SYNTH_VTLAILTAL,1,1,0,,,,,,,,,,,XGBoost
4,protein,SYNTH_VTTVTLHFK,1,0,1,,,,,,,,,,,XGBoost
4,protein,SYNTH_VTVYYGVPVWK,1,1,0,,,,,,,,,,,XGBoost
4,protein,SYNTH_VTYVPAQEK,1,0,1,,,,,,,,,,,XGBoost
4,protein,SYNTH_VVAASIIGI,1,0,1,,,,,,,,,,,XGBoost
4,protein,SYNTH_VVDYGARFY,1,1,0,,,,,,,,,,,XGBoost
4,protein,SYNTH_VVENPTIQK,1,0,1,,,,,,,,,,,XGBoost
4,protein,SYNTH_VVSTGYHFR,1,1,0,,,,,,,,,,,XGBoost
4,protein,SYNTH_VVVNAANVY,1,1,0,,,,,,,,,,,XGBoost
4,protein,SYNTH_VYAIFIFQL,1,1,0,,,,,,,,,,,XGBoost
4,protein,SYNTH_VYAWNRKRI,1,1,0,,,,,,,,,,,XGBoost
4,protein,SYNTH_VYDPLQPEL,1,0,1,,,,,,,,,,,XGBoost
4,protein,SYNTH_VYKQFDTYNLW,1,0,1,,,,,,,,,,,XGBoost
4,protein,SYNTH_VYLFSLVVL,1,0,1,,,,,,,,,,,XGBoost
4,protein,SYNTH_VYRGTTTYKL,1,1,0,,,,,,,,,,,XGBoost
4,protein,SYNTH_WAYHGSYET,1,1,0,,,,,,,,,,,XGBoost
4,protein,SYNTH_WIMKIGIGVL,1,1,0,,,,,,,,,,,XGBoost
4,protein,SYNTH_WKEPDVYYT,1,1,0,,,,,,,,,,,XGBoost
4,protein,SYNTH_WLLWPVTLA,1,1,0,,,,,,,,,,,XGBoost
4,protein,SYNTH_WMMAMKYPI,1,0,1,,,,,,,,,,,XGBoost
4,protein,SYNTH_WPVTLACFV,1,1,0,,,,,,,,,,,XGBoost
4,protein,SYNTH_WTMKIGIGIL,1,1,0,,,,,,,,,,,XGBoost
4,protein,SYNTH_WYIWLGFIA,1,1,0,,,,,,,,,,,XGBoost
4,protein,SYNTH_YADVFHLY,1,0,1,,,,,,,,,,,XGBoost
4,protein,SYNTH_YALPLKMLN,1,1,0,,,,,,,,,,,XGBoost
4,protein,SYNTH_YAQMWQLMY,1,1,0,,,,,,,,,,,XGBoost
4,protein,SYNTH_YAQMWSLMYF,1,1,0,,,,,,,,,,,XGBoost
4,protein,SYNTH_YAYLRKHF,1,1,0,,,,,,,,,,,XGBoost
4,protein,SYNTH_YENQKLIANQF,1,1,0,,,,,,,,,,,XGBoost
4,protein,SYNTH_YFIASFRLF,1,0,1,,,,,,,,,,,XGBoost
4,protein,SYNTH_YFMRFRRAF,1,0,1,,,,,,,,,,,XGBoost
4,protein,SYNTH_YHDVRVVLDFI,1,1,0,,,,,,,,,,,XGBoost
4,protein,SYNTH_YILDLQPETT,1,1,0,,,,,,,,,,,XGBoost
4,protein,SYNTH_YILEETSVM,1,1,0,,,,,,,,,,,XGBoost
4,protein,SYNTH_YINTALLNA,1,1,0,,,,,,,,,,,XGBoost
4,protein,SYNTH_YITGGVVQL,1,0,1,,,,,,,,,,,XGBoost
4,protein,SYNTH_YIWLGFIAGL,1,1,0,,,,,,,,,,,XGBoost
4,protein,SYNTH_YLDSTDVTI,1,1,0,,,,,,,,,,,XGBoost
4,protein,SYNTH_YLFDESGEF,1,1,0,,,,,,,,,,,XGBoost
4,protein,SYNTH_YLFDESGEFKL,1,0,1,,,,,,,,,,,XGBoost
4,protein,SYNTH_YLKLTDNVYI,1,0,1,,,,,,,,,,,XGBoost
4,protein,SYNTH_YLKLTDNVYIK,1,0,1,,,,,,,,,,,XGBoost
4,protein,SYNTH_YLKRRVVF,1,1,0,,,,,,,,,,,XGBoost
4,protein,SYNTH_YLLPRRGPRL,1,1,0,,,,,,,,,,,XGBoost
4,protein,SYNTH_YLNTLTLAV,1,1,0,,,,,,,,,,,XGBoost
4,protein,SYNTH_YLPAIVREA,1,1,0,,,,,,,,,,,XGBoost
4,protein,SYNTH_YLPMMCINF,1,0,1,,,,,,,,,,,XGBoost
4,protein,SYNTH_YLQPRTFLL,2,2,0,,,,,,,,,,,XGBoost
4,protein,SYNTH_YLQPRTFLLK,1,1,0,,,,,,,,,,,XGBoost
4,protein,SYNTH_YLRKHFSMM,2,1,1,,,,,,,,,,,XGBoost
4,protein,SYNTH_YLSELLNSL,1,0,1,,,,,,,,,,,XGBoost
4,protein,SYNTH_YLVSFGVWI,2,1,1,,,,,,,,,,,XGBoost
4,protein,SYNTH_YLYRLFRKS,1,0,1,,,,,,,,,,,XGBoost
4,protein,SYNTH_YMPASWVMRI,1,1,0,,,,,,,,,,,XGBoost
4,protein,SYNTH_YMPYIFTLL,1,1,0,,,,,,,,,,,XGBoost
4,protein,SYNTH_YPPALPIWAR,1,0,1,,,,,,,,,,,XGBoost
4,protein,SYNTH_YQDVDCTEV,1,1,0,,,,,,,,,,,XGBoost
4,protein,SYNTH_YQSAVRKK,1,0,1,,,,,,,,,,,XGBoost
4,protein,SYNTH_YQTQTNSPR,1,0,1,,,,,,,,,,,XGBoost
4,protein,SYNTH_YQVNGYPNM,1,1,0,,,,,,,,,,,XGBoost
4,protein,SYNTH_YSDPLALREF,1,1,0,,,,,,,,,,,XGBoost
4,protein,SYNTH_YSEHPTFTSQY,1,1,0,,,,,,,,,,,XGBoost
4,protein,SYNTH_YSHGTGTGY,1,0,1,,,,,,,,,,,XGBoost
4,protein,SYNTH_YTDFATSAC,1,1,0,,,,,,,,,,,XGBoost
4,protein,SYNTH_YTERSEKSY,1,1,0,,,,,,,,,,,XGBoost
4,protein,SYNTH_YTMSLGAENS,1,0,1,,,,,,,,,,,XGBoost
4,protein,SYNTH_YTVELGTEV,1,1,0,,,,,,,,,,,XGBoost
4,protein,SYNTH_YVILTILTI,1,1,0,,,,,,,,,,,XGBoost
4,protein,SYNTH_YVNTNMGLK,1,1,0,,,,,,,,,,,XGBoost
4,protein,SYNTH_YVNVNMGLK,1,0,1,,,,,,,,,,,XGBoost
4,protein,SYNTH_YVSAIAQTEK,1,1,0,,,,,,,,,,,XGBoost
4,protein,SYNTH_YVYSRVKNL,2,1,1,,,,,,,,,,,XGBoost
4,protein,SYNTH_YYHVVDFERL,1,0,1,,,,,,,,,,,XGBoost
4,protein,SYNTH_YYKKDNSYF,1,1,0,,,,,,,,,,,XGBoost
4,protein,SYNTH_YYLEKANKI,1,1,0,,,,,,,,,,,XGBoost
4,protein,SYNTH_YYPSARIVY,1,1,0,,,,,,,,,,,XGBoost
4,protein,SYNTH_YYRYNLPTM,1,1,0,,,,,,,,,,,XGBoost
4,protein,VE2_HPV16,6,6,0,,,,,,,,,,,XGBoost
4,protein,VE5_HPV16,1,1,0,,,,,,,,,,,XGBoost
4,protein,VE6_HPV16,4,4,0,,,,,,,,,,,XGBoost
4,protein,VE6_HPV18,6,4,2,,,,,,,,,,,XGBoost
4,protein,VE7_HPV16,4,4,0,,,,,,,,,,,XGBoost
5,overall,all,913,628,285,0.6492904235110069,0.777679652455163,0.8131868131868132,0.8157894736842105,0.8131868131868132,0.1178343949044586,0.794177365868521,0.8157894736842105,0.2961783439490446,0.8059862573998877,XGBoost
5,virus,CMV,98,67,31,0.6514203177660087,0.7847845589299189,0.8888888888888888,0.75,0.8888888888888888,0.11940298507462686,0.8517027694298509,0.75,0.26865671641791045,0.7650990443303717,XGBoost
5,virus,DENV,94,91,3,0.7032967032967032,0.9886782336566603,1.0,1.0,1.0,0.0989010989010989,1.0,1.0,0.25274725274725274,0.9999999999999999,XGBoost
5,virus,EBV,33,25,8,0.5800000000000001,0.7581042036065061,0.3333333333333333,0.75,0.3333333333333333,0.04,0.23463936301137828,0.75,0.24,0.5874682201074466,XGBoost
5,virus,HBV,68,38,30,0.7140350877192982,0.7323555893422681,0.6666666666666666,0.7647058823529411,0.6666666666666666,0.10526315789473684,0.6920165406831018,0.7647058823529411,0.34210526315789475,0.763269727398716,XGBoost
5,virus,HCV,42,28,14,0.5331632653061225,0.7345463345822019,0.75,0.7,0.75,0.10714285714285714,0.8318724637288825,0.7,0.25,0.7624164915943118,XGBoost
5,virus,HIV-1,32,25,7,0.5085714285714286,0.8034932109476882,0.6666666666666666,0.875,0.6666666666666666,0.08,0.7039180890341348,0.875,0.28,0.8404109228751038,XGBoost
5,virus,HPV,14,0,14,,,,,,,,,,,XGBoost
5,virus,HPV16,25,19,6,0.631578947368421,0.8064693204444959,0.5,0.8333333333333334,0.5,0.05263157894736842,0.3868528072345415,0.8333333333333334,0.2631578947368421,0.6973975865011866,XGBoost
5,virus,HPV18,5,4,1,,,,,,,,,,,XGBoost
5,virus,IAV,49,29,20,0.5810344827586207,0.6409915047668794,0.25,0.5833333333333334,0.25,0.034482758620689655,0.3903800499921017,0.5833333333333334,0.2413793103448276,0.5731409018340166,XGBoost
5,virus,RSV,2,0,2,,,,,,,,,,,XGBoost
5,virus,SARS-CoV-2,451,302,149,0.6575847815458464,0.7873563438717157,0.8666666666666667,0.8303571428571429,0.8666666666666667,0.1291390728476821,0.873933301688384,0.8303571428571429,0.3079470198675497,0.8423941398928868,XGBoost
5,protein,BRLF1_EBVB9,1,1,0,,,,,,,,,,,XGBoost
5,protein,BZLF1_EBVB9,5,5,0,,,,,,,,,,,XGBoost
5,protein,DNBI_EBVG,3,1,2,,,,,,,,,,,XGBoost
5,protein,EBNA1_EBVB9,1,1,0,,,,,,,,,,,XGBoost
5,protein,EBNA1_EBVG,1,1,0,,,,,,,,,,,XGBoost
5,protein,EBNA3_EBVB9,3,1,2,,,,,,,,,,,XGBoost
5,protein,EBNA4_EBVB9,1,1,0,,,,,,,,,,,XGBoost
5,protein,EBNA6_EBVG,4,2,2,,,,,,,,,,,XGBoost
5,protein,GB_EBVG,1,0,1,,,,,,,,,,,XGBoost
5,protein,GH_EBVG,2,2,0,,,,,,,,,,,XGBoost
5,protein,LMP1_EBVB9,2,2,0,,,,,,,,,,,XGBoost
5,protein,LMP2_EBVB9,5,4,1,,,,,,,,,,,XGBoost
5,protein,MTP_EBVG,1,1,0,,,,,,,,,,,XGBoost
5,protein,SYNTH_AAGLQDCTMLV,1,0,1,,,,,,,,,,,XGBoost
5,protein,SYNTH_ACQGVGGPGHK,1,0,1,,,,,,,,,,,XGBoost
5,protein,SYNTH_ACQGVGGPSHK,1,0,1,,,,,,,,,,,XGBoost
5,protein,SYNTH_AEIAQRLED,1,0,1,,,,,,,,,,,XGBoost
5,protein,SYNTH_AELAKNVSL,1,1,0,,,,,,,,,,,XGBoost
5,protein,SYNTH_AEQASQDVKNW,1,1,0,,,,,,,,,,,XGBoost
5,protein,SYNTH_AEQASQEVKNW,1,0,1,,,,,,,,,,,XGBoost
5,protein,SYNTH_AFYGVWPLL,1,1,0,,,,,,,,,,,XGBoost
5,protein,SYNTH_AIAVASGLLW,1,1,0,,,,,,,,,,,XGBoost
5,protein,SYNTH_AIKRKLRTL,1,1,0,,,,,,,,,,,XGBoost
5,protein,SYNTH_AIMDKNVMLK,1,0,1,,,,,,,,,,,XGBoost
5,protein,SYNTH_AIMEKNIML,1,0,1,,,,,,,,,,,XGBoost
5,protein,SYNTH_AIRETVELR,1,1,0,,,,,,,,,,,XGBoost
5,protein,SYNTH_ALALLLLDR,1,1,0,,,,,,,,,,,XGBoost
5,protein,SYNTH_ALASCMGLI,1,1,0,,,,,,,,,,,XGBoost
5,protein,SYNTH_ALCADSIII,1,0,1,,,,,,,,,,,XGBoost
5,protein,SYNTH_ALCEKALKYL,1,0,1,,,,,,,,,,,XGBoost
5,protein,SYNTH_ALDLSHFLK,1,1,0,,,,,,,,,,,XGBoost
5,protein,SYNTH_ALETTIHNI,1,0,1,,,,,,,,,,,XGBoost
5,protein,SYNTH_ALGKLQDVV,1,1,0,,,,,,,,,,,XGBoost
5,protein,SYNTH_ALRGMGVNAV,1,0,1,,,,,,,,,,,XGBoost
5,protein,SYNTH_ALSKGVHFVC,1,0,1,,,,,,,,,,,XGBoost
5,protein,SYNTH_ALVVAQLLR,1,0,1,,,,,,,,,,,XGBoost
5,protein,SYNTH_ALYGVWPLL,1,1,0,,,,,,,,,,,XGBoost
5,protein,SYNTH_AMAGASTSA,1,1,0,,,,,,,,,,,XGBoost
5,protein,SYNTH_AMDSNTLEL,1,1,0,,,,,,,,,,,XGBoost
5,protein,SYNTH_ANRNRFLYI,1,1,0,,,,,,,,,,,XGBoost
5,protein,SYNTH_APFGRVSV,1,1,0,,,,,,,,,,,XGBoost
5,protein,SYNTH_APFLYLYAL,1,0,1,,,,,,,,,,,XGBoost
5,protein,SYNTH_APHGHVMVEL,1,1,0,,,,,,,,,,,XGBoost
5,protein,SYNTH_APHGVVFL,1,1,0,,,,,,,,,,,XGBoost
5,protein,SYNTH_APHGVVFLHV,1,1,0,,,,,,,,,,,XGBoost
5,protein,SYNTH_APLLSAGVF,1,1,0,,,,,,,,,,,XGBoost
5,protein,SYNTH_APNYRQVEL,1,1,0,,,,,,,,,,,XGBoost
5,protein,SYNTH_APRITFGGP,1,1,0,,,,,,,,,,,XGBoost
5,protein,SYNTH_APSASAFFGM,1,1,0,,,,,,,,,,,XGBoost
5,protein,SYNTH_APYIVGDVV,1,1,0,,,,,,,,,,,XGBoost
5,protein,SYNTH_ARMILMTHF,1,1,0,,,,,,,,,,,XGBoost
5,protein,SYNTH_ASANLAATK,1,1,0,,,,,,,,,,,XGBoost
5,protein,SYNTH_ASCMGLIY,1,1,0,,,,,,,,,,,XGBoost
5,protein,SYNTH_ASGNLLLDK,1,1,0,,,,,,,,,,,XGBoost
5,protein,SYNTH_ASKIITLKK,1,0,1,,,,,,,,,,,XGBoost
5,protein,SYNTH_ASPLHVAWK,1,0,1,,,,,,,,,,,XGBoost
5,protein,SYNTH_ASVYAWNRK,1,1,0,,,,,,,,,,,XGBoost
5,protein,SYNTH_ATAAPVVVR,1,0,1,,,,,,,,,,,XGBoost
5,protein,SYNTH_ATDALMTGY,1,1,0,,,,,,,,,,,XGBoost
5,protein,SYNTH_ATEGALNTPK,1,1,0,,,,,,,,,,,XGBoost
5,protein,SYNTH_ATEIRASVGK,1,0,1,,,,,,,,,,,XGBoost
5,protein,SYNTH_ATMKDFLRH,1,1,0,,,,,,,,,,,XGBoost
5,protein,SYNTH_ATRGATVVI,1,1,0,,,,,,,,,,,XGBoost
5,protein,SYNTH_ATSRTLSYY,1,1,0,,,,,,,,,,,XGBoost
5,protein,SYNTH_ATSRTLSYYK,2,1,1,,,,,,,,,,,XGBoost
5,protein,SYNTH_ATVLMGLGK,1,1,0,,,,,,,,,,,XGBoost
5,protein,SYNTH_ATVVIGTSK,1,1,0,,,,,,,,,,,XGBoost
5,protein,SYNTH_ATYGWNLVK,1,1,0,,,,,,,,,,,XGBoost
5,protein,SYNTH_ATYQRTRAL,1,0,1,,,,,,,,,,,XGBoost
5,protein,SYNTH_AVAKHDFFK,2,1,1,,,,,,,,,,,XGBoost
5,protein,SYNTH_AVASETWHR,1,1,0,,,,,,,,,,,XGBoost
5,protein,SYNTH_AVDAQHAAK,1,1,0,,,,,,,,,,,XGBoost
5,protein,SYNTH_AVLQSGFRK,1,0,1,,,,,,,,,,,XGBoost
5,protein,SYNTH_AVTPTVATR,1,0,1,,,,,,,,,,,XGBoost
5,protein,SYNTH_AWPLIVTAL,1,1,0,,,,,,,,,,,XGBoost
5,protein,SYNTH_AYANRNRFL,1,1,0,,,,,,,,,,,XGBoost
5,protein,SYNTH_AYANSVFNI,1,0,1,,,,,,,,,,,XGBoost
5,protein,SYNTH_AYFKDCLF,1,0,1,,,,,,,,,,,XGBoost
5,protein,SYNTH_AYFKDCVFKDW,1,1,0,,,,,,,,,,,XGBoost
5,protein,SYNTH_AYILFTRF,1,1,0,,,,,,,,,,,XGBoost
5,protein,SYNTH_AYILFTRFF,2,1,1,,,,,,,,,,,XGBoost
5,protein,SYNTH_AYSNNSIAI,1,0,1,,,,,,,,,,,XGBoost
5,protein,SYNTH_CFTNVYADSF,1,1,0,,,,,,,,,,,XGBoost
5,protein,SYNTH_CIDDNALAYY,1,1,0,,,,,,,,,,,XGBoost
5,protein,SYNTH_CLGGLLTMN,1,1,0,,,,,,,,,,,XGBoost
5,protein,SYNTH_CLLESVYTA,1,1,0,,,,,,,,,,,XGBoost
5,protein,SYNTH_CLSLLLRPL,1,0,1,,,,,,,,,,,XGBoost
5,protein,SYNTH_CLTPVYSFL,1,1,0,,,,,,,,,,,XGBoost
5,protein,SYNTH_CMGLIYNR,1,0,1,,,,,,,,,,,XGBoost
5,protein,SYNTH_CPACYNSEV,1,1,0,,,,,,,,,,,XGBoost
5,protein,SYNTH_CPTQGEAVL,1,1,0,,,,,,,,,,,XGBoost
5,protein,SYNTH_CSQHTMLVK,1,1,0,,,,,,,,,,,XGBoost
5,protein,SYNTH_CTCGSSDLY,1,0,1,,,,,,,,,,,XGBoost
5,protein,SYNTH_CTELKLSDY,1,1,0,,,,,,,,,,,XGBoost
5,protein,SYNTH_CYFPLQSYGFQ,1,0,1,,,,,,,,,,,XGBoost
5,protein,SYNTH_CYSVYGTTL,1,0,1,,,,,,,,,,,XGBoost
5,protein,SYNTH_DANDIYRIF,1,1,0,,,,,,,,,,,XGBoost
5,protein,SYNTH_DDYQGKPLEF,1,1,0,,,,,,,,,,,XGBoost
5,protein,SYNTH_DEFVVVTV,1,1,0,,,,,,,,,,,XGBoost
5,protein,SYNTH_DKDPNFKDQ,1,1,0,,,,,,,,,,,XGBoost
5,protein,SYNTH_DLKGKYVQI,1,1,0,,,,,,,,,,,XGBoost
5,protein,SYNTH_DLMGYIPAV,1,1,0,,,,,,,,,,,XGBoost
5,protein,SYNTH_DPLVVAASI,1,0,1,,,,,,,,,,,XGBoost
5,protein,SYNTH_DPRRCLKPV,1,1,0,,,,,,,,,,,XGBoost
5,protein,SYNTH_DPVAALFFF,2,0,2,,,,,,,,,,,XGBoost
5,protein,SYNTH_DQVILLNKH,1,1,0,,,,,,,,,,,XGBoost
5,protein,SYNTH_DYLLHIRQQF,1,0,1,,,,,,,,,,,XGBoost
5,protein,SYNTH_EEAIVAYTL,1,1,0,,,,,,,,,,,XGBoost
5,protein,SYNTH_EEDTDEDSD,1,1,0,,,,,,,,,,,XGBoost
5,protein,SYNTH_EEIRRIWRQ,1,0,1,,,,,,,,,,,XGBoost
5,protein,SYNTH_EENMEVEIW,1,1,0,,,,,,,,,,,XGBoost
5,protein,SYNTH_EFFWDANDIY,1,1,0,,,,,,,,,,,XGBoost
5,protein,SYNTH_EGNSPFHPL,1,1,0,,,,,,,,,,,XGBoost
5,protein,SYNTH_EHPTFTSQY,1,0,1,,,,,,,,,,,XGBoost
5,protein,SYNTH_EILPVSMTK,1,0,1,,,,,,,,,,,XGBoost
5,protein,SYNTH_EKEENMVKSL,1,1,0,,,,,,,,,,,XGBoost
5,protein,SYNTH_ELDSFKEEL,1,1,0,,,,,,,,,,,XGBoost
5,protein,SYNTH_ELGKYEQYI,1,0,1,,,,,,,,,,,XGBoost
5,protein,SYNTH_ELPDEFVVVTV,1,1,0,,,,,,,,,,,XGBoost
5,protein,SYNTH_ELRRKMMYM,1,1,0,,,,,,,,,,,XGBoost
5,protein,SYNTH_ELTSMKYFV,1,1,0,,,,,,,,,,,XGBoost
5,protein,SYNTH_ELVCSMENT,1,1,0,,,,,,,,,,,XGBoost
5,protein,SYNTH_ENTRATKMQ,1,1,0,,,,,,,,,,,XGBoost
5,protein,SYNTH_EPIEGKVVQY,1,1,0,,,,,,,,,,,XGBoost
5,protein,SYNTH_ESLKTFEQVTE,1,1,0,,,,,,,,,,,XGBoost
5,protein,SYNTH_ETACLGKSY,1,1,0,,,,,,,,,,,XGBoost
5,protein,SYNTH_EYAKHHPKL,1,0,1,,,,,,,,,,,XGBoost
5,protein,SYNTH_EYRHTWDRH,1,1,0,,,,,,,,,,,XGBoost
5,protein,SYNTH_FAELEGVWQ,1,1,0,,,,,,,,,,,XGBoost
5,protein,SYNTH_FAGPVSQHNY,1,1,0,,,,,,,,,,,XGBoost
5,protein,SYNTH_FAMQMAYRF,1,0,1,,,,,,,,,,,XGBoost
5,protein,SYNTH_FAPALPIWAR,1,1,0,,,,,,,,,,,XGBoost
5,protein,SYNTH_FARTRSMWSF,1,1,0,,,,,,,,,,,XGBoost
5,protein,SYNTH_FAYANRNRF,1,1,0,,,,,,,,,,,XGBoost
5,protein,SYNTH_FELLHAPATV,1,1,0,,,,,,,,,,,XGBoost
5,protein,SYNTH_FGAIYGAAF,1,1,0,,,,,,,,,,,XGBoost
5,protein,SYNTH_FIASFRLFAR,1,0,1,,,,,,,,,,,XGBoost
5,protein,SYNTH_FIEDLLFNK,1,1,0,,,,,,,,,,,XGBoost
5,protein,SYNTH_FIKQYGDCL,1,0,1,,,,,,,,,,,XGBoost
5,protein,SYNTH_FILFLCLSL,1,0,1,,,,,,,,,,,XGBoost
5,protein,SYNTH_FITESKPSV,1,1,0,,,,,,,,,,,XGBoost
5,protein,SYNTH_FKDNVILLN,1,1,0,,,,,,,,,,,XGBoost
5,protein,SYNTH_FKLKDCVMYA,1,1,0,,,,,,,,,,,XGBoost
5,protein,SYNTH_FLAFVVFL,1,1,0,,,,,,,,,,,XGBoost
5,protein,SYNTH_FLAFVVFLL,1,1,0,,,,,,,,,,,XGBoost
5,protein,SYNTH_FLALCADSI,1,1,0,,,,,,,,,,,XGBoost
5,protein,SYNTH_FLDGSCGSV,1,1,0,,,,,,,,,,,XGBoost
5,protein,SYNTH_FLGIITTV,1,1,0,,,,,,,,,,,XGBoost
5,protein,SYNTH_FLGIITTVA,1,1,0,,,,,,,,,,,XGBoost
5,protein,SYNTH_FLLNKEMYLK,1,0,1,,,,,,,,,,,XGBoost
5,protein,SYNTH_FLLSLGIHL,1,1,0,,,,,,,,,,,XGBoost
5,protein,SYNTH_FLMVLLIPEP,1,1,0,,,,,,,,,,,XGBoost
5,protein,SYNTH_FLPPDFFPSV,1,1,0,,,,,,,,,,,XGBoost
5,protein,SYNTH_FLPQDFYPSV,1,1,0,,,,,,,,,,,XGBoost
5,protein,SYNTH_FLPSDFFPSA,1,1,0,,,,,,,,,,,XGBoost
5,protein,SYNTH_FLPSDFFPSI,1,1,0,,,,,,,,,,,XGBoost
5,protein,SYNTH_FLPSDFYPSV,1,1,0,,,,,,,,,,,XGBoost
5,protein,SYNTH_FLPSDTNMGL,1,1,0,,,,,,,,,,,XGBoost
5,protein,SYNTH_FLPVDFFPSV,1,1,0,,,,,,,,,,,XGBoost
5,protein,SYNTH_FLRDGWEIV,1,1,0,,,,,,,,,,,XGBoost
5,protein,SYNTH_FLVGQLFTF,1,1,0,,,,,,,,,,,XGBoost
5,protein,SYNTH_FLYLPMMCI,1,0,1,,,,,,,,,,,XGBoost
5,protein,SYNTH_FMALVAFLRF,1,1,0,,,,,,,,,,,XGBoost
5,protein,SYNTH_FMRFRRAF,1,0,1,,,,,,,,,,,XGBoost
5,protein,SYNTH_FPDLNGDVV,1,1,0,,,,,,,,,,,XGBoost
5,protein,SYNTH_FPFTIYSLLL,1,0,1,,,,,,,,,,,XGBoost
5,protein,SYNTH_FPQSAPHGVV,1,0,1,,,,,,,,,,,XGBoost
5,protein,SYNTH_FPRGQGVPI,1,1,0,,,,,,,,,,,XGBoost
5,protein,SYNTH_FPTKDVALR,1,1,0,,,,,,,,,,,XGBoost
5,protein,SYNTH_FPVKPQEPLI,1,0,1,,,,,,,,,,,XGBoost
5,protein,SYNTH_FPVRPQVPL,1,1,0,,,,,,,,,,,XGBoost
5,protein,SYNTH_FPVTPQVPLR,1,0,1,,,,,,,,,,,XGBoost
5,protein,SYNTH_FQFCNDPFL,1,0,1,,,,,,,,,,,XGBoost
5,protein,SYNTH_FQVDCFLWHV,1,1,0,,,,,,,,,,,XGBoost
5,protein,SYNTH_FSDVTWFHA,1,1,0,,,,,,,,,,,XGBoost
5,protein,SYNTH_FSFGGFTFKR,1,0,1,,,,,,,,,,,XGBoost
5,protein,SYNTH_FSKQLQQSM,1,1,0,,,,,,,,,,,XGBoost
5,protein,SYNTH_FSNVTWFHA,1,1,0,,,,,,,,,,,XGBoost
5,protein,SYNTH_FTFSPTYK,1,0,1,,,,,,,,,,,XGBoost
5,protein,SYNTH_FTILALFLAH,1,1,0,,,,,,,,,,,XGBoost
5,protein,SYNTH_FTLKNTVCTV,1,0,1,,,,,,,,,,,XGBoost
5,protein,SYNTH_FTNMEVQLIR,1,1,0,,,,,,,,,,,XGBoost
5,protein,SYNTH_FTSDYYQLY,1,1,0,,,,,,,,,,,XGBoost
5,protein,SYNTH_FTWPPWQAG,1,1,0,,,,,,,,,,,XGBoost
5,protein,SYNTH_FVKHKHAFL,1,0,1,,,,,,,,,,,XGBoost
5,protein,SYNTH_FVLALLSDL,1,0,1,,,,,,,,,,,XGBoost
5,protein,SYNTH_FVLGGCRHK,1,0,1,,,,,,,,,,,XGBoost
5,protein,SYNTH_FVLWAHGFEL,1,1,0,,,,,,,,,,,XGBoost
5,protein,SYNTH_FVMMSAPPA,1,1,0,,,,,,,,,,,XGBoost
5,protein,SYNTH_FVNEFYAYLR,1,1,0,,,,,,,,,,,XGBoost
5,protein,SYNTH_FVSEETGTL,1,0,1,,,,,,,,,,,XGBoost
5,protein,SYNTH_FVSNGTHWFV,1,0,1,,,,,,,,,,,XGBoost
5,protein,SYNTH_FVTVYSHLL,1,1,0,,,,,,,,,,,XGBoost
5,protein,SYNTH_FYGGWHNML,1,0,1,,,,,,,,,,,XGBoost
5,protein,SYNTH_FYRYGFVANF,1,1,0,,,,,,,,,,,XGBoost
5,protein,SYNTH_GAYMSKAHGI,1,1,0,,,,,,,,,,,XGBoost
5,protein,SYNTH_GDAALALLL,2,2,0,,,,,,,,,,,XGBoost
5,protein,SYNTH_GERVRQALL,1,1,0,,,,,,,,,,,XGBoost
5,protein,SYNTH_GGETALALL,1,1,0,,,,,,,,,,,XGBoost
5,protein,SYNTH_GGKKKYKLK,1,1,0,,,,,,,,,,,XGBoost
5,protein,SYNTH_GIAPLQLGK,1,1,0,,,,,,,,,,,XGBoost
5,protein,SYNTH_GIIAMSAFA,1,1,0,,,,,,,,,,,XGBoost
5,protein,SYNTH_GILEFVFTL,1,1,0,,,,,,,,,,,XGBoost
5,protein,SYNTH_GILGLVFTL,1,1,0,,,,,,,,,,,XGBoost
5,protein,SYNTH_GLFGKGSLV,1,0,1,,,,,,,,,,,XGBoost
5,protein,SYNTH_GLLGCIITSL,1,1,0,,,,,,,,,,,XGBoost
5,protein,SYNTH_GLMWLSYFIA,1,1,0,,,,,,,,,,,XGBoost
5,protein,SYNTH_GLMWLSYFV,1,1,0,,,,,,,,,,,XGBoost
5,protein,SYNTH_GLNDNLLEIL,1,0,1,,,,,,,,,,,XGBoost
5,protein,SYNTH_GLPWNVVRI,1,1,0,,,,,,,,,,,XGBoost
5,protein,SYNTH_GLTVLPPLL,1,1,0,,,,,,,,,,,XGBoost
5,protein,SYNTH_GMIDDVTPI,1,0,1,,,,,,,,,,,XGBoost
5,protein,SYNTH_GMNSRSTSL,1,1,0,,,,,,,,,,,XGBoost
5,protein,SYNTH_GPGHEEPIPM,1,1,0,,,,,,,,,,,XGBoost
5,protein,SYNTH_GPISGHVLK,1,0,1,,,,,,,,,,,XGBoost
5,protein,SYNTH_GPKKSTNLV,1,0,1,,,,,,,,,,,XGBoost
5,protein,SYNTH_GPMKLVMAFI,1,1,0,,,,,,,,,,,XGBoost
5,protein,SYNTH_GRLQSLQTY,1,1,0,,,,,,,,,,,XGBoost
5,protein,SYNTH_GSDALPAGLY,1,1,0,,,,,,,,,,,XGBoost
5,protein,SYNTH_GTDLEGNFY,1,1,0,,,,,,,,,,,XGBoost
5,protein,SYNTH_GTFEFTSFFY,1,0,1,,,,,,,,,,,XGBoost
5,protein,SYNTH_GTHWFVTQR,1,1,0,,,,,,,,,,,XGBoost
5,protein,SYNTH_GTLSYEQFK,1,0,1,,,,,,,,,,,XGBoost
5,protein,SYNTH_GTSGSPIVNR,1,1,0,,,,,,,,,,,XGBoost
5,protein,SYNTH_GVLGFVFTL,1,1,0,,,,,,,,,,,XGBoost
5,protein,SYNTH_GVYHKNNK,1,1,0,,,,,,,,,,,XGBoost
5,protein,SYNTH_GYLQPRTFLL,1,1,0,,,,,,,,,,,XGBoost
5,protein,SYNTH_GYQPYRVVVL,1,0,1,,,,,,,,,,,XGBoost
5,protein,SYNTH_HELVCSMEN,1,1,0,,,,,,,,,,,XGBoost
5,protein,SYNTH_HLIPLMYKGL,1,0,1,,,,,,,,,,,XGBoost
5,protein,SYNTH_HLMGWDYPK,1,0,1,,,,,,,,,,,XGBoost
5,protein,SYNTH_HLMSFPQSA,1,1,0,,,,,,,,,,,XGBoost
5,protein,SYNTH_HLPDRVHFA,1,0,1,,,,,,,,,,,XGBoost
5,protein,SYNTH_HPAAMPHLL,1,0,1,,,,,,,,,,,XGBoost
5,protein,SYNTH_HPASAWTLY,1,1,0,,,,,,,,,,,XGBoost
5,protein,SYNTH_HPASAWTLYA,1,1,0,,,,,,,,,,,XGBoost
5,protein,SYNTH_HPNIEEVAL,1,1,0,,,,,,,,,,,XGBoost
5,protein,SYNTH_HPRISSEVHI,1,1,0,,,,,,,,,,,XGBoost
5,protein,SYNTH_HRHLPVADA,1,1,0,,,,,,,,,,,XGBoost
5,protein,SYNTH_HSKKKCDEI,1,1,0,,,,,,,,,,,XGBoost
5,protein,SYNTH_HTDFSSEIIGY,1,0,1,,,,,,,,,,,XGBoost
5,protein,SYNTH_HTIDGSSGV,1,0,1,,,,,,,,,,,XGBoost
5,protein,SYNTH_HTTDPSFLGRY,1,0,1,,,,,,,,,,,XGBoost
5,protein,SYNTH_HVVGPNVNK,1,0,1,,,,,,,,,,,XGBoost
5,protein,SYNTH_IANQATVLM,1,1,0,,,,,,,,,,,XGBoost
5,protein,SYNTH_IASTPKKHR,1,1,0,,,,,,,,,,,XGBoost
5,protein,SYNTH_IENSSVNVSL,1,1,0,,,,,,,,,,,XGBoost
5,protein,SYNTH_IEVNSFSGY,1,1,0,,,,,,,,,,,XGBoost
5,protein,SYNTH_IFLWLLWPV,1,1,0,,,,,,,,,,,XGBoost
5,protein,SYNTH_IIKNLSKSL,1,0,1,,,,,,,,,,,XGBoost
5,protein,SYNTH_ILDSFDPLV,1,1,0,,,,,,,,,,,XGBoost
5,protein,SYNTH_ILGTVSWNL,1,1,0,,,,,,,,,,,XGBoost
5,protein,SYNTH_ILHTPGCV,1,1,0,,,,,,,,,,,XGBoost
5,protein,SYNTH_ILKEPVHGV,1,0,1,,,,,,,,,,,XGBoost
5,protein,SYNTH_ILLNVPLHGT,1,0,1,,,,,,,,,,,XGBoost
5,protein,SYNTH_ILPDPLKPT,1,1,0,,,,,,,,,,,XGBoost
5,protein,SYNTH_ILSPFIPLL,1,1,0,,,,,,,,,,,XGBoost
5,protein,SYNTH_ILSPFMPLL,1,1,0,,,,,,,,,,,XGBoost
5,protein,SYNTH_IMDKNIILKA,1,1,0,,,,,,,,,,,XGBoost
5,protein,SYNTH_IMGGELPTA,1,1,0,,,,,,,,,,,XGBoost
5,protein,SYNTH_IPARARVEC,1,1,0,,,,,,,,,,,XGBoost
5,protein,SYNTH_IPARARVECF,1,1,0,,,,,,,,,,,XGBoost
5,protein,SYNTH_IPDYRSVSL,1,1,0,,,,,,,,,,,XGBoost
5,protein,SYNTH_IPFAMQMAYRF,1,0,1,,,,,,,,,,,XGBoost
5,protein,SYNTH_IPFYGKAI,1,0,1,,,,,,,,,,,XGBoost
5,protein,SYNTH_IPIPSSWAF,1,0,1,,,,,,,,,,,XGBoost
5,protein,SYNTH_IPMGVGLSP,1,1,0,,,,,,,,,,,XGBoost
5,protein,SYNTH_IPTDFTISV,1,1,0,,,,,,,,,,,XGBoost
5,protein,SYNTH_IPTITQMNL,1,1,0,,,,,,,,,,,XGBoost
5,protein,SYNTH_IPTNFTISV,1,1,0,,,,,,,,,,,XGBoost
5,protein,SYNTH_IPVAYRKVLL,1,1,0,,,,,,,,,,,XGBoost
5,protein,SYNTH_IQIFTSSMSK,1,0,1,,,,,,,,,,,XGBoost
5,protein,SYNTH_IQITISSFK,1,1,0,,,,,,,,,,,XGBoost
5,protein,SYNTH_ISQWLTNIF,1,1,0,,,,,,,,,,,XGBoost
5,protein,SYNTH_ITLATCELY,1,1,0,,,,,,,,,,,XGBoost
5,protein,SYNTH_ITVNVLAWL,1,0,1,,,,,,,,,,,XGBoost
5,protein,SYNTH_IVDKNITLKA,1,1,0,,,,,,,,,,,XGBoost
5,protein,SYNTH_IVYEAADAI,1,0,1,,,,,,,,,,,XGBoost
5,protein,SYNTH_IWLGFIAGLI,1,1,0,,,,,,,,,,,XGBoost
5,protein,SYNTH_IYELCNGPL,1,0,1,,,,,,,,,,,XGBoost
5,protein,SYNTH_IYLYLTFYL,1,1,0,,,,,,,,,,,XGBoost
5,protein,SYNTH_IYQTSNFRV,1,0,1,,,,,,,,,,,XGBoost
5,protein,SYNTH_IYRILQRGLL,1,1,0,,,,,,,,,,,XGBoost
5,protein,SYNTH_KEIDRLNEV,1,1,0,,,,,,,,,,,XGBoost
5,protein,SYNTH_KFTDGVCLF,1,0,1,,,,,,,,,,,XGBoost
5,protein,SYNTH_KIADYNYKL,1,1,0,,,,,,,,,,,XGBoost
5,protein,SYNTH_KIILFLALI,1,1,0,,,,,,,,,,,XGBoost
5,protein,SYNTH_KILGLPTQTV,1,0,1,,,,,,,,,,,XGBoost
5,protein,SYNTH_KISEMHPAL,1,1,0,,,,,,,,,,,XGBoost
5,protein,SYNTH_KITEHSWNA,1,1,0,,,,,,,,,,,XGBoost
5,protein,SYNTH_KLALGGSVAI,1,0,1,,,,,,,,,,,XGBoost
5,protein,SYNTH_KLDDKDPQF,1,1,0,,,,,,,,,,,XGBoost
5,protein,SYNTH_KLDGFMGRI,1,1,0,,,,,,,,,,,XGBoost
5,protein,SYNTH_KLFAAETLK,1,1,0,,,,,,,,,,,XGBoost
5,protein,SYNTH_KLGGALQAK,1,1,0,,,,,,,,,,,XGBoost
5,protein,SYNTH_KLHLYSHPI,1,0,1,,,,,,,,,,,XGBoost
5,protein,SYNTH_KLIEYTDFAT,1,0,1,,,,,,,,,,,XGBoost
5,protein,SYNTH_KLIFLWLLW,1,1,0,,,,,,,,,,,XGBoost
5,protein,SYNTH_KLIMPARFY,1,0,1,,,,,,,,,,,XGBoost
5,protein,SYNTH_KLINIIIWF,1,1,0,,,,,,,,,,,XGBoost
5,protein,SYNTH_KLMSNLLSI,1,0,1,,,,,,,,,,,XGBoost
5,protein,SYNTH_KLNDLCFTNV,1,1,0,,,,,,,,,,,XGBoost
5,protein,SYNTH_KLNDWDFVV,1,1,0,,,,,,,,,,,XGBoost
5,protein,SYNTH_KLNVGDYFV,1,1,0,,,,,,,,,,,XGBoost
5,protein,SYNTH_KLNVGDYFVL,1,0,1,,,,,,,,,,,XGBoost
5,protein,SYNTH_KLPDDFTGC,1,1,0,,,,,,,,,,,XGBoost
5,protein,SYNTH_KLPDDFTGCV,1,1,0,,,,,,,,,,,XGBoost
5,protein,SYNTH_KLVGLGLNAV,1,0,1,,,,,,,,,,,XGBoost
5,protein,SYNTH_KLVLSVNPYV,1,0,1,,,,,,,,,,,XGBoost
5,protein,SYNTH_KMQRMLLEK,1,0,1,,,,,,,,,,,XGBoost
5,protein,SYNTH_KPNYQRKPL,1,0,1,,,,,,,,,,,XGBoost
5,protein,SYNTH_KPPISFPL,1,1,0,,,,,,,,,,,XGBoost
5,protein,SYNTH_KPTLKEYVL,1,0,1,,,,,,,,,,,XGBoost
5,protein,SYNTH_KPVETSNSF,1,0,1,,,,,,,,,,,XGBoost
5,protein,SYNTH_KPYIKWDLL,1,1,0,,,,,,,,,,,XGBoost
5,protein,SYNTH_KRVDWTIEY,1,0,1,,,,,,,,,,,XGBoost
5,protein,SYNTH_KSLFNTIAVLY,1,1,0,,,,,,,,,,,XGBoost
5,protein,SYNTH_KSLYNTIAVL,1,1,0,,,,,,,,,,,XGBoost
5,protein,SYNTH_KSLYNTIAVLY,1,1,0,,,,,,,,,,,XGBoost
5,protein,SYNTH_KSNLKPFER,1,0,1,,,,,,,,,,,XGBoost
5,protein,SYNTH_KSTNLVKNK,1,0,1,,,,,,,,,,,XGBoost
5,protein,SYNTH_KSVDITFEL,1,1,0,,,,,,,,,,,XGBoost
5,protein,SYNTH_KTFDSEYVK,1,1,0,,,,,,,,,,,XGBoost
5,protein,SYNTH_KTFPPTEPK,2,1,1,,,,,,,,,,,XGBoost
5,protein,SYNTH_KTFPPTEPKK,1,1,0,,,,,,,,,,,XGBoost
5,protein,SYNTH_KTGGPIYRR,1,1,0,,,,,,,,,,,XGBoost
5,protein,SYNTH_KTSVDCTMY,1,1,0,,,,,,,,,,,XGBoost
5,protein,SYNTH_KTVWFVPSIKA,1,1,0,,,,,,,,,,,XGBoost
5,protein,SYNTH_KVGGNYNYL,1,0,1,,,,,,,,,,,XGBoost
5,protein,SYNTH_KVGNFTGLY,1,1,0,,,,,,,,,,,XGBoost
5,protein,SYNTH_KVLNPYMPSV,1,1,0,,,,,,,,,,,XGBoost
5,protein,SYNTH_KVSIWNLDY,1,1,0,,,,,,,,,,,XGBoost
5,protein,SYNTH_KYAESDYIF,1,0,1,,,,,,,,,,,XGBoost
5,protein,SYNTH_KYESWLRPL,1,0,1,,,,,,,,,,,XGBoost
5,protein,SYNTH_KYPPALPIW,1,0,1,,,,,,,,,,,XGBoost
5,protein,SYNTH_KYTQTEEKF,1,0,1,,,,,,,,,,,XGBoost
5,protein,SYNTH_LAILFEEVM,1,1,0,,,,,,,,,,,XGBoost
5,protein,SYNTH_LAMDEFIERY,1,0,1,,,,,,,,,,,XGBoost
5,protein,SYNTH_LEQWNLVIG,1,1,0,,,,,,,,,,,XGBoost
5,protein,SYNTH_LESELVIGAV,1,1,0,,,,,,,,,,,XGBoost
5,protein,SYNTH_LETTMRSPVF,1,1,0,,,,,,,,,,,XGBoost
5,protein,SYNTH_LFLNMTTRLV,1,0,1,,,,,,,,,,,XGBoost
5,protein,SYNTH_LIFLLVLLDY,1,0,1,,,,,,,,,,,XGBoost
5,protein,SYNTH_LILAYCNKTV,1,0,1,,,,,,,,,,,XGBoost
5,protein,SYNTH_LILCVTQVLM,1,1,0,,,,,,,,,,,XGBoost
5,protein,SYNTH_LIVGVALLAV,1,0,1,,,,,,,,,,,XGBoost
5,protein,SYNTH_LLADKFPVL,1,1,0,,,,,,,,,,,XGBoost
5,protein,SYNTH_LLDDFVEII,1,1,0,,,,,,,,,,,XGBoost
5,protein,SYNTH_LLDELGAVFGY,1,1,0,,,,,,,,,,,XGBoost
5,protein,SYNTH_LLDFVRFMGY,1,1,0,,,,,,,,,,,XGBoost
5,protein,SYNTH_LLDQALVSDV,1,1,0,,,,,,,,,,,XGBoost
5,protein,SYNTH_LLEWLAMAV,1,1,0,,,,,,,,,,,XGBoost
5,protein,SYNTH_LLFLMSFTV,1,1,0,,,,,,,,,,,XGBoost
5,protein,SYNTH_LLGPLLVLL,1,1,0,,,,,,,,,,,XGBoost
5,protein,SYNTH_LLKRLHQWI,1,1,0,,,,,,,,,,,XGBoost
5,protein,SYNTH_LLLDDFVEI,1,1,0,,,,,,,,,,,XGBoost
5,protein,SYNTH_LLLDRLNQL,1,0,1,,,,,,,,,,,XGBoost
5,protein,SYNTH_LLMGTVNIV,1,0,1,,,,,,,,,,,XGBoost
5,protein,SYNTH_LLMNGQQIF,1,0,1,,,,,,,,,,,XGBoost
5,protein,SYNTH_LLMNGQQIFL,1,0,1,,,,,,,,,,,XGBoost
5,protein,SYNTH_LLNKEMYLK,1,0,1,,,,,,,,,,,XGBoost
5,protein,SYNTH_LLNKHIDAYK,2,0,2,,,,,,,,,,,XGBoost
5,protein,SYNTH_LLQVMAQQV,1,1,0,,,,,,,,,,,XGBoost
5,protein,SYNTH_LLTILTSLL,1,1,0,,,,,,,,,,,XGBoost
5,protein,SYNTH_LLVPFVQWFV,1,0,1,,,,,,,,,,,XGBoost
5,protein,SYNTH_LLWPVTLACFV,1,1,0,,,,,,,,,,,XGBoost
5,protein,SYNTH_LLYDANYFLC,1,1,0,,,,,,,,,,,XGBoost
5,protein,SYNTH_LLYIDINGNL,1,0,1,,,,,,,,,,,XGBoost
5,protein,SYNTH_LMIERFVSL,1,0,1,,,,,,,,,,,XGBoost
5,protein,SYNTH_LMIERFVSLA,1,0,1,,,,,,,,,,,XGBoost
5,protein,SYNTH_LMLLALIAVL,1,1,0,,,,,,,,,,,XGBoost
5,protein,SYNTH_LMMMLPATL,1,1,0,,,,,,,,,,,XGBoost
5,protein,SYNTH_LMWLSYFIA,1,1,0,,,,,,,,,,,XGBoost
5,protein,SYNTH_LNRRRRTAG,1,1,0,,,,,,,,,,,XGBoost
5,protein,SYNTH_LPAIVREAI,2,2,0,,,,,,,,,,,XGBoost
5,protein,SYNTH_LPFDIATIM,1,1,0,,,,,,,,,,,XGBoost
5,protein,SYNTH_LPFDKATIM,1,1,0,,,,,,,,,,,XGBoost
5,protein,SYNTH_LPFDKPTIM,1,1,0,,,,,,,,,,,XGBoost
5,protein,SYNTH_LPFDKSTVM,2,2,0,,,,,,,,,,,XGBoost
5,protein,SYNTH_LPFERATIM,1,1,0,,,,,,,,,,,XGBoost
5,protein,SYNTH_LPFNDGVYF,1,1,0,,,,,,,,,,,XGBoost
5,protein,SYNTH_LPHERHREL,1,1,0,,,,,,,,,,,XGBoost
5,protein,SYNTH_LPIGINITRF,1,1,0,,,,,,,,,,,XGBoost
5,protein,SYNTH_LPIHTAELL,1,1,0,,,,,,,,,,,XGBoost
5,protein,SYNTH_LPLTQYNRY,1,1,0,,,,,,,,,,,XGBoost
5,protein,SYNTH_LPNDHHYAL,1,1,0,,,,,,,,,,,XGBoost
5,protein,SYNTH_LPPLLTDEM,1,1,0,,,,,,,,,,,XGBoost
5,protein,SYNTH_LPPVYTNSF,1,1,0,,,,,,,,,,,XGBoost
5,protein,SYNTH_LPSYAAFAT,1,1,0,,,,,,,,,,,XGBoost
5,protein,SYNTH_LPVNVAFEL,1,1,0,,,,,,,,,,,XGBoost
5,protein,SYNTH_LPVYLMTLMK,1,1,0,,,,,,,,,,,XGBoost
5,protein,SYNTH_LPYPRGYTL,1,1,0,,,,,,,,,,,XGBoost
5,protein,SYNTH_LQAGNATEV,1,1,0,,,,,,,,,,,XGBoost
5,protein,SYNTH_LQMENKAWLV,1,1,0,,,,,,,,,,,XGBoost
5,protein,SYNTH_LQTGIHVRV,1,1,0,,,,,,,,,,,XGBoost
5,protein,SYNTH_LRIAGHHLGR,1,0,1,,,,,,,,,,,XGBoost
5,protein,SYNTH_LSDLQDLKW,1,1,0,,,,,,,,,,,XGBoost
5,protein,SYNTH_LSPRWYFYY,1,1,0,,,,,,,,,,,XGBoost
5,protein,SYNTH_LSPRWYFYYL,1,1,0,,,,,,,,,,,XGBoost
5,protein,SYNTH_LTDEMIAQY,1,1,0,,,,,,,,,,,XGBoost
5,protein,SYNTH_LTNDNTSRY,1,1,0,,,,,,,,,,,XGBoost
5,protein,SYNTH_LTNIFGTVY,1,1,0,,,,,,,,,,,XGBoost
5,protein,SYNTH_LTQYNRYLAL,1,0,1,,,,,,,,,,,XGBoost
5,protein,SYNTH_LTYTGAIKL,1,1,0,,,,,,,,,,,XGBoost
5,protein,SYNTH_LVASIKNFK,1,0,1,,,,,,,,,,,XGBoost
5,protein,SYNTH_LVGLMWLSY,1,1,0,,,,,,,,,,,XGBoost
5,protein,SYNTH_LVGPTPVNI,1,1,0,,,,,,,,,,,XGBoost
5,protein,SYNTH_LVKNKCVNF,1,0,1,,,,,,,,,,,XGBoost
5,protein,SYNTH_LVYAADPAM,1,1,0,,,,,,,,,,,XGBoost
5,protein,SYNTH_LWFHISCLTF,1,1,0,,,,,,,,,,,XGBoost
5,protein,SYNTH_LYDANYFLC,1,1,0,,,,,,,,,,,XGBoost
5,protein,SYNTH_LYNILSPF,1,0,1,,,,,,,,,,,XGBoost
5,protein,SYNTH_LYNKMEFEPF,1,0,1,,,,,,,,,,,XGBoost
5,protein,SYNTH_LYRKLKREITF,1,1,0,,,,,,,,,,,XGBoost
5,protein,SYNTH_LYSHPIILGF,1,1,0,,,,,,,,,,,XGBoost
5,protein,SYNTH_LYSSTVPCF,1,1,0,,,,,,,,,,,XGBoost
5,protein,SYNTH_LYTSITNFL,1,0,1,,,,,,,,,,,XGBoost
5,protein,SYNTH_MAFIAFLRF,1,1,0,,,,,,,,,,,XGBoost
5,protein,SYNTH_MEWLKTRPI,1,0,1,,,,,,,,,,,XGBoost
5,protein,SYNTH_MGLGKGWPL,1,1,0,,,,,,,,,,,XGBoost
5,protein,SYNTH_MIAQYTSALL,1,1,0,,,,,,,,,,,XGBoost
5,protein,SYNTH_MILSDDAVV,1,0,1,,,,,,,,,,,XGBoost
5,protein,SYNTH_MKLVMAFIAF,1,1,0,,,,,,,,,,,XGBoost
5,protein,SYNTH_MLAAQMFIV,1,1,0,,,,,,,,,,,XGBoost
5,protein,SYNTH_MLGTHAMLV,1,1,0,,,,,,,,,,,XGBoost
5,protein,SYNTH_MLINRFTMR,1,1,0,,,,,,,,,,,XGBoost
5,protein,SYNTH_MLLILCVTQV,1,1,0,,,,,,,,,,,XGBoost
5,protein,SYNTH_MLLNRFTMA,1,1,0,,,,,,,,,,,XGBoost
5,protein,SYNTH_MLLRSAIGQV,1,0,1,,,,,,,,,,,XGBoost
5,protein,SYNTH_MLMTGTLAVF,1,1,0,,,,,,,,,,,XGBoost
5,protein,SYNTH_MLRTRVGTK,1,1,0,,,,,,,,,,,XGBoost
5,protein,SYNTH_MLVCGDDLV,1,1,0,,,,,,,,,,,XGBoost
5,protein,SYNTH_MLVTPSMTM,1,1,0,,,,,,,,,,,XGBoost
5,protein,SYNTH_MMFTSDLAT,1,1,0,,,,,,,,,,,XGBoost
5,protein,SYNTH_MMISAGFSLW,1,0,1,,,,,,,,,,,XGBoost
5,protein,SYNTH_MNRRKRSVT,1,1,0,,,,,,,,,,,XGBoost
5,protein,SYNTH_MPGTFQTTTG,1,1,0,,,,,,,,,,,XGBoost
5,protein,SYNTH_MPIRYQTTAV,1,1,0,,,,,,,,,,,XGBoost
5,protein,SYNTH_MPLKAPKEV,1,1,0,,,,,,,,,,,XGBoost
5,protein,SYNTH_MPVTHSSAAQ,1,1,0,,,,,,,,,,,XGBoost
5,protein,SYNTH_MQLFFSYFAV,1,1,0,,,,,,,,,,,XGBoost
5,protein,SYNTH_MSYYCKSHK,1,0,1,,,,,,,,,,,XGBoost
5,protein,SYNTH_MTNRQFHQK,1,0,1,,,,,,,,,,,XGBoost
5,protein,SYNTH_MTSCCSCLK,1,0,1,,,,,,,,,,,XGBoost
5,protein,SYNTH_MVHQIFGSAY,1,1,0,,,,,,,,,,,XGBoost
5,protein,SYNTH_MVSRLLLNR,1,1,0,,,,,,,,,,,XGBoost
5,protein,SYNTH_MVTNNTFTLK,1,0,1,,,,,,,,,,,XGBoost
5,protein,SYNTH_MYMHDSDDVL,1,0,1,,,,,,,,,,,XGBoost
5,protein,SYNTH_MYQKCCNLF,1,0,1,,,,,,,,,,,XGBoost
5,protein,SYNTH_NIFGTVYEK,1,0,1,,,,,,,,,,,XGBoost
5,protein,SYNTH_NILSPFLPLL,1,1,0,,,,,,,,,,,XGBoost
5,protein,SYNTH_NIVNVSLVK,1,0,1,,,,,,,,,,,XGBoost
5,protein,SYNTH_NLACEDLKPV,1,0,1,,,,,,,,,,,XGBoost
5,protein,SYNTH_NLAKHCLHVV,1,0,1,,,,,,,,,,,XGBoost
5,protein,SYNTH_NLAWPLIVTA,1,0,1,,,,,,,,,,,XGBoost
5,protein,SYNTH_NLVPMVATV,1,1,0,,,,,,,,,,,XGBoost
5,protein,SYNTH_NMLRIMASL,1,0,1,,,,,,,,,,,XGBoost
5,protein,SYNTH_NMVYMPASWV,1,1,0,,,,,,,,,,,XGBoost
5,protein,SYNTH_NPANNASIV,1,1,0,,,,,,,,,,,XGBoost
5,protein,SYNTH_NPANNVAIV,1,1,0,,,,,,,,,,,XGBoost
5,protein,SYNTH_NPKTPKYKF,1,1,0,,,,,,,,,,,XGBoost
5,protein,SYNTH_NPLLYDANYFL,1,1,0,,,,,,,,,,,XGBoost
5,protein,SYNTH_NQWKEPDVY,1,1,0,,,,,,,,,,,XGBoost
5,protein,SYNTH_NSPRRARSV,1,1,0,,,,,,,,,,,XGBoost
5,protein,SYNTH_NSSTCMMCY,1,1,0,,,,,,,,,,,XGBoost
5,protein,SYNTH_NTASWFTAL,1,1,0,,,,,,,,,,,XGBoost
5,protein,SYNTH_NTFSSTFNV,1,1,0,,,,,,,,,,,XGBoost
5,protein,SYNTH_NTLQCIMLV,1,1,0,,,,,,,,,,,XGBoost
5,protein,SYNTH_NVSIPWTHK,1,1,0,,,,,,,,,,,XGBoost
5,protein,SYNTH_NYDYMYRLF,1,1,0,,,,,,,,,,,XGBoost
5,protein,SYNTH_NYDYWYRLF,1,1,0,,,,,,,,,,,XGBoost
5,protein,SYNTH_NYLKRRVVF,1,0,1,,,,,,,,,,,XGBoost
5,protein,SYNTH_NYMPYFFTL,1,1,0,,,,,,,,,,,XGBoost
5,protein,SYNTH_NYNYQFRLF,1,1,0,,,,,,,,,,,XGBoost
5,protein,SYNTH_NYSVYGNTL,1,0,1,,,,,,,,,,,XGBoost
5,protein,SYNTH_PFAMQMAYRF,1,0,1,,,,,,,,,,,XGBoost
5,protein,SYNTH_PFMPLLPIFF,1,1,0,,,,,,,,,,,XGBoost
5,protein,SYNTH_PILLLDQALV,1,0,1,,,,,,,,,,,XGBoost
5,protein,SYNTH_PLDKGIKPYY,1,0,1,,,,,,,,,,,XGBoost
5,protein,SYNTH_PQFKDNVIL,1,1,0,,,,,,,,,,,XGBoost
5,protein,SYNTH_PRRCMKPVIL,1,1,0,,,,,,,,,,,XGBoost
5,protein,SYNTH_PSFPHIHLK,1,1,0,,,,,,,,,,,XGBoost
5,protein,SYNTH_PSSWAFAK,1,0,1,,,,,,,,,,,XGBoost
5,protein,SYNTH_QAGFFSLTK,1,1,0,,,,,,,,,,,XGBoost
5,protein,SYNTH_QARLTVSGLA,1,1,0,,,,,,,,,,,XGBoost
5,protein,SYNTH_QELGKYEQY,1,1,0,,,,,,,,,,,XGBoost
5,protein,SYNTH_QEPMSIYVY,1,1,0,,,,,,,,,,,XGBoost
5,protein,SYNTH_QEVFAQVKQIY,1,1,0,,,,,,,,,,,XGBoost
5,protein,SYNTH_QFAPSASAF,1,1,0,,,,,,,,,,,XGBoost
5,protein,SYNTH_QFKDNVILL,1,1,0,,,,,,,,,,,XGBoost
5,protein,SYNTH_QGYKSVNITF,1,1,0,,,,,,,,,,,XGBoost
5,protein,SYNTH_QINDMILSL,1,1,0,,,,,,,,,,,XGBoost
5,protein,SYNTH_QIYPGIRVK,1,0,1,,,,,,,,,,,XGBoost
5,protein,SYNTH_QLMCQPILL,1,1,0,,,,,,,,,,,XGBoost
5,protein,SYNTH_QLMCQPILLL,1,1,0,,,,,,,,,,,XGBoost
5,protein,SYNTH_QLPQGTTLPK,1,0,1,,,,,,,,,,,XGBoost
5,protein,SYNTH_QLRARSVSPK,1,1,0,,,,,,,,,,,XGBoost
5,protein,SYNTH_QLRRHIDLLV,1,0,1,,,,,,,,,,,XGBoost
5,protein,SYNTH_QPRVEKKKL,1,0,1,,,,,,,,,,,XGBoost
5,protein,SYNTH_QPTESIVRF,2,2,0,,,,,,,,,,,XGBoost
5,protein,SYNTH_QPYRVVVL,1,1,0,,,,,,,,,,,XGBoost
5,protein,SYNTH_QPYRVVVLS,1,1,0,,,,,,,,,,,XGBoost
5,protein,SYNTH_QPYRVVVLSF,1,0,1,,,,,,,,,,,XGBoost
5,protein,SYNTH_QQGSMASGK,1,0,1,,,,,,,,,,,XGBoost
5,protein,SYNTH_QQQGQTVTK,1,1,0,,,,,,,,,,,XGBoost
5,protein,SYNTH_QRGPQYSEH,1,0,1,,,,,,,,,,,XGBoost
5,protein,SYNTH_QRNAPRITF,1,1,0,,,,,,,,,,,XGBoost
5,protein,SYNTH_QVIELQMAL,1,0,1,,,,,,,,,,,XGBoost
5,protein,SYNTH_QVVSDIDYV,1,1,0,,,,,,,,,,,XGBoost
5,protein,SYNTH_QYDPVAALF,1,1,0,,,,,,,,,,,XGBoost
5,protein,SYNTH_QYDPVAALFFF,1,1,0,,,,,,,,,,,XGBoost
5,protein,SYNTH_QYIDIGNYTV,1,0,1,,,,,,,,,,,XGBoost
5,protein,SYNTH_QYLLDHNSL,1,0,1,,,,,,,,,,,XGBoost
5,protein,SYNTH_RAAEIRASA,1,1,0,,,,,,,,,,,XGBoost
5,protein,SYNTH_RARSVASQSI,1,1,0,,,,,,,,,,,XGBoost
5,protein,SYNTH_RFLEFEALGF,1,1,0,,,,,,,,,,,XGBoost
5,protein,SYNTH_RFLYIIKLI,1,1,0,,,,,,,,,,,XGBoost
5,protein,SYNTH_RFPLTFGWCF,1,1,0,,,,,,,,,,,XGBoost
5,protein,SYNTH_RHVVCAHEL,1,1,0,,,,,,,,,,,XGBoost
5,protein,SYNTH_RHYLHTLWK,1,0,1,,,,,,,,,,,XGBoost
5,protein,SYNTH_RIFTIGTVTL,1,1,0,,,,,,,,,,,XGBoost
5,protein,SYNTH_RIMTWLDMV,1,1,0,,,,,,,,,,,XGBoost
5,protein,SYNTH_RIQPGQTFSV,1,1,0,,,,,,,,,,,XGBoost
5,protein,SYNTH_RKYTSFPWLL,1,1,0,,,,,,,,,,,XGBoost
5,protein,SYNTH_RLCAYCCNIV,1,1,0,,,,,,,,,,,XGBoost
5,protein,SYNTH_RLDKVEAEV,1,1,0,,,,,,,,,,,XGBoost
5,protein,SYNTH_RLFDLPVYC,1,1,0,,,,,,,,,,,XGBoost
5,protein,SYNTH_RLGVRATRK,1,0,1,,,,,,,,,,,XGBoost
5,protein,SYNTH_RLIDFLKDV,1,0,1,,,,,,,,,,,XGBoost
5,protein,SYNTH_RLISMMGFK,1,0,1,,,,,,,,,,,XGBoost
5,protein,SYNTH_RLISMMGFKM,1,1,0,,,,,,,,,,,XGBoost
5,protein,SYNTH_RLITVNPIV,1,1,0,,,,,,,,,,,XGBoost
5,protein,SYNTH_RLSFKELLV,1,1,0,,,,,,,,,,,XGBoost
5,protein,SYNTH_RLVDPQIQL,1,1,0,,,,,,,,,,,XGBoost
5,protein,SYNTH_RLWGMDIDPYK,1,0,1,,,,,,,,,,,XGBoost
5,protein,SYNTH_RLWHYPCTV,1,1,0,,,,,,,,,,,XGBoost
5,protein,SYNTH_RMNYYWTLLK,1,0,1,,,,,,,,,,,XGBoost
5,protein,SYNTH_RMYVGGVEHR,1,1,0,,,,,,,,,,,XGBoost
5,protein,SYNTH_RPAEPVPLQL,1,1,0,,,,,,,,,,,XGBoost
5,protein,SYNTH_RPASAWTLY,1,1,0,,,,,,,,,,,XGBoost
5,protein,SYNTH_RPHERNGFTV,1,1,0,,,,,,,,,,,XGBoost
5,protein,SYNTH_RPHERNGFTVL,3,3,0,,,,,,,,,,,XGBoost
5,protein,SYNTH_RPMFAVGILF,1,1,0,,,,,,,,,,,XGBoost
5,protein,SYNTH_RPMTYKGAV,1,1,0,,,,,,,,,,,XGBoost
5,protein,SYNTH_RPPLNRNYV,1,1,0,,,,,,,,,,,XGBoost
5,protein,SYNTH_RPRLCTREEF,1,1,0,,,,,,,,,,,XGBoost
5,protein,SYNTH_RPSGMFDSVVL,1,1,0,,,,,,,,,,,XGBoost
5,protein,SYNTH_RQFHQKLLK,2,1,1,,,,,,,,,,,XGBoost
5,protein,SYNTH_RRSGAAGAAVE,1,1,0,,,,,,,,,,,XGBoost
5,protein,SYNTH_RRYPYPAR,1,1,0,,,,,,,,,,,XGBoost
5,protein,SYNTH_RSLFNTIATL,1,1,0,,,,,,,,,,,XGBoost
5,protein,SYNTH_RSLFNTIATLY,1,1,0,,,,,,,,,,,XGBoost
5,protein,SYNTH_RSLFNTIAVLY,1,1,0,,,,,,,,,,,XGBoost
5,protein,SYNTH_RSVRLPYMYK,1,1,0,,,,,,,,,,,XGBoost
5,protein,SYNTH_RTAPHGHEL,1,1,0,,,,,,,,,,,XGBoost
5,protein,SYNTH_RTAPHGHVV,1,1,0,,,,,,,,,,,XGBoost
5,protein,SYNTH_RTLDFHDSNVK,1,1,0,,,,,,,,,,,XGBoost
5,protein,SYNTH_RTNDWDFVV,1,0,1,,,,,,,,,,,XGBoost
5,protein,SYNTH_RTQSPRRRR,1,1,0,,,,,,,,,,,XGBoost
5,protein,SYNTH_RTWCKLDLI,1,0,1,,,,,,,,,,,XGBoost
5,protein,SYNTH_RVIDPRRCLK,1,1,0,,,,,,,,,,,XGBoost
5,protein,SYNTH_RVKARMLTM,1,0,1,,,,,,,,,,,XGBoost
5,protein,SYNTH_RVSQPSLIL,1,1,0,,,,,,,,,,,XGBoost
5,protein,SYNTH_RYGFVANF,1,1,0,,,,,,,,,,,XGBoost
5,protein,SYNTH_RYGPALSI,1,1,0,,,,,,,,,,,XGBoost
5,protein,SYNTH_RYMGEDGCWY,1,1,0,,,,,,,,,,,XGBoost
5,protein,SYNTH_RYNLPTMCDI,1,0,1,,,,,,,,,,,XGBoost
5,protein,SYNTH_RYTRPTEPPL,1,0,1,,,,,,,,,,,XGBoost
5,protein,SYNTH_SAFAMMFVK,1,1,0,,,,,,,,,,,XGBoost
5,protein,SYNTH_SAIGKIQDSL,1,0,1,,,,,,,,,,,XGBoost
5,protein,SYNTH_SAISSISSK,1,1,0,,,,,,,,,,,XGBoost
5,protein,SYNTH_SALNPADDPSR,1,0,1,,,,,,,,,,,XGBoost
5,protein,SYNTH_SASKIITLK,1,1,0,,,,,,,,,,,XGBoost
5,protein,SYNTH_SDGTGTIY,1,1,0,,,,,,,,,,,XGBoost
5,protein,SYNTH_SEHPTFTSQY,1,1,0,,,,,,,,,,,XGBoost
5,protein,SYNTH_SFCGSPYSW,1,1,0,,,,,,,,,,,XGBoost
5,protein,SYNTH_SFLPGVYSV,2,2,0,,,,,,,,,,,XGBoost
5,protein,SYNTH_SGYWAIRTR,1,0,1,,,,,,,,,,,XGBoost
5,protein,SYNTH_SIADVGKLTK,1,0,1,,,,,,,,,,,XGBoost
5,protein,SYNTH_SIIAYTMSL,1,1,0,,,,,,,,,,,XGBoost
5,protein,SYNTH_SILSPFIPLL,1,1,0,,,,,,,,,,,XGBoost
5,protein,SYNTH_SIVSPFIPLL,1,1,0,,,,,,,,,,,XGBoost
5,protein,SYNTH_SIWNLDYII,1,1,0,,,,,,,,,,,XGBoost
5,protein,SYNTH_SIYVYALPLK,1,0,1,,,,,,,,,,,XGBoost
5,protein,SYNTH_SLDNVLSTFI,1,0,1,,,,,,,,,,,XGBoost
5,protein,SYNTH_SLENFRAYV,1,1,0,,,,,,,,,,,XGBoost
5,protein,SYNTH_SLFNTIATLY,1,1,0,,,,,,,,,,,XGBoost
5,protein,SYNTH_SLFNTVATL,1,1,0,,,,,,,,,,,XGBoost
5,protein,SYNTH_SLIDFYLCF,1,0,1,,,,,,,,,,,XGBoost
5,protein,SYNTH_SLINTLNDL,1,1,0,,,,,,,,,,,XGBoost
5,protein,SYNTH_SLPFGWLIV,1,1,0,,,,,,,,,,,XGBoost
5,protein,SYNTH_SLPGVFCGVD,1,0,1,,,,,,,,,,,XGBoost
5,protein,SYNTH_SLVKPSFYVY,1,0,1,,,,,,,,,,,XGBoost
5,protein,SYNTH_SLYADSPSV,1,1,0,,,,,,,,,,,XGBoost
5,protein,SYNTH_SLYNTITVL,1,1,0,,,,,,,,,,,XGBoost
5,protein,SYNTH_SMMGFKMNY,1,0,1,,,,,,,,,,,XGBoost
5,protein,SYNTH_SMMILSDDA,1,1,0,,,,,,,,,,,XGBoost
5,protein,SYNTH_SMMILSDDAV,1,0,1,,,,,,,,,,,XGBoost
5,protein,SYNTH_SMQNCVLKL,1,1,0,,,,,,,,,,,XGBoost
5,protein,SYNTH_SNSGSDVLY,1,1,0,,,,,,,,,,,XGBoost
5,protein,SYNTH_SPIFLIVAA,1,1,0,,,,,,,,,,,XGBoost
5,protein,SYNTH_SPILSITISE,1,1,0,,,,,,,,,,,XGBoost
5,protein,SYNTH_SPNPTVEAGR,1,0,1,,,,,,,,,,,XGBoost
5,protein,SYNTH_SPRWYFYYI,1,1,0,,,,,,,,,,,XGBoost
5,protein,SYNTH_SPVALRQM,1,0,1,,,,,,,,,,,XGBoost
5,protein,SYNTH_SPVRVPNYNL,1,1,0,,,,,,,,,,,XGBoost
5,protein,SYNTH_SQLSAPSLK,1,1,0,,,,,,,,,,,XGBoost
5,protein,SYNTH_SQMEIDFLEL,1,0,1,,,,,,,,,,,XGBoost
5,protein,SYNTH_SQNPTMLYNK,1,0,1,,,,,,,,,,,XGBoost
5,protein,SYNTH_SQSPRRRRSK,1,0,1,,,,,,,,,,,XGBoost
5,protein,SYNTH_SRGRRCPEM,1,0,1,,,,,,,,,,,XGBoost
5,protein,SYNTH_SSDNIALLV,1,1,0,,,,,,,,,,,XGBoost
5,protein,SYNTH_SSVSTALAEL,1,1,0,,,,,,,,,,,XGBoost
5,protein,SYNTH_STECSNLLLQY,1,1,0,,,,,,,,,,,XGBoost
5,protein,SYNTH_STFNVPMEK,1,0,1,,,,,,,,,,,XGBoost
5,protein,SYNTH_STIKLLMSL,1,0,1,,,,,,,,,,,XGBoost
5,protein,SYNTH_STLIGDCATV,1,0,1,,,,,,,,,,,XGBoost
5,protein,SYNTH_STLQGPPGTGK,1,0,1,,,,,,,,,,,XGBoost
5,protein,SYNTH_STPCHRGDN,1,1,0,,,,,,,,,,,XGBoost
5,protein,SYNTH_STRSASFY,1,0,1,,,,,,,,,,,XGBoost
5,protein,SYNTH_STTSMGPCK,1,0,1,,,,,,,,,,,XGBoost
5,protein,SYNTH_SVLNDILSR,1,0,1,,,,,,,,,,,XGBoost
5,protein,SYNTH_SVLYYQNNV,1,1,0,,,,,,,,,,,XGBoost
5,protein,SYNTH_SVQPTFSVQR,1,0,1,,,,,,,,,,,XGBoost
5,protein,SYNTH_SVQRNLPFER,1,1,0,,,,,,,,,,,XGBoost
5,protein,SYNTH_SVRLPYMYK,1,1,0,,,,,,,,,,,XGBoost
5,protein,SYNTH_SVYAWNRKR,1,1,0,,,,,,,,,,,XGBoost
5,protein,SYNTH_SYATHSDKF,1,1,0,,,,,,,,,,,XGBoost
5,protein,SYNTH_SYENKTMQL,1,0,1,,,,,,,,,,,XGBoost
5,protein,SYNTH_SYFVVKRHTF,1,1,0,,,,,,,,,,,XGBoost
5,protein,SYNTH_TAAAWYLWEV,1,1,0,,,,,,,,,,,XGBoost
5,protein,SYNTH_TANPKTPKY,1,1,0,,,,,,,,,,,XGBoost
5,protein,SYNTH_TCGKQATKY,1,0,1,,,,,,,,,,,XGBoost
5,protein,SYNTH_TEILPVSMTK,1,0,1,,,,,,,,,,,XGBoost
5,protein,SYNTH_TFFKLVNKF,1,0,1,,,,,,,,,,,XGBoost
5,protein,SYNTH_TFKVSIWNL,1,1,0,,,,,,,,,,,XGBoost
5,protein,SYNTH_TFNGECPNF,1,1,0,,,,,,,,,,,XGBoost
5,protein,SYNTH_TIADYNYKL,1,1,0,,,,,,,,,,,XGBoost
5,protein,SYNTH_TIDQLCKTF,1,1,0,,,,,,,,,,,XGBoost
5,protein,SYNTH_TISLAGSYK,2,2,0,,,,,,,,,,,XGBoost
5,protein,SYNTH_TITEEIAVQ,1,1,0,,,,,,,,,,,XGBoost
5,protein,SYNTH_TITQMNLKY,1,1,0,,,,,,,,,,,XGBoost
5,protein,SYNTH_TIWFLLLSV,1,1,0,,,,,,,,,,,XGBoost
5,protein,SYNTH_TIYYGVPVWK,1,1,0,,,,,,,,,,,XGBoost
5,protein,SYNTH_TLACFVLAAV,1,0,1,,,,,,,,,,,XGBoost
5,protein,SYNTH_TLADAGFIK,1,0,1,,,,,,,,,,,XGBoost
5,protein,SYNTH_TLAVPYNMRV,1,0,1,,,,,,,,,,,XGBoost
5,protein,SYNTH_TLGVLVPHV,1,1,0,,,,,,,,,,,XGBoost
5,protein,SYNTH_TLGVYDYLV,1,0,1,,,,,,,,,,,XGBoost
5,protein,SYNTH_TLIVNSVLL,1,1,0,,,,,,,,,,,XGBoost
5,protein,SYNTH_TLKKRWQLA,1,1,0,,,,,,,,,,,XGBoost
5,protein,SYNTH_TLLCLIPTV,1,1,0,,,,,,,,,,,XGBoost
5,protein,SYNTH_TLMNVLTLV,1,1,0,,,,,,,,,,,XGBoost
5,protein,SYNTH_TLPETTVVRR,1,1,0,,,,,,,,,,,XGBoost
5,protein,SYNTH_TLPKGIMMNV,1,1,0,,,,,,,,,,,XGBoost
5,protein,SYNTH_TLPVNVAFEL,1,0,1,,,,,,,,,,,XGBoost
5,protein,SYNTH_TLQPVSELL,1,0,1,,,,,,,,,,,XGBoost
5,protein,SYNTH_TLQQLLMGT,1,0,1,,,,,,,,,,,XGBoost
5,protein,SYNTH_TLSEQLDFI,1,1,0,,,,,,,,,,,XGBoost
5,protein,SYNTH_TLTLAVPYNM,1,0,1,,,,,,,,,,,XGBoost
5,protein,SYNTH_TLYAVATTFV,1,1,0,,,,,,,,,,,XGBoost
5,protein,SYNTH_TMADLVYAL,1,1,0,,,,,,,,,,,XGBoost
5,protein,SYNTH_TMCDIRQLL,1,1,0,,,,,,,,,,,XGBoost
5,protein,SYNTH_TNVLEGSVAY,1,1,0,,,,,,,,,,,XGBoost
5,protein,SYNTH_TNYMPYFFTL,1,0,1,,,,,,,,,,,XGBoost
5,protein,SYNTH_TPAFDKSAF,1,1,0,,,,,,,,,,,XGBoost
5,protein,SYNTH_TPARVTGGVF,2,2,0,,,,,,,,,,,XGBoost
5,protein,SYNTH_TPCHRGDNQ,1,1,0,,,,,,,,,,,XGBoost
5,protein,SYNTH_TPCNGVEGF,1,0,1,,,,,,,,,,,XGBoost
5,protein,SYNTH_TPEGIIPSM,1,1,0,,,,,,,,,,,XGBoost
5,protein,SYNTH_TPFGQQRVF,1,1,0,,,,,,,,,,,XGBoost
5,protein,SYNTH_TPGPGTRFPL,1,1,0,,,,,,,,,,,XGBoost
5,protein,SYNTH_TPPGSRDPF,1,1,0,,,,,,,,,,,XGBoost
5,protein,SYNTH_TPRSMPGTRR,1,1,0,,,,,,,,,,,XGBoost
5,protein,SYNTH_TPRVTGGAM,1,1,0,,,,,,,,,,,XGBoost
5,protein,SYNTH_TPRVTGGGA,1,1,0,,,,,,,,,,,XGBoost
5,protein,SYNTH_TPSFKKGAKL,1,0,1,,,,,,,,,,,XGBoost
5,protein,SYNTH_TPSFPHIHLK,1,0,1,,,,,,,,,,,XGBoost
5,protein,SYNTH_TPSGTWLTYTY,1,1,0,,,,,,,,,,,XGBoost
5,protein,SYNTH_TPSVSSSISSL,1,1,0,,,,,,,,,,,XGBoost
5,protein,SYNTH_TQLPPAYTNSF,1,1,0,,,,,,,,,,,XGBoost
5,protein,SYNTH_TQMNLKYAI,1,1,0,,,,,,,,,,,XGBoost
5,protein,SYNTH_TRNPQPFMR,1,0,1,,,,,,,,,,,XGBoost
5,protein,SYNTH_TSAGRKRKS,1,1,0,,,,,,,,,,,XGBoost
5,protein,SYNTH_TSAMHTMLF,1,1,0,,,,,,,,,,,XGBoost
5,protein,SYNTH_TSCPPICPGY,1,0,1,,,,,,,,,,,XGBoost
5,protein,SYNTH_TSEDMLNPNY,1,1,0,,,,,,,,,,,XGBoost
5,protein,SYNTH_TSFGPLVRK,1,1,0,,,,,,,,,,,XGBoost
5,protein,SYNTH_TSKKRSWPL,1,1,0,,,,,,,,,,,XGBoost
5,protein,SYNTH_TSLNFLGGAPK,1,0,1,,,,,,,,,,,XGBoost
5,protein,SYNTH_TSMFPSCCCTK,1,1,0,,,,,,,,,,,XGBoost
5,protein,SYNTH_TSNEVAVLY,1,1,0,,,,,,,,,,,XGBoost
5,protein,SYNTH_TSQWLTNIF,1,1,0,,,,,,,,,,,XGBoost
5,protein,SYNTH_TTEILPVSMTK,1,0,1,,,,,,,,,,,XGBoost
5,protein,SYNTH_TTIAKNTVK,1,1,0,,,,,,,,,,,XGBoost
5,protein,SYNTH_TTVYPPSSTAK,1,1,0,,,,,,,,,,,XGBoost
5,protein,SYNTH_TTWEDVPYL,1,1,0,,,,,,,,,,,XGBoost
5,protein,SYNTH_TVDSSQGSEY,1,0,1,,,,,,,,,,,XGBoost
5,protein,SYNTH_TVIKTNMI,1,1,0,,,,,,,,,,,XGBoost
5,protein,SYNTH_TVKPGNFNK,1,1,0,,,,,,,,,,,XGBoost
5,protein,SYNTH_TVLSFCAFAV,1,0,1,,,,,,,,,,,XGBoost
5,protein,SYNTH_TVMDIISRR,1,1,0,,,,,,,,,,,XGBoost
5,protein,SYNTH_TVRSHCVSKI,1,1,0,,,,,,,,,,,XGBoost
5,protein,SYNTH_TVSGLAWTR,1,1,0,,,,,,,,,,,XGBoost
5,protein,SYNTH_TVYYGVPAGR,1,1,0,,,,,,,,,,,XGBoost
5,protein,SYNTH_TVYYGVPVWK,1,1,0,,,,,,,,,,,XGBoost
5,protein,SYNTH_TYGWNLVKL,1,1,0,,,,,,,,,,,XGBoost
5,protein,SYNTH_TYHGAIKLD,1,1,0,,,,,,,,,,,XGBoost
5,protein,SYNTH_TYLALIATF,1,1,0,,,,,,,,,,,XGBoost
5,protein,SYNTH_TYNKEWPLLL,1,0,1,,,,,,,,,,,XGBoost
5,protein,SYNTH_TYNLWNTF,1,0,1,,,,,,,,,,,XGBoost
5,protein,SYNTH_TYQWIIRNW,1,1,0,,,,,,,,,,,XGBoost
5,protein,SYNTH_TYSTYGKFL,1,1,0,,,,,,,,,,,XGBoost
5,protein,SYNTH_TYVLVTVNSL,1,0,1,,,,,,,,,,,XGBoost
5,protein,SYNTH_VAALFFFDI,2,2,0,,,,,,,,,,,XGBoost
5,protein,SYNTH_VAFLRFLTI,1,1,0,,,,,,,,,,,XGBoost
5,protein,SYNTH_VDDPCPIHFY,1,1,0,,,,,,,,,,,XGBoost
5,protein,SYNTH_VELGTEVNEF,1,1,0,,,,,,,,,,,XGBoost
5,protein,SYNTH_VENPDILRVY,1,1,0,,,,,,,,,,,XGBoost
5,protein,SYNTH_VFPTKDVAL,1,0,1,,,,,,,,,,,XGBoost
5,protein,SYNTH_VFVSNGTHW,1,1,0,,,,,,,,,,,XGBoost
5,protein,SYNTH_VGRQEKGKSL,1,1,0,,,,,,,,,,,XGBoost
5,protein,SYNTH_VIYMGTLSY,1,1,0,,,,,,,,,,,XGBoost
5,protein,SYNTH_VIYQYMDDL,1,1,0,,,,,,,,,,,XGBoost
5,protein,SYNTH_VLAWLYAAV,1,1,0,,,,,,,,,,,XGBoost
5,protein,SYNTH_VLCLRPVGA,1,1,0,,,,,,,,,,,XGBoost
5,protein,SYNTH_VLCNSQTSL,1,1,0,,,,,,,,,,,XGBoost
5,protein,SYNTH_VLCPKNMIIK,1,0,1,,,,,,,,,,,XGBoost
5,protein,SYNTH_VLDDGIYRI,1,1,0,,,,,,,,,,,XGBoost
5,protein,SYNTH_VLDDHYKTAL,1,1,0,,,,,,,,,,,XGBoost
5,protein,SYNTH_VLEWRFDSRL,1,1,0,,,,,,,,,,,XGBoost
5,protein,SYNTH_VLFLNMTTRL,1,0,1,,,,,,,,,,,XGBoost
5,protein,SYNTH_VLFSTVFPPT,1,0,1,,,,,,,,,,,XGBoost
5,protein,SYNTH_VLGGCRHKL,1,1,0,,,,,,,,,,,XGBoost
5,protein,SYNTH_VLGLAAIMQL,1,1,0,,,,,,,,,,,XGBoost
5,protein,SYNTH_VLGPISGHV,1,1,0,,,,,,,,,,,XGBoost
5,protein,SYNTH_VLLSVLQQL,1,1,0,,,,,,,,,,,XGBoost
5,protein,SYNTH_VLMHRGKRI,1,1,0,,,,,,,,,,,XGBoost
5,protein,SYNTH_VLNDIFSRL,1,1,0,,,,,,,,,,,XGBoost
5,protein,SYNTH_VLQVRDVLV,1,1,0,,,,,,,,,,,XGBoost
5,protein,SYNTH_VLRGFLILGK,1,1,0,,,,,,,,,,,XGBoost
5,protein,SYNTH_VLSEARQHL,1,1,0,,,,,,,,,,,XGBoost
5,protein,SYNTH_VLSFELLHA,1,1,0,,,,,,,,,,,XGBoost
5,protein,SYNTH_VLTAVVIPT,1,0,1,,,,,,,,,,,XGBoost
5,protein,SYNTH_VLTLDNQDL,1,1,0,,,,,,,,,,,XGBoost
5,protein,SYNTH_VLYQDVNCTEV,1,1,0,,,,,,,,,,,XGBoost
5,protein,SYNTH_VLYYTVTSL,1,1,0,,,,,,,,,,,XGBoost
5,protein,SYNTH_VMCGGSLYV,1,1,0,,,,,,,,,,,XGBoost
5,protein,SYNTH_VMDEFIERY,1,1,0,,,,,,,,,,,XGBoost
5,protein,SYNTH_VMYASAVVLL,1,1,0,,,,,,,,,,,XGBoost
5,protein,SYNTH_VPFWITIAY,1,1,0,,,,,,,,,,,XGBoost
5,protein,SYNTH_VPLHGTIL,1,1,0,,,,,,,,,,,XGBoost
5,protein,SYNTH_VPLTEDAEL,1,1,0,,,,,,,,,,,XGBoost
5,protein,SYNTH_VPNYNLIVM,1,1,0,,,,,,,,,,,XGBoost
5,protein,SYNTH_VPQEHYVRI,1,1,0,,,,,,,,,,,XGBoost
5,protein,SYNTH_VPYFNMVYM,1,1,0,,,,,,,,,,,XGBoost
5,protein,SYNTH_VQGQNLKYQ,1,1,0,,,,,,,,,,,XGBoost
5,protein,SYNTH_VRMILLTHF,1,1,0,,,,,,,,,,,XGBoost
5,protein,SYNTH_VSIPWTHK,1,0,1,,,,,,,,,,,XGBoost
5,protein,SYNTH_VSLAIDAYPL,1,0,1,,,,,,,,,,,XGBoost
5,protein,SYNTH_VTDNTFTLK,1,1,0,,,,,,,,,,,XGBoost
5,protein,SYNTH_VTEHDTLLY,1,1,0,,,,,,,,,,,XGBoost
5,protein,SYNTH_VTLADAGFIK,1,0,1,,,,,,,,,,,XGBoost
5,protein,SYNTH_VTLAILTALR,1,0,1,,,,,,,,,,,XGBoost
5,protein,SYNTH_VTLLAGVVSK,1,0,1,,,,,,,,,,,XGBoost
5,protein,SYNTH_VTLSGSPPR,1,1,0,,,,,,,,,,,XGBoost
5,protein,SYNTH_VTPSGTWLTY,1,0,1,,,,,,,,,,,XGBoost
5,protein,SYNTH_VTRGAVLMHK,1,1,0,,,,,,,,,,,XGBoost
5,protein,SYNTH_VVCTEIDPK,1,1,0,,,,,,,,,,,XGBoost
5,protein,SYNTH_VVDSYYSLL,1,1,0,,,,,,,,,,,XGBoost
5,protein,SYNTH_VVFDPQFTR,1,1,0,,,,,,,,,,,XGBoost
5,protein,SYNTH_VVISSDVLV,1,0,1,,,,,,,,,,,XGBoost
5,protein,SYNTH_VVLVGLMAL,1,0,1,,,,,,,,,,,XGBoost
5,protein,SYNTH_VVLVGLMVL,1,0,1,,,,,,,,,,,XGBoost
5,protein,SYNTH_VVNARLRAK,1,0,1,,,,,,,,,,,XGBoost
5,protein,SYNTH_VVPGLPGTIL,1,0,1,,,,,,,,,,,XGBoost
5,protein,SYNTH_VVYDAKFEK,1,1,0,,,,,,,,,,,XGBoost
5,protein,SYNTH_VVYRGTTTYK,2,1,1,,,,,,,,,,,XGBoost
5,protein,SYNTH_VYANGGKGF,1,0,1,,,,,,,,,,,XGBoost
5,protein,SYNTH_VYDLANNTL,1,0,1,,,,,,,,,,,XGBoost
5,protein,SYNTH_VYSSANNCTF,1,0,1,,,,,,,,,,,XGBoost
5,protein,SYNTH_VYTQLCDHRL,1,1,0,,,,,,,,,,,XGBoost
5,protein,SYNTH_WALCESITL,1,1,0,,,,,,,,,,,XGBoost
5,protein,SYNTH_WEPSKGWKNW,1,1,0,,,,,,,,,,,XGBoost
5,protein,SYNTH_WFHISCLTF,1,1,0,,,,,,,,,,,XGBoost
5,protein,SYNTH_WFLNRFTTTL,1,1,0,,,,,,,,,,,XGBoost
5,protein,SYNTH_WHYPCTANF,1,1,0,,,,,,,,,,,XGBoost
5,protein,SYNTH_WICLLQFAY,1,1,0,,,,,,,,,,,XGBoost
5,protein,SYNTH_WILRGTSFV,1,0,1,,,,,,,,,,,XGBoost
5,protein,SYNTH_WLIVGVALL,1,1,0,,,,,,,,,,,XGBoost
5,protein,SYNTH_WLSVIWMMWY,1,1,0,,,,,,,,,,,XGBoost
5,protein,SYNTH_WLVHRQWFL,1,1,0,,,,,,,,,,,XGBoost
5,protein,SYNTH_WPWYIWLGF,1,1,0,,,,,,,,,,,XGBoost
5,protein,SYNTH_WTAGAAAYY,2,0,2,,,,,,,,,,,XGBoost
5,protein,SYNTH_WTAGAAAYYV,1,1,0,,,,,,,,,,,XGBoost
5,protein,SYNTH_WYWGPSLYNI,1,0,1,,,,,,,,,,,XGBoost
5,protein,SYNTH_YAQMWQLMYF,1,1,0,,,,,,,,,,,XGBoost
5,protein,SYNTH_YASAVVLLI,1,1,0,,,,,,,,,,,XGBoost
5,protein,SYNTH_YDPVAALFF,1,1,0,,,,,,,,,,,XGBoost
5,protein,SYNTH_YDQENPYRTW,1,1,0,,,,,,,,,,,XGBoost
5,protein,SYNTH_YEQYIKWPW,1,1,0,,,,,,,,,,,XGBoost
5,protein,SYNTH_YGGPISQHNY,1,1,0,,,,,,,,,,,XGBoost
5,protein,SYNTH_YIATNGPLK,1,1,0,,,,,,,,,,,XGBoost
5,protein,SYNTH_YIDIGDYTV,1,1,0,,,,,,,,,,,XGBoost
5,protein,SYNTH_YIKWPWYIWL,1,1,0,,,,,,,,,,,XGBoost
5,protein,SYNTH_YILFTRFFY,1,1,0,,,,,,,,,,,XGBoost
5,protein,SYNTH_YINVFAFPF,1,1,0,,,,,,,,,,,XGBoost
5,protein,SYNTH_YIWLGFIAG,1,1,0,,,,,,,,,,,XGBoost
5,protein,SYNTH_YKVASEGFQY,1,1,0,,,,,,,,,,,XGBoost
5,protein,SYNTH_YLDAYNMMI,1,0,1,,,,,,,,,,,XGBoost
5,protein,SYNTH_YLFDESGEFKL,1,1,0,,,,,,,,,,,XGBoost
5,protein,SYNTH_YLFNWAVRT,1,1,0,,,,,,,,,,,XGBoost
5,protein,SYNTH_YLGGMSYYC,1,1,0,,,,,,,,,,,XGBoost
5,protein,SYNTH_YLGTGPEAGL,1,1,0,,,,,,,,,,,XGBoost
5,protein,SYNTH_YLLFLYLPM,1,0,1,,,,,,,,,,,XGBoost
5,protein,SYNTH_YLNTLTLAV,1,1,0,,,,,,,,,,,XGBoost
5,protein,SYNTH_YLQLRTFLL,1,1,0,,,,,,,,,,,XGBoost
5,protein,SYNTH_YLQPRTFLL,1,1,0,,,,,,,,,,,XGBoost
5,protein,SYNTH_YLTFYLTNDV,1,0,1,,,,,,,,,,,XGBoost
5,protein,SYNTH_YLTPGDSSS,1,0,1,,,,,,,,,,,XGBoost
5,protein,SYNTH_YLYFIKGLNNL,1,1,0,,,,,,,,,,,XGBoost
5,protein,SYNTH_YLYLTFYLT,1,0,1,,,,,,,,,,,XGBoost
5,protein,SYNTH_YMHHMELPTGV,1,1,0,,,,,,,,,,,XGBoost
5,protein,SYNTH_YPALMPLYA,1,0,1,,,,,,,,,,,XGBoost
5,protein,SYNTH_YPASIKKVL,1,0,1,,,,,,,,,,,XGBoost
5,protein,SYNTH_YPDKVFRSSVL,1,1,0,,,,,,,,,,,XGBoost
5,protein,SYNTH_YQDVNCTEV,1,0,1,,,,,,,,,,,XGBoost
5,protein,SYNTH_YQPYRVVVL,1,0,1,,,,,,,,,,,XGBoost
5,protein,SYNTH_YRIFAELEG,1,1,0,,,,,,,,,,,XGBoost
5,protein,SYNTH_YRIQGKLEY,1,0,1,,,,,,,,,,,XGBoost
5,protein,SYNTH_YRLFRKSNL,1,0,1,,,,,,,,,,,XGBoost
5,protein,SYNTH_YSDRRDHVWSY,1,1,0,,,,,,,,,,,XGBoost
5,protein,SYNTH_YSEHPTFTS,1,1,0,,,,,,,,,,,XGBoost
5,protein,SYNTH_YSRYRIGNY,1,0,1,,,,,,,,,,,XGBoost
5,protein,SYNTH_YTACSHAAV,1,1,0,,,,,,,,,,,XGBoost
5,protein,SYNTH_YTDFSSEII,1,1,0,,,,,,,,,,,XGBoost
5,protein,SYNTH_YTNSFTRGVY,1,1,0,,,,,,,,,,,XGBoost
5,protein,SYNTH_YTNSFTRGVYY,1,1,0,,,,,,,,,,,XGBoost
5,protein,SYNTH_YTSAFVFPTK,1,0,1,,,,,,,,,,,XGBoost
5,protein,SYNTH_YTTTIKPVTY,1,1,0,,,,,,,,,,,XGBoost
5,protein,SYNTH_YVFTGYRVTK,1,0,1,,,,,,,,,,,XGBoost
5,protein,SYNTH_YVIGSWGTL,1,0,1,,,,,,,,,,,XGBoost
5,protein,SYNTH_YVNTFSSTFNV,1,1,0,,,,,,,,,,,XGBoost
5,protein,SYNTH_YVVDDPCPI,1,1,0,,,,,,,,,,,XGBoost
5,protein,SYNTH_YVWKSYVHV,1,1,0,,,,,,,,,,,XGBoost
5,protein,SYNTH_YVWKSYVHVV,1,1,0,,,,,,,,,,,XGBoost
5,protein,SYNTH_YVYNPFMIDV,1,0,1,,,,,,,,,,,XGBoost
5,protein,SYNTH_YYEALFLYML,1,0,1,,,,,,,,,,,XGBoost
5,protein,SYNTH_YYIHNCEKV,1,0,1,,,,,,,,,,,XGBoost
5,protein,SYNTH_YYTSNPTTFHL,1,1,0,,,,,,,,,,,XGBoost
5,protein,VE1_HPV16,3,3,0,,,,,,,,,,,XGBoost
5,protein,VE2_HPV16,4,3,1,,,,,,,,,,,XGBoost
5,protein,VE5_HPV16,1,1,0,,,,,,,,,,,XGBoost
5,protein,VE6_HPV16,9,7,2,,,,,,,,,,,XGBoost
5,protein,VE6_HPV18,2,1,1,,,,,,,,,,,XGBoost
5,protein,VE7_HPV16,6,4,2,,,,,,,,,,,XGBoost
5,protein,VE7_HPV18,2,2,0,,,,,,,,,,,XGBoost
